Sample_ID,Population,Super_Population,Gender,Family_ID,Father_ID,Mother_ID,Sex_Label,SNP_1,SNP_2,SNP_3,SNP_4,SNP_5,SNP_6,SNP_7,SNP_8,SNP_9,SNP_10,SNP_11,SNP_12,SNP_13,SNP_14,SNP_15,SNP_16,SNP_17,SNP_18,SNP_19,SNP_20,SNP_21,SNP_22,SNP_23,SNP_24,SNP_25,SNP_26,SNP_27,SNP_28,SNP_29,SNP_30,SNP_31,SNP_32,SNP_33,SNP_34,SNP_35,SNP_36,SNP_37,SNP_38,SNP_39,SNP_40,SNP_41,SNP_42,SNP_43,SNP_44,SNP_45,SNP_46,SNP_47,SNP_48,SNP_49,SNP_50,SNP_51,SNP_52,SNP_53,SNP_54,SNP_55,SNP_56,SNP_57,SNP_58,SNP_59,SNP_60,SNP_61,SNP_62,SNP_63,SNP_64,SNP_65,SNP_66,SNP_67,SNP_68,SNP_69,SNP_70,SNP_71,SNP_72,SNP_73,SNP_74,SNP_75,SNP_76,SNP_77,SNP_78,SNP_79,SNP_80,SNP_81,SNP_82,SNP_83,SNP_84,SNP_85,SNP_86,SNP_87,SNP_88,SNP_89,SNP_90,SNP_91,SNP_92,SNP_93,SNP_94,SNP_95,SNP_96,SNP_97,SNP_98,SNP_99,SNP_100
HG00096,GBR,EUR,male,HG00096,0,0,male,0,1,0,0,0,0,2,0,0,0,0,1,2,0,0,0,2,0,0,0,0,2,0,1,1,0,1,0,0,0,0,0,0,1,0,1,0,0,0,0,1,1,1,0,0,0,0,2,0,0,1,2,0,0,0,0,0,0,0,0,1,0,0,0,0,0,0,0,2,1,0,0,0,1,1,2,0,1,0,2,0,0,0,0,0,0,0,0,0,0,0,0,2,0,0,2,0,0,0,0
HG00097,GBR,EUR,female,HG00097,0,0,female,0,0,0,0,0,0,2,0,0,0,0,0,2,0,0,0,2,0,0,1,0,2,0,0,0,0,0,0,0,0,0,0,0,0,0,0,0,2,2,0,0,1,1,0,0,0,1,2,0,0,1,1,1,0,0,0,0,2,0,0,1,0,0,1,1,0,0,1,1,2,0,0,0,0,1,1,0,0,0,1,0,1,0,1,0,0,0,0,0,0,0,0,2,0,0,2,0,0,0,0
HG00099,GBR,EUR,female,HG00099,0,0,female,0,1,0,0,0,0,2,0,2,0,0,1,2,0,0,0,1,0,0,0,0,2,0,0,0,0,0,0,0,0,1,0,0,0,0,0,0,1,1,0,1,0,2,0,0,0,2,0,0,0,0,2,0,0,0,1,0,1,0,0,1,0,0,0,0,0,0,1,2,2,0,0,0,1,1,2,0,0,0,1,0,0,0,0,0,1,0,0,0,0,0,0,2,0,0,1,0,0,0,0
HG00100,GBR,EUR,female,HG00100,0,0,female,0,2,1,0,0,0,2,0,0,0,0,0,2,0,0,0,1,0,0,1,0,2,0,0,0,0,0,0,0,0,1,0,0,0,1,0,0,1,0,0,0,1,1,0,1,0,0,2,0,0,1,2,0,0,0,0,1,0,0,0,2,0,0,0,0,0,0,0,1,1,0,0,0,1,1,2,0,0,0,1,0,0,0,0,0,0,0,0,0,0,0,0,2,0,0,2,0,0,0,0
HG00101,GBR,EUR,male,HG00101,0,0,male,0,0,0,0,0,0,2,0,0,0,0,2,2,0,0,0,2,0,0,0,0,2,0,0,0,0,1,0,0,0,0,0,0,0,0,0,0,0,0,0,0,0,1,0,0,0,0,2,0,0,0,2,0,0,0,0,0,0,0,0,1,0,0,2,0,0,0,0,2,2,0,0,0,1,1,1,0,0,0,2,0,0,0,0,0,0,1,0,0,0,0,0,2,0,0,2,0,0,0,0
HG00102,GBR,EUR,female,HG00102,0,0,female,0,2,0,0,0,0,2,0,0,0,0,0,2,0,0,0,2,0,0,2,0,2,0,0,0,0,0,0,0,0,0,0,0,1,2,0,0,1,1,0,0,0,1,0,0,0,1,2,0,0,0,2,0,0,0,0,0,1,0,0,2,0,0,0,0,0,0,0,1,0,0,0,0,2,1,2,1,0,0,0,0,0,0,0,0,0,1,0,0,0,0,0,2,0,0,2,0,0,0,0
HG00103,GBR,EUR,male,HG00103,0,0,male,0,0,1,0,0,0,2,0,0,0,0,0,2,0,0,0,2,0,0,0,0,2,0,0,0,0,0,0,0,0,1,0,0,1,0,0,0,2,2,0,1,0,0,0,0,0,1,2,0,0,0,2,0,0,0,0,0,0,0,0,0,0,0,1,0,0,0,0,2,2,0,0,0,2,1,2,0,1,0,1,0,1,0,1,2,0,0,0,0,1,0,0,2,0,0,1,0,0,0,0
HG00105,GBR,EUR,male,HG00105,0,0,male,0,2,0,0,0,0,2,0,0,0,0,0,2,0,0,0,2,1,0,1,0,2,0,1,0,0,0,0,1,0,0,0,0,0,0,0,0,0,0,0,0,1,0,0,0,0,1,2,0,0,1,2,0,0,0,0,0,2,0,0,2,0,0,0,0,0,0,2,2,2,0,0,0,2,2,2,0,1,0,2,0,0,0,0,0,0,0,0,0,0,0,0,2,0,0,2,0,0,0,0
HG00106,GBR,EUR,female,HG00106,0,0,female,0,1,0,0,0,0,2,0,0,0,0,1,2,0,0,0,2,1,0,0,0,2,0,0,0,0,0,0,0,0,0,0,0,0,0,0,0,1,0,0,1,0,2,0,0,0,2,1,0,0,1,2,0,0,0,0,0,0,0,0,1,0,0,0,0,0,0,0,1,1,0,0,0,1,1,2,0,1,0,1,0,0,0,0,0,0,0,0,0,1,0,0,2,0,0,1,1,0,0,0
HG00107,GBR,EUR,male,HG00107,0,0,male,0,1,1,1,0,0,2,0,0,0,0,0,2,0,0,0,2,0,0,0,1,2,0,1,1,0,1,0,0,0,0,0,0,0,0,0,0,0,0,0,0,0,2,0,0,0,1,2,1,0,0,2,0,0,0,1,1,2,0,0,1,0,0,0,1,0,0,1,2,1,0,0,0,1,1,2,0,1,0,0,0,0,0,0,1,1,0,0,0,0,0,0,2,0,0,2,0,0,0,0
HG00108,GBR,EUR,male,HG00108,0,0,male,0,0,0,0,0,0,2,0,2,0,0,0,2,0,0,0,2,1,0,1,0,2,0,1,1,0,0,0,0,0,0,0,0,0,0,0,0,0,0,0,0,0,2,0,0,0,0,2,0,0,1,2,0,0,0,0,0,1,0,0,1,0,0,0,0,0,0,0,2,2,0,0,0,1,2,1,0,0,0,1,0,0,0,0,0,0,0,0,0,0,0,0,2,0,0,2,0,0,0,0
HG00109,GBR,EUR,male,HG00109,0,0,male,0,1,0,0,0,0,2,0,1,0,0,1,2,0,0,0,2,0,0,0,0,2,0,0,0,0,0,0,0,0,0,0,0,0,1,0,0,0,0,0,0,0,2,0,0,0,2,2,0,0,0,2,0,0,0,1,0,2,0,0,2,0,0,1,0,0,0,1,2,2,0,0,0,0,1,2,0,1,0,1,0,1,0,1,0,0,1,0,0,0,0,0,2,0,0,2,0,0,0,0
HG00110,GBR,EUR,female,HG00110,0,0,female,0,0,0,0,0,0,2,0,1,0,0,0,2,0,0,0,2,0,0,0,0,2,0,0,0,0,0,0,0,0,0,0,0,0,1,0,0,0,0,0,0,0,2,0,0,0,1,2,0,0,2,2,0,0,0,1,0,0,0,0,1,0,0,0,0,0,0,0,2,2,0,0,0,1,1,1,0,1,0,1,0,0,0,0,0,0,1,0,0,1,0,0,2,0,0,1,0,0,0,0
HG00111,GBR,EUR,female,HG00111,0,0,female,0,0,0,0,0,0,2,0,0,0,0,1,2,1,0,0,2,0,0,1,0,2,0,0,0,0,0,0,0,0,0,0,0,0,1,0,0,0,0,0,0,0,1,0,1,0,2,2,0,0,0,2,0,0,0,0,0,1,0,0,2,0,0,0,0,0,0,1,1,1,0,0,0,2,1,2,0,1,0,1,1,0,0,0,0,0,0,0,0,1,0,0,2,0,0,1,0,0,0,0
HG00112,GBR,EUR,male,HG00112,0,0,male,0,2,1,0,0,0,2,0,0,0,0,2,2,1,0,0,2,0,0,2,0,2,0,1,1,0,1,0,0,0,1,0,0,1,0,0,0,1,1,0,0,0,1,0,0,0,2,2,0,0,0,2,0,0,0,0,0,0,0,0,1,0,0,0,0,0,0,0,1,0,0,0,0,1,2,2,0,2,0,1,0,1,1,0,0,0,1,0,0,0,0,0,2,0,0,2,0,0,0,0
HG00113,GBR,EUR,male,HG00113,0,0,male,0,1,1,0,0,0,2,0,0,0,0,0,2,0,0,0,2,0,0,2,0,2,0,1,1,0,0,0,0,0,1,0,0,0,0,0,0,0,0,0,1,0,2,0,0,0,2,2,0,0,1,2,0,0,0,0,1,1,0,0,1,0,0,0,0,0,0,0,2,2,0,0,0,2,1,2,0,0,0,1,1,0,0,0,0,1,0,0,0,1,0,0,2,0,0,2,0,0,0,0
HG00114,GBR,EUR,male,HG00114,0,0,male,0,2,0,0,0,0,2,0,1,0,0,0,2,0,0,0,0,0,0,1,1,2,0,1,1,0,0,0,0,0,0,0,0,0,0,0,0,0,0,0,0,0,2,0,0,0,1,1,0,0,1,2,0,0,0,0,0,0,0,0,1,0,0,2,0,0,0,1,2,2,0,0,0,2,1,1,0,1,0,2,0,0,0,0,0,0,0,0,0,0,0,0,2,0,0,2,0,0,0,0
HG00115,GBR,EUR,male,HG00115,0,0,male,0,1,0,0,0,0,2,0,0,0,0,0,2,0,0,0,2,0,0,0,0,2,0,0,0,0,1,0,0,0,0,0,0,0,0,0,0,0,0,0,0,0,1,0,0,0,0,2,0,0,0,2,0,0,0,0,0,2,0,0,2,0,0,1,0,0,0,0,1,0,0,0,0,1,1,2,0,0,0,2,0,0,0,0,0,1,0,0,0,0,0,0,2,0,0,2,0,0,0,0
HG00116,GBR,EUR,male,HG00116,0,0,male,0,2,1,0,0,0,2,0,1,0,0,0,2,0,0,0,1,0,0,0,0,2,0,0,0,0,0,0,0,0,0,0,1,1,0,0,0,0,0,0,0,0,1,0,0,0,1,2,0,0,1,2,0,0,0,0,0,1,0,0,1,0,0,1,0,0,0,0,2,0,0,0,0,0,0,2,0,1,0,1,1,0,0,0,0,0,0,0,0,0,0,0,2,0,0,2,0,0,0,0
HG00117,GBR,EUR,male,HG00117,0,0,male,0,1,0,0,0,0,2,0,1,0,0,0,2,0,0,0,1,0,0,2,0,2,0,0,0,0,1,0,0,0,1,0,0,1,0,0,0,1,0,0,1,0,2,0,0,0,1,2,0,0,0,2,0,0,0,0,0,2,0,0,2,0,0,0,0,0,0,1,1,1,0,0,0,0,0,2,0,1,0,1,0,0,0,0,0,0,0,0,0,1,0,0,2,0,0,2,0,0,0,0
HG00118,GBR,EUR,female,HG00118,0,0,female,0,2,0,0,0,0,2,0,0,0,0,1,2,0,0,0,1,0,0,1,0,2,0,0,0,0,0,0,0,0,0,0,0,0,0,0,0,0,0,0,0,0,2,0,1,0,1,1,0,0,1,2,0,0,0,0,2,1,0,0,2,0,0,0,0,0,0,2,1,1,0,0,0,2,1,2,0,1,0,1,1,0,1,0,0,1,0,0,1,1,0,0,2,0,0,2,0,0,0,0
HG00119,GBR,EUR,male,HG00119,0,0,male,0,1,0,0,0,0,2,0,0,0,0,1,2,0,0,0,2,0,0,2,0,2,0,0,0,0,0,0,0,0,1,0,1,1,0,0,0,0,0,0,0,0,1,0,0,0,1,2,0,0,1,2,0,0,0,1,2,2,0,0,1,0,0,0,0,0,0,1,0,0,0,0,0,2,0,2,0,0,0,1,0,1,0,0,0,0,0,0,1,0,0,0,2,0,0,2,0,0,0,0
HG00120,GBR,EUR,female,HG00120,0,0,female,0,1,0,0,0,0,2,0,1,0,0,1,2,0,0,0,2,1,0,1,1,2,0,0,0,0,0,0,0,0,0,0,0,0,0,0,0,1,0,0,0,0,2,0,0,0,1,1,0,0,0,2,0,0,0,0,0,2,0,0,1,0,0,0,0,0,0,0,2,2,0,0,0,2,2,2,0,1,0,1,1,0,0,0,0,0,0,0,0,0,0,0,2,0,0,2,0,0,0,0
HG00121,GBR,EUR,female,HG00121,0,0,female,0,0,0,0,0,0,2,0,0,0,0,1,2,0,0,0,2,0,0,0,0,2,0,0,0,0,0,0,0,0,0,0,0,1,2,0,0,0,0,0,0,0,0,0,0,0,2,1,0,0,0,2,0,0,0,1,0,0,0,0,2,0,0,0,0,0,0,1,2,2,0,0,0,2,1,1,0,2,0,1,0,0,0,0,0,1,1,0,0,1,0,0,2,0,0,2,0,0,0,0
HG00122,GBR,EUR,female,HG00122,0,0,female,0,0,2,0,0,0,2,0,0,0,0,0,2,0,0,0,2,1,0,1,0,1,0,0,0,0,0,0,0,0,0,0,0,0,0,0,0,0,0,0,0,0,0,0,0,0,1,2,0,0,0,2,0,0,0,0,0,0,0,0,1,0,0,0,1,0,0,0,2,2,0,0,0,1,1,1,0,0,0,2,0,1,0,0,0,0,1,0,0,0,0,0,2,0,0,2,0,0,0,0
HG00123,GBR,EUR,female,HG00123,0,0,female,0,0,0,0,0,0,2,0,0,0,0,2,2,0,0,0,2,0,0,2,0,2,0,0,0,0,0,0,0,0,1,0,0,1,0,0,0,1,1,0,0,0,1,0,1,0,1,2,0,0,0,2,0,0,0,1,1,1,0,0,1,0,0,0,0,0,0,1,2,1,0,0,0,1,1,2,0,0,0,1,1,1,0,0,0,0,1,0,0,0,0,0,2,0,0,2,0,0,0,0
HG00125,GBR,EUR,female,HG00125,0,0,female,0,0,0,0,0,0,2,0,0,0,0,1,2,0,0,0,2,2,0,0,0,2,0,0,0,0,0,0,1,0,2,0,0,0,0,0,0,0,0,0,2,0,2,0,0,0,2,2,0,0,0,2,0,0,0,0,0,2,0,0,0,0,0,1,0,0,0,0,2,1,0,0,0,2,1,2,0,0,0,1,1,1,0,0,0,1,0,0,1,1,0,0,2,0,0,1,0,0,1,0
HG00126,GBR,EUR,male,HG00126,0,0,male,0,2,0,0,0,0,2,0,1,0,0,1,2,1,0,0,2,1,0,1,0,2,0,0,0,0,1,0,0,0,0,0,0,0,0,0,0,0,0,0,1,0,1,0,0,0,2,2,0,0,1,2,0,0,0,0,0,2,0,0,2,0,0,0,0,0,0,1,2,2,0,0,0,1,0,1,0,1,0,1,1,1,0,0,1,0,0,1,0,0,0,0,2,0,0,2,0,0,0,0
HG00127,GBR,EUR,female,HG00127,0,0,female,0,1,1,0,0,0,2,0,1,0,0,1,1,0,0,0,1,1,0,2,0,2,0,0,0,0,0,0,0,0,1,0,0,0,0,0,0,0,0,0,0,0,1,0,0,0,2,2,0,0,0,2,0,0,0,0,0,2,0,0,1,0,0,0,0,0,0,1,2,2,0,0,0,1,0,1,0,0,0,2,0,0,0,0,0,0,0,0,0,0,0,0,2,0,0,1,0,0,0,0
HG00128,GBR,EUR,female,HG00128,0,0,female,0,1,1,0,0,0,2,0,1,0,0,0,1,0,0,0,1,1,0,1,0,2,0,1,1,0,0,0,0,0,1,0,0,1,0,0,0,0,0,0,0,0,2,0,0,0,1,2,0,1,1,2,0,0,0,0,0,2,0,0,2,0,0,0,0,0,0,0,2,2,0,0,0,0,2,2,0,1,0,2,0,1,0,0,0,0,0,0,0,1,0,0,2,0,0,2,0,0,0,0
HG00129,GBR,EUR,male,HG00129,0,0,male,0,0,0,0,0,0,2,0,0,0,0,0,2,0,0,0,1,0,0,0,0,2,0,0,0,0,1,0,0,0,1,0,0,2,0,1,0,0,0,0,1,0,2,0,1,0,1,2,0,1,0,2,0,0,0,0,0,1,0,0,2,0,0,0,0,0,0,0,2,2,0,0,0,1,0,2,0,1,0,2,0,0,0,0,0,0,2,0,0,0,0,0,2,1,0,2,0,0,0,0
HG00130,GBR,EUR,female,HG00130,0,0,female,0,0,0,0,0,0,2,0,1,0,0,2,2,0,0,0,0,1,0,0,1,2,0,0,0,0,0,0,0,0,0,0,0,1,0,0,0,1,1,0,2,0,0,0,0,0,1,2,0,0,1,2,0,0,0,0,0,2,0,0,1,0,0,0,0,0,0,1,2,1,0,0,0,1,2,2,0,1,0,1,0,1,0,1,0,1,1,1,0,0,0,0,2,0,0,2,0,0,0,0
HG00131,GBR,EUR,male,HG00131,0,0,male,0,0,0,0,0,0,2,0,1,0,0,2,2,0,0,0,2,0,0,0,0,2,0,0,0,0,0,0,0,0,0,0,0,0,0,0,0,0,0,0,0,0,0,0,1,0,1,2,0,0,1,2,0,0,0,0,1,0,0,0,2,0,0,1,0,0,0,1,1,0,0,0,0,1,2,2,0,0,0,2,0,0,0,1,1,0,0,1,0,0,0,0,2,0,0,2,0,0,0,0
HG00132,GBR,EUR,female,HG00132,0,0,female,0,1,0,1,0,0,2,0,2,0,0,0,2,0,0,0,2,0,0,0,0,2,0,0,0,0,1,0,0,0,1,0,0,0,0,0,0,0,0,0,0,0,0,0,0,0,1,2,0,0,0,2,0,0,0,0,0,0,0,0,1,0,0,1,0,0,0,0,0,1,0,0,0,2,0,2,0,0,0,2,0,0,0,0,0,0,0,1,0,1,0,0,2,0,0,1,1,0,0,0
HG00133,GBR,EUR,female,HG00133,0,0,female,0,1,0,0,0,0,2,0,0,0,0,1,1,0,0,0,2,0,0,1,1,2,0,1,1,0,1,0,0,0,0,0,0,0,0,0,0,1,1,0,0,1,0,0,0,0,0,2,0,0,0,2,0,0,0,0,1,1,0,0,1,0,0,1,0,0,0,0,2,1,0,0,0,2,0,2,0,1,0,1,0,1,0,0,0,0,0,0,0,0,0,0,2,0,0,2,0,0,0,0
HG00136,GBR,EUR,male,HG00136,0,0,male,0,1,0,0,0,0,2,0,0,0,0,0,1,0,0,0,2,0,0,0,0,2,0,0,0,0,1,0,0,0,0,0,0,0,1,0,0,0,0,0,0,0,1,0,0,0,2,2,0,0,0,2,0,0,0,0,0,2,0,0,2,0,0,1,0,0,0,0,2,2,0,0,0,1,0,2,0,2,0,0,0,0,0,0,0,1,1,0,0,0,0,0,2,0,0,2,0,0,0,0
HG00137,GBR,EUR,female,HG00137,0,0,female,0,1,0,0,0,0,2,0,0,0,0,0,1,0,0,0,2,2,0,0,0,2,0,0,0,0,0,0,0,0,1,0,0,0,0,2,0,0,0,0,0,0,1,0,0,0,2,1,0,0,1,2,0,0,0,0,0,0,0,0,2,0,0,0,0,0,0,1,1,2,0,0,0,2,1,2,0,2,0,1,0,1,0,1,1,1,0,0,0,0,0,0,2,0,0,2,0,0,0,0
HG00138,GBR,EUR,male,HG00138,0,0,male,0,0,0,0,0,0,2,0,0,0,0,1,2,1,0,0,2,0,0,0,0,2,0,0,0,0,0,0,0,0,1,0,0,0,0,1,0,0,0,0,1,0,1,0,0,0,0,2,1,0,0,2,0,0,0,1,0,2,0,0,2,0,0,0,0,0,0,1,1,2,0,0,0,1,0,1,0,1,0,0,0,0,0,0,0,1,1,0,0,0,0,0,2,0,0,1,0,0,0,0
HG00139,GBR,EUR,male,HG00139,0,0,male,0,1,2,0,0,0,2,0,0,0,0,0,1,0,0,0,1,0,0,0,1,2,0,0,0,0,0,0,0,0,1,0,0,0,0,0,0,1,2,0,1,0,2,0,1,0,0,2,0,0,0,2,0,0,0,1,0,2,0,0,1,0,0,0,0,0,0,0,1,1,0,0,0,2,0,1,0,1,0,1,0,1,0,0,0,0,0,0,0,1,0,0,2,0,0,1,0,0,0,1
HG00140,GBR,EUR,male,HG00140,0,0,male,0,0,0,0,0,1,2,0,0,0,0,1,2,2,0,0,2,0,0,1,0,2,0,0,0,0,0,0,0,0,0,0,0,0,0,0,0,0,0,0,0,1,1,0,0,0,1,2,0,0,2,2,0,0,0,0,0,1,0,0,2,0,0,0,0,0,0,0,2,2,0,0,0,1,0,2,0,0,0,2,0,0,0,0,0,0,0,0,0,1,0,0,2,0,0,2,0,0,0,0
HG00141,GBR,EUR,male,HG00141,0,0,male,0,0,0,0,0,0,2,0,0,0,0,0,1,0,0,0,2,0,0,0,0,2,0,1,1,0,1,0,0,0,1,0,0,0,0,1,0,0,0,0,1,0,1,0,0,0,0,1,0,1,1,2,0,0,0,0,1,0,0,0,2,0,0,0,0,0,0,0,2,2,0,0,0,2,2,1,0,0,0,1,0,0,0,0,1,1,0,0,0,1,0,0,2,0,0,1,0,0,0,0
HG00142,GBR,EUR,male,HG00142,0,0,male,0,1,0,0,0,0,2,0,0,0,0,1,2,1,0,0,1,1,0,1,0,2,0,0,0,0,0,0,0,0,0,0,0,0,0,0,0,0,0,0,0,1,0,0,0,0,1,2,1,0,1,2,0,0,0,0,0,1,0,0,2,0,0,0,0,0,0,0,2,1,0,0,0,2,2,1,0,1,0,1,0,0,0,0,0,0,1,0,0,0,0,0,1,0,0,1,0,0,0,0
HG00143,GBR,EUR,male,HG00143,0,0,male,0,1,1,0,1,0,2,0,0,0,0,0,2,0,0,0,2,0,0,1,1,2,0,0,0,0,0,0,0,0,0,0,0,2,0,0,0,1,0,0,0,0,2,0,0,0,2,2,0,0,0,2,0,0,0,0,1,0,0,0,1,0,0,0,0,0,0,1,2,2,0,0,0,0,0,2,0,0,0,0,0,0,0,0,0,0,1,0,0,0,0,0,2,0,0,2,0,0,0,0
HG00145,GBR,EUR,male,HG00145,0,0,male,0,0,1,0,0,0,2,0,1,0,0,1,2,0,0,0,2,1,0,1,0,2,0,1,1,0,1,0,0,0,0,0,0,0,1,0,0,0,0,0,0,0,1,0,0,0,0,1,0,0,1,2,0,0,0,1,0,0,0,0,1,0,0,0,0,0,0,1,2,2,0,0,0,1,1,1,0,0,0,0,0,0,0,0,0,0,1,0,0,1,0,0,2,0,0,2,0,0,0,0
HG00146,GBR,EUR,female,GBR002,0,0,female,0,1,1,0,0,0,2,0,0,0,0,1,2,0,0,0,2,1,0,1,0,2,0,0,0,0,0,0,0,0,0,0,0,0,0,0,0,0,0,0,1,0,1,0,0,0,2,2,1,0,1,2,0,0,0,0,0,0,0,0,2,0,0,1,0,0,0,0,2,1,0,0,0,1,1,2,0,0,0,1,0,0,0,0,0,0,0,0,0,0,0,0,2,0,0,1,0,0,0,0
HG00148,GBR,EUR,male,HG00148,0,0,male,0,1,1,0,0,0,2,0,0,0,0,0,2,0,0,0,1,1,0,2,0,2,0,0,0,0,0,0,1,0,0,0,0,1,0,0,0,0,0,0,1,0,1,0,0,0,1,1,0,0,1,2,0,0,0,0,1,1,0,0,1,0,0,0,0,0,0,1,2,2,0,0,0,1,0,1,0,0,0,1,0,0,0,0,0,0,0,0,0,0,0,0,2,0,0,2,1,0,0,0
HG00149,GBR,EUR,male,HG00149,0,0,male,0,1,1,0,0,0,2,0,0,0,0,2,2,0,0,0,1,0,0,2,0,2,0,0,0,0,1,0,0,0,1,0,0,0,1,0,0,0,0,0,0,0,0,0,0,0,2,1,1,0,1,2,0,0,0,1,0,2,0,0,2,0,0,0,0,0,0,2,2,0,0,0,0,2,2,2,0,0,0,1,0,0,0,0,0,1,1,0,0,1,0,0,1,0,0,2,0,0,0,0
HG00150,GBR,EUR,female,HG00150,0,0,female,0,1,2,0,0,0,2,0,1,0,0,0,2,0,0,0,2,2,0,1,0,2,0,0,0,0,0,0,0,0,1,0,0,0,0,0,0,0,0,0,0,0,1,0,0,0,2,2,0,0,1,2,0,0,0,0,1,1,0,0,1,0,0,0,0,0,0,1,2,1,0,0,0,1,1,2,0,1,0,2,0,0,0,0,0,0,1,0,0,1,0,0,2,0,0,1,0,0,0,0
HG00151,GBR,EUR,male,HG00151,0,0,male,0,2,0,0,0,0,2,0,0,0,0,1,2,0,0,0,2,0,0,1,0,2,0,0,0,0,0,0,0,0,0,0,0,0,0,1,0,1,1,0,0,0,1,0,0,0,1,1,0,0,0,2,0,0,0,0,0,1,0,0,1,0,0,1,0,0,0,1,2,1,0,0,0,1,0,2,0,1,0,2,0,0,0,0,0,0,0,0,0,1,0,0,2,0,0,2,0,0,0,0
HG00154,GBR,EUR,female,HG00154,0,0,female,0,0,0,0,0,0,2,0,0,0,0,1,2,0,0,0,1,1,0,1,0,2,0,0,0,0,1,0,0,0,0,0,0,0,0,0,0,0,0,0,1,0,0,0,0,0,1,2,0,0,1,2,0,0,0,0,1,2,0,0,0,0,0,2,0,0,0,1,1,1,0,0,0,0,0,2,0,1,0,1,0,0,1,0,0,0,0,0,0,1,0,0,2,0,0,1,0,0,0,0
HG00155,GBR,EUR,male,GBR001,0,HG00144,male,0,1,0,0,0,1,2,0,1,0,0,0,2,0,0,0,2,0,0,0,0,2,0,0,0,0,0,0,0,0,0,0,0,1,0,0,0,0,1,0,0,0,1,0,0,0,0,2,0,0,1,2,0,0,0,0,0,2,0,0,1,0,0,0,0,0,0,0,1,1,0,0,0,1,0,2,0,0,0,2,0,1,0,0,0,1,0,0,0,0,0,0,2,1,0,2,0,0,0,0
HG00157,GBR,EUR,male,HG00157,0,0,male,0,1,0,0,0,0,2,0,0,0,0,0,2,0,0,0,1,2,0,1,0,2,0,0,0,0,0,0,0,0,0,0,0,0,0,0,0,1,1,0,0,0,1,0,1,0,1,2,0,0,0,2,0,0,0,1,0,2,0,0,2,0,0,2,0,0,0,1,1,1,0,0,0,1,2,1,0,1,0,1,0,0,0,0,1,0,0,0,0,0,0,0,2,0,0,2,0,0,0,0
HG00159,GBR,EUR,male,HG00159,0,0,male,0,1,1,0,1,0,2,0,0,0,0,1,2,0,0,0,1,0,0,0,1,2,0,1,1,0,1,0,0,0,1,0,0,2,0,0,0,1,1,0,0,0,1,0,0,0,1,2,0,0,0,2,0,0,0,0,0,1,0,0,2,0,0,1,0,0,0,0,2,2,0,0,0,2,0,1,1,0,0,2,0,0,0,1,0,0,0,0,0,2,0,0,2,0,0,0,0,0,0,0
HG00160,GBR,EUR,male,HG00160,0,0,male,0,1,0,0,0,0,2,0,0,0,0,1,1,0,0,0,2,1,0,1,1,2,0,0,0,0,0,0,0,0,1,0,0,0,0,0,0,0,0,0,0,0,1,0,0,0,0,2,0,0,1,2,1,0,0,0,0,0,0,0,1,0,0,0,0,0,0,1,2,2,0,0,0,1,1,2,0,0,0,1,0,1,0,0,0,0,0,0,0,0,0,0,2,0,0,2,0,0,0,0
HG00171,FIN,EUR,female,HG00171,0,0,female,0,1,1,0,0,0,2,0,2,0,0,0,2,0,0,0,2,0,0,0,0,2,0,0,0,0,1,0,0,0,0,0,1,1,0,0,0,0,1,0,0,0,2,0,0,0,0,1,0,0,0,2,0,0,0,0,0,2,0,0,1,0,0,1,0,0,0,0,2,1,0,0,0,1,1,2,0,0,0,1,0,0,0,0,1,0,0,0,0,1,0,0,2,0,0,2,0,0,0,0
HG00173,FIN,EUR,female,HG00173,0,0,female,0,1,1,0,0,0,2,0,1,0,0,1,2,0,0,0,2,1,0,2,1,2,0,0,0,0,0,0,0,0,0,0,0,1,0,0,0,0,0,0,0,0,1,0,0,0,1,2,1,0,0,2,0,0,0,0,0,1,0,0,1,0,0,1,1,0,0,0,2,1,0,0,0,1,0,1,0,0,0,0,0,0,0,0,0,0,2,0,0,1,0,0,2,0,0,2,0,0,0,0
HG00174,FIN,EUR,female,HG00174,0,0,female,0,0,0,0,0,0,2,0,0,0,0,1,2,0,0,0,1,0,0,2,0,2,0,0,0,0,0,0,0,0,1,0,0,0,0,0,0,0,0,0,1,0,1,0,0,0,0,2,0,0,1,2,1,0,0,0,0,1,0,0,1,0,0,1,0,0,0,1,2,1,0,0,0,1,1,1,0,1,0,1,0,1,0,0,0,0,0,0,0,0,0,0,2,0,0,2,0,0,0,0
HG00176,FIN,EUR,female,HG00176,0,0,female,0,0,1,0,0,0,2,0,1,0,0,1,2,0,0,0,1,1,0,0,0,2,0,0,0,0,0,0,0,0,0,0,0,1,0,0,0,0,0,0,0,0,2,0,2,0,1,1,0,0,0,2,0,0,0,1,1,1,0,0,2,0,0,0,0,0,0,0,2,0,0,0,0,1,1,2,0,1,0,1,0,0,0,0,1,0,1,0,0,1,0,0,2,0,0,2,0,0,0,0
HG00177,FIN,EUR,female,HG00177,0,0,female,0,1,0,0,0,0,2,0,0,0,0,1,2,2,0,0,2,0,0,0,0,2,0,0,0,0,0,0,0,0,0,0,0,0,0,0,0,1,0,0,0,0,0,0,1,0,1,2,0,0,0,2,0,0,0,0,0,0,0,0,2,0,0,1,0,0,0,1,1,0,0,0,0,1,1,2,0,0,0,2,0,1,0,0,0,0,0,0,0,1,0,0,2,0,0,2,0,0,0,0
HG00178,FIN,EUR,female,HG00178,0,0,female,0,1,0,0,0,0,2,0,0,0,0,0,1,0,0,0,1,0,0,2,0,2,0,0,0,0,0,0,1,0,0,0,0,0,0,0,0,0,0,0,1,0,1,0,0,0,2,2,0,0,1,2,1,0,0,0,0,1,0,0,0,0,0,0,0,0,0,1,2,2,0,0,0,1,0,1,0,0,0,1,0,1,0,0,0,1,1,0,1,0,0,0,2,1,0,2,0,0,1,0
HG00179,FIN,EUR,female,HG00179,0,0,female,0,1,1,0,0,1,2,0,1,0,0,2,2,1,0,0,1,0,0,0,0,2,0,0,0,0,0,0,0,0,1,0,0,0,0,0,0,0,0,0,1,1,1,0,0,0,0,1,0,0,0,2,0,0,0,1,0,1,0,0,1,0,0,0,0,0,0,1,2,1,0,0,0,1,1,2,0,1,0,0,0,0,0,0,1,0,2,0,0,0,0,0,2,0,0,2,0,0,0,0
HG00180,FIN,EUR,female,HG00180,0,0,female,0,1,0,0,0,0,2,0,0,0,0,0,2,0,0,0,2,0,0,0,0,2,0,0,0,0,1,0,0,0,0,0,0,0,0,0,0,0,0,0,1,0,1,0,0,0,1,2,0,0,1,2,0,0,0,0,1,0,0,0,2,0,0,0,0,0,0,0,2,2,0,0,0,2,0,2,0,0,0,1,1,0,0,0,0,0,0,0,0,0,0,0,2,0,0,2,0,0,0,0
HG00181,FIN,EUR,male,HG00181,0,0,male,0,0,1,0,0,0,2,0,1,0,0,1,2,0,0,0,1,0,0,1,0,2,0,0,0,0,0,0,0,0,0,0,1,2,0,0,0,0,0,0,1,0,0,0,0,0,1,2,0,0,0,2,0,0,0,0,0,1,0,0,1,0,0,1,0,0,0,1,1,1,0,0,0,0,1,2,0,2,0,1,0,0,0,0,0,0,0,0,0,1,0,0,2,1,0,1,0,0,0,0
HG00182,FIN,EUR,male,HG00182,0,0,male,0,2,0,0,0,0,2,0,1,0,0,0,2,0,0,0,1,0,0,0,0,2,0,0,0,0,1,0,0,0,0,0,0,1,0,0,0,1,1,0,1,0,0,0,0,0,0,2,0,0,0,2,0,0,0,1,0,1,0,0,2,0,0,1,0,0,0,0,2,2,0,0,0,1,1,1,0,0,0,1,0,0,0,0,1,0,1,0,0,0,0,0,2,1,0,2,0,0,0,0
HG00183,FIN,EUR,male,HG00183,0,0,male,0,1,0,0,0,0,2,0,1,0,1,0,1,0,0,0,1,1,0,2,0,2,0,0,0,0,0,0,0,0,0,0,0,1,0,0,0,0,0,0,1,0,2,0,0,0,0,1,0,0,0,2,0,0,0,1,0,0,0,0,1,0,0,1,0,0,0,0,2,1,0,0,0,1,1,2,0,1,0,0,0,0,0,0,0,2,0,0,0,0,0,0,2,0,0,1,1,0,0,0
HG00185,FIN,EUR,male,HG00185,0,0,male,0,2,0,0,0,0,2,0,0,0,0,1,1,2,0,0,1,0,0,0,1,2,0,0,0,0,1,0,0,0,0,0,0,1,0,0,0,0,0,0,1,0,1,0,2,0,1,2,0,0,0,2,0,0,0,0,1,2,0,0,2,0,0,0,0,0,0,1,2,2,0,0,0,1,0,2,0,1,0,1,0,1,0,0,1,0,0,0,0,2,0,0,2,0,0,2,0,0,0,0
HG00186,FIN,EUR,male,HG00186,0,0,male,0,1,2,0,0,0,2,0,0,0,0,0,2,0,0,0,2,1,0,0,0,2,0,0,0,0,0,0,0,0,0,0,0,0,1,0,0,1,0,0,1,0,2,0,0,0,1,2,0,0,0,2,0,0,1,0,1,0,0,0,1,0,0,0,0,0,0,0,2,2,0,0,0,0,1,2,0,0,0,1,0,0,0,0,0,1,1,0,0,0,0,0,2,0,0,1,1,0,0,0
HG00187,FIN,EUR,male,HG00187,0,0,male,0,1,0,0,0,0,2,0,2,0,0,0,1,0,0,0,2,0,0,1,0,2,0,0,0,0,0,0,0,0,0,0,0,0,0,0,0,0,1,0,1,0,2,0,0,0,1,2,0,0,0,2,0,0,0,0,0,1,0,0,1,0,0,1,0,0,0,0,1,1,0,0,0,2,2,2,0,0,0,1,0,0,0,0,0,0,0,0,0,0,0,0,2,0,0,1,0,0,0,0
HG00189,FIN,EUR,male,HG00189,0,0,male,0,1,0,0,0,0,2,0,2,0,0,1,2,0,0,0,1,0,0,0,0,2,0,0,0,0,0,0,0,0,1,0,0,0,0,0,0,0,1,0,0,0,1,0,1,0,0,1,0,0,0,2,0,0,0,0,0,1,0,0,1,0,0,1,0,0,0,1,1,1,0,0,0,1,0,2,0,0,0,2,0,0,0,0,0,0,0,0,0,1,0,0,2,0,0,2,0,0,0,0
HG00190,FIN,EUR,male,HG00190,0,0,male,0,2,0,0,0,0,2,0,1,0,0,0,2,0,0,0,2,0,0,0,0,2,0,0,0,0,0,0,0,0,0,0,0,0,1,0,0,0,0,0,0,0,1,0,0,0,1,2,0,0,1,2,0,0,0,1,0,2,0,0,1,0,0,0,0,0,0,1,2,2,0,0,0,2,0,2,0,1,0,1,0,0,0,0,0,0,1,0,0,1,0,0,2,0,0,2,0,0,0,0
HG00231,GBR,EUR,female,HG00231,0,0,female,0,0,0,0,0,1,2,0,2,0,0,2,2,0,0,0,1,0,0,1,0,2,0,1,1,0,0,0,0,0,0,0,0,0,0,0,0,0,0,0,1,0,1,0,1,0,1,2,0,0,1,2,1,0,0,0,0,1,0,0,1,0,0,0,0,0,0,1,2,1,0,0,0,2,1,2,1,1,0,1,0,0,0,0,0,1,1,0,0,1,0,0,2,0,0,2,0,0,1,0
HG00232,GBR,EUR,female,HG00232,0,0,female,0,1,0,0,0,0,2,0,0,0,0,0,2,0,0,0,2,1,0,1,0,2,0,1,1,0,1,0,0,0,0,0,0,0,0,0,0,0,1,0,0,0,1,0,0,0,2,2,0,0,0,2,0,0,0,1,0,1,0,0,1,0,0,1,0,0,0,0,0,0,0,0,0,1,2,1,0,0,0,2,0,1,0,0,0,0,0,0,0,1,0,0,2,0,0,2,0,0,0,0
HG00233,GBR,EUR,female,HG00233,0,0,female,0,0,1,0,0,0,2,0,1,0,0,1,2,0,0,0,2,2,0,0,0,2,0,0,0,0,0,0,1,0,0,0,0,1,0,0,0,2,0,0,0,0,1,0,1,0,2,2,0,0,0,2,0,0,0,0,1,2,0,0,2,0,0,1,0,0,0,1,2,2,0,0,0,2,1,2,0,0,0,1,0,1,0,0,0,0,0,0,0,0,0,0,2,0,0,1,0,0,0,0
HG00234,GBR,EUR,male,HG00234,0,0,male,0,1,0,0,0,0,2,0,1,0,0,1,2,0,0,0,1,0,0,1,0,2,0,0,0,0,0,0,0,0,0,0,0,1,0,0,0,0,0,0,0,0,2,0,1,0,1,2,0,0,1,2,0,0,0,0,0,0,0,0,0,0,0,1,0,0,0,0,2,2,0,0,0,1,0,2,0,0,0,1,0,2,0,0,0,0,0,0,0,0,0,0,2,0,0,2,0,0,0,0
HG00235,GBR,EUR,female,HG00235,0,0,female,0,2,1,0,0,0,2,0,1,0,0,0,2,0,0,0,2,0,0,2,0,2,0,0,0,0,1,0,0,0,0,0,0,0,0,0,0,0,0,0,2,0,0,0,1,0,2,2,0,0,0,2,0,0,0,0,0,1,0,0,2,0,0,0,0,0,0,1,2,1,0,0,0,1,0,2,0,1,0,1,0,0,0,0,0,1,0,0,0,0,0,0,2,0,0,2,0,0,0,0
HG00236,GBR,EUR,female,HG00236,0,0,female,0,0,0,0,0,0,2,0,0,0,1,1,2,0,0,0,1,0,0,2,1,2,0,0,0,0,1,0,0,0,0,0,0,0,0,0,0,0,0,0,0,1,1,0,0,0,1,1,0,0,0,2,0,0,0,0,0,0,0,0,2,0,0,0,0,0,0,0,2,1,0,0,0,1,1,1,0,1,0,2,0,1,0,0,0,0,2,0,0,0,0,0,2,0,0,2,0,0,0,0
HG00237,GBR,EUR,female,HG00237,0,0,female,0,0,0,0,0,0,2,0,2,0,0,1,2,0,0,0,2,0,0,2,0,2,0,0,0,0,0,0,0,0,1,0,0,1,0,1,0,0,0,0,0,1,1,0,0,0,1,1,1,0,0,2,0,0,0,0,0,0,0,0,2,0,0,0,1,0,0,1,2,2,0,0,0,1,1,2,0,1,0,2,0,0,0,0,0,1,1,0,0,0,0,0,2,0,0,2,0,0,0,0
HG00238,GBR,EUR,female,HG00238,0,0,female,0,2,0,0,0,0,2,0,0,0,0,2,2,0,0,0,1,1,0,1,1,2,0,0,0,0,0,0,0,0,0,0,0,0,1,0,0,0,1,0,1,0,1,0,1,0,1,2,0,0,1,2,0,0,0,0,0,1,0,0,2,0,0,0,0,0,0,1,2,1,0,0,0,1,1,1,0,1,0,1,0,2,0,1,0,0,0,0,0,0,0,0,2,0,0,0,0,0,0,0
HG00239,GBR,EUR,female,HG00239,0,0,female,0,1,0,0,0,0,2,0,1,0,0,0,2,0,0,0,2,0,0,1,1,2,0,0,0,0,0,0,0,0,1,0,0,0,0,0,0,0,0,0,0,0,1,0,1,0,0,2,0,0,1,2,0,0,0,0,0,0,0,0,2,0,0,0,0,0,0,0,2,2,0,0,0,0,1,2,0,1,0,1,0,0,0,0,0,0,0,1,0,1,0,0,2,0,0,2,0,0,0,0
HG00240,GBR,EUR,female,HG00240,0,0,female,0,1,0,0,0,0,2,0,1,0,0,1,2,0,0,0,2,1,0,0,2,2,0,0,0,0,0,0,0,0,1,0,0,0,0,0,0,0,0,0,1,0,1,0,1,0,1,2,0,0,0,2,0,0,0,0,0,2,0,0,1,0,0,1,0,0,0,0,2,2,0,0,0,1,1,2,0,0,0,2,1,1,0,0,0,1,0,0,0,0,0,0,2,0,0,2,0,0,0,1
HG00242,GBR,EUR,male,HG00242,0,0,male,0,1,0,0,0,0,2,0,0,0,0,0,1,2,0,0,2,1,0,2,0,2,0,0,0,0,0,0,0,0,0,0,0,0,0,0,0,1,1,0,0,0,1,0,0,0,1,2,0,0,0,2,0,0,0,0,1,0,0,0,1,0,0,1,0,0,0,1,2,1,0,0,0,1,0,2,0,0,0,1,0,0,0,0,0,0,0,0,0,0,0,0,2,0,0,2,0,0,0,0
HG00243,GBR,EUR,male,HG00243,0,0,male,0,0,1,0,0,0,2,0,0,0,0,0,2,0,0,0,0,0,0,1,0,2,0,0,0,0,0,0,0,0,0,0,0,0,0,0,0,1,1,0,0,0,1,0,0,0,1,2,0,0,0,2,0,0,0,0,0,0,0,0,1,0,0,0,0,0,0,0,2,1,0,0,0,2,1,2,0,1,0,0,0,1,0,0,0,0,1,0,0,1,0,0,2,0,0,1,0,0,0,0
HG00244,GBR,EUR,male,HG00244,0,0,male,0,1,1,0,0,0,2,0,1,0,0,1,2,2,0,0,2,1,0,1,0,2,0,0,0,0,0,0,0,0,0,0,0,0,0,0,0,0,0,0,0,0,1,0,0,0,1,2,0,0,1,2,0,0,0,1,1,2,0,0,1,0,0,0,0,0,0,0,2,2,0,0,0,2,2,1,0,0,0,1,0,1,0,0,0,0,1,0,0,0,0,0,2,0,0,0,0,0,1,0
HG00245,GBR,EUR,female,HG00245,0,0,female,0,1,1,0,0,0,2,0,1,0,0,1,2,0,0,0,1,0,0,1,0,2,0,0,0,0,0,0,0,0,0,0,0,0,0,0,0,0,0,0,0,0,2,0,0,0,2,1,0,0,1,2,0,0,0,0,0,1,0,0,2,0,0,1,0,0,0,1,2,1,0,0,0,1,0,2,0,0,0,1,0,1,0,0,0,1,0,0,0,0,0,0,2,0,0,1,0,0,0,0
HG00246,GBR,EUR,male,HG00246,0,0,male,0,0,0,0,0,0,2,0,1,0,0,1,2,1,0,0,2,1,0,1,0,2,0,0,0,0,0,0,1,0,0,0,0,0,0,0,0,0,0,0,0,1,2,0,1,0,2,2,0,0,0,2,0,0,0,1,0,2,0,0,2,0,0,0,0,0,0,1,2,0,0,0,0,0,1,2,1,0,0,1,0,0,1,0,0,1,1,0,0,0,0,0,2,0,0,1,0,0,0,0
HG00250,GBR,EUR,female,HG00250,0,0,female,0,1,1,1,0,0,2,0,0,0,0,0,1,1,0,0,2,1,0,1,1,2,0,0,0,0,0,0,0,0,0,0,0,0,0,1,0,0,0,0,1,0,1,0,0,0,2,2,0,0,1,2,0,0,0,1,0,1,0,0,2,0,0,0,0,0,0,0,2,1,0,0,0,1,1,2,0,1,0,1,0,0,0,1,0,0,0,0,0,0,0,0,2,0,0,1,0,0,0,0
HG00251,GBR,EUR,male,HG00251,0,0,male,0,1,0,0,0,0,2,0,1,0,0,1,2,0,0,0,1,0,0,1,1,2,0,0,0,0,0,0,1,0,0,0,0,1,0,0,0,0,0,0,0,1,1,0,0,0,1,2,0,0,0,2,0,0,0,0,0,1,0,0,2,0,0,0,1,0,0,2,2,2,0,0,0,0,1,1,0,1,0,2,0,0,1,0,1,0,0,0,0,1,0,0,2,0,0,2,0,0,0,0
HG00252,GBR,EUR,male,HG00252,0,0,male,0,1,1,0,0,0,2,0,1,0,0,1,2,0,0,0,1,0,0,0,0,2,0,0,0,0,0,0,0,0,0,0,0,0,0,0,0,0,0,0,1,0,2,0,0,0,0,0,0,0,0,2,0,0,0,0,0,1,0,0,0,0,0,0,0,0,0,1,2,0,0,0,0,1,0,2,0,1,0,0,1,0,0,0,0,0,1,1,0,0,0,0,2,0,0,1,0,0,0,0
HG00253,GBR,EUR,female,HG00253,0,0,female,0,2,1,0,0,0,2,0,0,0,1,0,1,0,0,0,2,1,0,0,0,2,0,0,0,0,0,0,0,0,0,0,0,0,1,0,0,0,0,0,2,0,2,0,0,0,0,2,0,0,0,2,0,0,0,1,0,1,0,0,1,0,0,0,0,0,0,0,2,2,0,0,0,0,0,2,0,0,0,2,1,0,0,0,1,0,0,0,0,0,0,0,2,0,0,1,0,0,0,0
HG00254,GBR,EUR,female,HG00254,0,0,female,0,0,0,0,0,0,2,0,0,0,0,1,2,0,0,0,1,1,0,0,0,2,0,1,1,0,1,0,0,0,1,0,0,1,0,0,0,0,0,0,0,0,1,0,0,0,0,2,0,0,1,2,0,0,0,0,0,2,0,0,1,0,0,1,0,0,0,0,2,1,0,0,0,0,2,2,0,1,0,1,0,0,0,0,0,0,2,0,0,1,0,0,2,0,0,1,0,0,0,0
HG00255,GBR,EUR,female,HG00255,0,0,female,0,0,1,0,0,0,2,0,0,0,0,2,2,1,0,0,0,0,0,0,0,2,0,0,0,0,1,0,0,0,1,0,1,1,0,1,0,0,0,0,0,1,1,0,0,0,1,2,1,1,0,2,0,0,0,1,0,1,0,0,1,0,0,0,0,0,0,1,1,2,0,0,0,0,0,1,0,2,0,0,0,0,0,0,0,0,0,0,0,0,0,0,2,0,0,2,0,0,0,0
HG00256,GBR,EUR,male,HG00256,0,0,male,0,0,0,0,0,0,2,0,1,0,0,1,1,0,0,0,2,1,0,0,0,2,0,0,0,0,0,0,0,0,1,0,0,0,0,1,0,0,0,0,1,1,1,0,0,0,0,2,0,0,1,2,0,0,0,0,0,0,0,0,1,0,0,0,0,0,0,0,0,2,0,0,0,0,1,0,0,2,0,1,1,0,0,0,0,0,1,0,0,0,0,0,2,0,0,1,0,0,0,0
HG00257,GBR,EUR,female,HG00257,0,0,female,0,1,0,0,0,0,2,0,1,0,0,1,2,0,0,0,2,1,0,1,0,2,0,0,0,0,0,0,1,0,0,0,0,0,1,0,0,0,0,0,0,0,2,0,0,0,2,2,0,0,0,2,0,0,0,0,0,2,0,0,1,0,0,1,1,0,0,1,2,2,0,0,0,1,1,2,1,1,0,1,0,1,0,0,0,0,0,0,0,1,0,0,2,0,0,2,0,0,0,0
HG00258,GBR,EUR,female,HG00258,0,0,female,0,0,0,0,0,1,2,0,0,0,0,2,2,2,0,0,2,0,0,1,0,2,0,0,0,0,0,0,0,0,2,0,0,0,0,0,0,0,0,0,1,0,2,0,0,0,1,0,0,0,0,2,0,0,0,0,0,1,0,0,2,0,0,0,0,0,0,1,2,2,0,0,0,0,2,2,0,1,0,0,0,0,0,0,0,0,1,0,0,0,0,0,2,0,0,2,0,0,0,0
HG00259,GBR,EUR,female,HG00259,0,0,female,0,0,0,0,0,0,2,0,1,0,0,1,2,0,0,0,2,0,0,2,0,2,0,0,0,0,0,0,0,0,1,0,0,0,0,0,0,0,0,0,2,0,1,0,0,0,0,1,0,0,2,2,0,0,0,2,0,0,0,0,1,0,0,0,0,0,0,0,2,0,0,0,0,2,1,1,0,0,0,2,0,0,0,1,0,0,0,0,0,0,0,0,2,0,0,1,0,0,0,0
HG00260,GBR,EUR,male,HG00260,0,0,male,0,0,0,0,0,0,2,0,0,0,0,1,1,0,0,0,1,1,0,0,0,2,0,1,1,0,1,0,1,0,0,0,0,0,0,0,0,0,0,0,0,0,1,0,0,0,1,2,0,0,0,2,0,0,0,2,0,0,0,0,1,0,0,1,0,0,0,1,1,2,0,0,0,1,0,1,0,1,0,0,0,0,0,1,0,0,1,0,0,1,0,0,2,0,0,2,0,0,0,0
HG00261,GBR,EUR,female,HG00261,0,0,female,0,1,2,0,0,0,2,0,0,0,0,2,2,0,0,0,2,0,0,1,0,2,0,0,0,0,1,0,0,0,0,0,0,0,0,0,0,0,0,0,1,0,2,0,0,0,2,2,0,0,1,2,0,0,0,1,0,1,0,0,2,0,0,1,0,0,0,1,1,0,0,0,0,2,2,2,0,0,0,1,0,0,0,0,0,0,1,0,0,1,0,0,2,1,0,2,1,0,0,0
HG00262,GBR,EUR,female,HG00262,0,0,female,0,1,1,0,0,0,2,0,1,0,0,0,2,0,0,0,1,0,0,0,0,2,0,0,0,0,0,0,0,0,1,0,0,0,0,0,0,0,0,0,0,0,1,0,0,0,1,1,1,0,0,2,0,0,0,0,0,2,0,0,2,0,0,1,0,0,0,2,2,2,0,0,0,1,0,2,0,1,0,2,0,0,0,0,0,0,0,0,0,0,0,0,2,0,0,1,0,0,0,0
HG00263,GBR,EUR,female,HG00263,0,0,female,0,0,0,0,0,0,2,0,0,0,0,0,1,0,0,0,1,0,0,1,1,2,0,0,0,0,0,0,0,0,0,0,0,0,0,0,0,0,0,0,0,0,1,0,1,0,0,0,0,0,0,2,0,0,0,0,2,2,0,0,2,0,0,0,0,0,0,0,1,1,0,0,0,2,1,2,0,2,0,1,0,0,0,0,1,0,1,0,1,1,0,0,2,0,0,2,0,0,0,0
HG00264,GBR,EUR,male,HG00264,0,0,male,0,1,0,0,0,1,2,0,1,0,0,1,2,0,0,0,2,1,0,0,0,2,0,0,0,0,1,0,0,0,0,0,0,0,1,0,0,1,0,0,1,0,0,0,1,0,1,1,0,0,0,2,0,0,0,0,0,0,0,0,2,0,0,0,0,0,0,0,1,0,0,0,0,0,2,1,1,0,0,2,0,0,0,0,0,0,1,0,1,0,0,0,2,0,0,2,0,0,0,0
HG00265,GBR,EUR,male,HG00265,0,0,male,0,1,0,0,0,0,2,0,0,0,0,0,2,0,0,0,1,1,0,1,0,2,0,0,0,0,0,0,0,0,0,0,0,1,1,0,0,2,1,0,0,0,1,0,0,0,1,0,0,0,0,2,0,0,0,0,0,1,0,0,2,0,0,2,0,0,0,1,2,1,0,0,0,1,0,2,0,1,0,0,0,0,0,0,0,0,0,0,0,0,0,0,2,0,0,1,0,0,0,0
HG00266,FIN,EUR,female,HG00266,0,0,female,0,0,1,0,0,0,2,0,1,0,0,1,2,0,0,0,1,1,0,1,0,2,0,0,0,0,0,0,0,0,0,0,0,0,1,0,0,0,0,0,0,0,0,0,0,0,2,2,0,0,1,2,0,0,0,0,0,1,0,0,1,0,0,0,0,0,0,0,1,1,0,0,0,1,1,1,1,1,0,1,0,0,0,0,0,0,1,0,0,0,0,0,2,0,0,2,0,0,0,0
HG00267,FIN,EUR,male,HG00267,0,0,male,0,2,1,0,1,0,2,0,1,0,0,0,2,0,0,0,2,0,0,1,0,2,0,0,0,0,1,0,0,0,0,0,0,0,0,0,0,0,0,0,0,0,2,0,0,0,1,2,0,0,0,2,0,0,0,1,0,1,0,0,2,0,0,0,0,0,0,1,2,2,0,0,0,2,1,2,0,1,0,0,0,0,0,0,1,1,1,0,0,0,0,0,2,0,0,2,0,0,0,0
HG00268,FIN,EUR,female,HG00268,0,0,female,0,1,0,0,0,0,2,0,1,0,0,1,2,0,0,0,2,0,0,0,0,2,0,0,0,0,0,0,0,0,1,0,0,0,1,0,0,0,0,0,0,0,1,0,0,0,1,2,0,0,0,2,0,0,0,0,0,1,0,0,1,0,0,2,0,0,0,0,2,1,0,0,0,1,1,2,0,1,0,1,0,1,0,0,0,1,1,0,0,1,0,0,2,0,0,2,0,0,0,0
HG00269,FIN,EUR,female,HG00269,0,0,female,0,1,1,0,1,0,2,0,1,0,0,1,2,0,0,0,1,0,0,1,0,2,0,0,0,0,0,0,0,0,0,0,0,0,0,0,0,0,0,0,0,0,1,0,0,0,0,1,0,0,0,2,0,0,0,0,0,0,0,0,2,0,0,0,0,0,0,0,2,2,0,0,0,2,1,2,0,0,0,1,0,0,0,0,1,0,1,0,0,1,0,0,2,0,0,1,1,0,0,0
HG00271,FIN,EUR,male,HG00271,0,0,male,0,1,1,0,1,0,2,0,1,0,0,1,2,0,0,0,2,1,0,2,0,2,0,0,0,0,0,0,1,0,1,0,0,0,1,0,0,0,0,0,1,0,1,0,0,0,1,1,0,0,0,2,0,0,0,1,0,0,0,0,2,0,0,0,0,0,0,1,2,2,0,0,0,1,0,2,0,1,0,0,0,0,1,1,0,0,0,0,0,1,0,0,2,0,0,1,0,0,0,0
HG00272,FIN,EUR,female,HG00272,0,0,female,0,0,0,0,0,0,2,0,0,0,0,0,0,0,0,0,1,0,0,0,0,2,0,0,0,0,0,0,1,0,0,0,0,0,1,0,0,0,0,0,0,0,1,0,0,0,1,1,0,0,0,2,0,0,0,2,0,2,0,0,1,0,0,1,1,0,0,0,1,1,0,0,0,0,1,2,0,1,0,1,1,0,0,0,0,0,1,0,0,0,0,0,2,0,0,2,0,0,0,0
HG00273,FIN,EUR,male,HG00273,0,0,male,0,1,1,0,0,0,2,0,0,0,0,1,2,0,0,0,2,0,0,1,1,2,0,0,0,0,0,0,0,0,0,0,0,1,0,0,0,0,0,0,2,0,1,0,1,0,0,2,0,0,0,2,0,0,0,1,0,1,0,0,1,0,0,0,0,0,0,1,2,0,0,0,0,1,2,1,0,0,0,2,1,1,0,0,0,0,1,0,1,0,0,0,2,0,0,2,0,0,0,0
HG00274,FIN,EUR,female,HG00274,0,0,female,0,1,0,0,0,0,2,0,0,0,0,0,1,0,0,0,1,0,0,2,0,2,0,0,0,0,1,0,0,0,0,0,0,0,0,0,0,0,0,0,0,1,1,0,0,0,2,2,0,1,1,2,0,0,0,1,0,0,0,0,1,0,0,0,0,0,0,1,1,1,0,0,0,0,0,2,0,0,0,1,0,0,0,0,0,0,1,0,0,1,0,0,2,0,0,1,0,0,0,0
HG00275,FIN,EUR,female,HG00275,0,0,female,0,1,0,0,0,0,2,0,2,0,0,0,2,0,0,0,0,0,0,1,0,2,0,0,0,0,1,0,0,0,0,0,0,0,0,0,0,1,1,0,1,0,2,0,0,0,1,2,0,0,0,2,0,0,0,0,0,0,0,0,1,0,0,0,0,0,0,1,2,1,0,0,0,1,2,2,0,1,0,0,0,0,0,0,0,0,0,0,0,0,0,0,2,0,0,2,0,0,0,0
HG00276,FIN,EUR,female,HG00276,0,0,female,0,2,0,0,0,0,2,0,1,0,0,0,2,0,0,0,2,0,0,0,0,2,0,0,0,0,0,0,0,0,0,0,0,0,1,0,0,0,0,0,0,0,1,0,2,0,2,2,0,0,0,2,0,0,0,1,0,1,0,0,2,0,0,0,1,0,0,0,1,2,0,0,0,0,0,2,0,1,0,0,0,0,0,0,0,1,1,0,0,2,0,0,2,0,0,2,0,0,0,0
HG00277,FIN,EUR,male,HG00277,0,0,male,0,1,0,0,0,0,2,0,1,0,0,0,2,0,0,0,0,1,0,0,0,2,0,0,0,0,1,0,0,0,0,0,0,0,0,0,0,1,0,0,0,0,1,0,0,0,2,2,0,0,1,2,0,0,0,0,1,0,0,0,1,0,0,0,0,0,0,2,2,2,0,0,0,0,1,2,0,0,0,1,0,0,0,0,0,0,1,0,0,1,0,0,2,0,0,2,0,0,0,0
HG00278,FIN,EUR,male,HG00278,0,0,male,0,1,2,0,0,0,2,0,0,0,0,1,1,1,0,0,2,0,0,0,0,2,0,0,0,0,0,0,2,0,0,0,0,0,0,0,0,1,1,0,0,1,1,0,0,0,1,2,0,0,0,2,0,0,0,0,0,0,0,0,1,0,0,1,0,0,0,0,2,1,0,0,0,0,2,2,0,0,0,1,0,0,0,0,0,0,0,0,0,0,0,0,2,0,0,1,1,0,0,0
HG00280,FIN,EUR,male,HG00280,0,0,male,0,1,0,0,0,1,2,0,0,0,0,0,2,0,0,0,2,0,0,1,0,2,0,0,0,0,1,0,0,0,0,0,0,0,0,0,0,1,0,0,0,0,2,0,0,0,0,1,0,0,0,2,0,0,0,1,0,0,0,0,2,0,0,1,0,0,0,0,2,2,0,0,0,1,0,0,0,0,0,2,0,0,0,0,1,0,1,0,0,0,0,0,2,0,0,1,1,0,0,0
HG00281,FIN,EUR,female,HG00281,0,0,female,0,1,0,0,0,0,2,0,1,0,0,0,1,0,0,0,2,0,0,2,0,2,0,0,0,0,1,0,0,0,0,0,0,1,0,0,0,2,1,0,1,0,2,0,0,0,2,2,0,1,1,2,0,0,0,0,0,1,0,0,1,0,0,1,0,0,0,1,1,1,0,0,0,1,1,2,1,2,0,0,0,0,0,0,0,0,1,0,0,1,0,0,1,0,0,1,0,0,0,0
HG00282,FIN,EUR,female,HG00282,0,0,female,0,2,0,0,0,0,2,0,0,0,0,1,2,0,0,0,1,0,0,2,0,2,0,1,1,0,0,0,0,0,1,0,0,0,0,0,0,1,0,0,0,0,0,0,1,0,1,2,0,0,0,2,0,0,0,0,1,0,0,0,2,0,0,0,0,0,0,1,2,1,0,0,0,1,0,2,0,2,0,0,0,1,0,1,0,0,0,0,0,1,0,0,2,0,0,2,0,0,0,0
HG00284,FIN,EUR,male,HG00284,0,0,male,0,0,0,0,0,0,2,0,0,0,0,1,2,0,0,0,1,0,0,1,0,2,0,1,1,0,0,0,0,0,0,0,0,1,0,1,0,0,0,0,1,0,1,0,0,0,0,2,0,0,1,2,0,0,0,0,0,2,0,0,1,0,0,1,1,0,0,0,2,1,0,0,0,1,0,2,0,0,0,1,0,0,0,0,0,0,0,0,0,1,0,0,2,0,0,2,0,0,0,0
HG00285,FIN,EUR,female,HG00285,0,0,female,0,1,0,0,0,0,2,0,0,0,0,1,1,0,0,0,2,0,0,0,0,2,0,1,0,0,0,0,1,0,0,0,0,0,1,0,0,0,1,0,1,0,2,0,0,0,0,1,0,0,0,2,0,0,0,1,0,0,0,0,2,0,0,0,0,0,0,0,1,1,0,0,0,1,2,2,0,1,0,1,0,0,0,0,0,0,1,1,0,0,0,0,2,0,0,2,0,0,0,0
HG00288,FIN,EUR,female,HG00288,0,0,female,0,0,1,0,0,0,2,0,0,0,0,0,2,0,0,0,2,0,0,1,0,2,0,0,0,0,1,0,1,0,0,0,0,0,0,0,0,0,0,0,1,1,0,0,0,0,1,2,0,0,0,2,0,0,0,0,1,2,0,0,2,0,0,1,0,0,0,2,2,2,0,0,0,0,1,2,0,0,0,1,0,0,0,0,0,0,0,0,1,0,0,0,2,0,0,2,0,0,0,0
HG00290,FIN,EUR,male,HG00290,0,0,male,0,1,0,0,0,0,2,0,0,0,0,1,1,0,0,0,2,0,0,0,0,2,0,0,0,0,0,0,0,0,0,0,0,0,0,0,0,0,0,0,1,0,1,0,0,0,1,1,0,0,0,2,0,0,0,0,0,0,0,0,2,0,0,0,0,0,0,0,2,1,0,0,0,1,1,2,0,1,0,0,1,0,0,0,0,1,0,0,0,1,0,0,2,0,0,2,0,0,0,0
HG00304,FIN,EUR,female,HG00304,0,0,female,0,2,1,0,0,0,2,0,0,0,0,1,2,0,0,0,2,1,0,1,0,2,0,0,0,0,0,0,0,0,0,0,0,0,0,0,0,0,0,0,0,0,1,0,0,0,1,1,0,0,0,2,0,0,0,0,0,1,0,0,1,0,0,1,1,0,0,1,2,1,0,0,0,1,1,2,0,1,0,1,0,0,0,1,0,0,0,0,0,0,0,0,2,0,0,2,0,0,0,0
HG00306,FIN,EUR,female,HG00306,0,0,female,0,1,0,0,0,0,2,0,1,0,0,1,2,0,0,0,2,1,0,0,0,2,0,0,0,0,0,0,0,0,0,0,0,1,0,0,0,1,1,0,0,0,2,0,1,0,0,0,0,0,0,2,0,0,0,0,0,2,0,0,0,0,0,0,0,0,0,0,1,1,0,0,0,1,0,2,0,1,0,0,0,0,1,0,0,1,0,0,0,1,0,0,2,0,0,2,0,0,0,0
HG00308,FIN,EUR,male,HG00308,0,0,male,0,2,0,0,0,0,2,0,0,0,0,1,2,0,0,0,1,0,0,1,0,2,0,0,0,0,0,0,0,0,0,0,0,1,0,0,0,0,0,0,0,0,1,0,1,0,2,2,0,0,0,2,0,0,0,0,0,1,0,0,2,0,0,0,0,0,0,0,1,1,0,0,0,1,1,2,0,0,0,0,0,0,0,0,1,0,1,0,0,1,0,0,2,0,0,1,0,0,0,0
HG00309,FIN,EUR,female,HG00309,0,0,female,0,0,0,0,0,0,2,0,0,0,0,0,2,0,0,0,2,0,0,2,0,2,0,0,0,0,0,0,0,0,1,0,0,0,0,0,0,2,1,0,1,0,2,0,0,0,1,2,0,0,0,2,0,0,0,0,0,1,0,0,1,0,0,0,0,0,0,1,2,2,0,0,0,0,1,1,0,0,0,1,0,0,0,0,0,0,0,0,0,1,0,0,2,0,0,1,0,0,1,0
HG00310,FIN,EUR,male,HG00310,0,0,male,0,1,2,0,0,0,2,0,1,0,0,2,2,0,0,0,2,0,0,1,1,2,0,0,0,0,0,0,1,0,0,0,0,1,0,0,0,0,0,0,1,0,1,0,1,0,2,2,0,0,1,2,0,0,0,2,0,1,0,0,2,0,0,1,0,0,0,0,2,1,0,0,0,0,1,2,0,1,0,0,0,0,0,0,0,0,0,0,0,0,0,0,2,0,0,1,0,0,0,0
HG00311,FIN,EUR,male,HG00311,0,0,male,0,1,0,0,1,0,2,0,0,0,0,1,2,0,0,0,1,2,0,1,0,2,0,0,0,0,0,0,0,0,0,0,0,0,0,0,0,0,0,0,0,0,0,0,1,0,2,2,0,0,0,2,0,0,0,0,0,1,0,0,2,0,0,0,0,0,0,1,2,2,0,0,0,1,0,1,0,0,0,1,0,1,0,0,0,0,0,0,0,0,0,0,2,0,0,2,0,0,1,0
HG00313,FIN,EUR,female,HG00313,0,0,female,0,2,0,0,0,0,2,0,1,0,0,1,2,0,0,0,2,0,0,0,0,2,0,0,0,0,0,0,0,0,0,0,0,1,0,0,0,0,0,0,1,0,1,0,0,0,2,2,0,0,0,2,0,0,0,0,0,0,0,0,2,0,0,1,0,0,0,0,1,1,0,0,0,1,0,1,0,1,0,1,1,0,0,0,1,0,2,0,0,0,0,0,2,1,0,2,0,0,0,0
HG00315,FIN,EUR,female,HG00315,0,0,female,1,1,1,0,0,0,2,0,1,0,0,1,2,0,0,0,2,0,0,1,0,2,0,0,0,0,1,0,0,0,0,0,0,0,1,0,0,1,1,0,0,0,2,0,0,0,1,2,0,0,0,2,0,0,0,0,0,0,0,0,2,0,0,1,1,0,0,0,2,1,0,0,0,2,1,2,0,1,0,1,0,0,0,0,0,1,0,0,0,0,0,0,2,0,0,2,0,0,0,0
HG00318,FIN,EUR,female,HG00318,0,0,female,0,2,1,0,0,0,2,0,0,0,0,1,2,0,0,0,2,0,0,1,0,2,0,1,1,0,0,0,0,0,0,0,0,0,0,0,0,0,0,0,0,0,1,0,0,0,0,2,0,0,0,2,0,0,0,0,0,1,0,0,1,0,0,0,0,0,0,0,2,2,0,0,0,1,0,1,0,0,0,1,0,0,0,1,0,0,1,0,0,0,0,0,2,0,0,2,0,0,1,0
HG00319,FIN,EUR,female,HG00319,0,0,female,0,0,0,0,0,0,2,0,1,0,0,1,1,0,0,0,2,1,0,0,0,2,0,0,0,0,0,0,0,0,0,0,0,0,0,0,0,1,0,0,2,0,2,0,1,0,0,1,0,0,1,2,0,0,0,0,0,1,0,0,2,0,0,0,0,0,0,1,1,1,0,0,0,2,1,2,0,0,0,0,0,0,0,0,1,0,1,0,0,1,0,0,2,0,0,0,0,0,0,0
HG00320,FIN,EUR,female,HG00320,0,0,female,0,2,0,0,1,0,2,0,0,0,0,1,2,0,0,0,2,0,0,0,0,2,0,0,0,0,1,0,0,0,0,0,0,0,1,0,0,0,0,0,0,0,2,0,0,0,0,1,0,0,0,2,0,0,0,0,0,1,0,0,1,0,0,0,0,0,0,1,2,0,0,0,0,1,2,2,0,1,0,0,0,0,0,0,0,0,0,0,0,1,0,0,2,0,0,1,0,0,0,0
HG00321,FIN,EUR,male,HG00321,0,0,male,0,0,0,0,0,1,2,0,1,0,1,0,2,0,0,0,2,1,0,1,0,2,0,0,0,0,1,0,0,0,0,0,0,1,0,0,0,0,0,0,0,0,1,0,0,0,1,2,0,0,0,2,0,0,0,1,0,1,0,0,2,0,0,1,0,0,0,0,2,1,0,0,0,2,2,2,0,1,0,1,1,0,0,0,1,1,0,0,1,1,0,0,2,0,0,2,0,0,0,0
HG00323,FIN,EUR,female,HG00323,0,0,female,0,1,1,0,0,0,2,0,0,0,0,1,1,0,0,0,2,1,0,0,0,2,0,0,0,0,0,0,0,0,0,0,1,1,0,0,0,0,0,0,0,0,1,0,0,0,1,2,0,0,0,2,0,0,0,0,0,2,0,0,2,0,0,0,0,0,0,0,1,0,0,0,0,0,2,2,1,0,0,1,0,1,0,0,1,0,2,0,0,0,0,0,2,0,0,1,0,0,0,0
HG00324,FIN,EUR,female,HG00324,0,0,female,0,2,0,0,0,0,2,0,1,0,0,1,2,0,0,0,2,1,0,2,0,2,0,0,0,0,1,0,0,0,1,0,0,0,0,0,0,0,0,0,1,0,1,0,1,0,1,1,0,0,0,2,0,0,0,0,0,1,0,0,2,0,0,1,1,0,0,0,2,2,0,0,0,0,0,0,0,0,0,0,0,0,0,0,0,0,0,0,0,0,0,0,2,0,0,2,0,0,0,0
HG00325,FIN,EUR,male,HG00325,0,0,male,0,1,0,0,0,0,2,0,1,0,0,1,2,0,0,0,2,0,0,1,0,2,0,0,0,0,1,0,0,0,0,0,1,1,1,0,0,0,0,0,1,0,0,0,1,0,0,2,0,0,0,2,0,0,0,1,1,0,0,0,1,0,0,1,0,0,0,1,2,2,0,0,0,0,0,2,0,1,0,1,0,0,0,0,1,0,0,0,0,0,0,0,2,1,0,1,1,0,0,0
HG00326,FIN,EUR,female,HG00326,0,0,female,0,2,0,0,0,0,2,0,0,0,0,0,2,0,0,0,1,0,0,0,0,2,0,0,0,0,0,0,0,0,1,0,0,0,0,0,0,0,0,0,2,1,0,0,1,0,1,1,0,0,0,2,0,0,0,0,1,0,0,0,2,0,0,1,0,0,0,1,1,1,0,0,0,1,1,2,0,0,0,0,0,0,0,0,0,0,1,0,0,0,0,0,2,0,0,2,0,0,0,0
HG00327,FIN,EUR,female,HG00327,0,0,female,0,0,0,0,0,0,2,0,1,0,0,1,2,0,0,0,2,0,0,0,0,2,0,0,0,0,0,0,0,0,1,0,0,0,2,0,0,1,0,0,0,0,0,0,1,0,1,1,1,0,1,2,0,0,0,0,0,2,0,0,1,0,0,0,0,0,0,0,2,1,0,0,0,1,1,2,0,0,0,1,1,0,0,0,0,0,0,0,0,0,0,0,2,0,0,1,0,0,0,0
HG00328,FIN,EUR,female,HG00328,0,0,female,0,2,1,0,2,0,2,0,0,0,0,1,1,2,0,0,2,0,0,1,0,2,0,0,0,0,0,0,0,0,1,0,0,0,0,0,0,0,1,0,1,0,2,0,0,0,0,2,1,0,0,2,0,0,0,0,0,2,0,0,1,0,0,1,0,0,0,0,2,1,0,0,0,1,1,2,0,1,0,1,0,1,0,0,0,1,0,0,0,1,0,0,2,0,0,1,0,0,0,1
HG00329,FIN,EUR,male,HG00329,0,0,male,0,2,0,0,1,0,2,0,0,0,0,0,1,0,0,0,0,1,0,2,1,2,0,0,0,0,0,0,0,0,0,0,0,0,0,0,0,0,0,0,0,0,0,0,0,0,0,2,0,0,1,2,0,0,0,0,0,2,0,0,2,0,0,1,0,0,0,0,1,1,0,0,0,1,0,2,0,1,0,1,0,0,0,0,0,0,0,0,0,0,0,0,2,1,0,1,0,0,0,0
HG00330,FIN,EUR,female,HG00330,0,0,female,0,1,0,0,0,0,2,0,1,0,0,1,2,0,0,0,2,1,0,1,0,2,0,0,0,0,0,0,0,0,1,0,0,0,0,0,0,0,0,0,1,0,2,0,1,0,2,2,0,0,0,2,0,0,0,0,0,0,0,0,0,0,0,2,0,0,0,0,2,2,0,0,0,0,1,2,0,1,0,1,1,0,0,0,1,1,0,0,0,1,0,0,2,1,0,2,0,0,0,0
HG00332,FIN,EUR,female,HG00332,0,0,female,0,1,1,0,0,0,2,0,1,0,0,1,2,0,0,0,2,0,0,0,0,2,0,0,0,0,1,0,0,0,1,0,0,0,0,0,0,0,0,0,1,0,0,0,0,0,1,2,1,0,1,2,0,0,0,0,0,2,0,0,2,0,0,0,0,0,0,0,2,1,0,0,0,1,1,1,0,1,0,2,0,0,0,0,0,1,0,0,0,0,0,0,2,0,0,1,0,0,0,0
HG00334,FIN,EUR,female,HG00334,0,0,female,0,1,0,0,0,0,2,0,1,0,0,1,1,0,0,0,2,0,0,2,0,2,0,0,0,0,0,0,0,0,1,0,0,1,0,0,0,0,0,0,0,0,2,1,0,0,0,2,0,0,1,2,0,0,0,0,0,0,0,0,0,0,0,1,0,0,0,1,1,1,0,0,0,1,0,1,0,1,0,1,0,0,0,1,0,0,1,0,1,0,0,0,2,0,0,1,0,0,0,0
HG00335,FIN,EUR,male,HG00335,0,0,male,0,0,1,0,0,0,2,0,0,0,0,0,2,0,0,0,1,1,0,1,0,2,0,0,0,0,0,0,0,0,1,0,0,1,0,0,0,0,0,0,2,0,1,0,0,0,0,2,0,0,0,2,0,0,0,0,0,0,0,0,1,0,0,1,0,0,0,0,2,1,0,0,0,2,1,2,0,1,0,0,0,0,0,0,0,0,1,0,0,1,0,0,2,0,0,0,0,0,0,0
HG00336,FIN,EUR,male,HG00336,0,0,male,0,1,2,0,0,0,2,0,1,0,1,2,2,0,0,0,2,0,0,0,0,2,0,0,0,0,0,0,0,0,0,0,0,1,0,1,0,0,0,0,0,0,0,0,2,0,0,1,0,0,1,2,0,0,1,0,0,0,0,0,1,0,0,0,0,0,0,1,1,1,0,0,0,1,1,2,0,1,0,1,0,0,0,0,0,0,0,0,0,1,0,0,2,0,0,1,0,0,0,0
HG00337,FIN,EUR,female,HG00337,0,0,female,0,0,2,0,0,1,2,0,0,0,0,1,2,1,0,0,2,0,0,2,1,2,0,0,0,0,0,0,0,0,0,0,0,1,0,0,0,0,0,0,0,0,2,1,1,0,0,2,0,1,0,2,0,0,0,0,0,1,0,0,1,0,0,0,0,0,0,1,2,2,0,0,0,1,0,1,0,1,0,0,0,0,0,0,2,1,1,0,0,0,0,0,2,0,0,1,0,0,0,0
HG00338,FIN,EUR,male,HG00338,0,0,male,0,0,1,0,0,0,2,0,0,0,0,1,1,0,0,0,2,1,0,1,0,2,0,0,0,0,1,0,0,0,0,0,0,1,0,0,0,0,0,0,0,0,1,0,0,0,1,2,0,0,0,2,1,0,0,0,0,1,0,0,2,0,0,1,0,0,0,1,1,0,0,0,0,1,1,2,0,0,0,1,1,1,0,0,0,0,0,0,0,0,0,0,2,0,0,2,0,0,1,0
HG00339,FIN,EUR,female,HG00339,0,0,female,0,2,0,0,0,0,2,0,0,0,0,2,2,0,0,0,2,2,0,0,0,2,0,0,0,0,0,0,0,0,0,0,0,2,0,0,0,0,0,0,2,0,0,0,0,0,1,2,0,0,0,2,0,0,0,0,0,2,0,0,2,0,0,0,0,0,0,0,2,2,0,0,0,0,1,2,1,0,0,1,0,0,0,0,0,0,0,0,0,1,0,0,2,0,0,2,0,0,0,0
HG00341,FIN,EUR,male,HG00341,0,0,male,0,2,1,0,0,0,2,0,0,0,0,1,0,0,0,0,2,0,0,1,0,2,0,0,0,0,0,0,0,0,0,0,0,0,1,1,0,1,0,0,0,0,1,0,0,0,0,2,0,0,1,2,0,0,0,1,0,2,0,0,0,0,0,1,0,0,0,0,2,1,0,0,0,0,1,2,0,0,0,1,1,0,0,0,0,0,2,0,1,1,0,0,2,0,0,1,0,0,0,0
HG00342,FIN,EUR,male,HG00342,0,0,male,0,0,1,0,0,0,2,0,1,0,0,1,2,0,0,0,2,0,0,1,0,2,0,0,0,0,0,0,0,0,0,0,0,1,0,0,0,0,0,0,1,0,1,0,1,0,1,0,1,0,0,2,0,0,0,2,0,1,0,0,0,0,0,1,0,0,0,0,2,0,0,0,0,1,0,2,0,0,0,0,0,1,0,0,0,0,2,0,0,0,0,0,2,0,0,2,0,0,0,0
HG00343,FIN,EUR,female,HG00343,0,0,female,0,2,1,0,0,0,2,0,1,0,0,1,1,0,0,0,2,0,0,2,0,2,0,0,0,0,0,0,0,0,0,0,0,0,0,0,0,0,0,0,2,1,2,0,1,0,1,2,0,0,0,2,0,0,0,0,0,1,0,0,0,0,0,0,0,0,0,0,1,1,0,0,0,1,1,2,0,1,0,1,0,1,0,0,0,1,0,0,0,0,0,0,2,0,0,2,0,0,0,0
HG00344,FIN,EUR,female,HG00344,0,0,female,0,1,1,0,0,0,2,0,1,0,0,0,2,0,0,0,1,1,0,2,0,2,0,0,0,0,0,0,0,0,0,0,0,0,0,0,0,0,0,0,0,0,2,0,0,0,0,1,1,0,0,2,0,0,0,0,0,0,0,0,1,0,0,0,0,0,0,0,2,2,0,0,0,2,0,1,0,0,0,2,0,0,0,0,0,0,1,0,0,0,0,0,2,0,0,1,0,0,0,0
HG00345,FIN,EUR,male,HG00345,0,0,male,0,0,0,0,0,0,2,0,0,0,0,0,1,0,0,0,2,0,0,0,0,2,0,0,0,0,1,0,0,0,0,0,0,1,0,0,0,0,0,0,0,0,2,0,1,0,2,2,0,0,1,2,0,0,0,0,0,2,0,0,2,0,0,0,0,0,0,0,1,2,0,0,0,1,1,1,0,0,0,0,0,1,0,0,1,0,0,0,0,0,0,0,2,1,0,2,0,0,0,0
HG00346,FIN,EUR,female,HG00346,0,0,female,0,0,0,0,0,0,2,0,0,0,0,1,2,0,0,0,2,0,0,1,0,2,0,0,0,0,0,0,0,0,1,0,0,1,0,0,0,0,0,0,1,0,0,0,0,0,2,2,0,0,0,2,0,0,0,1,0,0,0,0,1,0,0,0,0,0,0,0,0,1,0,0,0,2,0,2,0,1,0,0,0,0,0,0,1,0,0,0,1,0,0,0,2,0,0,2,0,0,0,0
HG00349,FIN,EUR,female,HG00349,0,0,female,0,2,0,0,0,0,2,0,0,0,0,2,2,0,0,0,2,0,0,0,0,2,0,1,1,0,0,0,1,0,0,0,0,0,0,0,0,0,0,0,1,0,2,0,0,0,2,2,0,0,0,2,0,0,0,1,0,0,0,0,1,0,0,1,1,0,0,0,2,1,0,0,0,1,1,2,0,0,0,1,0,2,0,0,0,0,0,0,0,0,0,0,2,0,0,2,0,0,0,0
HG00350,FIN,EUR,female,HG00350,0,0,female,0,1,0,0,0,0,2,0,0,0,1,0,1,0,0,0,2,0,0,1,0,2,0,0,0,0,1,0,0,0,0,0,0,0,1,0,0,0,0,0,0,0,1,0,0,0,1,2,0,0,1,2,0,0,0,2,0,2,0,0,1,0,0,1,1,0,0,0,1,0,0,0,0,1,0,2,1,1,0,2,0,0,0,0,0,0,0,0,0,1,0,0,2,0,0,2,0,0,0,0
HG00351,FIN,EUR,male,HG00351,0,0,male,0,0,1,0,0,0,2,0,0,0,0,1,2,0,0,0,1,0,0,1,0,2,0,0,0,0,1,0,0,0,0,0,0,0,0,0,0,0,1,0,1,0,1,0,1,0,1,2,1,0,0,2,0,0,0,0,1,0,0,0,1,0,0,1,0,0,0,1,2,1,0,0,0,1,1,2,0,1,0,1,0,0,0,0,0,0,0,0,0,1,0,0,2,0,0,0,0,0,0,0
HG00353,FIN,EUR,female,HG00353,0,0,female,0,0,1,0,0,0,2,0,1,0,1,1,2,0,0,0,2,0,0,1,0,2,0,1,1,0,0,0,0,0,0,0,0,0,0,0,0,0,0,0,0,0,1,0,0,0,2,2,0,0,0,2,0,0,0,0,0,0,0,0,2,0,0,1,0,0,0,0,2,2,0,0,0,1,1,2,0,1,0,1,0,0,0,0,0,0,1,0,0,0,0,0,2,0,0,0,0,0,0,0
HG00355,FIN,EUR,female,HG00355,0,0,female,0,2,0,0,0,0,2,0,0,0,0,2,2,0,0,0,2,0,0,2,1,2,0,0,0,0,0,0,0,0,1,0,0,1,0,0,0,0,0,0,0,0,2,0,0,0,0,2,1,0,2,2,0,0,0,0,0,0,0,0,2,0,0,0,0,0,0,0,1,1,0,0,0,1,1,2,0,0,0,0,0,1,0,0,0,1,0,0,0,0,0,0,2,0,0,2,0,0,0,0
HG00356,FIN,EUR,female,HG00356,0,0,female,0,0,0,0,0,0,2,0,1,0,1,1,1,0,0,0,2,1,0,0,0,2,0,0,0,0,0,0,0,0,0,0,0,1,1,0,0,0,0,0,1,0,2,0,0,0,0,2,0,0,0,2,0,0,0,0,0,1,0,0,1,0,0,0,0,0,0,0,2,2,0,0,0,2,1,2,0,0,0,1,1,1,0,0,0,0,1,0,0,0,0,0,2,1,0,2,0,0,0,0
HG00357,FIN,EUR,female,HG00357,0,0,female,0,1,2,0,0,0,2,0,0,0,0,1,2,0,0,0,1,0,0,0,0,2,0,0,0,0,0,0,0,0,0,0,0,0,0,0,0,0,0,0,1,0,0,0,0,0,0,1,0,0,1,2,0,0,0,0,0,1,0,0,0,0,0,1,0,0,0,1,2,0,0,0,0,1,1,2,0,1,0,0,0,0,0,0,0,0,0,0,0,0,0,0,2,0,0,2,0,0,0,0
HG00358,FIN,EUR,male,HG00358,0,0,male,0,1,0,1,0,0,2,0,1,0,0,1,2,2,0,0,1,1,0,0,0,2,0,0,0,0,0,0,0,0,0,0,0,0,0,0,0,0,0,0,1,0,1,0,0,0,0,1,0,0,1,2,0,0,0,1,0,2,0,0,1,0,0,0,0,0,0,0,2,1,0,0,0,2,0,2,0,2,0,1,0,0,0,0,1,0,0,0,0,0,0,0,2,0,0,1,0,0,0,0
HG00360,FIN,EUR,male,HG00360,0,0,male,0,1,1,0,0,0,2,0,1,0,0,1,2,1,0,0,2,1,0,1,0,2,0,0,0,0,0,0,0,0,0,0,0,0,0,0,0,0,0,0,1,0,2,0,1,0,1,1,0,0,1,2,0,0,0,1,0,1,0,0,0,0,0,1,0,0,0,2,2,2,0,0,0,0,0,2,0,1,0,2,0,0,0,0,0,1,1,0,0,1,0,0,2,0,0,2,0,0,0,0
HG00361,FIN,EUR,female,HG00361,0,0,female,1,1,1,0,0,0,2,0,0,0,0,2,1,0,0,0,2,0,0,1,0,2,0,0,0,0,0,0,1,0,0,0,0,0,0,0,0,1,1,0,0,0,1,0,0,0,0,1,0,0,0,2,0,0,0,2,0,2,0,0,2,0,0,1,1,0,0,1,2,2,0,0,0,1,0,2,0,1,0,2,0,0,0,0,0,0,1,0,0,1,0,0,2,0,0,1,1,0,1,0
HG00362,FIN,EUR,female,HG00362,0,0,female,0,1,1,0,0,0,2,0,1,0,0,0,1,0,0,0,1,2,0,0,0,2,0,0,0,0,1,0,0,0,0,0,0,1,0,0,0,0,1,0,1,0,1,0,0,0,2,2,0,0,0,2,0,0,0,0,0,1,0,0,1,0,0,0,0,0,0,0,2,0,0,0,0,1,1,2,0,1,0,1,0,2,0,0,0,0,1,0,0,1,0,0,2,0,0,1,0,0,0,0
HG00364,FIN,EUR,female,HG00364,0,0,female,0,1,0,0,0,0,2,0,1,0,0,1,2,0,0,0,2,0,0,0,0,2,0,0,0,0,0,0,0,0,0,0,0,1,0,0,0,1,0,0,1,0,1,0,0,0,1,2,0,0,1,2,0,0,0,0,0,0,0,0,1,0,0,1,1,0,0,0,2,2,0,0,0,2,0,1,0,0,0,1,0,1,0,1,0,0,1,0,0,1,0,0,2,0,0,1,0,0,0,0
HG00365,FIN,EUR,female,HG00365,0,0,female,0,1,0,0,0,0,2,0,0,0,0,2,2,0,0,0,2,1,0,0,1,2,0,0,0,0,0,0,0,0,1,0,0,1,2,0,0,0,0,0,1,0,1,0,0,0,2,1,0,0,1,2,0,0,0,1,0,1,0,0,2,0,0,0,0,0,0,1,2,2,0,0,0,1,0,1,0,1,0,0,0,0,0,0,0,0,1,0,0,0,0,0,2,0,0,2,0,0,0,0
HG00366,FIN,EUR,male,HG00366,0,0,male,0,1,1,0,0,0,2,0,1,0,0,0,2,0,0,0,2,1,0,0,0,2,0,0,0,0,0,0,0,0,0,0,0,0,1,1,0,0,0,0,0,0,2,0,0,0,0,2,0,0,0,2,1,0,0,0,0,1,0,0,1,0,0,2,0,0,0,1,1,1,0,0,0,0,1,2,0,1,0,1,0,1,0,0,0,1,1,0,0,0,0,0,2,0,0,2,0,0,0,0
HG00367,FIN,EUR,female,HG00367,0,0,female,0,1,1,0,0,0,2,0,0,0,0,1,2,0,0,0,2,0,0,0,0,2,0,0,0,0,0,0,0,0,0,0,0,0,0,0,0,1,0,0,0,0,2,0,0,0,2,2,0,0,0,2,0,0,0,0,1,1,0,0,1,0,0,2,0,0,0,1,2,1,0,0,0,1,1,2,0,0,0,1,0,0,0,0,0,0,0,0,0,0,0,0,2,0,0,2,0,0,0,0
HG00368,FIN,EUR,female,HG00368,0,0,female,0,1,0,0,0,0,2,0,0,0,0,0,2,0,0,0,1,0,0,0,0,2,0,0,0,0,0,0,0,0,0,0,1,1,1,0,0,0,0,0,0,0,0,0,0,0,0,2,0,0,0,2,0,0,0,0,0,0,0,0,1,0,0,0,0,0,0,1,1,1,0,0,0,2,2,1,0,1,0,0,0,1,0,0,0,0,0,0,1,0,0,0,2,0,0,2,0,0,0,0
HG00369,FIN,EUR,male,HG00369,0,0,male,0,0,0,0,0,0,2,0,1,0,0,2,2,0,0,0,1,1,0,0,0,2,0,0,0,0,1,0,0,0,0,0,0,0,0,0,0,0,0,0,1,0,0,0,0,0,0,1,0,0,0,2,0,0,0,0,0,0,0,0,1,0,0,2,0,0,0,1,2,2,0,0,0,1,0,2,0,2,0,2,0,0,0,0,0,1,0,1,0,1,0,0,2,0,0,0,0,0,0,0
HG00371,FIN,EUR,male,HG00371,0,0,male,0,1,1,0,0,0,2,0,0,0,0,1,2,0,0,0,2,0,0,1,0,2,0,0,0,0,0,0,0,0,0,0,0,1,1,0,0,0,0,0,0,0,1,1,0,0,1,1,0,0,1,2,0,0,0,0,0,1,0,0,2,0,0,1,0,0,0,1,2,2,0,0,0,2,1,0,0,2,0,1,0,0,0,0,0,1,1,0,0,0,0,0,2,0,0,1,0,0,0,0
HG00372,FIN,EUR,male,HG00372,0,0,male,0,1,0,0,0,0,2,0,0,0,0,0,2,0,0,0,2,1,0,0,0,2,0,0,0,0,0,0,0,0,0,0,0,0,1,0,0,0,0,0,0,0,1,0,0,0,1,1,0,0,1,2,0,0,0,1,0,0,0,0,1,0,0,1,0,0,0,0,2,1,0,0,0,1,1,2,0,0,0,1,0,1,0,0,2,0,1,0,0,0,0,0,2,0,0,2,0,0,0,0
HG00373,FIN,EUR,female,HG00373,0,0,female,0,0,1,0,0,0,2,0,0,0,0,0,2,0,0,0,1,1,0,0,0,2,0,0,0,0,1,0,0,0,0,0,0,1,0,0,0,0,0,0,1,0,1,0,1,0,0,2,0,0,0,2,0,0,0,0,0,0,0,0,1,0,0,1,0,0,0,0,2,2,0,0,0,2,0,2,0,1,0,0,0,0,0,0,0,0,0,0,0,0,0,0,2,0,0,2,0,0,0,0
HG00375,FIN,EUR,male,HG00375,0,0,male,0,1,0,0,0,0,2,0,0,0,0,1,1,0,0,0,2,0,0,1,0,2,0,0,0,0,0,0,0,0,0,0,0,0,0,0,0,0,0,0,0,0,1,0,0,0,2,2,0,0,1,2,0,0,0,1,0,1,0,0,2,0,0,1,0,0,0,1,1,2,0,0,0,2,0,2,0,1,0,0,0,0,0,0,0,0,1,0,0,0,0,0,2,0,0,1,0,0,0,0
HG00376,FIN,EUR,female,HG00376,0,0,female,0,0,0,0,0,0,2,0,0,0,0,1,2,0,0,0,2,0,0,0,0,2,0,0,0,0,0,0,0,0,2,0,0,0,2,0,0,0,0,0,1,0,2,0,1,0,2,2,0,0,0,2,0,0,0,1,0,0,0,0,1,0,0,0,0,0,0,0,2,2,0,0,0,0,1,2,0,0,0,1,1,0,0,0,1,0,1,0,0,0,0,0,2,0,0,2,0,0,0,0
HG00378,FIN,EUR,female,HG00378,0,0,female,0,1,0,0,0,0,2,0,1,0,0,0,1,1,0,0,1,1,0,0,1,2,0,1,1,0,0,0,0,0,0,0,0,0,1,0,0,0,0,0,1,0,1,0,0,0,0,2,0,0,0,2,0,0,0,0,0,2,0,0,1,0,0,1,0,0,0,0,2,1,0,0,0,1,1,2,0,1,0,1,0,0,0,0,0,0,2,0,0,0,0,0,2,0,0,2,0,0,0,0
HG00379,FIN,EUR,female,HG00379,0,0,female,0,1,0,0,0,0,2,0,0,0,0,1,2,0,0,0,2,0,0,0,0,2,0,0,0,0,0,0,0,0,0,0,0,0,0,0,0,0,0,0,2,0,2,0,1,0,1,1,0,0,1,2,0,0,0,0,0,1,0,0,2,0,0,0,0,0,0,0,2,2,0,0,0,2,1,2,0,2,0,0,0,1,0,0,0,0,1,1,0,0,0,0,2,0,0,1,1,0,1,0
HG00380,FIN,EUR,female,HG00380,0,0,female,0,0,0,0,0,0,2,0,0,0,0,1,2,0,0,0,1,0,0,2,0,2,0,0,0,0,0,0,0,0,0,0,0,0,0,0,0,0,1,0,0,0,0,0,1,0,1,1,0,1,0,2,0,0,0,1,0,1,0,0,2,0,0,1,0,0,0,1,2,0,0,0,0,1,1,1,0,1,0,1,0,0,0,0,0,0,0,1,0,0,0,0,1,0,0,2,0,0,0,0
HG00381,FIN,EUR,female,HG00381,0,0,female,0,1,1,0,0,0,2,0,0,0,0,0,2,0,0,0,2,0,0,2,0,2,0,0,0,0,0,0,0,0,0,0,0,0,0,0,0,0,0,0,0,0,2,0,1,0,1,2,0,0,0,2,0,0,0,1,0,1,0,0,1,0,0,0,0,0,0,0,2,2,0,0,0,2,0,2,0,2,0,0,0,0,0,0,0,0,0,0,0,1,0,0,2,0,0,1,0,0,0,0
HG00382,FIN,EUR,male,HG00382,0,0,male,0,1,0,0,0,0,2,0,0,0,0,0,1,0,0,0,2,0,0,0,0,2,0,0,0,0,1,0,0,0,0,0,0,0,1,0,0,0,1,0,1,0,2,0,0,0,1,2,0,0,1,2,0,0,0,0,0,1,0,0,0,0,0,1,0,0,0,1,2,1,0,0,0,1,0,2,1,1,0,1,0,1,0,0,0,0,1,0,0,0,0,0,2,0,0,2,0,0,0,0
HG00383,FIN,EUR,female,HG00383,0,0,female,0,1,0,0,0,0,2,0,1,0,0,1,2,0,0,0,2,0,0,0,0,2,0,0,0,0,0,0,0,0,0,0,0,1,0,0,0,0,0,0,0,0,2,0,0,0,0,1,0,0,0,2,0,0,0,0,0,1,0,0,1,0,0,0,0,0,0,0,2,2,0,0,0,2,2,0,0,1,0,1,0,0,0,0,0,1,0,0,0,1,0,0,2,0,0,2,0,0,1,0
HG00384,FIN,EUR,female,HG00384,0,0,female,0,0,0,0,0,0,2,0,2,0,0,2,1,0,0,0,2,0,0,1,0,2,0,1,1,0,0,0,0,0,0,0,0,0,0,0,0,1,1,0,1,0,1,0,0,0,1,2,0,0,0,2,0,0,0,0,0,1,0,0,1,0,0,0,0,0,0,0,2,2,0,0,0,2,1,2,0,0,0,1,0,1,0,0,0,0,1,0,0,0,0,0,2,0,0,2,0,0,0,0
HG00403,CHS,EAS,male,SH001,0,0,male,0,0,0,0,0,0,2,0,0,0,0,2,2,0,0,0,2,0,0,0,0,2,0,0,0,0,0,0,1,1,1,0,0,0,2,0,0,0,0,0,1,0,2,0,0,0,1,2,0,0,2,2,0,0,0,0,0,0,0,0,1,0,0,0,0,0,0,1,0,0,0,0,0,2,1,0,0,1,0,1,0,1,0,0,0,0,1,0,0,0,0,0,2,0,0,2,0,0,0,0
HG00404,CHS,EAS,female,SH001,0,0,female,0,1,1,0,0,0,2,0,1,0,0,0,2,0,0,0,1,0,0,1,1,2,0,0,0,0,1,0,0,0,1,0,2,2,1,0,0,0,0,0,1,0,2,0,0,0,0,1,0,0,1,2,0,0,0,0,0,0,0,0,1,0,0,1,0,0,0,0,1,1,0,0,0,1,2,1,0,2,0,1,0,1,0,0,1,1,0,0,0,1,0,0,1,0,0,2,0,0,0,0
HG00406,CHS,EAS,male,SH002,0,0,male,0,2,1,0,0,0,2,0,0,0,0,1,2,0,0,0,2,0,0,0,0,2,0,0,0,0,0,0,0,0,0,0,0,1,0,0,0,1,0,0,0,0,2,0,0,0,1,2,0,0,0,2,0,0,0,0,0,0,0,0,0,0,0,0,0,0,0,2,1,2,0,0,0,1,0,1,0,1,0,1,0,1,1,0,1,0,2,0,0,1,0,0,1,0,0,2,0,0,0,0
HG00407,CHS,EAS,female,SH002,0,0,female,0,1,1,1,0,0,2,0,0,0,0,0,2,2,0,0,1,0,0,1,0,2,0,1,1,0,1,0,0,0,0,0,1,0,1,0,0,0,0,0,2,0,2,0,0,0,0,2,0,0,0,1,0,0,0,0,0,2,0,0,2,0,0,0,0,0,0,2,0,1,0,0,0,1,1,1,0,0,0,1,1,1,1,0,0,0,0,0,0,0,0,0,2,0,0,1,0,0,0,0
HG00409,CHS,EAS,male,SH003,0,0,male,0,0,0,0,0,0,2,0,0,0,0,2,2,1,0,0,2,0,0,2,0,2,0,1,1,0,0,1,0,0,0,0,1,1,0,0,0,0,0,0,1,0,0,0,0,0,1,2,0,0,1,2,0,0,0,0,0,0,0,0,2,0,0,0,0,0,0,0,0,1,0,0,0,0,0,2,0,2,0,1,0,1,0,0,1,1,2,0,0,1,0,0,2,0,0,2,0,0,0,0
HG00410,CHS,EAS,female,SH003,0,0,female,0,0,0,0,0,0,2,0,0,0,1,1,2,0,0,0,1,1,0,1,0,2,0,1,1,0,0,0,0,0,0,0,0,0,1,0,0,1,0,0,2,2,1,0,2,0,1,1,0,0,1,2,0,0,0,0,0,1,0,0,1,0,0,0,0,0,0,1,1,1,0,0,0,1,0,2,0,2,0,1,0,1,0,0,0,1,1,0,0,0,0,0,2,0,0,2,0,0,0,0
HG00419,CHS,EAS,female,SH006,0,0,female,0,2,2,0,0,0,2,0,0,0,0,2,1,0,0,0,1,0,0,1,0,2,0,0,0,0,1,0,1,1,1,0,0,1,1,0,0,0,0,0,1,1,1,0,0,0,1,2,0,0,2,1,0,0,0,0,0,2,0,0,0,0,0,0,0,0,0,0,0,1,0,0,0,1,1,1,0,0,0,0,0,0,0,0,0,0,1,0,0,0,0,0,2,0,0,2,0,0,0,0
HG00421,CHS,EAS,male,SH007,0,0,male,0,1,0,0,0,0,2,0,0,0,0,0,2,0,0,0,2,1,0,1,0,2,0,0,0,0,1,0,1,1,1,0,1,1,1,0,0,0,0,0,1,0,1,0,0,0,1,1,0,0,0,0,0,0,0,0,0,0,0,0,0,0,0,0,0,0,0,1,0,0,0,0,0,1,0,1,0,2,0,1,0,2,0,0,0,2,1,0,0,0,0,0,2,0,0,2,0,0,0,0
HG00422,CHS,EAS,female,SH007,0,0,female,0,0,1,0,0,0,2,0,1,0,0,1,1,0,0,0,1,0,0,0,0,2,0,0,0,0,0,0,0,0,0,0,0,0,1,0,0,0,0,0,1,0,0,0,2,0,1,2,0,0,2,2,0,0,0,0,0,1,0,0,0,0,0,0,0,0,0,0,2,2,0,0,0,1,2,2,0,1,0,0,0,0,0,0,2,0,1,0,0,0,0,0,1,0,0,2,0,0,0,0
HG00428,CHS,EAS,female,SH009,0,0,female,0,0,0,0,0,2,2,0,0,0,0,1,1,0,0,0,1,0,0,1,0,2,0,0,0,0,1,0,1,1,1,0,1,0,0,0,0,0,0,0,2,0,2,0,0,0,0,1,0,0,0,1,0,0,0,0,0,1,0,0,2,0,0,0,0,0,0,0,2,2,0,0,0,1,1,1,0,0,0,1,0,1,0,0,2,0,1,0,0,1,0,0,2,0,0,2,0,0,0,0
HG00436,CHS,EAS,male,SH012,0,0,male,0,1,1,0,0,1,2,0,0,0,0,2,2,0,0,0,1,0,0,1,0,2,0,0,0,0,1,0,0,0,0,0,1,1,0,0,0,0,0,0,1,0,1,0,1,0,2,2,0,0,1,1,0,0,0,0,0,1,0,0,2,0,0,0,1,0,0,0,1,1,0,0,0,0,1,1,0,1,0,1,0,1,0,0,0,1,1,0,0,0,0,0,0,0,0,2,0,0,0,0
HG00437,CHS,EAS,female,SH012,0,0,female,0,0,0,0,0,0,2,0,0,0,0,0,1,0,0,0,2,0,0,1,0,2,0,1,1,0,0,0,0,0,0,0,1,1,2,0,0,0,0,0,1,0,1,0,0,0,1,1,0,0,0,2,0,0,0,0,0,1,0,0,0,0,0,0,0,0,0,0,1,1,0,0,0,2,0,1,0,0,0,1,0,1,0,0,0,0,2,0,0,0,0,0,2,0,0,2,0,0,0,0
HG00442,CHS,EAS,male,SH014,0,0,male,0,2,1,0,0,0,2,0,0,0,0,2,2,0,0,0,2,0,0,0,0,2,0,0,0,0,0,0,1,1,1,0,0,0,2,0,0,0,0,0,0,0,2,0,1,0,1,2,0,0,1,0,0,0,1,0,0,1,0,0,1,0,0,0,0,0,0,2,0,0,0,0,0,1,1,2,0,2,0,1,0,2,1,0,1,0,1,0,0,1,0,0,2,0,0,1,0,0,0,0
HG00443,CHS,EAS,female,SH014,0,0,female,0,2,2,0,0,1,2,0,0,0,0,0,2,0,0,0,2,0,0,0,0,2,0,0,0,0,0,0,0,0,1,0,2,2,2,0,0,0,0,0,1,1,1,0,0,0,0,2,0,0,0,1,0,0,0,0,0,1,0,0,0,0,0,0,0,0,0,0,0,1,0,0,0,2,2,1,0,0,0,1,0,1,0,0,0,0,1,0,0,0,0,0,2,0,0,2,0,0,0,0
HG00445,CHS,EAS,male,SH015,0,0,male,0,0,0,0,0,0,2,0,0,0,0,1,2,0,0,0,1,1,0,1,0,2,0,0,0,0,1,0,1,1,1,0,0,0,0,0,0,0,0,0,0,0,1,0,0,0,0,2,0,0,1,1,0,0,0,0,0,0,0,0,1,0,0,0,0,0,0,0,0,1,0,0,0,2,0,1,0,2,0,2,0,2,0,0,2,0,0,0,0,1,0,0,2,0,0,2,0,0,0,0
HG00446,CHS,EAS,female,SH015,0,0,female,0,1,1,0,0,0,2,0,0,0,0,1,2,0,0,0,2,1,0,0,0,2,0,0,0,0,0,0,0,0,0,0,0,0,1,0,0,0,0,0,1,2,1,0,0,0,0,2,0,0,0,2,0,0,0,0,0,0,0,0,2,0,0,0,0,0,0,0,1,0,0,0,0,2,0,1,0,1,0,0,0,2,0,0,1,0,2,0,1,0,0,0,2,0,0,2,0,0,0,0
HG00448,CHS,EAS,male,SH016,0,0,male,0,2,1,0,0,1,2,0,0,0,0,0,2,1,0,0,2,0,0,0,0,2,0,0,0,0,0,1,0,0,0,0,0,0,1,0,0,1,0,0,0,0,1,0,0,0,0,2,0,0,1,1,0,0,0,0,0,2,0,0,0,0,0,1,0,0,0,2,1,2,0,0,0,1,0,1,0,0,0,1,0,0,0,0,1,0,2,0,0,0,0,0,1,0,0,2,0,0,0,0
HG00449,CHS,EAS,female,SH016,0,0,female,0,1,0,0,0,0,2,0,0,0,0,1,2,0,0,0,2,0,0,0,0,2,0,1,1,0,0,1,0,0,0,0,0,0,1,0,0,0,0,0,2,0,2,0,0,0,1,2,0,0,1,2,0,0,0,0,0,1,0,0,1,0,0,0,0,0,0,1,0,1,0,0,0,2,2,2,0,1,0,1,1,1,0,0,1,0,1,0,0,0,0,0,1,0,0,2,0,0,0,0
HG00451,CHS,EAS,male,SH017,0,0,male,0,0,0,0,0,0,2,0,0,0,0,1,1,0,0,0,2,1,0,1,0,2,0,0,0,0,0,0,0,0,0,0,0,0,0,0,0,0,0,0,0,1,0,1,1,0,2,2,0,0,0,2,0,0,0,0,0,0,0,0,1,0,0,0,0,0,0,0,1,2,0,0,0,1,1,1,0,1,0,2,0,1,1,0,1,0,0,0,0,0,0,0,2,0,0,2,0,0,0,0
HG00452,CHS,EAS,female,SH017,0,0,female,0,1,1,0,0,0,2,0,0,0,0,0,2,0,0,0,1,0,0,0,0,2,0,0,0,0,0,1,1,1,1,0,0,0,0,0,0,1,0,0,0,0,0,0,1,0,2,2,0,0,0,1,0,0,0,0,0,2,0,0,1,0,0,0,0,0,0,0,1,1,0,0,0,2,1,2,0,1,0,0,0,2,0,0,0,1,0,0,0,0,0,0,1,0,0,1,0,0,0,0
HG00457,CHS,EAS,male,SH019,0,0,male,0,0,0,0,0,0,2,0,0,0,0,2,1,0,0,0,2,0,0,0,0,2,0,0,0,0,1,0,0,0,1,0,0,0,0,0,0,0,0,0,2,0,1,1,0,0,1,2,0,0,2,1,0,0,0,0,0,2,0,0,1,0,0,0,0,0,0,0,1,2,0,0,0,1,1,1,0,2,0,2,0,1,0,0,0,0,1,0,0,1,0,0,1,0,0,2,0,0,0,0
HG00458,CHS,EAS,female,SH019,0,0,female,0,1,0,0,0,0,2,0,0,0,0,0,2,0,0,0,2,0,0,0,0,2,0,0,0,0,0,0,0,0,0,0,1,1,0,0,0,1,0,0,0,0,2,0,0,0,1,1,0,0,0,2,0,0,0,0,0,0,0,0,1,0,0,1,0,0,0,0,1,1,0,0,0,2,0,2,0,0,0,0,0,1,0,0,0,0,1,0,1,0,0,0,1,0,0,0,0,0,0,0
HG00463,CHS,EAS,male,SH021,0,0,male,0,0,0,0,0,0,2,0,0,0,0,0,2,1,0,0,0,1,0,0,1,2,0,0,0,0,0,0,0,0,0,0,1,1,1,0,0,0,0,0,1,0,2,0,0,0,0,1,0,0,1,2,0,0,0,0,0,2,0,0,0,0,0,0,0,0,0,1,0,1,0,0,0,1,1,1,0,1,0,1,0,1,0,0,1,2,1,0,0,0,0,0,2,0,0,2,0,0,0,0
HG00464,CHS,EAS,female,SH021,0,0,female,0,0,0,0,0,0,2,0,0,0,0,1,2,0,0,0,2,0,0,0,0,2,0,0,0,0,0,0,0,0,0,0,1,0,0,0,0,0,0,0,1,1,1,0,1,0,0,2,0,0,0,1,0,0,0,0,0,1,0,0,2,0,0,0,0,0,0,1,0,0,0,0,0,1,2,1,0,1,0,1,1,2,0,0,1,1,2,0,0,1,0,0,2,0,0,2,0,0,0,0
HG00472,CHS,EAS,male,SH024,0,0,male,0,0,0,0,0,0,2,0,0,0,0,1,2,0,0,0,2,0,0,0,1,2,0,0,0,0,0,0,1,1,1,0,0,0,1,0,0,0,0,0,0,0,0,0,0,0,0,1,0,0,0,0,0,0,0,0,0,1,0,0,2,0,0,0,0,0,0,0,0,1,0,0,0,2,2,0,0,1,0,1,0,0,0,0,1,1,0,0,0,0,0,0,2,0,0,2,0,0,0,0
HG00473,CHS,EAS,female,SH024,0,0,female,0,0,0,0,0,0,2,0,0,0,0,1,2,0,0,0,2,0,0,1,0,2,0,0,0,0,0,0,0,0,1,0,1,0,0,0,0,0,0,0,1,0,1,0,0,0,0,2,0,0,1,2,0,0,0,0,0,1,0,0,1,0,0,2,0,0,0,1,1,1,0,0,0,2,0,1,0,0,0,1,0,1,1,0,1,0,0,0,0,0,0,0,2,0,0,1,0,0,0,0
HG00475,CHS,EAS,male,SH025,0,0,male,0,1,1,0,0,0,2,0,0,0,0,1,2,0,0,0,1,0,0,1,1,2,0,0,0,0,0,1,0,0,0,0,0,0,2,0,0,0,0,0,0,0,2,0,0,0,2,2,0,0,0,1,0,0,0,0,0,1,0,0,0,0,0,1,0,0,0,0,2,1,0,0,0,1,1,1,0,1,0,1,0,1,0,0,1,1,1,0,0,1,0,0,2,0,0,1,0,0,0,0
HG00476,CHS,EAS,female,SH025,0,0,female,0,1,1,0,0,0,2,0,1,0,0,1,1,1,0,0,2,0,0,0,0,2,0,0,0,0,0,0,0,0,0,0,1,1,0,0,0,0,0,0,1,0,1,0,0,0,2,2,0,0,1,2,1,0,0,0,0,0,0,0,2,0,0,0,0,0,0,1,1,1,0,0,0,2,2,0,0,2,0,1,0,2,0,0,0,0,1,0,0,1,0,0,2,0,0,2,0,0,0,0
HG00478,CHS,EAS,male,SH026,0,0,male,0,0,1,0,0,1,2,0,1,0,1,0,0,0,0,0,2,0,0,0,0,2,0,0,0,0,1,0,0,0,1,0,2,1,0,1,0,0,0,0,1,1,1,1,1,0,1,2,0,0,1,1,0,0,0,0,0,2,0,0,1,0,0,0,1,0,0,0,1,2,0,0,1,2,0,2,0,0,0,0,0,1,0,0,1,0,1,0,0,1,0,0,2,0,0,2,0,0,0,0
HG00479,CHS,EAS,female,SH026,0,0,female,0,0,0,0,0,0,2,0,0,0,0,1,2,2,0,0,2,0,0,0,0,2,0,0,0,0,1,0,1,1,1,0,1,1,2,0,0,0,0,0,1,0,1,0,0,0,1,2,0,0,1,2,0,0,0,0,0,1,0,0,1,0,0,0,0,0,0,1,0,2,0,0,0,0,2,0,0,2,0,1,0,1,0,0,1,1,0,0,0,1,0,0,2,0,0,2,0,0,0,0
HG00500,CHS,EAS,male,SH028,0,0,male,0,1,1,0,0,0,2,0,0,0,0,1,1,0,0,0,2,0,0,0,0,2,0,0,0,0,0,0,0,0,0,0,0,1,2,0,0,0,0,0,1,0,1,0,0,0,1,2,0,0,0,2,0,0,0,0,0,2,0,0,0,0,0,1,0,0,0,0,1,0,0,0,0,1,2,1,0,1,0,1,0,2,0,0,0,0,0,0,0,0,0,0,2,0,0,2,0,0,0,0
HG00513,CHS,EAS,female,SH032,0,0,female,0,1,1,0,0,1,2,0,0,0,1,0,1,0,0,0,2,1,0,0,0,2,0,0,0,0,1,0,0,0,1,0,2,2,1,0,0,0,0,0,1,0,2,0,1,0,1,2,0,0,0,2,0,0,0,0,0,2,0,0,1,0,0,0,0,0,0,0,2,2,0,0,1,2,1,1,0,1,0,2,0,0,0,0,0,1,2,0,0,0,0,0,2,0,0,2,0,0,0,0
HG00524,CHS,EAS,male,SH036,0,0,male,0,0,0,0,0,0,2,0,0,0,0,0,2,0,0,0,2,1,0,1,1,2,0,0,0,0,0,0,0,0,0,0,0,0,1,0,0,0,0,0,1,1,1,0,0,0,1,2,0,0,1,1,0,0,0,0,0,2,0,0,2,0,0,0,0,0,0,2,1,1,0,0,0,1,0,2,0,0,0,1,0,1,0,0,0,1,1,0,0,0,0,0,1,0,0,2,0,0,0,0
HG00525,CHS,EAS,female,SH036,0,0,female,0,2,2,0,0,1,2,0,0,0,0,1,0,0,0,0,2,0,0,0,0,2,0,0,0,0,0,0,0,0,1,0,0,0,2,0,0,0,0,0,0,0,1,0,1,0,1,2,0,0,0,1,0,0,0,0,1,1,0,0,2,0,0,0,0,0,0,1,0,1,0,0,0,2,2,2,0,1,0,2,0,1,0,0,0,0,1,0,0,1,0,0,2,0,0,1,0,0,0,0
HG00531,CHS,EAS,female,SH038,0,0,female,0,2,1,0,0,0,2,0,0,0,0,1,1,0,0,0,1,1,0,1,0,2,0,0,0,0,0,0,0,0,0,0,0,0,1,0,0,0,0,0,0,0,1,0,1,0,1,1,0,0,0,2,0,0,1,0,0,2,0,0,0,0,0,0,0,0,0,0,0,2,0,0,0,2,0,2,0,1,0,1,0,0,0,0,1,1,2,0,1,0,0,0,2,0,0,2,0,0,0,0
HG00533,CHS,EAS,male,SH039,0,0,male,0,0,0,0,0,0,2,0,0,0,0,1,2,0,0,0,1,0,0,0,0,2,0,0,0,0,1,0,0,0,0,0,1,1,1,0,0,1,0,0,1,0,1,0,0,0,1,1,0,0,0,0,0,0,0,0,0,1,0,0,1,0,0,0,1,0,0,0,2,0,0,0,0,2,1,1,0,1,0,0,0,1,0,0,1,0,0,0,0,1,0,0,2,0,0,2,0,0,0,0
HG00534,CHS,EAS,female,SH039,0,0,female,0,2,0,0,0,0,2,0,0,0,0,2,2,0,0,0,2,1,0,0,0,2,0,1,0,0,1,0,0,0,0,0,0,1,0,0,0,0,0,0,0,1,2,1,0,0,1,2,0,0,0,0,0,0,0,0,0,2,0,0,1,0,0,0,0,0,0,0,1,1,0,0,0,2,1,1,0,0,0,1,0,2,2,0,0,0,2,0,1,0,0,0,1,0,0,2,0,0,0,0
HG00536,CHS,EAS,male,SH040,0,0,male,0,1,1,0,0,0,2,0,0,0,0,1,2,1,0,0,1,1,0,2,0,2,0,1,1,0,0,0,0,0,1,0,0,0,0,0,0,0,0,0,0,1,1,0,0,0,0,2,0,0,1,2,0,0,0,0,1,0,0,0,0,0,0,0,0,0,0,0,1,1,0,0,0,2,2,1,0,1,0,1,0,2,0,0,1,1,0,0,0,0,0,0,2,0,0,2,0,0,0,0
HG00537,CHS,EAS,female,SH040,0,0,female,0,0,0,0,0,0,2,0,1,0,0,1,2,0,0,0,2,0,0,0,0,2,0,0,0,0,0,0,1,1,1,0,1,0,1,0,0,0,0,0,1,0,2,0,1,0,1,1,0,0,1,2,0,0,0,0,0,0,0,0,0,0,0,0,0,0,0,0,1,1,0,0,0,2,1,1,0,1,0,0,1,1,0,0,2,0,1,0,0,0,0,0,2,0,0,2,0,0,0,0
HG00542,CHS,EAS,male,SH042,0,0,male,0,0,0,0,0,0,2,0,0,0,0,1,2,0,0,0,1,0,0,2,0,2,0,0,0,0,0,0,0,0,1,0,1,1,1,0,0,0,0,0,0,0,2,0,0,0,1,2,0,0,0,2,0,0,1,0,0,2,0,0,0,0,0,1,0,0,0,0,1,1,0,0,0,2,0,2,0,1,0,1,0,0,0,0,0,0,0,0,0,1,0,0,1,0,0,1,0,0,0,0
HG00543,CHS,EAS,female,SH042,0,0,female,0,1,2,0,0,0,2,0,0,0,0,1,2,0,0,0,2,0,0,0,0,2,0,0,0,0,0,0,1,1,2,0,0,1,0,0,0,0,0,0,0,0,0,0,0,0,0,2,0,0,1,1,0,0,0,0,0,0,0,0,0,0,0,0,0,0,0,0,0,2,0,0,0,1,1,1,0,0,0,2,0,1,0,0,2,1,2,0,0,0,0,0,2,0,0,2,0,0,0,0
HG00551,PUR,AMR,female,PR01,0,0,female,0,1,1,0,0,0,2,0,0,0,0,1,2,0,0,0,2,1,0,2,1,2,0,1,0,0,0,0,1,0,0,0,0,1,0,0,0,0,0,0,0,1,2,0,0,0,1,1,1,0,2,1,0,0,0,0,1,2,0,0,2,0,0,0,0,0,0,1,1,0,0,0,0,2,0,1,0,1,0,1,1,2,1,0,1,0,0,0,0,1,0,0,2,0,0,1,0,0,0,0
HG00553,PUR,AMR,male,PR02,0,0,male,0,1,1,0,0,0,2,0,1,0,0,1,2,0,0,0,1,0,0,1,0,2,0,0,0,0,0,0,0,0,0,0,0,0,1,0,0,1,1,0,0,2,2,0,1,0,1,0,0,0,0,2,0,0,0,0,0,1,0,0,1,0,0,0,0,0,0,0,1,2,0,0,0,1,1,1,0,1,0,2,0,0,0,0,1,1,1,0,0,0,0,0,2,0,0,1,1,1,0,0
HG00554,PUR,AMR,female,PR02,0,0,female,0,1,0,0,0,1,2,0,1,0,0,1,2,1,0,0,2,1,0,1,0,2,0,0,0,0,0,0,0,0,0,0,0,0,0,0,0,0,0,0,1,0,1,0,1,0,1,2,1,0,1,2,0,0,0,0,0,0,0,0,1,0,0,0,0,0,0,1,2,1,0,0,0,2,2,2,0,1,0,2,0,1,0,1,0,0,0,0,0,0,0,0,2,0,0,2,0,0,0,0
HG00556,CHS,EAS,male,SH045,0,0,male,0,1,1,0,0,0,2,0,0,0,0,1,1,0,0,0,2,0,0,1,0,2,0,0,0,0,0,0,0,0,1,0,1,1,0,0,0,1,0,0,0,0,2,0,0,0,0,2,0,0,0,1,0,0,0,0,0,0,0,0,1,0,0,0,0,0,0,0,0,0,0,0,0,1,1,2,0,0,0,1,0,0,0,0,1,1,1,0,0,1,0,0,1,0,0,2,0,0,0,0
HG00557,CHS,EAS,female,SH045,0,0,female,0,2,1,0,0,0,2,0,0,0,0,1,1,0,0,0,1,0,0,0,1,2,0,1,1,0,1,0,0,0,0,0,0,0,0,0,0,0,0,0,1,0,2,1,0,0,1,2,0,0,1,2,0,0,0,0,0,0,0,0,1,0,0,0,0,0,0,0,0,1,0,0,0,2,1,1,0,1,0,2,0,0,0,0,1,1,1,0,0,0,0,0,2,0,0,2,0,0,0,0
HG00559,CHS,EAS,male,SH046,0,0,male,0,2,2,0,0,0,2,0,0,0,0,1,0,0,0,0,1,1,0,0,0,2,0,0,0,0,0,0,0,0,0,0,0,1,0,0,0,0,0,0,2,0,1,0,0,0,0,2,0,0,2,2,0,0,0,0,0,1,0,0,1,0,0,0,1,0,0,0,0,1,0,0,0,1,1,2,0,0,0,1,0,0,0,0,0,0,0,0,0,1,0,0,2,0,0,2,0,0,0,0
HG00560,CHS,EAS,female,SH046,0,0,female,0,1,1,0,0,0,2,0,0,0,1,1,2,0,0,0,2,0,0,1,0,2,0,0,0,0,1,0,2,1,1,0,0,0,1,1,0,0,0,0,1,0,2,0,0,0,1,2,0,0,1,2,0,0,0,0,0,0,0,0,2,0,0,0,0,0,0,1,0,1,0,0,1,2,1,0,0,0,0,1,0,1,0,0,1,0,2,0,0,0,0,0,2,0,0,2,0,0,0,0
HG00565,CHS,EAS,male,SH048,0,0,male,0,1,1,0,0,0,2,0,0,0,0,1,0,0,0,0,2,0,0,1,0,2,0,1,1,0,0,0,0,0,0,0,0,0,1,0,0,0,0,0,1,0,1,0,0,0,1,2,0,0,1,2,0,0,0,0,0,2,0,0,0,0,0,0,0,0,0,0,1,2,0,0,0,1,2,1,0,0,0,1,0,2,0,0,0,0,1,0,0,1,0,0,2,0,0,2,0,0,0,0
HG00566,CHS,EAS,female,SH048,0,0,female,0,0,1,0,0,0,2,0,0,0,0,0,1,0,0,0,1,0,0,1,0,2,0,0,0,0,0,0,0,0,0,0,1,1,1,1,0,0,0,0,0,0,0,1,0,0,0,1,0,0,0,1,0,0,1,0,0,1,0,0,1,0,0,0,0,0,0,1,1,1,0,0,0,0,1,1,0,0,0,2,0,1,0,0,0,0,1,0,0,0,0,0,2,0,0,2,0,0,0,0
HG00580,CHS,EAS,male,SH053,0,0,male,0,0,0,0,0,0,2,0,0,0,0,0,0,0,0,0,1,0,0,0,0,2,0,0,0,0,0,0,0,0,2,0,0,0,1,1,0,0,0,0,2,0,2,0,1,0,1,2,0,0,0,1,0,0,0,0,1,1,0,0,1,0,0,0,0,0,0,0,1,2,0,0,0,1,1,0,0,1,0,2,0,1,0,0,0,0,1,0,1,0,0,0,1,0,0,2,0,0,0,0
HG00581,CHS,EAS,female,SH053,0,0,female,0,1,1,0,0,0,2,0,1,0,0,1,1,0,0,0,2,0,0,1,0,2,0,0,0,0,0,0,0,0,0,0,2,1,0,0,0,0,0,0,0,0,0,0,0,0,2,1,0,0,0,1,0,0,0,0,0,1,0,0,1,0,0,0,0,0,0,1,0,0,0,0,0,1,1,0,0,1,0,1,1,1,0,0,1,0,0,0,0,0,0,0,2,0,0,2,0,0,0,0
HG00583,CHS,EAS,male,SH054,0,0,male,0,0,1,0,0,0,2,0,0,0,0,2,1,0,0,0,2,0,0,1,0,2,0,1,1,0,0,0,0,0,0,0,0,0,0,0,0,0,0,0,1,0,2,0,0,0,0,2,0,0,0,2,0,0,0,0,1,2,0,0,0,0,0,0,0,0,0,1,0,0,0,0,0,2,0,2,0,1,0,0,0,1,0,0,1,0,1,0,0,1,0,0,1,0,0,2,0,0,0,0
HG00584,CHS,EAS,female,SH054,0,0,female,0,1,1,0,0,0,2,0,0,0,0,0,2,2,0,0,2,0,0,1,0,2,0,0,0,0,1,0,1,1,1,0,1,0,0,0,0,0,0,0,2,0,1,0,0,0,0,2,0,0,0,2,0,0,0,0,0,1,0,0,1,0,0,0,0,0,0,0,1,1,0,0,0,2,0,0,0,1,0,1,0,0,0,0,1,1,0,0,1,1,0,0,2,0,0,2,0,0,0,0
HG00589,CHS,EAS,male,SH056,0,0,male,0,0,2,0,0,0,2,0,1,0,0,1,2,0,0,0,2,1,0,2,0,2,0,0,0,0,0,1,0,0,0,0,0,0,1,0,0,0,0,0,0,0,1,0,1,0,1,2,0,0,0,0,0,0,0,0,0,2,0,0,1,0,0,1,0,0,0,1,1,0,0,0,0,2,1,1,0,1,0,2,0,1,1,0,1,1,0,0,0,0,0,0,2,0,0,2,0,0,0,0
HG00590,CHS,EAS,female,SH056,0,0,female,0,1,0,0,1,0,2,0,0,0,0,2,1,0,0,0,2,0,0,2,0,2,0,0,0,0,0,0,0,1,1,0,1,1,1,0,0,0,0,0,1,1,0,0,0,0,1,1,0,0,0,1,0,0,0,0,0,1,0,0,1,0,0,0,1,0,0,0,0,1,0,0,0,1,1,1,0,1,0,2,0,1,0,0,0,1,1,0,0,0,0,0,2,0,0,2,0,0,0,0
HG00592,CHS,EAS,male,SH057,0,0,male,0,1,2,0,0,0,2,0,0,0,0,1,2,0,0,0,2,0,0,1,0,2,0,0,0,0,1,0,1,1,1,0,1,1,1,0,0,1,0,0,1,0,2,0,1,0,1,2,0,0,1,1,0,0,0,0,0,0,0,0,2,0,0,0,0,0,0,2,1,1,0,0,0,2,2,1,0,1,0,1,0,2,0,0,1,0,0,0,0,0,0,0,2,0,0,2,0,0,0,0
HG00593,CHS,EAS,female,SH057,0,0,female,0,1,1,0,0,0,2,0,0,0,0,0,1,0,0,0,2,0,0,0,0,2,0,0,0,0,0,0,1,1,1,0,0,0,1,0,0,0,0,0,0,1,0,0,1,0,1,2,0,0,0,1,0,0,0,0,0,1,0,0,1,0,0,0,0,0,0,0,2,1,0,0,0,1,1,0,0,0,0,2,0,1,0,0,1,0,2,0,0,0,0,0,2,0,0,2,0,0,0,0
HG00595,CHS,EAS,male,SH058,0,0,male,0,1,0,0,0,0,2,0,0,0,0,0,1,0,0,0,2,0,0,1,0,2,0,1,1,0,1,0,0,0,1,0,0,0,0,0,0,0,0,0,0,0,2,0,0,0,1,2,0,0,1,2,0,0,0,0,0,2,0,0,0,0,0,0,0,0,0,0,0,0,0,0,0,1,0,0,0,0,0,1,0,0,0,0,1,0,0,0,0,1,0,0,1,0,0,2,0,0,0,0
HG00596,CHS,EAS,female,SH058,0,0,female,0,0,0,0,0,0,2,0,0,0,0,0,2,0,0,0,2,0,0,1,0,2,0,0,0,0,1,1,0,0,0,0,0,0,0,0,0,0,0,0,1,0,2,0,0,0,1,2,0,0,0,2,0,0,0,0,0,1,0,0,1,0,0,0,0,0,0,1,1,2,0,0,0,2,0,0,0,1,0,1,1,1,0,0,1,0,1,0,0,0,0,0,1,0,0,1,0,0,0,0
HG00598,CHS,EAS,male,SH059,0,0,male,0,1,1,0,0,0,2,0,0,0,0,1,2,0,0,0,2,0,0,0,0,2,0,0,0,0,0,0,0,0,0,0,0,0,1,0,0,0,0,0,1,0,1,0,0,0,0,2,0,0,0,2,0,0,0,0,0,1,0,0,2,0,0,0,0,0,0,0,1,2,0,0,0,2,2,2,0,1,0,1,0,0,0,0,0,0,1,0,0,0,0,0,2,0,0,2,0,0,0,0
HG00599,CHS,EAS,female,SH059,0,0,female,0,1,1,0,0,1,2,0,0,0,0,0,2,0,0,0,1,1,0,2,1,2,0,0,0,0,1,0,1,1,1,0,0,0,1,0,0,0,0,0,2,0,2,0,0,0,0,2,0,0,0,2,0,0,0,0,0,0,0,0,0,0,0,0,0,0,0,1,0,2,0,0,0,2,1,2,0,2,0,2,0,1,0,0,1,1,0,0,0,1,0,0,1,0,0,1,0,0,0,0
HG00607,CHS,EAS,male,SH062,0,0,male,1,1,0,0,0,0,2,0,0,0,0,1,1,0,0,0,2,0,0,1,0,2,0,0,0,0,0,0,0,0,0,0,1,0,1,0,0,0,0,0,1,0,2,0,0,0,1,2,0,0,1,2,0,0,0,0,0,0,0,0,0,0,0,0,0,0,0,1,0,1,0,0,0,2,0,1,0,2,0,0,0,1,0,0,1,0,0,0,1,0,0,0,1,0,0,1,0,0,0,0
HG00608,CHS,EAS,female,SH062,0,0,female,0,2,1,0,0,0,2,0,0,0,0,1,1,0,0,0,0,1,0,0,0,2,0,0,0,0,0,0,1,1,1,0,1,1,0,0,0,0,0,0,1,0,1,0,0,0,0,2,0,0,2,2,0,0,0,0,0,1,0,0,1,0,0,1,0,0,0,0,0,0,0,0,0,1,1,2,0,1,0,1,0,0,1,0,0,0,1,0,0,1,0,0,2,0,0,2,0,0,0,0
HG00610,CHS,EAS,male,SH063,0,0,male,0,1,0,0,0,0,2,0,0,0,0,2,2,0,0,0,2,0,0,1,0,2,0,0,0,0,1,0,0,0,0,0,1,1,1,0,0,0,0,0,1,0,2,0,0,0,2,2,0,0,0,1,0,0,0,0,0,1,0,0,2,0,0,0,0,0,0,0,1,1,0,0,0,0,1,0,0,1,0,1,0,1,0,0,2,1,0,0,0,0,0,0,2,0,0,2,0,0,0,0
HG00611,CHS,EAS,female,SH063,0,0,female,0,1,0,0,0,0,2,0,0,0,0,0,2,0,0,0,2,1,0,1,0,2,0,1,1,0,0,0,1,1,1,0,1,1,0,0,0,0,0,0,0,0,2,0,0,0,0,2,0,0,0,2,0,0,0,0,0,0,0,0,1,0,0,0,0,0,0,1,0,1,0,0,1,1,1,1,0,2,0,1,0,1,0,0,0,1,2,0,0,0,0,0,1,0,0,1,0,0,0,0
HG00613,CHS,EAS,male,SH064,0,0,male,0,1,2,0,0,0,2,0,0,0,0,1,1,0,0,0,2,1,0,0,1,2,0,0,0,0,0,0,0,0,1,0,0,0,0,1,0,0,0,0,2,0,2,0,0,0,2,2,0,0,0,1,0,0,0,0,0,1,0,0,1,0,0,1,0,0,0,2,1,1,0,0,0,0,2,1,0,0,0,1,1,0,0,0,0,0,1,0,1,1,0,0,1,0,0,2,0,0,0,0
HG00614,CHS,EAS,female,SH064,0,0,female,0,1,0,0,0,1,2,0,0,0,0,2,2,0,0,0,2,0,0,1,0,2,0,0,0,0,0,0,0,0,0,0,0,0,0,0,0,0,0,0,1,0,2,0,0,0,0,2,0,0,1,2,0,0,0,0,0,2,0,0,1,0,0,0,0,0,0,1,0,0,0,0,0,2,1,1,0,0,0,1,0,2,0,0,0,1,2,0,0,1,0,0,2,0,0,2,0,0,0,0
HG00619,CHS,EAS,male,SH066,0,0,male,0,0,1,0,0,0,2,0,0,0,0,2,2,0,0,0,1,0,0,0,0,2,0,0,0,0,1,0,0,0,0,0,0,1,0,0,0,0,0,0,0,0,0,0,0,0,1,2,0,0,2,1,0,0,0,0,0,1,0,0,1,0,0,0,0,0,0,0,1,1,0,0,0,0,1,0,0,0,0,2,0,1,0,0,0,0,0,0,0,0,0,0,1,0,0,1,0,0,0,0
HG00620,CHS,EAS,female,SH066,0,0,female,0,1,0,0,0,0,2,0,0,0,0,1,2,0,0,0,2,1,0,0,0,2,0,1,1,0,1,0,1,1,1,0,0,0,1,0,0,0,0,0,2,0,2,0,0,0,0,2,0,0,0,0,0,0,0,0,0,1,0,0,0,0,0,0,0,0,0,0,2,2,0,0,0,2,0,2,0,1,0,1,0,1,0,0,1,1,1,0,0,1,0,0,1,0,0,2,0,0,0,0
HG00622,CHS,EAS,male,SH067,0,0,male,0,1,0,0,0,0,2,0,0,0,0,0,2,0,0,0,1,1,0,0,0,2,0,0,0,0,0,0,0,0,1,0,0,0,1,0,0,1,0,0,1,0,1,0,0,0,1,1,0,0,1,1,0,0,0,0,0,2,0,0,1,0,0,0,0,0,0,0,0,2,0,0,0,2,1,1,0,2,0,1,0,1,0,0,0,0,2,0,1,0,0,0,2,0,0,2,0,0,0,0
HG00623,CHS,EAS,female,SH067,0,0,female,0,0,0,0,0,0,2,0,0,0,0,2,2,0,0,0,1,0,0,2,0,2,0,0,0,0,0,0,0,0,0,0,0,0,0,0,0,0,0,0,1,0,1,0,0,0,0,2,0,0,0,1,0,0,0,0,0,0,0,0,1,0,0,0,1,0,0,1,0,1,0,0,0,2,0,2,0,1,0,1,0,2,0,0,0,0,1,0,0,0,0,0,2,0,0,2,0,0,0,0
HG00625,CHS,EAS,male,SH068,0,0,male,0,1,0,0,0,0,2,0,0,0,0,0,1,2,0,0,2,1,0,1,0,2,0,0,0,0,0,0,0,0,0,0,1,1,0,0,0,1,0,0,1,0,1,0,0,0,1,2,0,0,1,1,0,0,0,0,0,1,0,0,1,0,0,0,0,0,0,0,1,2,0,0,0,1,1,1,0,1,0,2,0,2,1,0,0,1,1,0,0,1,0,0,2,0,0,1,0,0,0,0
HG00626,CHS,EAS,female,SH068,0,0,female,0,0,1,0,0,0,2,0,0,0,0,1,2,0,0,0,2,0,0,1,0,2,0,1,1,0,1,0,0,0,1,0,1,1,0,0,0,0,0,0,1,1,1,1,0,0,1,2,0,0,1,2,1,0,0,0,0,2,0,0,0,0,0,0,0,0,0,0,1,1,0,0,0,2,2,1,0,1,0,1,0,0,0,0,0,0,1,0,0,0,0,0,2,0,0,2,0,0,0,0
HG00628,CHS,EAS,male,SH069,0,0,male,0,1,1,0,0,0,2,0,0,0,0,0,1,0,0,0,2,0,0,1,0,2,0,0,0,0,1,0,1,1,1,0,1,0,0,0,0,0,0,0,0,0,2,0,1,0,1,1,0,0,0,1,0,0,0,0,0,0,0,0,2,0,0,0,0,0,0,1,1,1,0,0,0,0,1,0,0,0,0,2,0,0,0,0,2,0,0,0,0,0,0,0,2,0,0,2,0,0,0,0
HG00629,CHS,EAS,female,SH069,0,0,female,0,0,1,0,0,0,2,0,0,0,0,1,2,1,0,0,1,0,0,1,0,2,0,1,1,0,0,0,0,0,0,0,0,0,0,1,0,0,0,0,1,0,2,1,0,0,1,2,0,0,2,2,0,0,0,0,0,1,0,0,2,0,0,0,0,0,0,0,1,1,0,0,0,2,2,2,0,0,0,2,0,2,0,0,0,0,0,0,1,0,0,0,2,0,0,2,0,0,0,0
HG00631,CHS,EAS,male,SH070,0,0,male,0,1,1,0,0,0,2,0,0,0,0,1,2,1,0,0,1,0,0,0,1,2,0,0,0,0,1,0,1,1,1,0,1,0,0,0,0,0,0,0,0,0,1,0,1,0,0,2,0,0,0,2,0,0,0,0,0,1,0,0,0,0,0,0,0,0,0,0,1,1,0,0,0,1,1,0,0,0,0,1,0,0,0,0,1,1,1,0,1,0,0,0,2,0,0,1,0,0,0,0
HG00632,CHS,EAS,female,SH070,0,0,female,0,2,1,0,0,0,2,0,0,0,0,1,2,2,0,0,2,0,0,0,0,2,0,1,1,0,1,0,0,1,1,0,0,0,2,1,0,0,0,0,0,0,1,0,0,0,1,2,0,0,0,2,0,0,0,0,0,0,0,0,0,0,0,0,0,0,0,1,1,1,0,0,0,1,1,1,0,1,0,1,0,1,0,0,1,1,0,0,0,1,0,0,1,0,0,2,0,0,0,0
HG00634,CHS,EAS,male,SH071,0,0,male,0,2,2,0,0,0,2,0,0,0,0,2,0,0,0,0,2,1,0,2,0,2,0,0,0,0,0,0,1,1,1,0,1,1,1,0,0,1,0,0,2,0,1,0,0,0,0,0,0,0,1,2,0,0,0,0,0,1,0,0,1,0,0,0,0,0,0,1,1,2,0,0,0,2,1,0,0,1,0,1,0,1,0,0,1,1,0,0,0,1,0,0,2,0,0,1,0,0,0,0
HG00637,PUR,AMR,male,PR03,0,0,male,0,1,0,0,0,0,2,0,1,0,0,0,1,0,0,0,1,0,0,2,0,2,0,0,0,0,0,0,0,0,1,0,0,0,0,0,0,0,0,0,0,0,2,0,0,0,0,0,0,0,1,2,0,0,0,0,0,0,0,0,1,1,0,0,1,0,0,0,0,1,0,0,0,1,1,2,0,1,0,1,1,0,0,0,0,0,0,0,0,0,0,0,2,0,0,1,0,0,0,1
HG00638,PUR,AMR,female,PR03,0,0,female,0,0,1,0,0,0,2,0,0,0,0,0,1,0,0,0,2,0,0,1,1,2,0,0,0,0,0,0,0,0,0,0,0,1,0,0,0,1,0,0,0,0,0,0,0,0,2,2,0,0,0,2,0,0,0,0,0,2,0,0,1,0,0,1,0,0,0,0,1,2,0,0,0,0,1,2,0,1,0,2,0,1,0,0,0,0,0,0,0,0,0,0,2,0,0,2,0,0,0,0
HG00640,PUR,AMR,male,PR04,0,0,male,0,1,0,0,0,0,2,0,0,0,0,0,2,0,0,0,2,0,0,0,0,2,0,0,0,0,0,0,0,0,0,0,0,1,1,0,0,1,0,0,0,0,2,0,1,0,0,0,0,0,2,2,0,0,0,0,0,1,0,0,0,0,0,0,0,0,0,2,2,0,0,0,0,2,2,2,0,2,0,1,0,0,0,0,0,0,0,0,0,1,0,0,2,0,0,1,0,0,0,0
HG00641,PUR,AMR,female,PR04,0,0,female,0,1,0,0,0,1,2,0,0,0,0,0,2,0,0,0,2,0,0,0,0,1,0,0,0,0,0,0,0,0,0,0,0,2,0,1,0,1,0,0,0,0,1,0,0,0,0,2,0,0,1,2,0,0,0,0,0,1,0,0,2,0,0,1,0,0,0,1,0,0,0,0,0,0,1,1,0,2,0,1,0,0,0,0,1,0,0,0,0,0,0,0,2,0,0,2,0,0,0,0
HG00650,CHS,EAS,male,SH072,0,0,male,0,1,0,0,0,0,2,0,0,0,0,1,2,0,0,0,0,0,0,0,1,2,0,0,0,0,0,0,0,0,0,0,1,1,1,0,0,0,0,0,1,0,1,0,0,0,0,2,0,0,0,2,0,0,1,0,0,1,0,0,1,0,0,0,0,0,0,0,1,1,0,0,1,1,0,1,0,1,0,1,0,1,0,0,0,1,1,0,0,0,0,0,1,0,0,1,0,0,0,0
HG00651,CHS,EAS,female,SH072,0,0,female,0,2,1,0,0,1,2,0,0,0,0,0,2,0,0,0,1,1,0,1,0,2,0,1,1,0,2,0,1,1,2,0,0,0,0,0,0,0,0,0,1,0,2,0,0,0,1,2,0,0,0,2,0,0,0,0,0,1,0,0,1,0,0,0,0,0,0,0,1,0,0,0,0,1,1,1,0,2,0,0,0,1,1,0,0,0,1,0,1,1,0,0,0,0,0,1,0,0,0,0
HG00653,CHS,EAS,male,SH073,0,0,male,0,0,0,0,0,0,2,0,0,0,0,1,1,0,0,0,1,0,0,0,0,2,0,0,0,0,1,0,1,1,1,0,1,0,0,0,0,0,0,0,1,0,2,0,1,0,2,1,0,0,0,2,0,0,0,0,0,1,0,0,1,0,0,0,0,0,0,1,2,0,0,0,1,2,1,1,0,1,0,1,0,0,0,0,1,2,1,0,0,0,0,0,0,0,0,2,0,0,0,0
HG00654,CHS,EAS,female,SH073,0,0,female,0,1,0,0,0,1,2,0,0,0,0,1,2,0,0,0,2,0,0,2,0,2,0,0,0,0,1,1,0,0,0,0,1,1,0,0,0,0,0,0,1,0,1,0,1,0,1,2,0,0,0,1,0,0,1,0,0,0,0,0,1,0,0,0,0,0,0,1,2,2,0,0,0,0,1,1,0,0,0,2,0,0,0,0,1,0,1,0,0,0,0,0,2,0,0,2,0,0,0,0
HG00656,CHS,EAS,male,SH074,0,0,male,0,1,1,0,0,0,2,0,0,0,0,1,2,0,0,0,1,0,0,1,0,2,0,0,0,0,1,0,1,1,1,0,0,0,1,0,0,1,0,0,2,0,1,0,0,0,2,2,0,0,0,1,0,0,0,0,0,0,0,0,1,0,0,0,0,0,0,0,2,2,0,0,0,2,0,0,0,2,0,1,0,2,0,0,0,0,0,0,0,0,0,0,2,0,0,1,0,0,0,0
HG00657,CHS,EAS,female,SH074,0,0,female,0,2,0,0,0,0,2,0,0,0,0,0,2,0,0,0,1,0,0,2,0,2,0,0,0,0,2,0,0,0,0,0,1,1,0,0,0,0,0,0,0,0,1,0,0,0,0,2,0,0,1,2,1,0,0,0,0,0,0,0,2,0,0,0,0,0,0,1,0,1,0,0,0,2,1,2,0,2,0,1,0,1,0,0,0,2,1,0,0,0,0,0,1,0,0,2,0,0,0,0
HG00662,CHS,EAS,male,SH076,0,0,male,0,1,1,0,0,1,2,0,0,0,0,2,2,0,0,0,1,0,0,2,0,2,0,0,0,0,0,0,0,0,0,0,1,0,2,0,0,0,0,0,0,1,1,0,2,0,1,2,0,0,2,2,0,0,0,0,0,1,0,0,2,0,0,0,0,0,0,0,2,0,0,0,0,2,1,2,0,2,0,1,0,2,0,0,0,0,2,0,1,1,0,0,2,0,0,2,0,0,0,0
HG00663,CHS,EAS,female,SH076,0,0,female,0,1,2,0,0,1,2,0,0,0,0,0,1,0,0,0,1,1,0,0,0,2,0,1,1,0,0,0,0,0,0,0,1,1,2,0,0,0,0,0,0,0,2,1,0,0,1,2,0,0,1,2,0,0,0,0,0,2,0,0,1,0,0,0,0,0,0,1,0,0,0,0,0,2,0,2,0,1,0,1,0,1,1,0,0,1,1,0,0,1,0,0,2,0,0,1,0,0,0,0
HG00671,CHS,EAS,male,SH079,0,0,male,0,2,2,0,0,1,2,0,0,0,0,1,2,0,0,0,1,0,0,1,0,2,0,0,0,0,1,0,1,1,2,0,1,1,1,1,0,1,0,0,1,1,1,0,0,0,0,2,0,0,1,2,0,0,0,0,0,0,0,0,1,0,0,0,1,0,0,0,1,0,0,0,0,1,1,2,0,1,0,1,0,0,0,0,0,1,1,0,0,1,0,0,2,0,0,2,0,0,0,0
HG00672,CHS,EAS,female,SH079,0,0,female,0,0,0,0,0,1,2,0,1,0,0,1,2,2,0,0,2,0,0,1,0,2,0,1,1,0,1,0,0,0,0,0,1,1,0,0,0,0,0,0,1,0,1,0,2,0,1,2,0,0,1,1,1,0,0,0,0,1,0,0,1,0,0,0,0,0,0,0,1,1,0,0,0,1,0,2,0,2,0,1,0,1,0,0,0,0,1,0,0,0,0,0,2,0,0,2,0,0,0,0
HG00674,CHS,EAS,male,SH080,0,0,male,0,0,0,0,0,0,2,0,0,0,0,0,2,0,0,0,1,0,0,0,0,2,0,1,1,0,0,0,0,0,1,0,1,1,1,0,0,1,0,0,0,0,1,0,2,0,2,2,0,0,1,2,0,0,0,0,0,1,0,0,1,0,0,0,0,0,0,0,1,2,0,0,0,2,0,2,0,1,0,0,0,0,0,0,2,0,1,0,0,0,0,0,2,0,0,2,0,0,0,0
HG00675,CHS,EAS,female,SH080,0,0,female,0,2,0,0,0,0,2,0,1,0,0,1,2,0,1,0,2,0,0,0,0,2,0,0,0,0,0,0,0,0,0,0,0,0,1,0,0,0,0,0,0,0,1,0,0,0,0,2,0,0,0,2,0,0,0,0,0,1,0,0,2,0,0,0,0,0,0,0,0,1,0,0,0,2,0,2,0,1,0,1,0,1,0,0,1,1,1,0,0,1,0,0,2,0,0,2,0,0,0,0
HG00683,CHS,EAS,male,SH083,0,0,male,0,1,1,0,0,1,2,0,0,0,0,0,2,0,0,0,2,0,0,1,0,2,0,0,0,0,0,0,1,1,0,0,0,0,0,0,0,0,0,0,0,0,2,1,1,0,1,2,0,0,1,1,0,0,0,0,0,1,0,0,2,0,0,0,0,0,0,1,0,1,0,0,0,0,2,2,0,1,0,1,0,1,0,0,0,1,1,0,0,1,0,0,2,0,0,2,0,0,0,0
HG00684,CHS,EAS,female,SH083,0,0,female,0,2,1,0,0,1,2,0,0,0,0,0,0,2,0,0,2,1,0,0,0,2,0,0,0,0,1,0,1,1,1,0,2,1,1,0,0,1,0,0,0,1,0,0,0,0,2,2,0,0,1,2,1,0,0,0,0,0,0,0,1,0,0,1,0,0,0,1,1,1,0,0,0,1,0,0,0,1,0,0,0,1,0,0,0,0,2,0,0,1,0,0,2,0,0,1,0,0,0,0
HG00689,CHS,EAS,male,SH085,0,0,male,0,0,0,0,0,1,2,0,0,0,0,1,2,1,0,0,0,1,0,2,0,2,0,0,0,0,0,0,0,0,0,0,1,0,0,0,0,0,0,0,0,1,0,0,1,0,0,2,0,0,0,1,0,0,1,0,0,2,0,0,1,0,0,0,0,0,0,1,1,1,0,0,0,2,1,1,0,1,0,2,0,0,0,0,1,0,0,0,0,1,0,0,2,0,0,1,0,0,0,0
HG00690,CHS,EAS,female,SH085,0,0,female,0,0,1,0,0,0,2,0,0,0,0,2,2,0,0,0,2,0,0,2,0,2,0,0,0,0,1,0,0,0,0,0,0,0,1,0,0,0,0,0,0,0,1,0,0,0,1,2,0,0,0,2,0,0,0,0,0,0,0,0,1,0,0,0,0,0,0,1,1,1,0,0,0,1,0,0,0,1,0,1,0,0,0,0,0,1,0,0,0,1,0,0,2,0,0,2,0,0,0,0
HG00692,CHS,EAS,male,SH086,0,0,male,0,1,1,0,0,1,2,0,0,0,0,0,2,1,0,0,2,0,0,0,0,2,0,0,0,0,1,0,0,0,0,0,1,1,0,0,0,0,0,0,1,0,2,1,0,0,0,2,0,0,1,2,0,0,0,0,0,1,0,0,1,0,0,0,0,0,0,0,2,2,0,0,0,0,2,1,0,2,0,1,0,2,1,0,0,0,1,0,0,1,0,0,2,0,0,2,0,0,1,0
HG00693,CHS,EAS,female,SH086,0,0,female,0,1,1,0,0,0,2,0,0,0,0,0,2,1,0,0,2,0,0,1,0,2,0,0,0,0,0,0,0,0,0,0,0,0,2,0,0,0,0,0,0,0,2,0,0,0,1,2,0,0,0,2,0,0,0,0,0,0,0,0,1,0,0,0,0,0,0,0,1,2,0,0,0,1,0,1,0,1,0,1,0,1,0,0,0,0,1,0,0,0,0,0,2,0,0,2,0,0,0,0
HG00698,CHS,EAS,male,SH088,0,0,male,0,0,0,0,0,0,2,0,0,0,0,1,0,0,0,0,2,0,0,1,0,2,0,1,1,0,0,0,0,0,0,0,1,2,0,0,0,0,0,0,1,0,1,0,0,0,1,1,0,0,0,2,0,0,0,0,0,1,0,0,2,0,0,0,0,0,0,1,0,0,0,0,0,2,1,1,0,0,0,0,0,0,0,0,1,0,1,0,1,0,0,0,2,0,0,2,0,0,0,0
HG00699,CHS,EAS,female,SH088,0,0,female,0,2,1,0,0,0,2,0,0,0,0,0,0,1,0,0,2,0,0,0,0,2,0,0,0,0,0,0,1,1,1,0,0,0,0,0,0,0,0,0,0,0,2,0,1,0,1,1,0,0,1,1,0,0,0,0,0,1,0,0,2,0,0,1,0,0,0,2,1,2,0,0,0,2,0,1,0,0,0,0,0,2,1,0,2,0,0,0,0,0,0,0,1,0,0,2,0,0,0,0
HG00701,CHS,EAS,male,SH089,0,0,male,0,2,1,0,0,1,2,0,0,0,0,1,2,0,0,0,1,0,0,0,0,2,0,1,1,0,1,0,0,0,1,0,1,1,0,0,0,0,0,0,0,0,2,0,0,0,1,2,0,0,1,1,0,0,0,0,0,2,0,0,1,0,0,0,0,0,0,0,1,1,0,0,0,1,1,2,0,2,0,0,0,1,0,0,0,0,2,0,1,0,0,0,2,0,0,2,0,0,0,0
HG00704,CHS,EAS,male,SH090,0,0,male,0,1,2,0,0,0,2,0,0,0,0,0,2,0,0,0,2,0,0,1,0,2,0,0,0,0,0,0,0,0,0,0,0,2,1,0,0,0,0,0,2,0,0,0,0,0,1,2,0,0,0,2,0,0,0,0,0,0,0,0,1,0,0,0,0,0,0,0,0,0,0,0,0,1,1,2,0,0,0,2,0,1,0,0,1,1,2,0,1,1,0,0,1,0,0,1,0,0,0,0
HG00705,CHS,EAS,female,SH090,0,0,female,0,0,0,0,0,0,2,0,0,0,0,0,2,0,0,0,2,0,0,2,0,2,0,0,0,0,0,0,0,0,0,0,0,1,1,1,0,0,0,0,2,1,2,0,0,0,0,1,0,0,1,2,0,0,0,0,0,1,0,0,0,0,0,0,0,0,0,1,0,1,0,0,0,2,0,1,0,0,0,2,0,1,0,0,0,0,1,0,0,0,0,0,2,0,0,1,0,0,0,0
HG00707,CHS,EAS,male,SH091,0,0,male,0,1,1,0,0,0,2,0,0,0,0,1,2,2,0,0,2,0,0,1,0,2,0,0,0,0,0,0,0,0,0,0,0,0,0,0,0,0,0,0,0,0,1,0,1,0,0,2,0,0,1,2,0,0,0,0,0,1,0,0,1,0,0,0,0,0,0,0,0,1,0,0,0,2,1,1,0,0,0,0,0,0,1,0,2,1,1,0,0,1,0,0,1,0,0,2,0,0,0,0
HG00708,CHS,EAS,female,SH091,0,0,female,0,1,0,0,0,0,2,0,0,0,1,1,1,0,0,0,1,0,0,2,0,2,0,0,0,0,1,0,1,0,0,0,0,0,0,0,0,0,0,0,0,0,1,0,1,0,2,2,0,0,0,2,0,0,0,0,1,1,0,0,1,0,0,0,0,0,0,1,0,2,0,0,0,0,0,1,0,0,0,1,0,2,0,0,0,0,2,0,1,1,0,0,0,0,0,2,0,0,0,0
HG00717,CHS,EAS,female,SH094,0,0,female,0,0,0,0,0,1,2,0,0,0,0,1,2,0,0,0,2,0,0,1,0,2,0,0,0,0,1,0,1,1,1,0,0,0,0,0,0,0,0,0,0,0,1,0,0,0,2,0,0,0,0,1,0,0,0,0,0,1,0,0,1,0,0,0,0,0,0,0,2,2,0,0,0,2,0,1,0,0,0,2,0,1,0,0,0,0,1,0,1,1,0,0,2,0,0,2,0,0,0,0
HG00728,CHS,EAS,male,SH098,0,0,male,0,0,1,0,0,0,2,0,0,0,0,2,2,0,0,0,1,0,0,0,1,2,0,0,0,0,0,0,1,1,1,0,0,0,0,0,0,0,0,0,0,0,1,0,0,0,1,2,0,0,1,2,0,0,0,0,0,1,0,0,1,0,0,0,0,0,0,0,1,1,0,0,1,0,0,1,0,0,0,1,0,2,0,0,1,2,2,0,0,0,0,0,1,0,0,2,0,0,0,0
HG00729,CHS,EAS,female,SH098,0,0,female,0,1,1,0,0,0,2,0,0,0,0,1,2,0,0,0,1,0,0,0,0,2,0,0,0,0,0,0,0,0,0,0,0,0,0,0,0,0,0,0,0,0,2,0,0,0,1,2,0,0,0,2,0,0,0,0,0,1,0,0,1,0,0,0,0,0,0,0,1,2,0,0,0,1,1,1,0,2,0,0,0,0,1,0,2,0,1,0,0,1,0,0,2,0,0,2,0,0,0,0
HG00731,PUR,AMR,male,PR05,0,0,male,0,0,0,0,0,0,2,0,0,0,0,0,2,0,0,0,1,0,0,0,0,1,0,0,0,0,1,0,0,0,0,0,0,1,0,0,0,1,0,0,0,0,1,0,0,0,0,1,0,0,0,2,0,0,0,0,0,0,0,0,2,0,0,0,0,0,0,2,1,1,0,0,0,1,1,1,0,0,0,0,0,0,0,0,0,1,0,0,0,0,0,0,2,0,0,1,0,0,0,0
HG00732,PUR,AMR,female,PR05,0,0,female,0,2,1,0,0,0,2,0,0,0,0,0,2,0,0,0,1,0,0,1,0,2,0,0,0,0,0,0,0,0,0,0,0,0,0,0,0,0,0,0,0,0,2,0,0,0,2,2,0,0,1,2,0,0,0,0,0,2,0,0,1,0,0,0,0,0,0,1,2,1,0,0,0,0,0,2,0,2,0,0,1,1,0,0,0,1,0,0,0,1,0,0,2,0,0,2,0,0,0,0
HG00734,PUR,AMR,female,PR06,0,0,female,0,0,0,0,0,0,2,0,0,0,0,0,2,0,0,0,2,0,0,1,0,2,0,0,0,0,0,0,0,0,1,0,0,1,0,0,0,0,0,0,0,1,1,0,1,0,0,1,0,0,0,1,0,0,0,1,0,1,0,0,1,0,0,1,0,0,0,1,1,2,0,0,0,2,2,2,0,1,0,0,0,0,0,0,0,0,1,0,0,0,0,0,2,0,0,1,0,0,0,0
HG00736,PUR,AMR,male,PR07,0,0,male,0,1,2,0,0,0,2,0,1,0,0,0,1,0,0,0,1,0,0,1,0,2,0,1,1,0,0,0,0,0,0,0,0,0,0,0,0,0,0,0,0,0,1,0,0,0,1,2,0,0,2,2,0,0,1,0,0,2,0,0,1,0,0,1,0,0,0,1,1,1,0,0,0,0,1,2,0,0,0,1,0,1,1,0,1,1,1,0,1,0,0,0,2,0,0,2,0,0,0,0
HG00737,PUR,AMR,female,PR07,0,0,female,0,1,0,0,0,0,2,0,0,0,1,0,1,0,0,0,2,1,0,0,0,2,0,0,0,0,0,0,0,0,0,0,0,0,0,0,0,0,0,0,1,0,1,0,0,0,1,2,0,0,1,2,0,0,0,0,0,1,0,0,0,0,0,1,0,0,0,0,1,2,0,0,0,0,1,2,0,0,0,1,0,0,0,0,0,1,0,0,0,0,0,0,2,0,0,2,0,0,0,0
HG00739,PUR,AMR,male,PR09,0,0,male,0,0,0,0,0,0,2,0,1,0,0,0,1,0,0,0,1,0,0,0,0,2,0,0,0,0,1,0,0,0,0,0,0,0,1,1,0,0,0,0,2,0,1,0,0,0,2,2,0,1,0,2,0,0,0,0,0,1,0,0,1,0,0,0,0,0,0,0,1,1,0,0,0,2,1,2,0,1,0,2,0,1,0,0,0,0,1,0,0,0,0,0,2,0,0,2,0,0,0,0
HG00740,PUR,AMR,female,PR09,0,0,female,0,2,1,0,0,0,2,0,0,0,0,0,1,1,0,0,1,0,0,2,0,2,0,0,0,0,0,0,0,0,0,0,0,1,0,0,0,0,0,0,0,0,1,0,0,0,1,1,0,0,1,2,0,0,0,0,0,1,0,0,1,0,1,0,0,0,0,0,0,1,0,0,0,1,2,2,0,1,1,1,1,0,0,0,0,0,0,0,0,0,0,0,2,0,0,2,0,0,0,0
HG00742,PUR,AMR,male,PR10,0,0,male,0,2,2,0,0,0,1,0,1,0,0,1,2,0,0,0,0,1,0,1,0,2,0,0,0,0,0,0,1,0,0,0,0,0,2,0,0,0,0,0,0,0,2,0,2,0,2,2,0,0,1,2,0,0,0,0,0,0,0,0,2,0,0,0,0,0,0,0,1,1,0,0,0,1,2,2,0,0,0,0,0,0,0,0,0,0,1,0,0,1,0,0,2,0,0,1,0,0,0,0
HG00743,PUR,AMR,female,PR10,0,0,female,1,1,1,0,0,0,2,0,0,0,1,1,1,0,0,0,1,0,0,0,0,2,0,0,0,0,0,0,0,0,0,0,0,0,1,0,0,0,0,0,0,1,1,0,0,0,0,1,0,0,0,2,0,0,0,0,0,2,0,0,1,0,0,1,0,0,0,0,0,0,0,0,0,0,0,1,0,2,0,0,0,0,0,0,1,0,1,0,0,0,0,0,2,0,0,2,0,0,0,0
HG00759,CDX,EAS,female,HG00759,0,0,female,0,0,0,0,0,0,2,0,0,0,0,1,1,0,0,0,1,0,0,0,0,2,0,0,0,0,0,0,0,0,0,0,0,0,1,0,0,0,0,0,0,0,1,0,0,0,2,2,0,0,1,2,0,0,0,0,0,1,0,0,1,0,0,0,0,0,0,0,0,0,0,0,0,1,0,2,0,0,0,1,1,2,0,0,0,0,0,0,0,0,0,0,2,0,0,1,0,0,0,0
HG00766,CDX,EAS,female,HG00766,0,0,female,0,1,0,0,0,0,2,0,0,0,0,1,1,0,0,0,1,1,0,0,0,2,0,0,0,0,0,0,0,0,0,0,0,0,0,0,0,0,0,0,1,0,2,0,0,0,1,2,0,0,0,2,0,0,0,0,0,0,0,0,1,0,0,0,0,0,0,1,0,0,0,0,0,2,0,2,0,2,0,0,0,2,0,0,0,0,2,0,1,0,0,0,1,0,0,2,0,0,0,0
HG00844,CDX,EAS,male,HG00844,0,0,male,0,1,0,0,0,0,2,0,0,0,0,1,1,0,0,0,2,0,0,2,0,2,0,0,0,0,0,1,0,0,1,0,0,1,0,0,0,0,0,0,0,0,1,0,1,0,1,2,0,0,0,1,0,0,0,0,0,0,0,0,2,0,0,0,0,0,0,0,1,2,0,0,0,2,1,2,0,0,0,1,0,1,0,0,1,1,2,0,0,0,0,0,1,0,0,2,0,0,0,0
HG00851,CDX,EAS,female,HG00851,0,0,female,0,0,0,0,0,1,2,0,0,0,0,1,2,0,0,0,2,1,0,1,0,2,0,0,0,0,1,0,0,0,0,0,0,0,1,0,0,0,0,0,0,0,2,0,1,0,0,2,0,0,2,1,0,0,1,0,0,2,0,0,1,0,0,0,0,0,0,0,0,1,0,0,0,2,0,1,0,2,0,1,0,2,0,0,1,0,1,0,0,0,0,0,1,0,0,2,0,0,0,0
HG00864,CDX,EAS,female,HG00864,0,0,female,0,1,1,0,1,0,2,0,0,0,0,1,2,2,0,0,1,0,0,0,0,2,0,0,0,0,1,0,0,0,0,0,0,0,0,0,0,0,0,0,1,0,2,0,1,0,1,2,0,0,1,2,0,0,0,0,0,0,0,0,1,0,0,0,0,0,0,0,1,2,0,0,1,2,2,1,0,1,0,1,0,1,0,0,1,0,0,0,0,0,0,0,1,0,0,2,0,0,0,0
HG00867,CDX,EAS,female,CDX1,HG00866,0,female,0,0,1,0,0,0,2,0,0,0,0,0,2,0,0,0,2,1,0,1,0,2,0,0,0,0,0,0,0,0,1,0,1,1,1,0,0,0,0,0,0,0,2,0,0,0,1,2,0,0,0,2,0,0,0,0,0,1,0,0,2,0,0,0,0,0,0,0,0,2,0,0,0,2,1,1,0,1,0,1,0,1,0,0,0,0,1,0,0,0,0,0,2,0,0,2,0,0,0,0
HG00879,CDX,EAS,female,HG00879,0,0,female,0,0,0,0,0,0,2,0,0,0,0,2,2,0,0,0,2,0,0,2,0,2,0,0,0,0,0,0,1,0,0,0,0,0,1,0,0,0,0,0,0,0,1,0,0,0,2,1,0,0,0,2,0,0,0,0,0,1,0,0,0,0,0,0,0,0,0,1,0,2,0,0,0,0,0,1,0,0,0,1,0,1,0,0,1,1,1,0,0,0,0,0,2,0,0,2,0,0,0,0
HG00881,CDX,EAS,male,HG00881,0,0,male,0,0,0,0,0,0,2,0,0,0,0,1,1,0,0,0,2,1,0,2,0,2,0,0,0,0,0,0,2,2,2,0,0,0,1,0,0,0,0,0,0,0,1,0,2,0,1,2,0,0,0,2,0,0,0,0,0,0,0,0,1,0,0,0,0,0,0,0,0,1,0,0,0,1,2,2,0,0,0,1,0,1,0,0,0,1,1,0,0,0,0,0,2,0,0,2,0,0,0,0
HG00978,CDX,EAS,female,HG00978,0,0,female,0,0,0,0,0,0,2,0,0,0,0,2,1,0,0,0,2,0,0,0,0,2,0,0,0,0,0,0,0,0,0,0,0,0,0,0,0,0,0,0,0,1,1,1,0,0,1,2,0,0,0,2,0,0,0,0,0,1,0,0,2,0,0,1,0,0,0,1,1,1,0,0,0,1,0,0,0,0,0,0,1,1,0,0,0,0,1,0,0,0,0,0,2,0,0,2,0,0,0,0
HG00982,CDX,EAS,male,HG00982,0,0,male,0,0,1,0,0,0,2,0,0,0,0,2,2,0,0,0,2,0,0,0,0,2,0,0,0,0,0,0,0,0,0,0,0,0,0,0,0,0,0,0,0,0,2,0,1,0,0,2,0,0,0,1,0,0,0,0,0,0,0,0,2,0,0,0,0,0,0,0,1,2,0,0,0,1,0,2,0,1,0,0,0,0,0,0,0,0,2,0,0,1,0,0,1,0,0,2,0,0,0,0
HG01028,CDX,EAS,male,HG01028,0,0,male,0,1,0,0,1,0,2,0,1,0,0,1,1,0,0,0,2,0,0,0,0,2,0,1,1,0,0,0,0,0,0,0,0,0,0,0,0,0,0,0,0,0,1,0,0,0,1,2,0,0,1,1,0,0,0,0,0,2,0,0,1,0,0,0,0,0,0,1,0,0,0,0,0,0,1,2,0,2,0,1,0,1,0,0,0,0,2,0,1,1,0,0,2,0,0,2,0,0,0,0
HG01029,CDX,EAS,female,HG01029,0,0,female,0,1,1,0,0,1,2,0,0,0,0,1,2,0,0,0,2,0,0,0,0,2,0,0,0,0,0,0,1,1,1,0,0,0,0,0,0,0,0,0,0,1,1,0,0,0,1,2,0,0,2,1,0,0,0,0,0,0,0,0,0,0,0,0,1,0,0,0,1,1,0,0,0,0,1,1,0,0,0,2,0,1,0,0,0,1,2,0,0,1,0,0,2,0,0,2,0,0,0,0
HG01031,CDX,EAS,male,HG01031,0,0,male,0,2,1,0,0,1,2,0,1,0,0,2,2,0,0,0,1,2,0,0,0,2,0,0,0,0,1,0,0,0,0,0,0,0,0,0,0,0,0,0,0,0,0,0,0,0,0,1,0,0,0,2,0,0,0,0,0,1,0,0,1,0,0,0,0,0,0,1,0,1,0,0,0,1,2,1,0,1,0,1,0,2,0,0,1,0,1,0,0,1,0,0,0,0,0,2,0,0,0,0
HG01046,CDX,EAS,female,HG01046,0,0,female,0,0,1,0,0,0,2,0,0,0,0,1,1,0,0,0,1,0,0,2,0,2,0,1,1,0,1,0,2,2,2,0,0,0,1,0,0,0,0,0,0,0,1,0,0,0,0,2,0,0,0,1,0,0,0,0,0,1,0,0,0,0,0,0,0,0,0,1,0,0,0,0,0,2,1,1,0,2,0,1,0,0,0,0,1,1,1,0,0,1,0,0,2,0,0,2,0,0,0,0
HG01047,PUR,AMR,male,PR06,0,0,male,0,2,0,0,0,0,2,0,0,0,0,1,2,0,0,0,1,0,0,0,0,2,0,0,0,0,1,0,0,0,1,0,0,0,0,0,0,0,0,0,1,2,1,0,0,0,1,1,1,0,1,2,0,0,0,0,0,1,0,0,2,0,0,0,0,0,0,1,2,2,0,0,0,1,1,2,0,1,0,0,0,1,0,0,0,0,1,0,1,1,0,0,2,0,0,2,0,0,0,0
HG01048,PUR,AMR,male,PR08,0,0,male,0,1,0,1,0,0,2,0,1,0,0,0,2,0,0,0,2,0,0,1,1,2,0,0,0,0,0,0,1,0,0,0,0,0,0,0,0,0,0,0,0,0,0,0,1,0,0,2,0,0,1,2,0,0,0,1,0,2,0,0,2,0,0,1,0,0,0,1,1,1,0,0,0,1,0,0,0,1,0,1,1,1,1,0,2,1,0,0,0,0,0,0,1,0,0,1,0,0,1,0
HG01049,PUR,AMR,female,PR08,0,0,female,0,0,0,0,0,0,2,0,0,0,0,1,1,0,0,0,1,0,0,2,1,2,0,0,0,0,0,0,0,0,0,0,0,0,1,0,0,1,1,0,0,1,1,0,0,0,2,1,0,1,0,2,0,0,0,1,0,1,0,0,1,0,1,1,0,0,0,1,0,0,0,0,0,1,1,1,0,1,0,2,0,0,0,0,0,0,1,0,1,1,0,0,2,0,0,2,0,0,0,0
HG01051,PUR,AMR,male,PR11,0,0,male,0,2,1,0,0,0,2,0,0,0,0,0,1,0,0,0,2,0,0,1,0,2,0,0,0,0,0,0,0,0,1,0,0,1,0,0,0,0,1,0,0,0,2,0,0,0,1,2,1,0,1,2,0,0,0,0,0,2,0,0,2,0,0,1,0,0,0,0,1,0,0,0,0,1,0,2,0,1,0,0,1,0,0,0,1,0,1,0,0,1,0,0,2,0,0,0,0,0,0,0
HG01052,PUR,AMR,female,PR11,0,0,female,0,0,0,0,0,0,2,0,0,0,0,0,2,0,0,0,2,1,0,0,0,1,0,1,0,0,0,0,0,0,1,1,0,0,0,0,0,1,0,0,1,1,2,0,0,0,2,1,0,1,0,2,0,0,0,0,1,2,0,0,1,0,0,0,0,0,0,0,2,2,0,0,0,0,1,1,0,0,0,0,0,0,1,0,0,1,0,0,1,1,0,0,2,0,0,2,0,0,0,0
HG01054,PUR,AMR,male,PR12,0,0,male,0,2,1,0,0,1,2,0,0,0,0,1,2,0,0,0,1,0,0,2,0,2,0,0,0,0,0,1,0,0,0,0,0,0,0,0,0,0,0,0,0,0,1,0,1,0,0,1,0,0,0,2,0,0,0,0,0,1,0,0,2,0,0,0,0,0,0,0,2,2,0,0,0,1,0,2,0,1,0,2,1,1,1,0,1,1,0,0,0,1,0,0,1,0,0,2,0,0,0,0
HG01055,PUR,AMR,female,PR12,0,0,female,0,1,0,0,0,0,2,0,0,0,1,0,2,0,0,0,1,1,0,1,0,2,0,1,1,0,1,0,0,0,0,0,0,0,1,0,0,0,0,0,1,0,1,0,0,0,1,2,0,0,1,2,0,0,0,0,0,2,0,0,2,0,0,0,0,0,0,0,2,2,0,0,0,1,2,2,0,0,0,1,0,0,0,1,0,0,2,0,0,1,0,1,2,0,1,2,0,0,0,0
HG01058,PUR,AMR,female,PR13,0,0,female,0,2,0,0,0,1,2,0,0,0,0,1,2,0,0,0,2,0,0,2,0,2,0,0,0,0,1,0,0,0,0,0,0,0,0,0,0,0,0,0,1,0,2,0,0,0,2,2,0,0,0,1,0,0,0,0,0,0,0,0,1,1,0,1,0,0,0,1,1,1,0,0,0,2,1,0,0,0,0,0,0,0,0,0,0,0,1,0,1,1,0,0,2,0,0,2,0,0,0,0
HG01060,PUR,AMR,male,PR14,0,0,male,0,1,0,0,0,0,2,0,0,0,0,0,2,0,0,0,2,0,0,1,0,1,0,0,0,0,0,0,0,0,0,0,0,0,2,0,0,0,0,0,0,1,1,0,0,0,0,2,0,0,1,2,0,0,0,0,1,0,0,0,1,0,0,1,0,0,0,1,2,2,0,0,0,2,1,1,0,1,0,0,0,0,0,0,0,1,1,0,0,0,0,0,2,0,0,1,0,0,0,0
HG01061,PUR,AMR,female,PR14,0,0,female,0,1,1,0,0,0,2,0,0,0,0,1,1,0,0,0,2,0,0,1,0,2,0,1,1,0,1,0,1,0,0,0,0,0,0,0,0,1,1,0,0,0,1,0,1,0,1,2,0,0,1,2,0,0,0,0,0,1,0,0,0,0,0,2,0,0,0,0,1,1,0,0,0,1,1,2,0,0,0,0,0,0,0,0,0,1,0,0,0,0,0,0,2,0,0,0,0,0,0,0
HG01063,PUR,AMR,male,PR15,0,0,male,0,1,0,0,0,0,2,0,0,0,0,2,0,0,0,0,1,1,0,0,0,2,0,0,0,0,0,0,1,0,0,0,0,1,0,1,0,2,0,0,0,0,1,0,1,0,1,1,0,0,2,2,0,1,0,0,0,1,0,0,0,0,0,0,0,0,0,0,1,1,0,0,0,1,1,2,0,1,0,1,1,0,0,0,1,1,0,0,0,0,0,0,2,0,1,2,1,0,0,0
HG01064,PUR,AMR,female,PR15,0,0,female,0,1,1,0,0,0,2,0,0,0,0,0,1,0,0,0,2,1,0,0,0,2,0,0,0,0,0,0,0,0,0,0,0,0,0,0,0,0,0,0,0,0,1,0,1,0,1,2,0,0,0,2,0,0,0,0,0,2,0,0,2,0,0,0,0,0,0,0,2,2,0,0,0,2,2,2,0,2,0,2,0,1,0,0,0,0,0,0,0,0,0,0,2,0,0,2,2,0,0,0
HG01066,PUR,AMR,male,PR16,0,0,male,0,2,0,0,0,0,2,0,0,0,0,1,2,0,0,0,2,0,0,2,0,2,0,0,0,0,0,0,0,0,0,0,0,0,0,0,0,0,0,0,0,0,1,0,1,0,1,2,0,0,1,2,0,0,0,0,0,1,0,0,1,0,0,0,0,0,0,0,1,0,0,0,0,0,2,2,0,1,0,1,0,0,0,0,0,0,0,0,0,1,0,0,2,0,0,2,0,0,0,0
HG01067,PUR,AMR,female,PR16,0,0,female,0,0,0,0,0,0,2,0,1,0,1,0,2,0,0,0,1,0,0,1,0,2,0,0,0,0,0,0,0,0,0,0,0,1,0,0,0,0,0,0,0,0,1,0,1,0,0,1,0,0,1,2,0,0,0,0,0,0,0,0,1,0,0,0,0,0,0,0,1,1,0,0,0,1,1,1,0,1,0,2,0,0,0,0,1,1,0,0,1,1,0,0,2,0,0,2,0,0,0,0
HG01069,PUR,AMR,male,PR17,0,0,male,0,1,0,0,0,0,2,0,1,0,0,1,1,0,0,0,2,0,0,2,0,2,0,0,0,0,0,0,0,0,0,0,0,0,1,0,0,0,1,0,0,0,1,0,1,0,1,2,0,0,1,2,0,0,0,0,0,2,0,0,0,0,0,1,0,0,0,1,2,1,0,0,0,1,1,2,0,1,0,0,0,0,0,0,0,0,0,0,0,1,0,0,2,0,0,2,1,0,0,0
HG01070,PUR,AMR,female,PR17,0,0,female,0,2,1,0,0,0,2,0,0,0,0,1,1,0,0,0,1,0,0,0,0,2,0,1,1,0,1,0,0,0,0,0,0,0,0,0,0,1,1,0,0,0,0,0,0,0,2,2,0,0,0,2,0,0,0,1,0,1,0,0,2,0,0,1,0,0,0,0,0,1,0,0,0,0,2,2,0,0,0,2,0,0,0,0,2,0,1,0,0,0,0,0,2,0,0,2,0,0,0,0
HG01072,PUR,AMR,male,PR18,0,0,male,0,1,0,0,0,0,2,0,0,0,0,1,2,0,0,0,2,0,0,0,1,2,0,0,0,0,0,0,0,0,0,0,0,0,1,0,0,1,0,0,1,1,2,0,0,0,1,2,0,0,1,2,0,0,0,0,0,1,0,0,1,0,0,0,0,0,0,0,0,0,0,0,0,1,2,2,0,1,0,1,1,2,0,0,0,1,0,0,0,1,0,0,2,0,0,2,0,0,0,0
HG01073,PUR,AMR,female,PR18,0,0,female,0,1,0,0,0,0,2,0,0,0,0,0,2,0,0,0,0,0,0,2,0,2,0,0,0,0,0,0,0,0,0,0,0,2,1,0,0,0,0,0,0,1,0,0,0,0,2,2,0,0,1,2,1,0,0,0,0,1,0,0,1,0,0,0,0,0,0,1,1,1,0,0,0,1,2,2,0,0,0,1,2,0,1,0,1,1,0,0,0,0,0,1,1,0,0,2,0,0,0,0
HG01075,PUR,AMR,male,PR01,0,0,male,0,1,0,1,0,0,2,0,0,0,0,1,2,0,0,0,1,0,0,2,0,2,0,0,0,0,0,0,1,1,1,0,0,0,2,0,0,0,0,0,1,0,1,0,0,0,0,2,0,0,1,2,0,0,0,0,1,0,0,0,0,0,0,0,0,0,0,1,2,1,0,0,0,0,1,0,0,0,0,1,0,1,0,0,0,0,0,0,0,2,0,0,2,0,0,2,0,0,0,0
HG01077,PUR,AMR,female,PR20,0,0,female,0,0,0,0,0,0,2,0,1,0,0,1,1,0,0,1,2,0,1,0,0,2,0,0,0,0,0,0,1,0,0,0,0,1,0,0,0,0,0,0,0,0,1,0,0,0,1,1,0,1,0,2,0,0,0,0,1,1,0,0,2,0,0,0,0,0,0,1,2,2,0,0,0,1,2,2,0,1,0,0,0,0,1,0,1,0,1,0,0,1,0,0,2,0,0,1,0,0,0,0
HG01079,PUR,AMR,male,PR21,0,0,male,0,2,1,0,0,1,2,0,0,0,0,0,2,0,0,0,1,1,0,1,0,2,0,0,0,0,0,0,0,0,0,0,0,0,0,0,0,0,0,0,1,0,2,0,0,0,2,2,0,0,1,2,0,0,0,1,0,0,0,0,2,0,0,0,0,0,0,0,2,1,1,0,0,1,1,2,0,0,0,1,0,0,1,0,0,0,1,0,1,0,0,0,2,0,0,1,0,0,0,0
HG01080,PUR,AMR,female,PR21,0,0,female,0,1,0,0,0,0,2,0,0,0,0,1,2,0,0,0,2,0,0,0,0,2,0,1,0,0,0,0,0,0,1,0,0,0,0,0,0,0,0,0,1,0,2,0,1,0,1,2,0,0,0,2,0,0,0,0,0,1,0,0,0,0,0,0,0,0,0,0,1,1,0,0,0,1,1,1,0,0,0,1,0,0,0,0,0,0,0,0,0,0,0,0,2,0,0,2,0,0,0,0
HG01082,PUR,AMR,male,PR28,0,0,male,0,1,0,0,0,0,2,0,0,0,0,2,2,0,0,0,2,0,0,0,0,2,0,1,1,0,0,0,0,0,0,0,0,1,1,0,0,0,0,0,0,0,1,0,0,0,2,2,0,0,0,2,0,0,0,1,0,1,0,0,0,0,0,0,1,0,0,0,1,1,0,0,0,2,2,1,0,0,0,1,0,0,1,0,0,1,0,0,0,0,0,0,2,0,0,2,0,0,0,0
HG01083,PUR,AMR,female,PR28,0,0,female,0,1,0,1,0,0,2,0,0,0,0,0,2,0,0,0,1,1,0,1,0,2,0,0,0,0,0,0,0,0,0,0,0,1,0,0,0,0,0,0,1,2,1,0,1,0,1,1,0,0,1,2,0,0,0,0,0,1,0,0,2,0,0,0,0,0,0,0,2,1,0,0,0,1,2,1,0,1,0,2,0,0,0,0,1,0,0,0,0,1,0,0,2,0,0,0,0,0,0,0
HG01085,PUR,AMR,male,PR26,0,0,male,0,1,0,0,0,0,2,0,1,0,0,2,2,0,0,0,2,0,0,1,0,2,0,0,0,0,0,0,0,0,2,0,0,0,1,1,0,1,0,0,0,0,0,0,1,0,2,1,0,0,0,2,0,1,0,0,0,2,0,0,1,0,0,1,0,0,0,0,2,0,0,0,0,0,1,1,0,1,0,1,0,0,0,0,0,0,0,0,0,1,0,0,2,0,0,1,0,0,0,0
HG01086,PUR,AMR,female,PR26,0,0,female,0,1,0,0,0,0,2,0,0,0,0,0,2,0,0,0,1,0,1,1,0,2,0,0,0,0,0,0,0,0,0,0,0,1,1,0,0,1,1,0,0,0,0,0,2,0,2,2,2,0,2,2,0,0,0,0,0,0,0,0,1,0,0,1,0,0,0,0,2,2,0,0,0,2,0,2,0,0,0,2,0,0,0,0,1,0,0,0,0,0,0,0,2,0,0,2,0,0,0,0
HG01088,PUR,AMR,male,PR27,0,0,male,0,2,1,0,0,0,2,0,0,0,0,0,2,0,0,0,1,0,0,1,0,1,0,0,0,0,0,0,0,0,0,0,0,1,0,0,0,1,0,0,2,1,1,0,0,0,2,2,1,0,1,2,0,0,0,0,0,1,0,0,0,0,1,0,0,0,0,0,2,0,1,0,0,1,0,2,0,0,0,1,0,0,2,0,0,0,0,0,0,0,0,0,2,0,0,2,0,0,0,0
HG01089,PUR,AMR,female,PR27,0,0,female,0,1,1,0,0,0,2,0,0,0,1,1,1,0,0,0,2,0,0,0,0,2,0,0,0,0,0,0,0,0,0,0,0,0,1,0,0,0,0,0,0,0,1,0,2,0,0,1,0,0,1,2,1,0,0,0,0,1,0,0,1,0,0,0,0,0,0,2,1,1,0,0,0,2,1,1,0,0,0,1,0,0,0,0,0,0,0,0,0,0,0,0,2,0,0,2,0,0,0,0
HG01092,PUR,AMR,female,PR30,0,0,female,0,1,0,0,0,0,2,0,1,0,0,0,1,1,0,1,2,1,0,1,0,1,0,0,0,0,0,0,1,0,0,0,0,0,0,0,1,1,0,0,2,0,1,0,1,0,2,2,0,0,1,2,0,0,0,0,0,1,0,0,1,0,0,0,0,0,0,1,1,1,0,0,0,1,1,2,0,1,0,2,1,0,0,0,1,1,0,0,0,0,0,0,2,1,0,1,0,0,0,0
HG01094,PUR,AMR,male,PR29,0,0,male,0,1,0,0,0,0,2,0,1,0,0,0,1,0,0,0,1,0,0,2,0,2,0,0,0,0,1,0,0,0,0,0,0,0,1,0,0,1,0,0,0,0,0,0,0,0,1,2,1,0,1,2,0,0,0,0,0,0,0,0,1,0,0,0,1,0,0,1,2,1,0,0,0,1,1,0,0,1,0,2,0,0,1,0,0,0,0,0,0,2,0,0,2,0,0,2,0,0,0,0
HG01095,PUR,AMR,female,PR29,0,0,female,0,0,1,1,0,0,2,0,0,0,0,0,2,0,0,0,2,1,0,0,1,2,0,0,0,0,0,0,0,0,0,0,0,1,0,1,0,2,0,0,0,1,0,0,0,0,1,1,0,0,0,2,0,0,1,1,0,0,0,0,1,0,0,0,0,0,0,1,2,2,0,0,0,1,1,1,0,1,0,1,0,1,0,1,0,1,0,0,0,0,0,0,2,0,0,2,0,0,0,0
HG01097,PUR,AMR,male,PR31,0,0,male,0,1,0,0,0,0,2,0,1,0,0,1,2,0,0,0,0,0,1,1,0,2,0,0,0,0,0,0,0,0,0,0,0,0,2,0,0,0,0,0,0,0,1,0,0,0,1,2,0,0,1,2,0,0,0,0,1,1,0,0,1,0,0,0,0,0,0,1,2,2,0,0,0,1,0,2,0,1,0,2,0,0,0,0,0,0,0,0,0,1,0,0,2,0,0,2,0,0,0,0
HG01098,PUR,AMR,female,PR31,0,0,female,0,1,0,0,0,1,2,0,0,0,1,0,2,0,0,0,2,0,0,1,0,2,0,0,0,0,0,1,0,0,0,0,0,0,0,0,0,0,0,0,0,0,0,0,1,0,1,2,0,0,0,2,0,0,0,0,0,0,0,0,1,0,0,1,0,0,0,0,2,2,0,0,0,0,2,1,0,0,0,1,0,0,0,0,0,0,1,0,1,0,0,0,2,0,0,2,0,0,0,1
HG01101,PUR,AMR,male,PR19,0,0,male,0,1,1,0,0,0,2,0,0,0,2,0,2,0,0,0,2,0,0,0,0,2,0,0,0,0,0,0,0,0,0,0,1,1,1,0,0,1,0,0,0,0,2,0,0,0,1,0,0,0,0,2,0,0,0,0,0,0,0,0,1,0,0,0,0,0,0,0,1,2,0,0,0,1,2,2,0,1,0,1,0,0,0,0,2,0,1,0,0,0,0,0,2,0,0,1,0,0,0,0
HG01102,PUR,AMR,female,PR19,0,0,female,0,2,0,0,0,0,2,0,1,0,0,0,2,0,0,0,2,0,0,1,0,2,0,1,1,0,0,0,0,0,0,0,0,0,1,0,0,0,0,0,0,0,2,0,0,0,0,2,0,0,0,2,0,0,0,0,0,2,0,0,1,0,0,0,0,0,0,0,1,1,1,0,0,0,2,2,0,2,0,1,0,0,0,0,0,0,1,0,0,1,0,0,2,0,0,1,0,0,0,0
HG01104,PUR,AMR,male,PR25,0,0,male,0,2,0,0,0,0,2,0,0,0,0,1,2,0,0,0,1,1,0,0,0,2,0,0,0,0,1,0,0,0,0,0,0,0,0,1,0,0,0,0,0,1,1,0,2,0,2,1,0,0,0,2,0,0,0,0,0,0,0,0,1,0,0,0,0,0,0,0,1,2,0,0,0,1,1,1,0,1,0,2,0,0,0,0,0,0,1,0,1,1,0,0,2,0,0,2,0,0,0,0
HG01105,PUR,AMR,female,PR25,0,0,female,0,2,0,0,0,0,2,0,0,0,0,1,2,0,0,0,2,1,0,0,0,2,0,0,0,0,0,0,1,0,0,0,0,0,0,0,0,0,0,0,2,0,2,0,0,0,2,2,0,0,1,2,0,0,0,1,0,2,0,0,2,0,0,0,0,0,0,1,2,2,0,0,0,1,0,1,0,0,0,1,0,1,0,0,0,0,1,0,0,0,0,0,2,0,0,2,0,0,0,0
HG01107,PUR,AMR,male,PR33,0,0,male,0,1,1,0,0,0,2,0,0,0,0,1,1,0,0,1,2,0,0,1,0,2,1,0,0,1,1,0,0,0,0,0,0,1,0,0,0,0,0,0,1,0,2,0,1,0,2,2,0,0,2,2,1,0,0,0,0,1,0,0,0,0,0,0,0,0,0,0,1,1,0,0,0,1,2,1,0,0,1,1,0,0,0,0,0,0,1,1,0,0,0,0,2,0,0,1,0,0,0,0
HG01108,PUR,AMR,female,PR33,0,0,female,0,2,0,0,0,2,2,0,0,0,0,0,1,0,0,1,1,1,0,1,0,2,0,0,0,0,0,0,0,0,1,0,0,2,0,0,0,2,0,0,0,2,1,0,0,0,0,1,1,0,1,2,0,1,0,1,0,1,0,0,1,0,0,0,0,0,0,2,1,1,0,0,0,0,1,1,1,1,0,2,1,0,1,0,0,0,0,1,0,0,0,0,2,0,0,0,0,0,0,0
HG01110,PUR,AMR,male,PR34,0,0,male,0,0,0,0,0,0,2,0,0,0,0,1,2,0,0,0,2,0,0,0,0,2,0,1,1,0,1,0,0,0,0,0,0,0,0,0,0,2,1,0,0,0,2,0,0,0,1,2,0,0,0,2,0,0,0,0,1,2,0,0,1,0,0,0,0,0,0,0,1,1,0,0,0,1,1,1,0,0,1,2,0,0,0,0,1,0,0,0,0,1,0,0,2,0,0,0,1,0,0,0
HG01111,PUR,AMR,female,PR34,0,0,female,0,1,0,0,0,0,2,0,1,0,1,0,1,0,0,0,2,0,0,0,0,2,0,0,0,0,0,0,0,0,0,0,0,0,0,1,0,0,0,0,0,1,1,0,1,0,1,1,0,0,1,2,0,0,0,1,0,2,0,0,2,0,0,0,0,0,0,0,0,1,0,0,0,0,1,2,0,0,0,2,0,0,0,0,0,0,0,0,0,0,0,0,2,0,0,1,0,0,0,0
HG01113,CLM,AMR,female,CLM03,0,0,female,0,0,0,0,0,0,2,0,1,0,0,1,2,0,0,0,2,0,0,0,0,2,0,1,1,0,0,0,0,0,0,0,0,0,0,0,0,0,0,0,0,0,2,0,0,0,2,2,0,0,2,2,0,0,0,0,1,1,0,0,0,0,0,0,0,0,0,0,1,0,0,0,0,2,1,0,0,1,0,1,0,0,0,0,1,0,1,0,0,0,0,0,2,0,0,2,0,0,0,0
HG01119,CLM,AMR,female,CLM01,0,0,female,0,1,1,0,0,0,2,0,0,0,0,0,2,0,0,0,2,0,0,1,0,2,0,0,0,0,0,0,0,0,0,0,0,0,2,0,0,0,0,0,0,1,1,0,0,0,1,2,0,0,1,2,0,0,0,1,0,0,0,0,0,0,0,0,0,0,0,0,2,2,0,0,0,1,2,2,0,1,0,2,0,0,0,0,1,2,0,0,0,1,0,0,2,0,0,1,0,0,0,0
HG01121,CLM,AMR,male,CLM02,0,0,male,0,2,0,0,0,0,2,0,0,0,0,0,2,0,0,0,2,0,0,0,0,2,0,0,0,0,0,0,0,0,0,0,0,1,1,0,0,0,0,0,1,1,1,0,0,0,2,1,0,0,0,2,0,0,0,1,0,1,0,0,1,0,0,0,0,0,0,1,1,1,0,0,0,1,0,1,0,0,0,2,0,1,0,0,0,0,1,0,0,0,0,0,2,0,0,2,0,0,0,0
HG01122,CLM,AMR,female,CLM02,0,0,female,0,2,0,0,0,0,2,0,0,0,0,1,1,0,0,0,2,0,0,2,0,2,0,0,0,0,0,0,0,0,0,0,0,0,1,0,0,0,0,0,0,0,2,0,1,0,1,1,0,0,0,2,0,0,0,1,0,2,0,0,2,0,0,0,0,0,0,0,1,0,0,0,0,0,1,2,0,1,0,2,0,1,0,0,0,1,0,0,0,1,0,0,2,0,0,1,0,0,0,0
HG01124,CLM,AMR,male,CLM04,0,0,male,0,2,1,0,0,0,2,0,0,0,0,1,2,0,0,0,2,0,0,1,0,2,0,0,0,0,0,0,1,1,1,0,0,0,2,0,0,0,0,0,1,0,1,0,0,0,2,2,0,0,0,2,0,0,0,0,0,1,0,0,0,0,0,1,0,0,0,0,1,0,0,0,0,1,0,0,0,0,0,2,0,1,0,0,0,1,0,0,0,1,0,0,1,0,0,2,0,0,0,0
HG01125,CLM,AMR,female,CLM04,0,0,female,0,0,1,0,0,0,2,0,0,0,0,0,1,0,0,0,2,0,0,0,1,2,0,1,0,0,0,0,0,0,0,0,0,1,0,0,0,1,0,0,1,0,1,0,0,0,1,2,0,0,1,1,0,0,0,1,0,0,0,0,2,0,0,0,0,0,0,1,1,2,0,0,0,1,1,1,0,1,0,1,0,0,0,0,0,1,1,0,0,1,0,0,2,0,0,1,1,0,0,0
HG01130,CLM,AMR,male,CLM06,0,0,male,0,1,1,0,0,0,2,0,1,0,0,0,1,0,0,0,2,0,0,0,0,2,0,0,0,0,0,0,0,0,0,0,0,0,0,0,0,0,0,0,1,0,2,0,0,0,0,0,0,0,0,2,0,0,0,1,2,0,0,0,0,0,0,0,0,0,0,0,2,1,0,0,0,1,2,1,0,0,0,1,0,0,0,0,0,0,1,0,0,0,0,0,2,0,0,2,0,0,0,0
HG01131,CLM,AMR,female,CLM06,0,0,female,0,2,0,0,0,0,2,0,0,0,1,1,2,0,0,0,2,0,0,1,0,2,0,0,1,0,0,0,0,0,0,0,0,1,0,0,0,0,1,0,2,0,2,0,1,0,1,1,0,0,1,2,0,0,0,1,0,2,0,0,1,0,0,0,0,0,0,1,1,1,0,0,0,0,2,1,0,0,0,2,0,1,0,1,0,0,1,0,0,1,0,0,1,0,0,1,0,0,0,0
HG01133,CLM,AMR,male,CLM07,0,0,male,0,0,0,0,0,0,2,0,1,0,0,0,2,0,0,0,2,0,0,0,1,2,0,1,0,0,0,0,0,0,0,0,1,1,0,0,0,0,0,0,0,2,1,0,0,0,1,2,0,0,0,2,0,0,0,0,0,2,0,0,1,0,0,1,0,0,0,0,2,2,0,0,0,2,2,1,0,1,0,1,0,0,0,0,2,0,1,0,0,1,0,0,2,0,0,2,0,0,0,0
HG01134,CLM,AMR,female,CLM07,0,0,female,0,2,0,0,0,0,2,0,0,0,1,1,2,0,0,0,2,0,0,0,0,2,0,0,0,0,1,0,0,0,0,0,0,1,0,0,0,0,0,0,0,0,2,0,1,0,1,1,0,0,0,2,0,0,0,1,0,1,0,0,2,0,0,0,0,0,0,0,1,1,0,0,0,1,2,2,0,2,0,1,1,1,0,1,0,0,1,0,1,0,0,0,1,0,0,1,0,0,0,0
HG01136,CLM,AMR,male,CLM08,0,0,male,0,1,0,0,0,0,2,0,1,0,1,2,2,0,0,0,2,0,0,0,0,2,0,0,0,0,0,0,0,0,0,0,0,0,1,0,0,0,0,0,0,0,1,0,0,0,0,2,0,0,1,2,0,0,0,0,0,0,0,0,2,0,0,1,0,0,0,0,1,1,0,0,0,0,1,1,0,1,0,2,0,0,0,0,0,0,0,0,0,1,0,0,2,0,0,1,0,0,0,0
HG01137,CLM,AMR,female,CLM08,0,0,female,0,2,0,0,0,0,2,0,1,0,0,0,2,0,1,0,2,0,0,2,0,2,0,0,0,0,0,0,0,0,0,0,0,0,1,0,0,0,0,0,1,0,1,0,1,0,0,1,0,0,1,2,0,0,0,1,0,1,0,0,0,0,0,0,0,0,0,0,1,1,0,0,0,2,1,2,0,2,0,1,0,0,0,0,1,0,0,0,0,0,0,0,2,0,0,1,1,0,0,0
HG01139,CLM,AMR,male,CLM09,0,0,male,0,1,0,0,0,0,2,0,0,0,0,0,1,1,0,0,2,0,0,0,0,1,0,0,0,0,0,0,0,0,0,0,0,0,2,0,0,0,0,0,0,0,1,0,0,0,0,1,0,0,0,2,0,0,0,1,0,1,0,0,1,0,0,1,0,0,0,0,1,0,0,0,0,2,2,2,0,1,0,1,0,0,0,0,0,0,1,0,2,1,0,0,2,0,0,0,0,0,0,0
HG01140,CLM,AMR,female,CLM09,0,0,female,0,1,0,0,0,0,2,0,0,0,1,1,2,0,0,0,2,0,0,1,0,1,0,0,0,0,0,0,0,0,0,0,0,1,0,0,0,0,0,0,0,0,0,0,0,0,2,2,0,0,1,2,0,0,0,0,0,1,0,0,2,0,0,0,0,0,0,2,2,2,0,0,0,1,2,1,0,2,0,1,0,0,1,0,0,0,0,0,0,0,0,0,2,0,0,2,0,0,0,0
HG01142,CLM,AMR,male,CLM10,0,0,male,0,1,0,0,0,0,2,0,0,0,0,1,2,0,0,0,1,0,0,0,0,2,0,0,0,0,0,0,0,0,0,0,0,0,2,0,0,0,0,0,1,1,1,0,1,0,1,1,0,0,0,2,0,0,1,0,0,1,0,0,0,0,0,0,0,0,0,0,0,0,0,0,0,0,2,1,0,1,0,1,1,0,1,0,0,0,0,0,0,0,0,0,1,0,0,2,0,0,0,1
HG01148,CLM,AMR,male,CLM12,0,0,male,0,1,0,0,0,0,2,0,0,0,0,1,1,2,0,0,2,0,0,1,0,2,0,0,0,0,0,0,0,0,0,0,0,0,0,0,0,0,0,0,0,1,1,0,0,0,0,0,0,0,2,1,0,0,0,0,0,2,0,0,2,0,0,0,0,0,0,0,1,0,0,0,0,2,1,2,0,0,0,2,0,0,0,0,1,0,0,1,0,0,0,0,2,1,0,0,0,0,0,0
HG01149,CLM,AMR,female,CLM12,0,0,female,0,1,0,0,0,0,2,0,0,0,0,0,2,0,0,0,2,0,0,0,0,2,0,0,0,0,0,0,0,0,0,0,0,0,0,0,0,0,0,0,0,2,0,0,0,0,1,2,1,0,0,1,0,0,0,0,1,1,0,0,2,0,0,1,0,0,0,1,1,2,0,0,0,0,1,1,0,1,0,1,0,0,0,0,1,0,1,0,0,0,0,0,2,0,0,1,0,0,1,0
HG01161,PUR,AMR,male,PR35,0,0,male,0,2,1,0,0,0,2,0,0,0,0,1,2,1,0,0,2,0,0,1,0,2,0,1,0,0,1,0,0,0,1,0,0,1,1,0,0,0,0,0,0,0,2,0,2,0,1,2,0,0,1,2,0,0,0,0,1,1,0,0,1,0,0,0,0,0,0,1,0,1,0,0,0,0,1,2,0,2,0,1,0,0,0,0,1,0,1,0,0,0,0,0,2,0,0,1,0,0,0,0
HG01162,PUR,AMR,female,PR35,0,0,female,0,1,1,0,0,1,2,0,0,0,0,1,2,0,0,0,2,1,0,1,1,2,0,0,0,0,0,0,0,0,0,0,0,0,0,0,0,0,0,0,0,0,0,0,0,0,1,2,0,0,1,2,0,0,0,0,0,2,0,0,2,0,0,0,0,0,0,2,2,2,0,0,0,1,1,2,0,1,0,2,1,0,0,0,1,0,1,0,0,0,0,0,2,0,0,2,0,0,0,0
HG01164,PUR,AMR,male,PR37,0,0,male,0,2,1,0,0,0,2,0,1,0,1,1,2,0,0,0,1,0,0,0,0,2,0,0,0,0,0,0,0,0,0,0,0,0,0,0,0,0,0,0,0,1,1,0,1,0,1,1,0,0,0,2,0,0,0,0,0,0,0,0,0,0,0,0,0,0,0,0,0,0,0,0,0,1,0,1,0,1,0,1,1,1,1,0,1,0,0,0,0,0,0,0,1,0,0,1,0,0,1,0
HG01167,PUR,AMR,male,PR39,0,0,male,0,2,1,0,0,0,2,0,1,0,0,0,2,0,0,1,1,0,0,0,0,2,0,0,0,0,0,0,0,0,0,0,0,0,1,0,0,1,0,0,0,0,1,0,0,0,0,2,0,0,1,2,0,0,0,1,0,1,0,0,1,0,0,1,0,0,0,0,1,1,0,0,0,0,0,1,0,1,0,1,0,0,0,0,0,1,1,0,0,1,0,0,2,0,0,1,0,0,0,0
HG01168,PUR,AMR,female,PR39,0,0,female,0,1,1,0,0,0,2,0,1,0,0,2,2,0,0,0,1,0,0,1,1,2,0,0,0,0,0,0,0,0,0,0,0,1,1,0,0,0,0,0,0,0,2,0,0,0,2,2,0,0,1,2,0,0,0,0,0,0,0,0,1,0,0,0,0,0,0,0,1,1,0,0,0,1,0,2,0,0,0,1,0,0,0,0,0,0,0,0,0,1,0,0,2,0,0,1,0,0,0,0
HG01170,PUR,AMR,male,PR24,0,0,male,0,0,2,0,0,0,2,0,0,0,0,0,2,0,0,0,2,0,0,2,0,2,0,0,0,0,0,0,0,0,0,0,0,0,1,0,0,0,0,0,0,0,1,0,0,0,0,2,0,0,2,2,0,0,0,0,0,2,0,0,2,0,0,1,0,0,0,1,2,2,0,0,0,1,2,1,0,1,0,1,0,0,0,0,1,1,1,0,1,0,0,0,2,0,0,0,0,0,0,0
HG01171,PUR,AMR,female,PR24,0,0,female,0,2,0,0,0,0,2,0,0,0,0,2,2,0,0,0,1,0,0,2,0,2,0,0,0,0,0,0,0,0,0,0,0,0,1,0,0,0,0,0,0,0,2,0,1,0,0,1,0,0,1,2,0,0,0,0,0,1,0,0,0,0,1,0,0,0,0,0,2,2,0,0,0,1,1,2,0,2,0,1,0,1,0,0,0,1,0,0,0,1,0,0,2,0,0,2,0,0,0,0
HG01173,PUR,AMR,male,PR36,0,0,male,0,0,1,0,0,1,2,0,1,0,0,0,1,0,0,0,0,0,0,0,0,2,0,1,0,0,0,0,0,0,0,0,0,1,0,0,0,0,0,0,0,0,1,0,0,0,0,2,0,0,0,2,0,0,0,0,0,2,0,0,1,0,0,0,1,0,0,0,2,0,0,0,0,2,0,2,0,1,0,1,1,2,0,0,1,1,0,0,0,0,0,0,2,0,0,2,0,0,0,0
HG01174,PUR,AMR,female,PR36,0,0,female,0,1,0,0,1,0,2,0,0,0,0,0,2,0,0,0,1,0,0,1,0,2,0,0,0,0,2,0,1,0,0,0,0,0,1,0,0,0,0,0,0,0,1,0,0,0,1,2,0,0,0,2,0,0,0,0,0,0,0,0,1,0,0,0,0,0,0,1,1,2,0,0,0,2,1,2,0,2,0,2,1,0,0,0,0,1,1,0,0,1,0,0,2,0,0,2,0,0,0,0
HG01176,PUR,AMR,male,PR42,0,0,male,0,2,2,0,0,0,1,1,0,0,0,1,2,0,0,0,2,2,0,0,0,2,0,1,1,0,1,0,0,0,0,0,0,1,0,1,0,0,0,0,1,0,1,0,0,0,1,1,0,0,0,2,0,0,0,0,0,1,0,0,2,0,0,2,0,0,0,0,1,1,0,0,0,0,1,2,0,2,0,2,0,0,1,0,1,0,0,0,0,0,0,0,2,0,0,2,0,0,1,0
HG01177,PUR,AMR,female,PR42,0,0,female,0,1,0,0,0,0,2,0,0,0,0,0,2,0,0,0,2,0,0,0,0,2,0,0,0,0,0,1,0,0,0,0,0,0,1,0,0,0,0,0,1,0,2,0,1,0,1,1,0,0,1,2,0,0,0,0,0,2,0,0,2,0,0,0,0,0,0,0,1,1,0,0,0,1,2,2,0,1,0,2,0,0,0,0,0,0,1,0,0,1,0,0,2,0,0,1,0,0,0,0
HG01182,PUR,AMR,male,PR44,0,0,male,0,2,2,0,0,0,2,0,0,0,0,0,2,0,0,0,2,1,0,1,0,1,0,1,1,0,0,0,0,0,0,0,0,0,0,0,0,1,1,0,0,0,2,0,1,0,0,1,0,0,0,2,0,0,0,1,0,1,0,0,0,0,1,0,0,0,0,0,2,1,0,0,0,1,2,1,0,1,0,2,0,1,0,0,0,0,0,0,0,1,0,0,2,0,0,2,0,0,0,0
HG01183,PUR,AMR,female,PR44,0,0,female,0,1,0,0,0,0,2,0,1,0,0,1,2,0,0,0,1,0,0,1,0,2,0,0,0,0,0,0,0,0,0,0,0,0,0,0,0,1,1,0,0,1,1,0,1,0,1,2,0,0,0,2,0,0,0,0,0,0,0,0,2,0,0,0,0,0,0,0,1,1,0,0,0,2,2,2,0,1,0,2,0,0,0,0,0,0,0,0,0,1,0,0,2,0,0,2,0,0,0,0
HG01187,PUR,AMR,male,PR38,0,0,male,0,2,1,0,0,0,2,0,0,0,0,0,2,0,0,0,2,0,0,1,0,2,0,0,0,0,0,0,0,0,0,0,0,0,0,0,0,1,1,0,1,0,2,0,1,0,1,1,0,0,0,2,0,0,0,0,0,1,0,0,2,0,0,0,0,0,0,1,0,1,0,0,0,1,2,2,0,2,0,1,1,2,0,0,0,1,0,0,0,0,0,0,2,0,0,2,0,0,0,0
HG01188,PUR,AMR,female,PR38,0,0,female,0,1,0,0,0,0,2,0,0,0,0,0,2,0,0,0,1,0,0,2,0,2,0,0,0,0,0,1,0,0,0,0,0,1,1,0,0,0,0,0,0,0,1,0,1,0,2,2,0,0,0,2,0,0,0,0,0,1,0,0,2,0,0,0,0,0,0,0,1,0,1,0,0,0,1,2,0,1,0,1,1,0,0,0,0,0,0,0,0,0,0,0,0,0,0,1,0,0,0,0
HG01190,PUR,AMR,male,PR40,0,0,male,0,1,2,1,0,0,2,0,0,0,0,1,2,0,0,1,2,0,1,2,1,2,0,0,0,0,0,0,0,0,0,0,0,1,1,1,0,1,0,1,1,1,2,0,0,0,1,1,0,0,0,2,0,0,0,0,0,2,0,0,2,0,0,0,0,0,0,0,2,2,0,0,0,1,0,1,0,0,0,1,2,1,0,0,0,0,0,0,0,0,0,0,2,0,0,2,0,0,0,0
HG01191,PUR,AMR,female,PR40,0,0,female,0,2,2,0,0,0,2,0,0,0,0,1,2,0,0,0,2,0,0,1,0,2,0,0,0,0,0,0,0,0,0,0,0,0,0,0,0,0,0,0,1,0,1,0,1,0,2,2,0,0,0,2,0,0,0,0,0,1,0,0,1,0,0,0,0,0,0,0,2,2,0,0,0,1,0,2,0,0,0,2,1,0,0,0,0,0,0,0,0,0,0,0,2,0,0,2,0,0,0,0
HG01197,PUR,AMR,male,PR46,0,0,male,0,1,0,0,0,0,2,0,1,0,0,1,2,1,0,0,2,1,0,2,0,2,0,0,0,0,0,0,0,0,0,0,0,0,1,0,0,0,0,0,0,0,2,0,0,0,2,1,0,0,1,2,0,0,0,0,0,2,0,0,2,0,0,0,0,0,0,0,2,1,0,0,0,0,1,1,0,0,0,1,0,0,0,0,0,1,0,0,0,1,0,0,2,0,0,2,1,0,0,0
HG01198,PUR,AMR,female,PR46,0,0,female,0,1,0,0,0,1,2,0,0,0,1,2,2,0,1,0,1,1,0,2,0,2,0,1,1,0,1,0,0,0,0,0,0,0,0,0,0,1,2,0,0,2,0,0,0,0,2,0,1,0,1,2,0,0,0,0,0,0,0,0,1,0,0,0,0,0,0,0,2,2,0,0,0,1,2,2,1,1,0,2,0,0,0,0,1,0,0,0,0,1,0,0,2,0,0,2,0,0,0,0
HG01200,PUR,AMR,male,PR47,0,0,male,0,0,0,0,0,0,2,0,0,0,2,1,2,0,0,0,2,0,0,1,0,2,0,0,0,0,1,0,0,0,0,0,0,0,0,0,0,0,0,0,0,0,2,0,0,0,0,1,0,0,1,2,0,0,0,0,0,1,0,0,2,0,0,0,0,0,0,1,2,2,0,0,0,0,1,2,0,1,0,1,0,0,1,0,0,0,0,0,0,0,0,0,2,1,0,0,0,0,0,0
HG01204,PUR,AMR,male,PR49,0,0,male,0,1,0,0,0,0,2,0,0,0,0,1,1,0,0,0,2,0,0,1,0,2,0,1,0,0,0,0,0,0,1,0,0,1,1,1,0,0,0,0,0,1,1,0,1,0,1,1,0,0,2,2,0,0,0,1,0,2,0,0,2,0,0,0,0,0,0,0,1,1,0,0,0,0,1,1,0,0,0,1,0,1,0,0,0,0,0,0,0,1,0,0,2,0,0,1,0,0,0,0
HG01205,PUR,AMR,female,PR49,0,0,female,0,1,0,0,0,0,2,0,0,0,0,0,1,1,0,0,1,0,0,2,0,2,0,0,0,0,0,0,0,0,0,0,0,0,1,0,0,0,0,0,0,0,2,0,0,0,2,2,0,0,1,2,0,0,0,0,1,1,0,0,1,0,0,0,0,0,0,1,2,1,0,0,0,1,2,2,0,1,0,1,0,0,0,0,0,0,0,0,1,1,0,0,2,0,0,2,0,0,0,0
HG01241,PUR,AMR,male,PR22,0,0,male,0,2,0,0,0,0,2,0,0,0,0,0,2,1,0,0,2,1,0,1,0,2,0,0,0,0,0,0,1,0,1,0,0,0,0,0,0,0,0,0,1,1,1,0,0,0,1,1,1,0,1,2,0,1,0,1,0,1,0,0,1,0,0,0,0,0,1,1,1,1,0,0,0,2,2,0,0,0,1,2,1,0,1,0,0,0,0,0,1,0,0,0,2,0,0,2,0,0,0,0
HG01242,PUR,AMR,female,PR22,0,0,female,0,2,0,0,0,0,2,0,0,0,1,0,2,0,0,0,2,0,0,0,0,2,0,0,0,0,0,0,0,0,0,0,0,0,1,0,0,1,0,0,2,1,2,0,0,0,0,1,0,0,1,2,0,0,0,0,0,2,0,0,0,0,0,1,0,0,1,0,1,0,0,0,0,2,0,2,0,0,0,0,0,0,1,0,0,0,1,0,1,1,0,0,2,0,0,1,0,0,0,0
HG01247,PUR,AMR,male,PR32,0,0,male,0,1,0,0,0,0,2,0,0,0,0,2,2,0,0,0,1,0,0,2,0,2,0,1,1,0,0,0,0,0,0,0,0,0,0,0,1,1,0,0,0,0,1,0,0,0,1,2,0,0,1,2,0,0,0,1,0,2,0,0,1,0,0,0,0,0,0,0,1,1,0,0,0,2,1,2,0,1,0,1,0,0,0,0,1,0,0,0,0,0,0,0,2,0,0,2,0,0,0,0
HG01248,PUR,AMR,female,PR32,0,0,female,0,2,0,0,0,0,2,0,0,0,0,2,1,0,0,0,2,0,0,1,1,2,0,0,0,0,0,0,0,0,0,0,0,1,0,1,0,2,1,0,0,0,1,0,0,0,1,1,0,0,0,2,0,0,0,0,0,1,0,0,2,0,0,1,0,0,0,1,1,1,0,0,0,1,2,2,0,0,0,2,0,1,0,0,0,0,1,0,0,1,0,0,2,0,0,2,0,0,0,0
HG01250,CLM,AMR,male,CLM14,0,0,male,0,1,0,0,0,0,2,0,0,0,0,0,2,0,0,0,2,0,0,0,0,2,0,0,0,0,1,0,0,0,0,0,0,0,0,0,0,0,0,0,0,1,1,0,1,0,1,1,0,0,1,2,0,0,0,0,0,1,0,0,1,0,0,0,0,0,0,0,1,1,0,0,0,1,0,2,0,1,0,2,0,1,0,0,0,0,0,0,0,0,0,0,2,0,0,1,0,0,0,0
HG01253,CLM,AMR,male,CLM15,0,0,male,0,2,0,0,0,0,2,0,0,0,1,1,1,0,0,0,1,0,0,0,0,2,0,1,0,0,0,0,0,0,0,0,0,1,1,0,0,2,1,0,0,0,2,0,0,0,2,2,0,0,1,2,0,0,0,0,0,2,0,0,1,0,0,0,0,0,0,0,1,1,0,0,0,2,2,2,0,2,0,2,0,0,0,0,0,1,0,0,0,0,0,0,2,0,0,1,0,0,0,0
HG01254,CLM,AMR,female,CLM15,0,0,female,0,0,0,0,0,0,2,0,0,0,0,1,2,0,0,0,2,0,0,1,0,2,0,1,1,0,0,0,0,0,0,0,0,0,1,0,0,0,0,0,2,1,1,0,1,0,2,1,0,0,0,2,0,0,0,0,0,2,0,0,0,0,0,1,0,0,0,1,1,1,0,0,0,1,1,0,0,1,0,1,1,0,0,0,0,0,0,0,0,0,0,0,1,0,0,2,0,0,0,1
HG01256,CLM,AMR,male,CLM16,0,0,male,0,1,1,0,0,0,2,0,0,0,0,0,2,0,1,0,2,0,0,1,0,2,0,0,0,0,2,0,0,0,0,0,0,0,0,0,0,2,0,0,0,1,1,0,2,0,0,2,0,0,1,2,0,0,0,0,1,2,0,0,1,0,0,0,0,0,0,0,1,1,0,0,0,1,1,2,0,1,0,2,0,0,0,0,0,2,0,0,0,0,0,0,2,0,0,2,0,0,0,0
HG01257,CLM,AMR,female,CLM16,0,0,female,0,1,0,0,0,1,2,0,0,0,0,0,2,0,0,0,1,0,0,1,0,2,0,1,1,0,1,0,0,0,1,0,1,0,1,0,0,0,0,0,0,1,1,0,0,0,1,1,0,0,0,2,0,0,0,0,0,1,0,0,1,0,0,1,0,0,0,1,1,1,0,0,0,0,1,0,0,1,0,2,0,0,0,0,0,0,1,0,1,1,0,0,1,0,0,2,0,0,0,0
HG01259,CLM,AMR,male,CLM17,0,0,male,0,0,0,0,0,0,2,0,0,0,0,0,2,0,0,0,1,0,0,2,0,2,0,0,0,0,0,0,0,0,1,0,0,2,0,0,0,0,0,0,0,2,0,0,2,0,0,0,0,0,0,2,0,0,0,0,0,2,0,0,0,0,0,0,0,0,0,1,1,2,0,0,0,1,2,1,0,1,0,1,0,0,0,0,0,0,0,1,0,1,0,0,2,0,0,1,0,0,0,0
HG01260,CLM,AMR,female,CLM17,0,0,female,0,0,1,0,0,0,2,0,0,0,0,2,2,0,0,0,2,1,0,1,1,2,0,0,0,0,0,0,0,0,0,0,0,0,1,0,0,1,0,0,0,0,2,0,1,0,1,0,0,0,0,2,0,0,0,2,0,2,0,0,1,0,0,0,0,0,0,0,0,0,0,0,0,2,1,2,0,2,0,0,1,0,0,0,1,0,1,0,0,0,0,0,2,0,0,1,0,0,0,0
HG01269,CLM,AMR,female,CLM20,0,0,female,0,2,0,0,0,0,2,0,1,0,1,0,2,0,0,0,2,0,0,0,0,2,0,1,1,0,0,0,0,0,0,0,0,1,0,1,0,1,1,0,0,0,0,0,0,0,2,2,1,0,1,2,0,0,1,0,0,1,0,0,1,0,0,1,0,0,0,0,2,1,0,0,0,2,0,1,0,0,0,1,0,0,0,0,1,0,1,0,0,0,0,0,2,0,0,1,0,0,0,0
HG01271,CLM,AMR,male,CLM21,0,0,male,0,0,0,1,0,0,2,0,0,0,0,0,1,0,0,0,2,0,0,1,0,2,0,1,1,0,0,0,0,0,0,0,0,0,0,0,0,0,0,0,0,0,1,0,0,0,1,2,1,0,2,2,0,0,0,1,0,0,0,0,1,0,0,0,0,0,0,1,1,1,0,0,0,1,1,2,0,0,0,0,0,0,0,0,0,1,0,1,0,0,0,0,2,0,0,2,0,0,1,0
HG01272,CLM,AMR,female,CLM21,0,0,female,0,1,0,0,0,0,2,0,1,0,0,0,2,0,0,0,2,0,0,0,1,2,0,0,0,0,0,0,0,0,0,0,1,0,0,0,0,1,0,0,1,1,1,0,1,0,0,1,0,0,2,2,0,0,0,0,0,0,0,0,1,0,0,0,0,0,0,0,0,0,0,0,0,2,2,2,0,2,0,1,0,0,0,0,0,0,1,0,1,1,0,0,1,0,0,2,1,0,0,0
HG01275,CLM,AMR,female,CLM22,0,0,female,0,0,0,0,0,0,2,0,0,0,0,2,2,0,0,0,2,0,0,0,0,2,0,0,0,0,0,0,1,0,0,0,0,0,1,0,0,0,0,0,0,0,2,0,0,0,1,2,1,0,1,2,0,0,0,1,0,2,0,0,1,0,0,0,0,0,0,0,2,1,0,0,0,1,2,2,0,2,0,1,0,0,0,0,0,1,1,0,0,1,0,0,2,0,0,2,0,0,0,0
HG01277,CLM,AMR,male,CLM23,0,0,male,0,2,1,0,0,1,2,0,0,0,0,1,2,0,0,0,2,0,0,2,0,2,0,0,0,0,0,0,1,1,1,0,0,0,1,0,0,0,0,0,0,0,0,0,0,0,0,1,0,0,0,2,0,0,0,0,0,1,0,0,1,0,0,1,0,0,0,1,1,1,0,0,0,1,2,2,0,2,0,1,0,0,0,0,0,0,0,0,0,0,0,0,2,0,0,1,0,0,0,0
HG01280,CLM,AMR,male,CLM24,0,0,male,0,0,0,0,0,0,1,0,0,0,0,0,2,1,0,0,2,0,0,1,0,2,0,0,0,0,0,0,0,0,0,0,0,0,0,0,0,0,0,0,1,0,1,0,1,0,1,2,0,0,0,2,0,0,0,0,0,1,0,0,0,0,0,0,0,0,0,1,2,2,0,0,0,1,0,1,0,0,0,1,0,0,0,0,0,0,0,0,0,1,0,0,2,0,0,2,0,0,0,0
HG01281,CLM,AMR,female,CLM24,0,0,female,0,0,0,0,0,1,2,0,0,0,0,0,2,1,0,0,1,1,0,0,0,2,0,0,0,0,0,0,0,0,0,0,0,0,0,0,0,0,0,0,0,0,1,0,0,0,1,1,0,0,1,2,0,0,0,0,0,1,0,0,1,0,0,0,0,0,0,1,1,1,0,0,0,0,0,2,0,1,0,2,1,0,0,0,0,0,0,0,0,1,0,0,2,0,0,1,0,0,1,0
HG01284,CLM,AMR,female,CLM25,0,0,female,0,1,0,0,0,0,2,0,0,0,0,0,2,0,0,0,2,0,0,0,0,2,0,0,0,0,0,0,0,0,0,0,0,0,1,0,0,0,0,0,0,2,1,0,0,0,1,1,0,0,0,2,0,0,0,1,0,1,0,0,0,0,0,0,0,0,0,0,1,1,0,0,0,1,1,2,0,2,0,0,0,0,0,0,1,0,1,0,0,1,0,0,2,0,0,2,0,0,0,0
HG01286,PUR,AMR,male,PR58,0,0,male,0,0,0,0,0,0,2,0,0,0,0,0,2,0,0,0,1,1,0,0,0,2,0,1,1,0,0,0,0,0,0,0,0,0,1,1,0,1,0,1,0,1,0,0,0,0,1,2,2,0,0,2,1,1,0,0,0,1,0,0,1,0,1,0,0,0,0,0,1,0,0,0,0,1,0,0,0,1,0,1,1,0,0,0,1,0,0,0,0,1,0,0,1,0,0,1,0,0,0,0
HG01302,PUR,AMR,male,PR59,0,0,male,0,2,2,0,0,0,2,0,0,0,0,0,1,0,0,0,2,0,0,0,0,2,0,0,0,0,0,0,0,0,0,0,0,1,1,0,0,1,0,0,1,1,1,0,0,0,2,2,0,0,0,2,0,0,0,0,0,1,0,0,1,0,0,0,0,0,0,1,0,0,0,0,0,0,1,2,0,0,0,0,0,1,0,0,0,1,0,0,1,1,0,0,2,0,0,2,0,0,0,0
HG01303,PUR,AMR,female,PR59,0,0,female,0,1,0,0,0,0,2,0,0,1,0,1,2,0,0,0,2,1,0,1,0,2,0,0,0,0,0,0,0,0,0,0,0,0,0,0,0,1,0,0,1,0,1,0,0,0,1,1,0,0,0,2,0,0,0,0,0,1,0,0,0,0,0,0,0,0,0,1,1,1,0,0,0,1,1,1,0,2,0,1,0,0,0,0,0,1,0,0,0,0,0,0,2,0,0,2,0,0,0,0
HG01305,PUR,AMR,male,PR61,0,0,male,0,1,1,0,0,0,2,0,0,0,1,0,1,0,0,0,2,0,0,2,0,1,0,0,0,0,0,0,0,0,0,0,0,0,1,0,0,0,0,0,0,0,2,0,1,0,0,1,0,0,1,2,0,0,0,0,0,2,0,0,1,0,0,0,0,0,0,1,1,1,0,0,0,2,2,1,0,1,0,2,1,0,0,0,0,0,1,0,1,0,0,0,2,0,0,2,0,0,0,0
HG01308,PUR,AMR,male,PR62,0,0,male,0,0,0,0,0,0,2,0,0,0,0,0,2,1,0,0,2,0,0,1,0,2,0,1,0,0,0,0,0,0,0,0,1,0,0,0,0,1,0,0,0,0,0,0,0,0,1,2,0,0,1,2,0,0,0,0,0,1,0,0,0,0,0,0,0,0,0,0,1,1,0,0,0,1,0,2,0,1,0,1,0,0,0,0,2,1,1,0,0,0,0,0,2,0,0,2,0,0,0,0
HG01311,PUR,AMR,male,PR63,0,0,male,0,0,0,1,0,0,2,0,0,0,0,1,1,1,0,0,2,0,0,1,0,2,0,0,0,0,0,0,0,0,0,0,0,0,0,0,0,0,0,0,0,0,1,0,1,0,1,2,0,0,0,2,0,0,0,0,0,0,0,0,1,0,0,0,0,0,0,2,2,1,0,0,0,1,0,0,0,0,0,0,0,1,0,0,0,0,0,0,0,1,0,0,2,0,0,1,0,0,0,0
HG01312,PUR,AMR,female,PR63,0,0,female,0,2,0,1,0,1,2,0,1,0,0,0,0,0,0,0,2,1,0,0,0,2,0,0,0,0,0,0,0,0,1,0,0,0,0,0,0,0,0,0,1,0,1,0,0,0,1,2,0,1,0,2,0,0,0,0,0,0,0,0,2,0,0,1,0,0,0,0,2,2,0,0,0,0,2,2,0,1,0,1,0,0,0,0,0,1,1,0,0,0,0,0,2,0,0,1,0,0,1,0
HG01323,PUR,AMR,female,PR67,0,0,female,0,1,1,0,0,0,2,0,0,0,0,0,1,0,0,0,2,0,0,1,0,2,0,0,0,0,1,0,0,0,0,0,0,0,0,0,0,1,0,0,1,1,2,0,1,0,1,2,0,0,0,2,0,0,0,0,0,2,0,0,1,0,0,0,0,0,0,0,1,1,0,0,0,2,1,2,0,0,0,2,1,1,0,0,0,0,0,0,0,0,0,0,2,0,0,2,0,0,0,0
HG01325,PUR,AMR,male,PR68,0,0,male,0,2,0,0,0,0,2,0,1,0,0,1,2,1,0,0,2,0,0,1,0,2,0,0,0,0,0,0,0,0,0,0,0,0,1,0,0,0,0,0,0,2,1,0,1,0,2,2,0,0,0,2,0,0,0,1,0,2,0,0,1,0,0,0,0,0,0,0,0,1,0,0,0,0,0,0,0,2,0,2,0,1,0,0,0,1,0,0,1,0,0,0,1,0,0,1,0,0,0,0
HG01326,PUR,AMR,female,PR68,0,0,female,0,0,1,0,0,0,2,0,0,0,0,0,1,2,1,0,1,0,0,1,0,2,0,0,0,0,0,0,0,0,0,0,1,1,0,0,0,0,0,0,0,0,2,0,0,0,2,2,0,0,1,2,1,0,0,1,0,2,0,0,2,0,0,1,0,0,0,0,1,2,0,0,0,2,1,1,0,1,0,1,0,0,1,0,1,0,0,0,1,1,0,0,2,0,0,0,0,0,0,0
HG01334,GBR,EUR,male,HG01334,0,0,male,0,2,0,0,0,0,2,0,0,0,0,0,2,0,0,0,2,0,0,1,1,2,0,1,1,0,0,0,0,0,0,0,0,0,0,0,0,0,0,0,2,0,1,0,0,0,0,0,0,0,0,2,0,0,0,0,0,0,0,0,2,0,0,0,0,0,0,1,2,2,0,0,0,2,1,2,0,0,0,0,0,1,0,0,0,0,0,0,0,1,0,0,2,0,0,1,0,0,0,0
HG01341,CLM,AMR,male,CLM26,0,0,male,0,0,0,0,0,0,2,0,0,0,0,0,2,0,0,0,2,0,0,0,0,2,0,0,0,0,0,0,0,0,0,0,1,0,0,0,0,0,0,0,0,0,0,0,0,0,2,2,0,0,1,2,0,0,0,0,0,1,0,0,0,0,0,0,0,0,0,0,0,0,0,0,0,0,2,2,0,1,0,2,0,1,1,0,0,0,1,0,0,1,0,0,2,0,0,1,0,0,0,0
HG01342,CLM,AMR,female,CLM26,0,0,female,0,0,0,0,0,0,2,0,0,0,0,0,2,0,0,0,2,0,0,0,1,2,0,1,0,0,0,0,0,0,0,0,0,0,1,0,0,1,0,0,1,0,2,0,1,0,1,1,0,0,1,2,0,0,0,0,0,1,0,0,0,0,1,0,0,0,0,0,2,1,0,0,0,1,1,1,0,1,1,1,0,0,1,0,0,0,1,0,0,1,0,0,2,0,0,2,0,0,0,0
HG01344,CLM,AMR,male,CLM27,0,0,male,0,1,1,0,0,0,2,0,0,0,0,0,2,1,0,0,2,1,0,1,0,2,0,0,0,0,0,0,0,0,0,0,0,1,1,0,0,1,0,0,0,0,1,0,1,0,1,1,0,0,0,2,0,0,0,0,0,0,0,0,1,0,0,0,0,0,0,2,2,2,0,0,0,0,2,0,0,0,0,0,1,0,0,0,0,0,1,0,1,1,0,0,2,0,0,2,0,0,0,0
HG01345,CLM,AMR,female,CLM27,0,0,female,0,1,0,1,0,0,2,0,0,0,1,0,2,0,0,0,2,0,0,1,0,2,0,0,0,0,0,0,0,0,0,0,0,0,0,0,0,1,1,0,0,0,1,0,0,0,2,2,2,0,2,2,0,0,0,0,0,1,0,0,2,0,0,1,0,0,0,0,1,1,0,0,0,0,0,2,0,2,0,2,1,1,0,0,0,0,0,0,0,1,0,0,2,0,0,1,0,0,0,0
HG01348,CLM,AMR,female,CLM28,0,0,female,0,0,0,0,0,0,2,0,0,0,0,1,2,0,0,0,2,0,0,2,0,2,0,0,0,0,0,0,0,0,0,0,1,1,1,0,0,0,0,0,1,0,1,0,1,0,0,2,0,0,1,2,0,0,0,2,0,0,0,0,2,0,0,0,0,0,0,0,1,1,0,0,0,1,1,1,0,1,0,2,0,1,0,0,0,0,2,0,0,1,0,0,2,0,0,2,0,0,0,0
HG01350,CLM,AMR,male,CLM29,0,0,male,0,2,0,0,0,0,2,0,0,0,1,1,2,0,0,0,2,0,0,0,0,2,0,0,0,0,0,1,0,0,0,0,0,0,2,0,0,0,0,0,2,1,1,0,1,0,0,1,0,0,0,2,0,0,0,0,0,2,0,0,2,0,0,0,0,0,0,0,1,1,0,0,0,0,1,1,0,1,0,1,0,0,0,0,0,0,0,0,0,0,0,0,2,0,0,2,0,0,0,0
HG01351,CLM,AMR,female,CLM29,0,0,female,0,0,0,0,0,0,2,0,1,0,1,0,2,0,0,0,1,0,0,1,0,1,0,1,0,0,0,0,0,0,0,0,0,0,0,1,0,0,0,0,0,0,1,0,0,0,1,2,0,0,0,2,0,0,0,0,0,0,0,0,2,0,0,0,0,0,0,1,1,1,0,0,0,2,2,1,0,1,0,0,0,0,0,0,0,0,0,0,0,0,0,0,2,0,0,2,0,0,1,1
HG01353,CLM,AMR,male,CLM30,0,0,male,0,1,0,0,0,0,2,0,0,0,0,0,2,0,0,0,2,0,0,1,1,2,0,0,0,0,0,0,1,0,0,0,0,1,0,0,0,0,0,0,0,1,0,0,0,0,2,1,0,0,1,2,0,0,0,0,0,2,0,0,2,0,0,0,0,0,0,0,2,2,0,0,0,2,1,1,0,1,0,2,0,1,0,0,1,0,1,0,0,1,0,0,2,0,0,1,0,0,0,0
HG01354,CLM,AMR,female,CLM30,0,0,female,0,1,0,0,0,0,2,0,0,0,0,2,2,0,0,0,2,0,0,2,1,2,0,0,0,0,1,0,0,0,0,0,0,0,0,0,0,1,0,0,1,0,0,0,0,0,1,2,0,0,1,2,0,0,0,0,0,0,0,0,1,0,0,0,1,0,0,0,1,1,0,0,0,1,1,1,0,0,0,2,0,1,0,0,1,0,1,0,0,1,0,0,2,0,0,2,0,0,0,0
HG01356,CLM,AMR,male,CLM31,0,0,male,0,2,0,0,0,0,2,0,0,0,0,0,2,0,0,0,2,1,0,1,0,2,0,0,0,0,0,0,0,0,0,0,0,0,0,0,0,0,0,0,1,1,2,0,2,0,1,1,0,0,1,2,1,0,0,0,1,1,0,0,1,0,0,0,0,0,0,1,2,1,0,0,0,0,0,1,0,1,0,1,0,1,0,0,0,0,0,0,0,0,0,0,2,1,0,1,0,0,0,0
HG01357,CLM,AMR,female,CLM31,0,0,female,0,1,1,0,0,0,2,0,0,0,0,1,2,0,0,0,2,0,0,1,0,2,0,0,0,0,1,2,0,0,0,0,0,0,1,0,0,0,0,0,1,0,1,0,0,0,1,2,0,0,1,2,0,0,0,1,1,2,0,0,1,0,0,1,0,0,0,1,2,2,0,0,0,1,2,1,0,1,0,1,0,0,0,0,0,0,0,0,0,0,0,0,2,0,0,2,0,0,0,0
HG01359,CLM,AMR,male,CLM32,0,0,male,0,0,0,0,0,0,2,0,0,0,0,0,2,0,0,0,2,1,0,0,0,2,0,0,0,0,0,0,0,0,0,0,0,0,0,0,0,0,0,0,0,0,1,0,0,0,1,2,0,0,1,2,0,0,1,0,0,0,0,0,2,0,0,1,0,0,0,0,1,1,0,0,0,1,1,2,0,1,0,2,1,0,0,0,1,1,1,0,1,0,0,0,2,0,0,1,0,0,0,0
HG01360,CLM,AMR,female,CLM32,0,0,female,0,0,0,0,0,1,2,0,0,0,1,1,1,0,0,0,1,0,0,1,0,2,0,0,0,0,0,0,0,0,1,0,0,0,0,0,0,0,0,0,0,0,2,0,0,0,1,2,0,1,1,2,0,0,0,1,0,1,0,0,2,0,0,0,0,0,0,1,2,1,0,0,0,1,1,1,0,1,0,0,0,1,0,0,0,0,0,0,0,1,0,0,2,0,0,2,0,0,0,0
HG01362,CLM,AMR,male,CLM33,0,0,male,0,1,0,0,0,0,2,0,0,0,0,1,1,0,0,0,1,0,0,0,0,2,0,0,0,0,0,0,0,0,0,0,0,0,0,1,0,1,0,0,0,2,1,0,0,0,2,2,1,0,1,2,0,0,0,0,0,2,0,0,0,0,0,0,0,0,0,0,2,1,1,0,0,0,1,2,0,2,0,2,0,1,0,0,1,1,1,0,0,0,0,0,2,0,0,2,0,0,0,0
HG01363,CLM,AMR,female,CLM33,0,0,female,0,0,0,1,0,0,2,0,0,0,0,0,2,0,0,1,1,1,0,1,0,2,0,0,0,0,0,0,0,0,0,0,0,0,1,0,0,1,0,0,0,0,1,0,1,0,1,2,0,0,1,2,0,0,0,0,0,0,0,0,2,0,0,1,0,0,0,1,2,2,0,0,0,0,1,1,0,1,0,0,0,0,0,0,1,1,2,1,0,0,0,0,2,0,0,2,0,0,0,0
HG01365,CLM,AMR,male,CLM34,0,0,male,0,1,1,0,0,1,2,0,0,0,0,0,2,0,0,0,2,0,0,0,0,2,0,0,0,0,1,0,0,0,0,0,0,0,0,0,0,0,1,0,0,1,1,0,0,0,0,1,1,0,1,1,0,0,0,0,1,1,0,0,1,1,0,1,0,0,0,1,2,1,0,0,0,1,1,1,0,1,0,2,0,0,0,0,0,0,0,0,1,1,0,0,2,0,0,2,0,0,0,0
HG01366,CLM,AMR,female,CLM34,0,0,female,0,1,2,0,0,0,2,0,0,0,0,1,2,0,0,0,2,0,0,1,0,2,0,0,0,0,0,0,0,0,0,0,0,0,1,0,0,0,0,0,0,1,0,0,0,0,1,1,0,0,0,2,0,0,0,0,0,2,0,0,1,0,0,1,0,0,0,0,0,0,0,0,0,1,1,2,0,2,0,1,1,1,1,1,1,0,0,0,0,0,0,0,2,0,0,2,0,0,0,0
HG01369,CLM,AMR,female,CLM35,0,0,female,0,1,1,0,0,0,2,0,0,0,1,0,2,0,0,0,2,0,0,0,1,2,0,0,0,0,0,0,0,0,0,0,0,0,1,1,0,0,0,0,0,2,1,0,1,0,2,2,0,0,1,2,0,0,0,0,0,1,0,0,1,0,0,1,0,0,0,2,2,2,0,0,0,0,1,2,0,1,0,1,0,0,0,0,0,1,0,0,0,1,0,0,2,0,0,1,0,0,0,0
HG01372,CLM,AMR,female,CLM36,0,0,female,0,2,0,0,0,0,2,0,0,0,0,0,2,2,0,0,2,1,0,0,0,2,0,1,1,0,0,0,0,0,0,0,0,0,1,0,0,0,0,0,1,0,1,0,0,0,2,2,0,0,0,2,0,0,0,1,0,2,0,0,0,0,0,0,0,0,0,0,1,1,0,0,0,1,2,1,0,2,0,2,1,1,0,0,0,0,0,0,0,1,0,0,2,0,0,0,0,0,0,0
HG01374,CLM,AMR,male,CLM37,0,0,male,0,2,1,0,0,0,2,0,0,0,1,1,1,0,0,0,2,0,0,2,0,2,0,1,1,0,1,0,0,0,1,0,0,0,1,0,0,0,0,0,0,0,1,0,0,0,2,0,0,0,1,2,0,0,0,1,1,2,0,0,2,0,0,1,0,0,0,0,1,0,0,0,0,0,1,2,0,1,0,1,0,0,0,0,0,0,0,0,1,0,0,0,2,0,0,2,0,0,0,0
HG01375,CLM,AMR,female,CLM37,0,0,female,0,2,1,0,0,0,2,0,0,0,0,1,2,0,0,0,1,0,0,0,0,2,0,0,0,0,0,0,0,0,0,0,1,1,1,0,0,0,0,0,1,1,1,0,2,0,0,0,0,0,1,2,0,0,0,0,0,2,0,0,1,0,0,0,0,0,0,0,1,2,0,0,0,1,2,2,0,2,0,1,0,0,0,0,0,0,0,0,0,0,0,0,1,0,0,2,0,0,0,0
HG01377,CLM,AMR,male,CLM38,0,0,male,0,1,0,0,0,0,2,0,1,0,0,2,2,0,0,0,2,0,0,2,0,2,0,0,0,0,2,0,1,1,1,0,0,1,1,0,0,1,0,0,1,2,2,0,0,0,1,2,0,0,0,2,0,0,0,1,0,1,0,0,2,0,0,0,0,0,0,0,0,0,0,0,0,2,1,2,0,0,0,2,0,1,0,1,1,0,1,0,0,0,0,0,1,0,0,2,0,0,0,0
HG01378,CLM,AMR,female,CLM38,0,0,female,0,2,1,0,0,0,2,0,0,0,0,1,2,2,0,0,2,1,0,1,0,2,0,0,0,0,0,1,0,0,0,0,0,0,0,0,0,0,0,0,1,0,1,0,1,0,0,2,0,0,0,2,0,0,0,0,0,1,0,0,1,0,0,0,0,0,0,0,0,0,0,0,0,2,1,2,0,2,0,2,0,0,0,0,1,0,0,0,0,1,0,0,2,0,0,2,0,0,0,0
HG01383,CLM,AMR,male,CLM40,0,0,male,0,2,0,0,0,0,2,0,0,0,0,1,2,0,0,0,2,0,0,2,0,2,0,0,0,0,0,0,0,0,0,0,0,0,0,0,0,0,0,0,0,0,1,0,0,0,2,2,0,0,1,2,0,0,0,0,0,0,0,0,1,0,0,0,0,0,0,1,2,2,0,0,0,1,0,1,0,1,0,1,0,0,0,1,1,0,1,0,0,0,0,0,2,0,0,2,0,0,0,0
HG01384,CLM,AMR,female,CLM40,0,0,female,0,2,1,1,0,0,2,0,0,0,0,2,1,0,0,0,1,0,0,0,0,2,0,0,0,0,0,0,0,0,0,0,0,0,2,0,0,0,0,0,0,0,2,0,0,0,1,2,0,0,1,2,0,0,0,1,0,0,0,0,2,0,0,0,0,0,0,1,2,2,0,0,0,0,1,2,0,1,0,2,0,0,0,0,0,0,0,0,0,0,0,0,2,0,0,2,0,0,0,1
HG01389,CLM,AMR,male,CLM42,0,0,male,0,0,1,0,0,0,2,0,0,0,0,0,1,0,0,0,2,0,0,0,0,2,0,0,0,0,0,0,0,0,0,0,0,0,1,0,0,0,0,0,1,0,1,0,2,0,1,1,0,0,0,2,0,0,0,0,0,2,0,0,2,0,0,0,0,0,0,0,0,0,0,0,0,2,1,2,0,1,0,2,1,1,0,1,0,0,1,0,0,0,0,0,2,0,0,2,0,0,0,0
HG01390,CLM,AMR,female,CLM42,0,0,female,0,1,0,0,0,0,2,0,1,0,0,0,2,0,0,0,1,0,0,0,1,2,0,0,0,0,0,0,0,0,0,0,0,0,0,0,0,1,0,0,0,0,2,0,1,0,1,2,1,0,0,2,0,0,0,0,0,0,0,0,0,1,0,0,0,0,0,0,2,0,0,0,0,1,1,2,0,0,1,2,1,0,1,0,0,0,0,0,0,0,1,1,1,0,0,1,0,0,0,0
HG01392,PUR,AMR,male,PR70,0,0,male,0,1,1,0,0,0,2,0,0,0,0,0,1,0,0,0,2,0,0,0,0,2,0,1,1,0,0,1,0,0,0,0,0,0,1,0,0,0,0,0,0,1,1,0,1,0,2,0,0,0,1,2,0,0,0,0,0,1,0,0,1,0,0,0,0,0,0,1,2,1,0,0,0,0,2,0,0,0,0,1,0,0,0,0,0,1,0,0,1,1,0,0,2,0,0,2,0,0,0,0
HG01393,PUR,AMR,female,PR70,0,0,female,0,2,0,1,0,0,2,0,0,0,0,1,2,0,1,0,0,0,0,2,0,2,0,0,0,0,0,0,0,0,0,0,1,0,2,1,0,1,0,0,0,1,0,0,0,0,2,2,0,0,0,2,0,1,0,0,0,2,0,1,1,0,0,0,0,1,0,1,1,0,0,1,0,1,0,0,0,0,0,1,0,0,1,0,0,0,0,0,0,1,0,0,2,0,0,2,0,0,0,0
HG01395,PUR,AMR,male,PR71,0,0,male,0,1,0,0,0,1,2,0,1,0,0,2,1,0,0,0,1,0,0,1,0,2,0,0,0,0,0,0,0,0,0,0,0,0,1,0,0,0,0,0,0,1,2,0,0,0,0,1,0,0,1,2,0,0,0,0,0,1,0,0,1,0,0,2,0,0,0,0,2,1,0,0,0,1,1,1,0,0,0,2,0,0,0,0,0,0,1,0,0,2,0,0,2,0,0,1,0,0,0,0
HG01396,PUR,AMR,female,PR71,0,0,female,0,1,1,0,1,0,2,0,1,0,0,0,2,0,0,0,1,0,0,2,0,2,0,0,0,0,0,0,0,0,0,0,0,1,0,0,0,0,0,0,0,1,1,0,0,0,1,2,0,0,0,2,0,0,0,0,0,2,0,0,1,0,0,1,0,0,0,0,2,2,0,0,0,0,0,2,0,1,0,1,1,0,0,0,1,0,1,0,0,0,0,0,2,0,0,1,0,0,0,0
HG01398,PUR,AMR,male,PR72,0,0,male,0,1,0,0,0,0,2,0,1,0,0,2,1,1,0,0,2,1,0,0,0,2,0,1,1,0,0,0,0,0,0,0,0,0,0,0,0,0,0,0,0,0,2,0,1,0,2,2,0,0,0,1,0,0,0,0,1,1,0,0,1,0,0,0,0,0,0,1,1,0,0,0,0,2,1,2,0,0,0,1,0,0,0,0,0,0,0,0,0,2,0,0,2,0,0,1,0,0,0,0
HG01402,PUR,AMR,male,PR74,0,0,male,0,0,0,0,0,0,2,0,0,0,0,0,2,0,0,0,2,1,0,0,0,2,1,0,0,0,1,0,0,0,0,0,0,1,0,1,0,0,0,0,0,1,1,0,2,0,1,2,0,0,1,2,0,0,0,0,0,2,0,0,2,0,0,0,0,0,0,0,1,1,0,0,0,0,0,2,0,0,0,1,0,0,0,0,1,0,0,0,1,1,0,0,2,0,0,0,0,0,0,0
HG01403,PUR,AMR,female,PR74,0,0,female,0,1,1,0,0,0,2,0,0,0,0,1,2,0,0,0,2,0,0,0,0,2,0,0,0,0,0,0,0,0,0,0,0,1,1,0,0,0,0,0,0,0,2,0,0,0,2,2,0,0,1,2,0,0,0,1,0,2,0,0,2,0,0,0,0,0,0,0,1,0,0,0,0,2,2,1,0,1,0,2,0,0,0,0,0,0,0,0,0,1,0,0,2,0,0,2,0,0,0,0
HG01405,PUR,AMR,male,PR75,0,0,male,0,2,1,0,0,0,2,0,0,0,0,1,1,0,0,0,2,1,0,0,1,1,0,1,0,1,0,0,1,0,0,0,0,0,1,0,0,0,0,0,1,1,1,0,0,0,2,2,1,0,1,2,0,0,0,0,0,1,0,0,1,0,0,1,0,0,0,0,0,1,0,0,0,0,1,1,0,2,0,2,0,0,0,0,0,2,0,0,0,0,0,0,2,0,0,2,0,0,0,0
HG01412,PUR,AMR,male,PR76,0,0,male,0,1,1,0,0,0,2,0,0,0,0,0,2,0,0,0,2,0,0,1,0,2,0,0,0,0,0,0,0,0,0,0,0,0,1,0,0,0,0,0,0,0,1,0,1,0,1,1,1,0,1,2,0,0,0,0,0,0,0,0,2,0,0,0,0,0,0,0,2,2,0,0,0,2,0,2,0,0,0,1,1,1,0,1,1,0,1,0,1,1,0,0,2,0,0,1,0,0,0,0
HG01413,PUR,AMR,male,PR78,0,0,male,0,1,0,0,0,1,2,0,0,0,0,0,2,0,0,0,1,0,0,2,0,2,0,0,0,0,0,1,0,0,0,0,0,1,0,0,0,0,0,0,0,0,0,0,1,0,1,1,1,0,0,2,0,0,0,0,0,2,0,0,0,0,0,0,0,0,0,0,0,0,0,0,0,0,0,1,0,2,0,2,0,1,1,0,1,0,1,0,0,0,1,0,2,0,0,2,1,0,0,0
HG01414,PUR,AMR,female,PR78,0,0,female,0,1,0,0,0,0,2,0,0,0,0,1,2,0,0,0,2,0,0,2,0,2,0,0,0,0,0,0,0,0,0,0,0,0,0,1,0,0,0,0,0,0,1,0,1,0,0,1,0,0,2,2,0,0,0,0,0,2,0,0,2,0,0,0,0,0,0,1,1,0,0,0,0,1,0,2,0,1,0,1,0,0,1,0,0,0,0,0,0,1,0,0,2,0,0,2,0,0,0,0
HG01431,CLM,AMR,male,CLM43,0,0,male,0,1,0,0,0,0,2,0,0,0,0,2,2,0,0,0,2,1,0,1,0,2,0,0,0,0,0,0,0,0,0,0,0,0,0,0,0,0,0,0,1,0,2,0,0,0,2,2,0,0,0,2,0,0,0,1,0,0,0,0,1,0,0,0,0,0,0,1,1,1,0,0,0,1,1,1,0,0,0,1,0,1,0,0,0,0,0,0,1,1,0,0,2,0,0,1,0,0,0,0
HG01435,CLM,AMR,female,CLM44,0,0,female,0,2,0,0,0,0,2,0,0,0,1,0,2,0,0,0,2,1,0,1,0,2,0,0,0,0,0,1,0,0,0,0,0,0,2,0,0,0,0,0,1,1,1,0,0,0,1,1,0,0,0,1,0,0,1,0,0,2,0,0,1,0,0,1,0,0,0,0,2,1,0,0,0,0,1,1,0,1,0,1,0,0,1,0,1,0,1,0,0,0,0,0,2,0,0,2,0,0,0,0
HG01437,CLM,AMR,male,CLM45,0,0,male,0,2,1,0,0,0,2,0,0,0,0,0,2,0,0,0,2,0,0,2,0,2,0,0,0,0,1,0,0,0,0,0,0,0,1,0,0,0,0,0,0,1,1,0,1,0,1,1,0,0,1,2,0,0,0,1,0,1,0,0,2,0,0,1,0,0,0,1,1,1,0,0,0,1,1,2,0,1,0,2,0,0,0,0,0,0,0,0,1,0,0,0,2,0,0,2,0,0,0,0
HG01438,CLM,AMR,female,CLM45,0,0,female,0,2,0,0,0,0,2,0,0,0,0,1,1,0,0,0,2,0,0,0,0,2,0,0,0,0,0,0,0,0,0,0,0,0,1,0,0,0,0,0,0,0,1,0,0,0,2,2,1,0,1,2,0,0,0,0,0,1,0,0,0,0,0,0,0,0,0,0,0,0,0,0,0,0,0,2,0,0,0,2,0,0,1,0,1,0,1,0,0,0,0,0,2,0,0,1,0,0,0,0
HG01440,CLM,AMR,male,CLM46a,0,0,male,0,2,0,0,0,0,2,0,0,0,1,1,2,0,0,0,2,0,0,1,0,2,0,1,1,0,0,0,1,1,1,0,0,0,1,0,0,0,0,0,1,1,2,0,1,0,2,1,0,0,0,2,0,0,0,1,0,0,0,0,1,0,0,0,0,0,0,0,2,1,0,0,0,2,1,2,0,2,0,0,0,0,0,0,1,0,0,0,0,1,0,0,2,0,0,2,1,0,0,0
HG01441,CLM,AMR,female,CLM46,0,0,female,0,1,0,0,0,0,2,0,0,0,0,0,2,0,0,0,2,0,0,2,0,2,0,0,0,0,0,0,0,0,1,0,0,0,1,0,0,0,0,0,1,0,1,0,0,0,1,2,0,1,1,2,0,0,0,0,1,1,0,0,2,0,0,0,0,0,0,1,1,0,0,0,0,1,2,1,0,1,0,1,0,0,0,0,0,0,0,0,0,0,0,0,2,0,0,2,0,0,0,0
HG01444,CLM,AMR,female,CLM47,0,0,female,0,2,2,0,0,0,2,0,1,0,0,1,2,0,1,0,1,0,0,0,0,2,0,0,0,0,0,0,0,0,0,0,0,0,2,0,0,0,0,0,1,0,0,0,0,0,0,2,1,0,0,2,0,0,0,0,0,0,0,0,2,0,0,0,0,0,0,1,1,1,0,0,0,2,1,2,0,2,0,2,0,0,0,0,0,1,1,0,1,1,0,0,2,0,0,1,0,0,0,0
HG01447,CLM,AMR,female,CLM48,0,0,female,0,1,1,0,0,0,2,0,0,0,0,0,2,0,0,0,2,0,0,1,0,2,0,0,0,0,0,0,0,0,0,0,0,0,0,0,0,0,0,0,0,0,1,0,2,0,1,1,0,0,0,2,0,0,0,1,0,2,0,0,2,0,0,0,0,0,0,1,2,1,0,0,0,1,2,2,1,0,0,2,0,1,0,0,0,0,1,0,0,1,0,0,2,0,0,1,0,0,0,0
HG01455,CLM,AMR,male,CLM51,0,0,male,0,1,1,0,0,0,2,0,0,0,0,1,2,0,0,0,2,0,0,2,0,2,0,0,0,0,0,0,0,0,0,0,0,0,1,0,0,0,0,0,0,0,1,0,0,0,0,1,0,0,1,2,0,0,0,0,0,1,0,0,1,0,0,0,0,0,0,1,1,1,0,0,0,1,1,2,0,0,0,2,0,0,0,0,0,0,0,0,0,0,0,0,1,0,0,1,0,0,0,0
HG01456,CLM,AMR,female,CLM51,0,0,female,0,1,0,0,0,0,2,0,1,0,0,0,2,0,0,0,2,1,0,0,0,2,0,0,0,0,0,0,0,0,0,0,0,0,2,0,0,0,0,0,1,1,1,0,0,0,0,2,0,0,1,2,0,0,0,1,0,0,0,0,2,0,0,0,0,0,0,0,1,1,0,0,0,2,1,2,0,0,0,1,0,0,0,0,0,0,0,0,0,0,0,0,2,0,0,1,0,0,0,0
HG01459,CLM,AMR,female,CLM52,0,0,female,0,1,1,0,0,1,2,0,0,0,0,0,1,0,0,0,2,0,0,0,0,2,0,0,0,0,0,0,0,0,0,0,0,0,1,0,0,0,0,0,2,1,2,0,0,0,2,2,1,0,0,2,0,0,0,0,0,1,0,0,0,0,0,1,0,0,0,0,0,0,0,0,0,1,1,2,0,0,0,2,1,0,0,0,1,0,0,0,0,0,0,0,2,0,0,2,0,0,0,0
HG01461,CLM,AMR,male,CLM53,0,0,male,0,2,0,0,0,0,2,0,1,0,0,1,1,1,0,0,2,1,0,0,1,2,0,1,1,0,0,0,0,0,0,0,0,0,0,0,0,1,0,0,0,0,0,0,0,0,2,2,0,0,0,2,0,0,0,0,0,2,0,0,2,0,0,0,0,0,0,0,2,2,0,0,0,1,2,2,0,1,0,0,0,1,1,0,1,0,1,0,1,1,0,0,2,0,0,2,0,0,0,1
HG01462,CLM,AMR,female,CLM53,0,0,female,0,1,0,0,0,0,2,0,0,0,0,1,2,0,0,0,0,1,0,2,0,2,0,0,0,0,0,0,0,0,0,0,1,1,1,0,0,0,0,0,0,0,2,0,0,0,0,2,0,0,0,2,0,0,0,1,0,0,0,0,2,0,0,1,0,0,0,0,1,1,0,0,0,2,1,2,0,1,0,1,0,0,1,0,0,0,0,0,1,0,0,0,2,0,0,2,0,0,0,0
HG01464,CLM,AMR,male,CLM54,0,0,male,0,0,0,1,0,0,2,0,1,0,0,1,2,1,0,0,2,0,0,0,0,2,0,0,0,0,0,0,0,0,0,0,0,0,0,0,0,0,0,0,1,0,1,0,0,0,2,2,0,0,1,2,0,0,0,1,0,1,0,0,1,0,0,0,0,0,0,2,1,1,0,0,0,1,2,1,0,0,0,1,0,1,0,0,0,0,1,0,1,1,0,0,0,0,0,1,0,0,0,0
HG01465,CLM,AMR,female,CLM54,0,0,female,0,0,0,0,0,0,2,0,0,0,0,0,2,0,0,0,2,0,0,1,0,2,0,2,2,0,0,0,0,0,0,0,0,1,0,1,0,1,1,0,0,1,1,0,0,0,1,2,0,0,0,2,0,0,0,0,0,1,0,0,2,0,0,0,0,0,0,0,1,0,0,0,0,1,2,1,1,0,0,2,0,1,0,0,0,0,0,0,0,0,0,0,2,0,0,1,0,0,0,0
HG01468,CLM,AMR,female,CLM55,0,0,female,0,1,0,0,0,0,2,0,0,0,1,2,1,0,0,0,2,0,0,1,0,2,0,0,0,0,0,1,0,0,0,0,0,0,1,0,0,0,0,0,0,1,1,0,0,0,1,2,0,0,0,2,0,0,0,0,0,2,0,0,2,0,0,1,0,0,0,2,1,1,0,0,0,2,1,1,0,1,0,1,1,0,0,0,1,2,0,0,0,0,0,0,2,0,0,1,0,0,0,0
HG01474,CLM,AMR,female,CLM57,0,0,female,0,2,0,0,0,0,2,0,0,0,1,1,1,1,0,0,2,0,0,2,0,1,0,1,0,0,1,0,0,0,0,0,0,2,0,0,0,0,0,0,0,1,1,0,0,0,2,2,1,0,1,2,0,0,0,0,0,1,0,0,1,0,0,1,0,0,0,1,1,1,0,0,0,1,1,1,0,2,0,0,0,1,0,0,1,0,0,0,0,0,0,0,2,0,0,1,0,0,0,0
HG01479,CLM,AMR,male,CLM59,0,0,male,0,0,1,0,0,0,2,0,0,0,0,1,1,0,0,0,2,0,0,0,0,2,0,1,1,0,0,0,0,0,0,0,0,0,0,0,0,0,0,0,1,0,1,0,1,0,0,2,0,0,0,2,0,0,0,1,0,0,0,0,1,0,0,1,0,0,0,0,1,1,0,0,0,1,1,1,0,1,0,1,0,0,0,0,0,0,0,0,0,0,0,0,2,0,0,2,0,0,0,0
HG01485,CLM,AMR,male,CLM61,0,0,male,0,1,1,0,0,1,2,0,0,0,0,0,1,0,0,0,2,0,0,2,0,2,0,0,0,0,0,0,0,0,1,0,0,0,0,0,0,1,0,0,0,0,2,0,1,0,0,1,0,0,1,2,0,0,0,0,0,1,0,0,1,0,0,0,0,0,0,1,1,0,0,0,0,1,1,1,0,2,0,1,0,0,0,0,0,0,0,0,0,1,0,0,2,1,0,1,0,1,0,0
HG01486,CLM,AMR,female,CLM61,0,0,female,0,1,2,0,0,0,2,0,0,0,1,1,2,0,0,0,2,0,0,0,0,2,0,1,0,0,0,0,0,0,0,0,0,0,1,0,0,0,0,0,0,0,1,0,1,0,1,1,0,0,1,2,0,0,0,2,0,1,0,0,2,0,0,0,0,0,0,1,1,0,0,0,0,1,1,0,0,2,0,1,0,0,0,0,0,0,0,0,0,1,0,0,1,0,0,1,0,0,0,0
HG01488,CLM,AMR,male,CLM62,0,0,male,0,1,0,0,0,0,2,0,0,0,0,1,2,0,0,0,2,1,0,2,1,2,0,0,0,0,0,0,0,0,0,0,1,0,0,0,0,1,0,0,1,1,1,0,0,0,1,1,0,0,1,2,0,0,0,0,1,1,0,0,2,0,0,0,0,0,0,0,2,2,0,0,0,0,1,1,0,0,0,1,0,0,2,0,0,0,0,0,0,0,0,1,2,0,0,2,0,0,0,0
HG01489,CLM,AMR,female,CLM62,0,0,female,0,0,0,1,0,0,2,0,0,0,0,1,1,2,0,0,2,1,0,0,0,2,0,0,0,0,0,0,1,0,0,0,0,0,0,1,0,1,1,0,0,2,0,0,1,0,0,1,0,0,0,2,0,0,0,0,0,2,0,0,1,0,0,1,0,0,0,0,1,1,0,0,0,1,1,2,0,1,0,1,0,0,0,0,0,0,0,1,1,0,0,0,2,0,0,1,0,0,0,0
HG01491,CLM,AMR,male,CLM63,0,0,male,0,0,0,0,0,0,2,0,0,0,0,1,1,0,0,0,1,0,0,1,0,2,0,0,0,0,1,0,0,0,0,0,0,1,0,0,0,0,0,0,2,0,2,0,0,0,2,2,0,0,0,2,0,0,0,0,0,0,0,0,2,0,0,0,0,0,0,1,2,2,0,0,0,1,2,1,0,2,0,0,0,0,0,0,0,0,1,0,0,0,0,0,2,0,0,2,0,0,0,0
HG01492,CLM,AMR,female,CLM63,0,0,female,0,2,1,0,0,0,2,0,0,0,0,0,1,0,0,0,2,0,0,0,0,2,0,1,0,0,0,0,1,0,0,0,0,0,0,0,0,1,2,0,0,1,2,0,1,0,0,2,0,0,1,2,0,0,0,0,0,1,0,0,2,0,0,0,0,0,0,0,2,0,0,0,0,1,2,1,0,0,0,2,0,0,0,0,0,1,0,0,0,1,0,0,2,0,0,1,0,0,0,0
HG01494,CLM,AMR,male,CLM64,0,0,male,0,2,1,0,0,0,2,0,0,0,1,1,1,0,0,0,2,0,0,0,0,2,0,0,0,0,0,0,0,0,0,0,0,0,1,0,0,0,0,0,0,0,1,0,1,0,1,2,0,0,2,2,0,0,0,0,0,1,0,0,2,0,0,0,0,0,0,0,2,1,0,0,0,0,1,2,0,0,0,0,0,0,0,0,0,0,1,0,1,0,0,0,2,0,0,2,0,0,0,0
HG01495,CLM,AMR,female,CLM64,0,0,female,0,1,0,0,0,0,2,0,0,0,0,0,2,0,0,0,2,0,0,0,0,2,0,0,0,0,1,0,0,0,0,0,0,0,1,0,0,0,0,0,0,0,0,0,1,0,0,1,0,0,0,2,0,0,0,0,0,2,0,0,1,0,0,1,0,0,0,1,1,1,0,0,0,1,1,2,0,0,0,2,0,1,0,0,0,0,2,0,0,0,0,0,2,0,0,2,0,0,0,0
HG01497,CLM,AMR,male,CLM65,0,0,male,0,2,0,1,0,0,2,0,0,0,0,1,2,0,0,0,2,0,0,1,0,2,0,0,0,0,0,0,0,0,0,0,0,0,0,0,0,0,0,0,2,0,0,0,2,0,0,1,0,0,0,2,0,0,0,1,0,0,0,0,0,0,0,0,0,0,0,1,1,1,0,0,0,1,1,1,0,0,0,2,0,0,1,0,1,0,0,0,0,0,0,0,1,0,0,1,0,0,0,0
HG01498,CLM,AMR,female,CLM65,0,0,female,0,2,1,0,0,1,2,0,1,0,0,0,2,0,0,0,2,0,0,0,0,2,0,0,0,0,1,0,0,0,2,0,0,0,1,0,0,0,0,0,1,0,1,0,2,0,1,2,0,0,1,2,0,0,0,0,0,1,0,0,1,0,0,0,0,0,0,1,1,1,0,0,0,1,1,1,0,0,0,2,0,0,0,0,0,0,1,0,0,0,0,0,2,0,0,1,0,0,0,0
HG01500,IBS,EUR,male,IBS001,0,0,male,0,1,0,0,0,0,2,0,0,0,0,0,2,0,0,0,2,0,0,2,0,2,0,0,0,0,0,0,0,0,1,0,1,2,0,0,0,0,0,0,1,1,1,0,0,0,2,2,0,1,1,2,0,0,0,0,1,1,0,0,2,0,0,0,0,0,0,0,2,2,0,0,0,2,1,1,0,1,0,0,0,0,0,0,0,1,0,0,0,1,0,0,2,0,0,0,1,0,0,0
HG01501,IBS,EUR,female,IBS001,0,0,female,0,2,2,0,0,0,2,0,0,0,0,0,1,0,0,0,1,1,0,0,0,2,0,0,0,0,0,0,0,0,0,0,0,1,0,0,0,0,0,0,0,0,0,0,1,0,1,2,0,0,1,2,0,0,0,1,0,1,0,0,1,0,0,0,0,0,0,1,2,1,0,0,0,1,0,1,0,0,0,2,0,0,0,0,1,0,0,0,1,0,0,0,2,0,0,1,0,0,0,0
HG01503,IBS,EUR,male,IBS002,0,0,male,0,0,0,0,0,0,2,0,0,0,0,1,2,0,0,0,2,1,0,2,1,2,0,1,1,0,0,0,0,0,1,0,0,2,0,0,0,0,1,0,0,0,0,0,2,0,0,2,0,0,1,2,0,0,0,1,0,1,0,0,2,0,0,0,0,0,0,1,2,1,0,0,0,2,0,1,0,0,0,1,0,2,0,0,0,0,0,1,0,1,0,0,2,0,0,2,0,0,0,0
HG01504,IBS,EUR,female,IBS002,0,0,female,0,1,0,0,0,0,2,0,1,0,0,0,2,2,0,0,2,1,0,1,0,2,0,0,0,0,1,0,0,0,0,0,0,0,1,0,0,0,0,0,1,0,2,0,0,0,1,2,0,0,2,2,0,0,0,0,1,2,0,0,2,0,0,0,0,0,0,0,2,1,0,0,0,0,1,2,0,0,0,1,0,0,1,0,0,1,1,0,0,1,0,0,2,0,0,2,0,0,0,0
HG01506,IBS,EUR,male,IBS003,0,0,male,0,2,0,0,0,0,2,0,0,0,0,0,2,0,0,0,1,0,0,0,0,2,0,0,0,0,0,0,0,0,0,0,0,1,0,0,0,0,1,0,0,0,1,0,0,0,2,2,0,0,0,2,0,0,0,0,0,2,0,0,2,0,0,0,0,0,0,0,2,0,0,0,0,0,0,0,0,1,0,2,0,0,0,0,0,0,0,0,0,1,0,0,2,0,0,0,0,0,0,0
HG01507,IBS,EUR,female,IBS003,0,0,female,0,1,1,0,0,0,2,0,0,0,0,1,2,0,0,0,2,1,0,1,0,2,0,0,0,0,0,0,0,0,0,0,0,0,0,0,0,0,0,0,1,0,1,0,1,0,1,2,0,0,2,2,0,0,0,0,0,1,0,0,1,0,0,0,0,0,0,1,1,1,0,0,0,0,0,2,0,0,0,1,1,0,0,0,0,1,0,0,0,1,0,0,2,0,0,1,1,0,0,0
HG01509,IBS,EUR,male,IBS004,0,0,male,0,1,0,0,0,0,2,0,0,0,0,1,1,0,0,0,2,0,0,1,0,1,0,0,0,0,0,0,0,0,0,0,0,0,0,0,0,0,0,0,0,0,1,0,0,0,1,2,0,1,1,2,0,0,0,0,1,2,0,0,1,0,0,0,0,0,0,0,1,1,0,0,0,1,1,2,0,0,0,2,0,0,0,0,0,1,1,0,0,1,0,0,2,0,0,2,0,0,0,0
HG01510,IBS,EUR,female,IBS004,0,0,female,0,2,1,0,0,0,2,0,0,0,1,2,2,0,0,0,1,0,0,1,0,2,0,0,0,0,0,0,0,0,0,0,0,0,0,0,0,1,0,0,1,0,1,0,0,0,1,2,1,0,2,2,0,0,0,2,0,2,0,0,1,0,0,0,0,0,0,1,1,1,0,0,0,1,1,1,0,0,0,2,0,0,0,0,0,0,0,0,0,0,0,0,2,0,0,1,0,0,0,0
HG01512,IBS,EUR,male,IBS005,0,0,male,0,1,0,0,0,2,2,0,0,0,0,1,1,0,0,0,2,1,0,1,0,2,0,0,0,0,0,0,0,0,0,0,0,0,0,0,0,1,1,0,1,0,0,0,0,0,2,2,0,0,0,2,0,0,0,1,0,1,0,0,2,0,0,0,0,0,0,0,2,1,0,0,0,1,1,1,0,0,0,1,0,1,0,0,0,0,2,0,0,1,0,0,2,0,0,2,0,0,0,0
HG01513,IBS,EUR,female,IBS005,0,0,female,0,0,0,0,0,0,2,0,1,0,0,0,2,0,0,0,1,1,0,1,0,2,0,0,0,0,0,0,0,0,1,0,0,1,0,0,0,1,0,0,0,0,2,0,0,0,0,2,0,0,0,2,0,0,0,0,0,0,0,0,0,0,0,0,0,0,0,0,2,1,0,0,0,1,2,2,0,0,0,0,1,1,0,0,0,0,0,0,0,1,0,0,2,0,0,2,0,0,0,0
HG01515,IBS,EUR,male,IBS006,0,0,male,0,0,0,0,0,0,2,0,0,0,0,1,2,0,0,0,2,0,0,1,0,2,0,0,0,0,0,0,0,0,0,0,0,0,0,0,0,0,0,0,0,0,1,0,0,0,1,2,0,0,1,2,0,0,0,0,0,1,0,0,1,0,0,0,0,0,0,0,2,2,0,0,0,1,0,0,0,1,0,2,0,2,0,0,1,0,0,0,0,1,0,0,2,0,0,2,0,0,0,0
HG01516,IBS,EUR,female,IBS006,0,0,female,0,1,0,0,0,0,2,0,0,0,0,1,2,0,0,0,2,1,0,2,0,2,0,2,2,0,0,0,0,0,0,0,0,0,0,1,0,0,0,0,0,0,0,0,0,0,2,2,0,0,1,2,0,0,0,0,0,1,0,0,1,0,0,0,0,0,0,1,2,2,0,0,0,1,2,2,0,2,0,1,0,0,0,1,1,1,0,0,0,0,0,0,2,0,0,1,0,0,0,0
HG01518,IBS,EUR,male,IBS007,0,0,male,0,2,1,0,0,0,2,0,0,0,0,1,2,0,0,0,2,1,0,1,0,2,0,0,0,0,0,0,0,0,0,0,0,0,0,0,0,1,1,0,0,0,2,0,0,0,1,2,0,0,1,2,0,0,0,0,0,2,0,0,2,0,0,0,0,0,0,0,2,0,0,0,0,0,0,2,0,1,0,1,0,0,0,0,0,1,0,0,0,0,0,0,2,0,0,2,0,0,0,0
HG01519,IBS,EUR,female,IBS007,0,0,female,0,1,0,0,0,0,2,0,1,0,1,2,2,0,0,0,1,0,0,1,0,2,0,1,1,0,1,0,0,0,0,0,0,1,0,0,0,0,0,0,0,0,2,0,0,0,2,1,0,0,0,2,0,0,0,0,0,1,0,0,2,0,0,1,0,0,0,1,1,2,0,0,0,1,1,1,0,2,0,1,0,0,0,0,0,1,0,0,0,0,0,0,2,0,0,1,0,0,0,0
HG01521,IBS,EUR,male,IBS008,0,0,male,0,2,0,0,0,0,2,0,1,0,0,1,1,0,0,0,1,1,0,1,0,2,0,0,0,0,0,0,0,0,0,0,0,1,1,0,0,0,0,0,0,0,0,0,0,0,2,2,0,0,1,2,0,0,0,1,0,1,0,0,1,0,0,0,0,0,0,0,2,1,0,0,0,1,1,2,0,1,0,2,0,1,0,0,1,1,1,0,0,0,0,0,2,0,0,2,0,0,0,0
HG01522,IBS,EUR,female,IBS008,0,0,female,0,0,0,0,0,0,2,0,0,0,0,0,1,0,0,0,2,0,0,1,0,2,0,0,0,0,1,0,0,0,0,0,0,0,1,0,0,0,0,0,0,0,2,0,0,0,1,2,0,1,0,2,0,0,0,1,1,2,0,0,2,0,0,0,0,0,0,1,1,2,0,0,0,1,1,1,0,0,0,2,0,0,0,1,0,0,1,0,0,0,0,0,2,0,0,1,0,0,0,0
HG01524,IBS,EUR,male,IBS009,0,0,male,0,2,0,0,0,0,2,0,0,0,0,0,2,0,0,0,1,0,0,2,0,2,0,0,0,0,1,0,0,0,0,0,0,0,0,0,0,0,0,0,0,0,1,0,0,0,1,2,0,0,0,2,0,0,0,0,0,1,0,0,1,0,0,0,0,0,0,0,1,2,0,0,0,1,0,2,0,0,0,0,0,1,0,0,1,0,0,0,2,0,0,0,2,0,0,2,0,0,0,0
HG01525,IBS,EUR,female,IBS009,0,0,female,0,2,0,0,0,0,2,0,0,0,0,1,2,0,0,0,2,0,0,1,0,2,0,0,0,0,0,0,0,0,1,0,0,0,0,0,0,0,0,0,0,1,1,0,0,0,2,2,0,0,1,2,0,0,0,1,1,2,0,0,1,0,0,1,0,0,0,1,2,1,0,0,0,1,2,1,0,1,0,1,0,0,0,1,0,0,0,0,0,1,0,0,2,0,0,2,0,0,0,0
HG01527,IBS,EUR,male,IBS010,0,0,male,0,1,0,0,0,0,2,0,1,0,0,0,2,0,0,0,2,0,0,2,0,2,0,0,0,0,0,0,0,0,0,0,0,0,0,0,0,0,0,0,0,0,0,0,0,0,1,2,1,0,2,2,0,0,0,0,0,0,0,0,1,0,0,2,0,0,0,1,2,1,0,0,0,2,0,2,0,0,0,2,0,1,0,0,0,0,0,0,0,0,0,0,2,0,0,2,0,0,1,0
HG01528,IBS,EUR,female,IBS010,0,0,female,0,0,0,0,0,0,2,0,0,0,0,0,1,0,0,0,2,1,0,0,0,2,0,0,0,0,0,0,0,0,0,0,0,0,0,0,0,0,0,0,0,0,1,0,0,0,2,2,0,0,1,2,1,0,0,0,0,1,0,0,2,0,0,0,0,0,0,0,2,1,0,0,0,2,0,2,0,1,0,2,0,0,0,0,0,1,0,0,0,0,0,0,2,1,0,1,0,0,0,1
HG01530,IBS,EUR,male,IBS011,0,0,male,0,0,1,0,0,0,2,0,0,0,0,0,2,0,0,0,2,0,0,2,0,2,0,0,0,0,0,0,0,0,0,0,0,0,0,0,0,0,0,0,1,0,1,0,1,0,0,1,0,0,1,2,0,0,0,0,0,2,0,0,1,0,0,1,0,0,0,1,2,1,0,0,0,2,1,1,0,1,0,2,0,0,0,0,0,0,1,0,0,1,0,0,2,0,0,2,0,0,0,0
HG01531,IBS,EUR,female,IBS011,0,0,female,0,1,0,0,0,0,2,0,0,0,0,0,1,0,0,0,1,1,0,0,0,2,0,0,0,0,0,0,0,0,0,0,0,0,1,0,0,1,0,0,1,0,1,0,0,0,2,2,0,0,0,2,0,0,0,0,1,2,0,0,0,0,0,0,0,0,0,0,1,2,0,0,0,0,2,2,0,0,0,1,0,1,0,0,0,0,0,0,0,2,0,0,2,0,0,1,0,0,0,1
HG01536,IBS,EUR,male,IBS013,0,0,male,0,1,1,0,0,0,2,0,1,0,0,1,2,0,0,0,2,2,0,1,0,2,0,1,1,0,0,0,0,0,0,0,0,1,0,1,0,1,0,0,2,0,0,0,0,0,1,2,0,0,0,2,0,0,0,1,0,1,0,0,2,0,0,1,0,0,0,0,1,0,0,0,0,0,0,1,0,0,0,2,0,1,0,0,0,1,0,0,1,1,0,0,2,0,0,2,0,0,0,0
HG01537,IBS,EUR,female,IBS013,0,0,female,0,2,0,0,0,0,2,0,1,0,0,1,0,2,0,0,0,1,0,0,0,2,0,0,0,0,0,0,0,0,0,0,0,0,0,0,0,0,0,0,1,1,1,0,2,0,1,2,0,0,1,2,0,0,0,0,0,0,0,0,2,0,0,0,0,0,0,2,2,2,0,0,0,1,1,2,1,2,0,1,0,0,0,0,0,1,0,0,0,0,0,0,2,0,0,2,0,0,0,0
HG01550,CLM,AMR,male,CLM66,0,0,male,0,2,1,0,0,1,2,0,0,0,1,1,1,0,0,1,2,1,0,1,0,2,0,0,0,0,0,0,0,0,0,0,0,0,1,0,0,2,1,0,0,1,0,0,0,0,0,1,0,0,0,2,0,0,0,1,0,2,0,0,2,0,0,0,0,0,0,0,1,1,0,0,0,0,1,2,0,2,0,2,2,1,1,1,0,2,0,0,0,0,0,0,2,0,0,2,0,0,0,0
HG01551,CLM,AMR,female,CLM66,0,0,female,0,1,2,0,0,0,2,1,0,0,0,1,2,0,0,0,2,0,0,2,0,2,0,0,0,0,0,1,1,1,1,0,0,0,1,0,0,0,0,0,0,0,2,0,0,0,1,1,0,0,2,1,0,0,1,0,0,0,0,0,1,0,0,0,0,0,0,0,1,1,0,0,0,1,2,1,0,0,0,0,0,1,1,0,1,0,0,0,0,0,0,0,2,0,0,2,1,0,0,0
HG01556,CLM,AMR,male,CLM68,0,0,male,0,0,0,0,0,0,2,0,0,0,1,0,2,0,0,0,2,1,0,0,0,2,0,0,0,0,0,0,0,0,1,0,0,0,0,0,0,0,0,0,1,1,2,0,0,0,2,1,1,0,0,2,0,0,0,0,0,2,0,0,2,0,0,0,0,0,1,0,1,1,1,0,0,1,1,1,0,0,0,2,0,1,1,0,1,0,0,0,0,0,0,1,2,0,0,2,0,0,0,0
HG01565,PEL,AMR,male,PEL001,0,0,male,0,2,0,0,0,0,2,0,1,0,0,0,2,2,0,0,1,0,0,0,0,2,0,0,0,0,0,0,1,1,1,0,0,0,2,0,0,0,0,0,0,0,1,0,1,0,1,1,0,0,0,2,0,0,0,0,0,2,0,0,2,0,0,1,0,0,0,0,0,0,0,0,0,1,1,2,0,2,0,0,0,0,0,0,0,0,1,0,0,1,0,0,2,0,0,1,0,0,0,0
HG01566,PEL,AMR,female,PEL001,0,0,female,0,1,0,1,0,0,2,0,1,0,0,1,2,0,0,0,2,1,0,1,0,2,0,0,0,0,0,1,0,0,0,0,0,0,1,0,0,0,0,0,0,1,2,0,1,0,0,0,0,0,0,2,0,0,0,1,0,2,0,0,0,0,0,0,0,0,0,0,1,1,0,0,0,0,1,1,0,1,0,1,0,0,1,0,0,0,2,0,1,0,0,0,2,0,0,2,0,0,0,0
HG01571,PEL,AMR,male,PEL003,0,0,male,0,1,0,0,0,0,2,0,0,0,0,0,2,0,0,0,2,0,0,1,0,2,0,0,0,0,0,0,0,0,0,0,0,0,2,0,0,0,0,0,0,1,1,0,1,0,0,1,0,0,1,2,0,0,0,1,0,1,0,0,2,0,0,1,0,0,0,0,2,2,0,0,0,0,2,2,0,2,0,2,0,1,1,0,0,0,1,0,1,0,0,0,2,0,0,1,0,0,0,0
HG01572,PEL,AMR,female,PEL003,0,0,female,0,1,0,0,0,0,2,0,0,0,1,0,2,0,0,0,1,0,0,0,0,2,0,0,0,0,0,0,0,0,0,0,0,0,2,0,0,0,0,0,2,0,2,1,0,0,2,0,0,0,0,2,0,0,0,0,0,1,0,0,0,0,0,0,0,0,0,0,1,1,0,0,0,0,2,1,0,2,0,1,0,1,0,0,1,0,1,0,1,1,0,0,2,0,0,2,0,0,0,0
HG01577,PEL,AMR,male,PEL005,0,0,male,0,0,1,0,0,0,2,0,0,0,0,0,2,0,0,0,2,0,0,1,0,2,0,0,0,0,0,0,1,1,1,0,0,1,1,0,0,0,0,0,0,0,1,0,0,0,0,1,0,0,1,2,0,0,0,0,0,0,0,0,2,0,0,0,0,0,0,0,2,2,0,0,0,1,1,2,0,0,0,0,0,0,0,0,0,0,0,0,1,1,0,0,2,0,0,2,0,0,0,0
HG01578,PEL,AMR,female,PEL005,0,0,female,0,0,0,0,0,0,2,0,0,0,0,0,2,0,0,0,1,0,0,0,0,2,0,0,0,0,1,0,0,0,0,0,0,1,0,0,0,0,0,0,1,0,1,0,2,0,1,0,0,0,0,2,0,0,0,0,0,1,0,0,1,0,0,1,0,0,0,0,2,1,0,0,0,1,1,1,0,0,0,2,0,0,0,0,0,0,0,0,1,1,0,0,2,0,0,2,0,0,0,0
HG01583,PJL,SAS,male,PK02,0,0,male,0,1,1,0,0,0,2,0,0,0,1,0,2,0,0,0,2,1,0,0,0,2,0,1,1,0,1,0,0,0,0,0,0,0,1,0,0,0,0,0,1,1,0,0,0,0,1,2,0,0,0,2,0,0,0,0,0,0,0,0,2,0,0,0,0,0,0,0,1,2,0,0,0,2,0,2,0,0,0,1,0,0,0,0,0,0,0,0,0,0,0,0,2,0,0,1,0,0,0,0
HG01586,PJL,SAS,male,PK03,0,0,male,0,2,2,0,0,0,2,0,1,0,0,0,1,2,1,0,2,1,0,0,0,2,0,0,0,0,1,0,0,0,1,0,0,0,0,0,0,0,0,0,1,0,1,0,1,0,1,1,0,0,0,2,0,0,0,0,0,0,0,0,2,0,0,0,0,0,0,2,1,1,0,0,0,1,2,2,0,0,0,1,0,0,0,0,1,0,0,0,0,0,0,0,2,0,0,2,0,0,0,0
HG01589,PJL,SAS,male,PK04,0,0,male,0,1,1,0,0,0,2,0,0,0,0,0,1,1,0,0,1,0,0,0,1,2,0,0,0,0,0,0,0,0,0,0,0,0,0,0,0,0,0,0,0,0,1,0,0,0,1,2,0,0,0,2,0,0,0,0,0,0,0,0,0,0,0,0,0,0,0,2,2,2,0,0,0,0,1,1,0,2,0,1,0,0,0,0,0,0,0,0,0,0,0,0,2,0,0,2,0,0,1,0
HG01593,PJL,SAS,female,PK05,0,0,female,0,1,0,0,0,0,2,0,0,0,0,1,2,2,0,0,1,1,0,2,0,2,0,0,0,0,1,0,0,0,1,0,1,1,1,0,0,0,0,0,1,0,2,0,0,0,2,1,1,0,0,2,0,0,0,0,0,1,0,0,2,0,0,0,1,0,0,1,1,1,0,0,0,1,1,0,0,1,0,1,0,1,0,0,0,1,0,0,1,1,0,0,2,0,0,2,0,0,0,0
HG01595,KHV,EAS,female,VN001,0,0,female,0,0,0,0,0,0,2,0,0,0,0,2,2,0,0,0,2,0,0,0,0,2,0,0,0,0,0,0,0,0,0,0,0,1,0,0,0,0,0,0,0,0,1,0,0,0,1,1,0,0,0,0,0,0,0,0,0,1,0,0,1,0,0,0,0,0,0,0,1,1,0,0,0,1,0,2,0,0,0,0,0,1,0,0,0,1,1,0,1,0,0,0,2,0,0,2,0,0,1,0
HG01596,KHV,EAS,male,VN002,0,0,male,0,0,0,0,0,0,2,0,0,0,0,2,0,0,0,0,2,0,0,1,0,2,0,0,0,0,0,0,1,1,1,0,0,0,0,0,0,1,0,0,0,0,1,0,0,0,1,2,0,0,0,2,0,0,0,0,0,0,0,0,0,0,0,0,0,0,0,0,1,1,0,0,0,1,1,1,0,0,0,0,0,2,0,0,2,0,2,0,0,0,0,0,2,0,0,2,0,0,0,0
HG01597,KHV,EAS,female,VN003,0,0,female,0,1,0,0,0,0,2,0,0,0,1,1,1,0,0,0,2,1,0,2,0,2,0,0,0,0,0,0,0,0,1,0,1,0,1,0,0,0,0,0,0,0,1,0,0,0,2,2,0,0,0,2,0,0,0,0,1,1,0,0,1,0,0,1,0,0,0,0,2,1,0,0,0,1,1,2,0,1,0,1,0,1,0,0,0,0,1,0,0,1,0,0,2,0,0,2,0,0,0,0
HG01598,KHV,EAS,female,VN004,0,0,female,0,0,0,0,0,1,2,0,0,0,0,1,2,0,0,0,2,1,0,1,0,2,0,0,0,0,0,0,1,1,0,0,1,0,2,0,0,0,0,0,1,0,1,0,1,0,0,1,0,0,2,2,0,0,0,0,0,1,0,0,0,0,0,0,0,0,0,2,1,0,0,0,0,2,2,2,0,0,0,0,0,0,0,0,0,2,2,0,1,0,0,0,0,0,0,2,0,0,0,0
HG01599,KHV,EAS,female,VN005,0,0,female,0,1,1,0,0,0,2,0,1,0,0,0,0,2,0,0,2,0,0,1,1,2,0,0,0,0,0,0,1,1,1,0,1,1,0,0,0,0,0,0,0,0,2,0,0,0,0,2,0,0,0,1,1,0,0,1,1,0,0,0,2,0,0,0,0,0,0,0,0,0,0,0,0,1,0,2,0,1,0,0,0,1,0,0,1,0,0,0,0,1,0,0,2,0,0,2,0,0,0,0
HG01600,KHV,EAS,female,VN006,0,0,female,0,0,0,0,0,0,2,0,1,0,0,0,2,1,0,0,1,0,0,1,0,2,0,0,0,0,1,0,0,0,0,0,0,0,0,0,0,0,0,0,0,0,0,0,0,0,0,2,0,0,1,0,0,0,0,0,0,2,0,0,1,0,0,0,0,0,0,0,0,1,0,0,0,1,0,1,0,1,0,1,0,1,0,0,1,1,1,0,0,0,0,0,2,0,0,2,0,0,0,0
HG01602,IBS,EUR,female,IBS024,0,0,female,0,2,0,0,0,1,2,0,0,0,0,0,1,0,0,0,2,0,0,2,0,2,0,0,0,0,0,0,0,0,0,0,0,1,1,0,0,1,1,0,0,0,1,0,0,0,0,1,0,0,0,2,0,0,0,1,0,2,0,0,2,0,0,0,0,0,0,0,1,1,0,0,0,2,2,1,0,0,0,1,1,1,0,0,0,0,1,0,0,0,0,0,1,0,0,2,0,0,0,0
HG01603,IBS,EUR,male,IBS024,0,0,male,0,1,0,0,0,0,2,0,1,0,0,1,2,0,0,0,2,1,0,0,0,2,0,1,1,0,1,0,0,0,0,0,0,0,0,0,0,0,0,0,1,0,1,0,1,0,2,2,0,0,1,2,0,0,0,0,0,1,0,0,2,0,0,1,0,0,0,0,1,1,0,0,0,1,1,1,0,0,0,1,1,0,0,0,1,1,1,0,0,0,0,0,2,0,0,2,0,0,0,0
HG01605,IBS,EUR,female,IBS023,0,0,female,0,1,0,0,0,0,2,0,1,0,0,0,2,0,0,0,1,0,0,0,0,2,0,1,1,0,0,0,0,0,0,0,0,0,0,0,0,0,0,0,1,0,0,0,0,0,1,2,0,0,0,2,0,0,0,1,0,1,0,0,1,0,0,0,0,0,0,0,1,1,0,0,0,0,1,2,0,0,0,1,0,1,0,0,0,1,0,0,0,1,0,0,2,0,0,1,0,0,0,0
HG01606,IBS,EUR,male,IBS023,0,0,male,0,1,0,0,0,0,2,0,1,0,0,1,1,0,0,0,2,0,0,2,1,2,0,1,0,0,0,0,0,0,0,0,0,0,0,0,0,0,0,0,0,1,0,0,0,0,0,2,0,0,1,2,0,0,0,0,0,1,0,0,2,0,0,0,0,0,0,0,2,2,0,0,0,1,1,1,0,2,0,2,0,0,0,0,0,0,0,0,1,0,0,0,2,0,0,1,0,0,0,0
HG01607,IBS,EUR,female,IBS022,0,0,female,0,1,0,0,0,0,2,0,1,0,0,0,1,0,0,0,2,1,0,2,0,1,0,0,0,0,0,0,0,0,1,0,0,0,0,0,0,0,0,0,0,0,1,0,0,0,0,2,0,0,0,2,0,0,0,0,0,0,0,0,1,0,0,1,0,0,0,0,2,2,0,0,0,1,2,2,0,0,0,2,1,0,0,0,0,0,0,0,0,1,0,0,2,0,0,1,0,0,0,0
HG01608,IBS,EUR,male,IBS022,0,0,male,0,0,0,0,0,0,2,0,2,0,0,1,2,0,0,0,1,1,0,0,0,2,0,0,0,1,0,0,0,0,0,0,0,1,0,1,0,0,0,0,0,0,1,0,0,0,1,2,0,0,0,2,0,0,0,0,0,1,0,0,2,0,0,0,0,0,0,1,1,1,0,0,0,1,2,2,0,2,0,1,0,0,0,0,1,0,0,0,0,0,0,0,2,0,0,0,0,0,0,0
HG01610,IBS,EUR,male,IBS021,0,0,male,0,2,0,0,0,0,2,0,1,0,0,0,1,0,0,0,2,0,0,0,0,2,0,0,0,0,0,0,0,0,1,0,0,0,1,0,0,0,0,0,0,1,1,0,0,0,2,2,0,0,1,2,0,0,0,1,0,1,0,0,2,0,0,0,0,0,0,0,1,1,0,0,0,2,1,2,0,0,0,1,0,0,1,1,1,0,0,1,0,0,0,0,2,0,0,0,0,0,0,0
HG01612,IBS,EUR,female,IBS021,0,0,female,0,1,0,0,0,0,2,0,1,0,0,0,2,0,0,0,2,0,0,1,0,2,0,0,0,0,0,0,0,0,0,0,0,0,0,0,0,1,0,0,2,0,1,0,0,0,1,2,0,0,1,2,0,0,0,1,0,2,0,0,0,0,0,0,0,0,0,0,2,1,0,0,0,2,0,1,0,0,0,1,1,1,0,0,0,2,0,0,0,0,0,0,1,0,0,2,0,0,0,0
HG01613,IBS,EUR,female,IBS020,0,0,female,0,0,0,0,0,0,2,0,0,0,0,1,2,0,0,0,2,0,0,2,1,2,0,0,0,0,0,0,0,0,0,0,0,0,0,1,0,0,0,0,1,0,1,0,0,0,2,2,0,1,0,2,0,0,0,0,0,0,0,0,1,0,0,0,0,0,0,0,2,2,0,0,0,0,0,1,0,0,0,1,0,1,0,1,0,1,0,0,0,1,0,0,2,0,0,2,0,0,0,0
HG01615,IBS,EUR,male,IBS020,0,0,male,0,2,1,0,0,0,2,0,0,0,0,0,0,1,0,0,1,0,0,1,0,2,0,0,0,0,0,0,0,0,1,0,0,0,0,0,0,1,1,0,1,0,2,0,0,0,1,2,0,0,0,0,0,0,0,0,0,2,0,0,1,0,0,0,0,0,0,0,2,2,0,0,0,0,0,2,0,0,0,1,0,0,0,0,0,1,0,0,0,0,0,0,2,0,0,0,0,0,0,0
HG01617,IBS,EUR,male,IBS019,0,0,male,0,1,1,0,0,0,2,0,0,0,0,2,2,0,0,0,2,1,0,1,0,2,0,0,0,0,1,0,0,0,0,0,0,0,0,0,0,0,0,0,1,0,1,0,0,0,1,2,0,0,1,2,1,0,0,0,0,2,0,0,1,0,0,0,0,0,0,1,1,1,0,0,0,1,1,1,0,1,0,0,0,0,0,0,0,1,1,0,0,0,0,0,2,0,0,0,0,0,0,0
HG01618,IBS,EUR,female,IBS019,0,0,female,0,1,0,0,0,0,2,0,0,0,0,0,2,0,0,0,2,1,0,1,1,2,0,0,0,0,0,0,0,0,1,0,0,0,1,0,0,0,0,0,0,0,1,0,0,0,1,2,0,0,1,2,0,0,0,0,0,1,0,0,0,0,0,0,0,0,0,1,1,2,0,0,0,1,0,2,0,1,0,1,0,0,0,0,0,0,0,0,0,1,0,0,2,0,0,1,0,0,0,0
HG01619,IBS,EUR,male,IBS018,0,0,male,0,1,2,0,0,0,2,0,1,0,0,1,2,0,0,0,1,0,0,0,0,2,0,0,0,0,0,0,0,0,0,0,0,1,0,0,0,0,0,0,1,0,0,0,0,0,0,2,0,0,0,2,0,0,0,0,0,1,0,0,2,0,0,0,0,0,0,0,1,0,0,0,0,0,1,2,1,1,0,1,0,0,0,0,0,0,0,0,0,1,0,0,2,0,0,1,0,0,0,0
HG01620,IBS,EUR,female,IBS018,0,0,female,0,2,0,0,0,0,2,0,1,0,1,1,1,0,0,0,1,1,0,0,0,2,0,0,0,0,0,0,0,0,0,0,1,1,0,0,0,0,0,0,0,0,1,0,1,0,1,2,0,0,1,2,0,0,0,1,0,2,0,0,2,0,0,2,0,0,0,0,1,1,0,0,0,1,1,2,0,1,0,0,1,0,0,0,0,0,1,0,0,1,0,0,2,0,0,1,0,0,0,0
HG01623,IBS,EUR,female,IBS017,0,0,female,0,2,0,0,0,0,2,0,0,0,1,0,2,0,0,0,2,1,0,0,0,2,0,0,0,0,0,0,1,0,0,0,0,2,0,0,0,0,0,0,0,1,0,0,1,0,0,1,0,0,0,2,0,0,0,0,0,0,0,0,2,0,0,0,0,0,0,1,1,0,0,0,0,0,1,2,0,0,0,1,0,1,0,0,1,1,0,1,0,0,0,0,2,0,0,2,0,0,0,0
HG01624,IBS,EUR,male,IBS017,0,0,male,0,1,1,1,0,0,2,0,0,0,0,0,0,2,0,0,1,0,0,1,0,2,0,0,0,0,0,0,1,0,0,0,0,0,1,0,0,1,1,0,0,0,1,0,1,0,1,2,0,0,0,2,0,0,0,1,0,2,0,0,0,0,0,0,0,0,0,0,1,2,0,0,0,1,1,1,0,2,0,2,0,0,0,0,0,0,0,0,0,1,0,0,2,0,0,2,1,0,0,0
HG01625,IBS,EUR,male,IBS016,0,0,male,0,1,0,0,0,0,2,0,1,0,1,1,2,0,0,0,2,0,0,2,0,2,0,0,0,0,1,0,0,0,1,0,0,1,0,0,0,1,0,0,1,0,1,0,1,0,2,2,0,0,0,2,0,0,0,0,0,1,0,0,1,0,0,1,0,0,0,1,2,2,0,0,0,1,0,1,0,1,0,1,0,0,0,1,0,0,1,0,0,0,0,0,2,0,0,2,0,0,0,0
HG01626,IBS,EUR,female,IBS016,0,0,female,0,0,1,0,0,0,2,0,0,0,0,1,2,0,0,0,1,1,0,0,0,2,0,1,1,0,0,0,0,0,0,0,0,0,0,1,0,0,0,0,1,1,1,0,0,0,0,0,0,0,0,2,0,0,0,1,0,2,0,0,2,0,0,0,0,0,0,1,1,1,0,0,0,1,1,2,0,1,0,1,0,1,0,0,0,0,0,0,0,0,0,0,1,1,0,0,0,0,0,0
HG01628,IBS,EUR,female,IBS015,0,0,female,0,1,0,0,0,0,2,0,1,0,0,1,2,2,0,0,1,1,0,2,0,2,0,0,0,0,0,0,0,0,0,0,0,0,0,0,0,1,1,0,1,0,0,0,0,0,1,2,0,0,0,2,0,0,0,0,0,0,0,0,1,0,0,0,0,0,0,0,1,1,0,0,0,2,1,2,0,1,0,0,0,0,0,0,0,0,0,1,0,0,0,0,2,0,0,1,0,0,1,0
HG01630,IBS,EUR,male,IBS015,0,0,male,0,0,0,0,0,0,2,0,0,0,0,0,2,0,0,0,1,0,0,0,0,1,0,0,0,0,0,0,0,0,1,0,1,1,0,0,0,1,1,0,1,0,0,0,0,0,1,2,0,0,1,2,0,0,0,0,0,1,0,0,1,0,0,0,0,0,0,2,2,2,0,0,0,2,0,2,0,0,0,1,0,1,0,0,0,0,0,0,1,1,0,0,2,0,0,1,0,0,0,1
HG01632,IBS,EUR,female,IBS014,0,0,female,0,1,1,0,0,0,2,0,1,0,0,1,2,2,0,0,2,0,0,2,0,2,0,0,0,0,0,0,0,0,0,0,1,1,1,0,0,0,0,0,1,0,1,0,0,0,2,2,0,0,1,2,0,0,0,0,0,2,0,0,1,0,0,0,0,0,0,2,2,2,0,0,0,0,0,1,0,1,0,1,1,1,0,1,1,1,0,0,0,0,0,0,2,0,0,2,0,0,0,0
HG01668,IBS,EUR,female,IBS025,0,0,female,0,1,1,0,0,0,2,0,0,0,0,0,2,0,0,0,2,0,0,0,0,2,0,1,1,0,1,0,0,0,0,0,0,0,1,0,0,0,0,0,0,0,1,0,0,0,1,2,1,0,1,2,0,0,0,0,0,2,0,0,2,0,0,0,1,0,0,1,1,2,0,0,0,2,0,1,0,1,0,1,0,0,0,0,0,0,0,0,0,1,0,0,2,0,0,1,0,0,0,0
HG01669,IBS,EUR,male,IBS025,0,0,male,0,2,0,0,0,0,2,0,1,0,0,0,2,0,0,0,2,0,0,1,0,2,0,0,0,0,0,0,0,0,0,0,0,1,0,0,0,0,0,0,0,0,2,0,0,0,0,2,0,0,0,2,0,0,0,2,0,0,0,0,1,0,0,1,0,0,0,0,1,1,0,0,0,2,1,2,0,0,0,1,0,0,0,0,0,0,1,0,0,1,0,0,2,0,0,2,0,0,1,0
HG01670,IBS,EUR,female,IBS026,0,0,female,0,2,1,0,0,0,2,0,1,0,0,2,2,0,0,0,1,1,0,1,1,2,0,0,0,0,0,0,0,0,0,0,0,1,0,0,0,0,0,0,0,1,1,0,0,0,1,2,0,0,0,2,0,0,0,0,0,0,0,0,1,0,0,0,0,0,0,1,2,1,0,0,0,0,1,1,0,0,0,2,0,0,0,0,1,1,1,0,0,0,0,0,2,0,0,2,0,0,0,0
HG01672,IBS,EUR,male,IBS026,0,0,male,0,1,1,0,0,0,2,0,0,0,0,0,2,0,0,0,2,1,0,1,0,2,0,1,1,0,0,0,0,0,0,0,0,0,0,0,0,0,0,0,0,0,1,0,1,0,2,2,0,0,0,2,0,0,0,0,0,1,0,0,2,0,0,0,0,0,0,0,1,1,0,0,0,1,2,2,0,0,0,1,1,0,0,1,1,0,1,0,0,0,0,0,2,0,0,2,0,0,0,0
HG01675,IBS,EUR,male,IBS027,0,0,male,0,0,1,0,0,0,2,0,0,0,0,2,1,2,0,0,2,1,0,0,0,2,0,1,1,0,1,0,0,0,0,0,0,1,0,0,0,0,0,0,0,0,1,0,0,0,0,1,0,0,2,2,0,0,0,0,0,0,0,0,2,0,0,1,0,0,0,1,1,1,0,0,0,1,1,2,0,1,0,2,0,1,0,1,0,1,0,0,0,1,0,0,2,0,0,1,1,0,0,0
HG01676,IBS,EUR,female,IBS028,0,0,female,0,2,1,0,0,0,2,0,1,0,0,1,0,0,0,0,2,0,0,1,0,2,0,0,0,0,0,0,0,0,0,0,0,0,0,0,0,1,1,0,1,0,1,0,0,0,1,1,0,0,0,2,0,0,0,0,0,2,0,0,1,0,0,0,0,0,0,0,2,1,0,0,0,1,0,1,0,0,0,2,1,0,0,0,0,0,0,0,0,0,0,0,2,0,0,2,0,0,0,0
HG01678,IBS,EUR,male,IBS028,0,0,male,0,0,2,0,0,0,2,0,1,0,0,0,2,0,0,0,2,0,0,2,0,2,0,0,0,0,0,0,0,0,0,0,0,0,0,0,0,0,0,0,0,0,2,0,0,0,1,1,0,0,0,2,0,0,0,1,0,1,0,0,1,0,0,0,0,0,0,1,2,2,0,0,0,0,2,0,1,1,0,1,0,1,0,0,1,0,0,1,0,0,0,0,2,0,0,2,0,0,0,0
HG01679,IBS,EUR,female,IBS029,0,0,female,0,1,1,0,0,0,2,0,0,0,0,1,1,0,0,0,2,0,0,0,1,2,0,0,0,0,0,0,0,0,0,0,0,0,0,0,0,0,0,0,1,0,1,0,0,0,0,2,0,0,1,2,0,0,0,0,0,1,0,0,1,0,0,0,0,0,0,0,2,2,0,0,0,0,1,0,0,0,0,1,0,2,1,0,0,2,2,0,0,0,0,0,0,0,0,2,0,0,1,0
HG01680,IBS,EUR,male,IBS029,0,0,male,0,0,1,0,0,0,2,0,0,0,0,1,2,0,0,0,2,1,0,1,0,2,0,0,0,0,0,0,0,0,0,0,0,0,0,0,0,0,0,0,0,0,2,0,0,0,0,2,0,0,1,2,0,0,0,0,1,1,0,0,1,0,0,0,0,0,0,0,2,2,0,0,0,2,1,2,0,0,0,1,1,0,0,0,0,0,0,0,0,0,0,0,2,0,0,1,0,0,0,0
HG01682,IBS,EUR,male,IBS030,0,0,male,0,2,1,0,0,0,2,0,0,0,0,0,2,0,0,0,2,0,0,1,0,2,0,1,1,0,1,0,0,0,1,0,0,0,0,0,0,0,0,0,0,0,2,0,1,0,0,2,0,0,1,2,0,0,0,0,1,2,0,0,2,0,0,0,0,0,0,1,2,1,0,0,0,1,2,1,0,1,0,1,2,1,0,1,0,2,0,1,0,0,0,0,2,0,0,1,0,0,0,0
HG01684,IBS,EUR,female,IBS030,0,0,female,0,1,0,0,0,0,2,0,1,0,0,1,2,0,0,0,2,0,0,1,1,2,0,0,0,0,0,0,0,0,0,0,0,1,0,0,0,0,1,0,0,0,0,0,1,0,2,1,0,0,1,2,0,0,0,0,1,0,0,0,0,0,0,0,0,0,0,0,2,1,0,0,0,0,0,1,0,0,0,1,0,1,0,0,0,1,1,0,0,1,0,0,2,0,0,2,0,0,0,0
HG01685,IBS,EUR,female,IBS031,0,0,female,0,1,0,0,0,0,2,0,1,0,0,1,1,0,0,0,1,0,0,1,0,2,0,0,0,0,0,0,0,0,1,0,0,1,0,0,0,0,0,0,0,0,1,0,1,0,1,1,0,0,0,2,0,0,0,0,0,1,0,0,2,0,0,0,0,0,0,2,1,1,0,0,0,0,2,2,0,1,0,2,0,0,0,0,0,1,0,0,0,0,0,0,2,0,0,1,0,0,0,0
HG01686,IBS,EUR,male,IBS031,0,0,male,0,1,0,0,0,0,2,0,0,0,0,0,2,0,0,0,2,0,0,1,0,2,0,0,0,0,0,0,0,0,1,0,0,1,1,0,0,0,0,0,0,0,1,0,0,0,1,1,0,0,0,2,0,0,0,1,0,2,0,0,1,0,0,0,0,0,0,0,2,2,0,0,0,2,1,2,0,1,0,2,0,0,0,0,1,0,1,0,0,0,0,0,2,0,0,2,0,0,0,0
HG01694,IBS,EUR,male,IBS034,0,0,male,0,0,0,0,0,0,2,0,0,0,0,1,1,0,0,0,0,1,0,1,0,2,0,0,0,0,0,0,0,0,0,0,0,0,0,0,0,0,0,0,0,1,0,0,0,0,1,2,0,0,2,2,0,0,0,0,0,1,0,0,0,0,0,0,0,0,0,1,1,1,0,0,0,1,1,2,0,0,0,0,1,1,0,0,1,0,0,0,0,1,0,0,2,0,0,1,0,0,0,0
HG01697,IBS,EUR,female,IBS035,0,0,female,0,2,1,0,0,0,2,0,0,0,0,1,1,0,0,0,2,1,0,1,0,2,0,0,1,0,0,0,0,0,0,0,0,1,0,0,0,0,0,0,0,0,0,0,0,0,0,2,0,0,1,2,0,0,0,1,1,1,0,0,2,0,0,0,0,0,0,1,1,0,0,0,0,2,1,1,0,1,0,1,0,0,0,0,0,0,1,0,0,0,0,0,2,0,0,2,0,0,0,0
HG01700,IBS,EUR,male,IBS036,0,0,male,0,1,0,0,0,0,2,0,0,0,0,0,2,0,0,0,2,0,0,1,0,2,0,1,1,0,0,0,0,0,0,0,0,1,0,0,0,0,0,0,0,0,2,0,0,0,2,2,0,0,1,2,1,0,0,0,0,1,0,0,1,0,0,0,0,0,0,0,2,1,0,0,0,0,0,2,0,0,0,2,0,1,1,0,0,0,1,0,0,0,0,0,2,0,0,1,0,0,0,0
HG01702,IBS,EUR,female,IBS036,0,0,female,0,0,0,0,0,0,2,0,1,0,0,0,2,0,0,0,2,0,0,2,0,2,0,0,0,0,1,0,1,0,0,0,0,0,0,0,0,0,0,0,1,0,2,0,1,0,1,2,0,0,0,2,0,0,0,0,0,1,0,0,2,0,0,0,0,0,0,2,2,1,0,0,0,1,1,1,0,0,0,0,0,1,0,0,0,2,0,0,0,0,0,0,2,0,0,2,0,0,0,0
HG01704,IBS,EUR,female,IBS037,0,0,female,0,2,0,0,0,0,2,0,0,0,0,2,2,0,0,0,2,0,0,2,0,2,0,0,0,0,0,0,1,1,1,0,0,2,0,0,0,2,2,0,1,1,1,0,0,0,1,2,0,0,0,2,0,0,0,0,0,1,0,0,0,0,0,1,0,0,0,1,1,1,0,0,0,0,1,2,1,0,0,0,0,0,0,0,1,0,2,1,0,0,0,0,2,0,0,1,0,0,0,0
HG01705,IBS,EUR,male,IBS037,0,0,male,0,2,1,1,0,0,2,0,0,0,0,2,2,0,0,0,2,0,0,1,0,2,0,0,0,0,0,0,0,0,0,0,0,0,0,0,0,0,0,0,2,0,1,0,0,0,1,2,0,0,0,2,0,0,0,0,0,1,0,0,1,0,0,1,0,0,0,0,2,1,0,0,0,0,1,2,0,1,0,0,0,0,0,1,0,1,0,0,0,0,0,0,2,0,0,2,0,0,0,0
HG01707,IBS,EUR,female,IBS038,0,0,female,0,2,0,0,0,0,2,0,0,0,0,0,2,0,0,0,1,1,0,0,0,2,0,0,0,0,0,0,0,0,1,0,0,0,1,0,0,0,0,0,0,0,0,0,0,0,1,1,0,0,1,2,0,0,0,0,0,1,0,0,2,0,0,0,0,0,0,0,2,2,0,0,0,0,2,2,0,1,0,1,1,2,1,0,0,1,0,1,0,1,0,0,2,0,0,1,0,0,0,0
HG01708,IBS,EUR,male,IBS038,0,0,male,0,1,0,0,0,0,2,0,0,0,0,0,2,0,0,0,2,0,0,2,0,2,0,0,0,0,0,0,0,0,0,0,0,0,1,1,0,0,0,0,0,0,1,0,0,0,2,2,0,0,0,2,0,0,0,0,1,1,0,0,1,0,0,0,0,0,0,1,2,1,0,0,0,1,1,1,0,0,0,1,0,1,0,0,0,0,1,0,0,0,0,0,2,0,0,1,0,0,0,0
HG01709,IBS,EUR,male,IBS039,0,0,male,0,1,0,0,0,0,2,0,1,0,0,0,0,0,0,0,2,1,0,1,0,2,0,0,0,0,0,0,0,0,0,0,0,1,1,0,0,0,0,0,0,0,1,0,0,0,0,2,0,0,0,2,0,0,0,0,0,1,0,0,0,0,0,0,0,0,0,0,2,2,0,0,0,2,0,2,0,1,0,1,0,0,0,0,0,0,1,0,0,0,0,0,2,0,0,1,0,0,0,0
HG01710,IBS,EUR,female,IBS039,0,0,female,0,0,0,0,0,0,2,0,1,0,0,0,1,0,0,0,0,0,0,2,0,2,0,1,1,0,1,0,0,0,0,0,0,0,0,0,0,1,1,0,1,0,0,0,1,0,1,2,0,0,1,2,0,0,0,1,0,2,0,0,1,0,0,0,0,0,0,0,2,2,0,0,0,2,0,2,0,1,0,1,0,0,0,0,0,1,1,0,0,0,0,0,2,0,0,2,1,0,0,0
HG01746,IBS,EUR,female,IBS041,0,0,female,0,2,1,0,0,0,2,0,1,0,0,1,1,0,0,0,2,0,0,0,0,2,0,1,1,0,0,0,0,0,0,0,0,1,0,0,0,1,0,0,0,0,1,0,1,0,1,2,0,0,0,2,0,0,0,1,0,2,0,0,1,0,0,1,0,0,0,1,2,2,0,0,0,0,1,0,0,0,0,1,1,0,0,0,1,0,0,0,0,1,0,0,2,0,0,0,0,0,0,0
HG01747,IBS,EUR,male,IBS041,0,0,male,0,1,0,0,0,0,2,0,1,0,0,0,2,0,1,0,2,2,0,0,0,2,0,1,1,0,0,0,0,0,0,0,0,0,0,0,0,0,0,0,1,0,2,0,0,0,1,1,0,0,2,2,0,0,0,0,0,1,0,0,1,0,0,0,0,0,0,1,1,1,0,0,0,2,1,1,0,1,0,0,0,0,0,1,0,1,0,0,0,0,0,0,2,0,0,2,0,0,0,0
HG01756,IBS,EUR,male,IBS044,0,0,male,0,0,1,0,0,0,2,0,0,0,0,1,2,2,0,0,2,0,0,1,1,2,0,0,0,0,0,0,0,0,0,0,0,0,0,0,0,0,0,0,0,0,1,0,0,0,2,2,0,0,1,2,0,0,0,0,0,1,0,0,2,0,0,0,0,0,0,0,1,1,0,0,0,1,0,1,0,0,0,1,0,0,0,0,1,0,1,0,0,0,0,0,2,0,0,2,0,0,0,0
HG01757,IBS,EUR,female,IBS044,0,0,female,0,1,0,0,0,0,2,0,0,0,0,1,2,0,0,0,2,1,0,1,0,2,0,0,0,0,0,0,0,0,0,0,1,1,1,0,0,0,0,0,1,1,1,0,0,0,1,1,0,0,0,2,0,0,0,0,0,1,0,0,1,0,0,0,0,0,0,0,2,2,0,0,0,2,1,2,0,0,0,1,0,0,0,0,1,1,1,0,0,1,0,0,2,0,0,2,0,0,0,0
HG01761,IBS,EUR,male,IBS046,0,0,male,0,1,0,0,0,0,2,0,1,0,1,0,1,1,0,0,2,2,0,2,0,2,0,0,0,0,0,0,0,0,0,0,0,0,0,0,0,1,0,0,2,0,1,0,0,0,1,1,0,0,1,2,0,0,0,0,1,0,0,0,2,0,0,0,0,0,0,0,2,1,0,0,0,2,1,1,0,1,0,0,0,0,0,0,0,0,0,0,1,1,0,0,2,0,0,2,0,0,0,0
HG01762,IBS,EUR,female,IBS046,0,0,female,0,0,0,0,0,0,2,0,1,0,0,0,2,0,0,0,1,0,0,1,0,2,0,1,1,0,0,0,0,0,1,0,0,0,0,0,0,0,0,0,0,0,1,0,0,0,2,2,0,0,0,2,0,0,0,0,0,0,0,0,2,0,0,0,0,0,0,0,2,1,0,0,0,0,1,2,0,1,0,1,0,0,0,0,0,1,1,0,0,0,0,0,2,0,0,1,0,0,0,0
HG01765,IBS,EUR,male,IBS047,0,0,male,0,1,0,0,0,0,2,0,1,0,0,1,2,0,0,0,1,0,0,0,0,2,0,0,0,0,1,0,0,0,0,0,0,1,0,1,0,0,1,0,1,0,1,0,0,0,2,2,1,0,1,2,0,0,0,0,1,1,0,0,0,0,0,1,0,0,0,0,2,1,0,0,0,1,0,2,0,0,0,1,0,0,0,0,0,0,0,0,0,0,0,0,2,0,0,1,0,0,0,0
HG01766,IBS,EUR,female,IBS047,0,0,female,0,1,0,0,0,0,2,0,1,0,0,1,2,0,0,0,2,1,0,2,0,2,0,1,1,0,1,0,0,0,0,0,0,0,0,0,0,1,0,0,0,0,1,0,0,0,0,2,0,0,0,2,0,0,0,0,0,2,0,0,2,0,0,0,0,0,0,1,2,1,0,0,0,2,1,2,0,1,0,2,1,0,0,0,0,1,0,0,1,0,0,0,2,0,0,2,0,0,0,0
HG01767,IBS,EUR,male,IBS048,0,0,male,0,2,1,1,0,1,2,0,0,0,0,1,2,0,0,0,1,0,0,1,1,2,0,0,0,0,0,0,0,0,0,0,0,0,0,1,0,1,0,0,0,1,1,0,0,0,0,2,0,1,1,2,1,0,0,1,0,1,0,0,2,0,0,0,0,0,0,0,2,1,0,0,0,1,0,0,2,2,0,1,0,1,0,0,0,0,0,0,0,1,0,0,2,0,0,2,0,0,0,0
HG01768,IBS,EUR,female,IBS048,0,0,female,0,2,0,0,0,0,2,0,1,0,0,1,2,0,0,0,2,0,0,2,0,2,0,0,0,0,0,0,0,0,0,0,0,0,0,0,0,0,0,0,1,0,2,0,0,0,2,2,1,0,0,2,0,0,0,1,0,1,0,0,1,0,0,0,0,0,0,0,2,0,0,0,0,1,0,2,0,0,0,1,0,0,0,0,0,0,0,0,0,0,0,0,2,0,0,0,0,0,1,0
HG01770,IBS,EUR,female,IBS049,0,0,female,0,2,1,0,0,0,2,0,0,0,0,1,0,0,0,0,2,0,0,0,0,2,0,0,0,0,1,0,0,0,0,0,0,0,1,0,0,0,1,0,1,0,0,0,2,0,0,2,0,0,1,2,0,0,0,0,0,1,0,0,2,0,0,0,0,0,0,0,1,1,0,0,0,1,1,2,0,0,0,0,0,0,0,0,0,0,0,0,0,1,0,0,2,1,0,1,0,0,0,0
HG01771,IBS,EUR,male,IBS049,0,0,male,0,1,1,0,0,0,2,0,0,0,0,1,1,0,0,0,2,0,0,0,1,2,0,0,0,0,0,0,0,0,0,0,0,1,0,1,1,1,0,0,1,0,1,0,1,0,1,2,0,0,0,2,0,0,0,0,0,0,0,0,1,0,0,1,0,0,0,1,2,1,0,0,0,1,1,2,0,2,0,1,0,1,0,1,0,0,1,1,0,0,0,0,2,0,0,2,0,0,0,0
HG01773,IBS,EUR,female,IBS050,0,0,female,0,1,0,0,0,0,2,0,0,0,0,1,1,0,0,0,2,0,0,1,0,2,0,0,0,0,1,0,0,0,0,0,0,1,0,0,0,0,0,0,0,1,1,0,0,0,1,1,0,0,0,2,0,0,0,0,0,0,0,0,1,0,0,1,1,0,0,0,2,2,0,0,0,1,0,2,0,1,0,1,0,1,0,0,0,1,1,0,0,0,0,0,2,0,0,1,0,0,0,0
HG01775,IBS,EUR,male,IBS050,0,0,male,0,0,2,0,0,0,2,0,1,0,0,0,2,0,0,0,1,2,0,1,0,2,0,0,0,0,0,0,0,0,0,0,0,0,0,0,0,1,0,0,1,0,1,0,0,0,1,2,1,0,1,2,0,0,0,0,0,2,0,0,1,0,0,0,0,0,0,1,2,2,0,0,0,1,1,2,1,0,0,1,0,0,0,0,0,0,0,0,0,0,0,0,2,0,0,2,0,0,0,0
HG01776,IBS,EUR,female,IBS051,0,0,female,0,1,1,0,0,0,2,0,0,0,0,1,2,0,0,0,1,0,0,2,0,2,0,0,0,0,1,0,0,0,0,0,0,1,0,0,0,0,0,0,0,0,1,0,1,0,1,2,0,0,0,2,0,0,0,0,1,2,0,0,1,0,0,0,0,0,0,1,2,2,0,0,0,2,0,2,0,0,0,1,0,1,0,0,0,0,0,0,0,0,0,0,2,0,0,1,0,0,0,1
HG01777,IBS,EUR,male,IBS051,0,0,male,0,1,1,0,0,0,2,0,1,0,0,1,2,0,0,0,1,0,0,0,0,2,0,0,0,0,1,0,0,0,0,0,0,0,0,0,0,0,0,0,0,0,1,0,0,0,2,2,0,0,2,2,0,0,0,0,0,1,0,0,2,0,0,1,0,0,0,0,2,1,0,0,0,1,0,1,0,1,0,0,1,0,0,0,0,1,0,0,0,1,0,0,2,0,0,1,0,0,0,0
HG01779,IBS,EUR,female,IBS052,0,0,female,0,1,0,0,0,0,2,0,1,0,0,1,2,1,0,0,2,1,0,2,0,2,0,0,0,0,1,0,0,0,0,0,0,1,1,0,0,1,1,0,0,0,0,0,0,0,2,2,0,0,2,2,1,0,0,0,1,2,0,0,1,0,0,0,0,0,0,0,2,1,0,0,0,0,1,2,1,1,0,0,0,0,0,0,0,1,2,0,0,1,0,0,2,0,0,0,0,0,0,1
HG01781,IBS,EUR,male,IBS052,0,0,male,0,0,0,0,0,0,2,0,0,0,0,1,2,0,0,0,2,0,0,1,0,2,0,1,1,0,0,0,0,0,0,0,0,1,0,0,0,0,0,0,1,0,1,0,2,0,1,2,0,0,0,2,0,0,0,0,0,0,0,0,1,0,0,0,0,0,0,1,1,1,0,0,0,1,1,2,0,1,0,0,0,0,0,0,0,1,0,0,0,0,0,0,2,0,0,1,0,0,0,0
HG01783,IBS,EUR,male,IBS053,0,0,male,0,2,0,0,0,0,2,0,0,0,0,1,1,0,0,0,2,0,0,2,0,2,0,1,1,0,0,0,0,0,0,0,0,2,0,0,0,0,0,0,0,0,0,0,0,0,1,2,0,0,0,2,0,0,0,0,0,2,0,0,1,0,0,0,0,0,0,0,2,2,0,0,0,0,1,2,0,1,0,2,0,0,0,1,0,1,0,0,0,1,0,0,2,0,0,2,0,0,0,0
HG01784,IBS,EUR,female,IBS053,0,0,female,0,0,0,0,0,0,2,0,0,0,0,1,2,0,0,0,2,1,0,2,0,2,0,0,0,0,0,0,0,0,0,0,0,0,0,0,0,0,0,0,0,0,2,0,1,0,1,1,0,0,1,2,0,0,0,0,0,2,0,0,2,0,0,0,0,0,0,2,2,2,0,0,0,0,2,2,0,1,0,1,0,0,0,0,0,0,0,0,0,1,0,0,2,0,0,2,0,0,0,0
HG01785,IBS,EUR,male,IBS054,0,0,male,0,2,1,0,0,0,2,0,1,0,0,0,2,0,0,0,1,0,0,1,0,2,0,0,0,0,0,0,0,0,0,0,0,0,1,0,0,0,0,0,0,0,2,0,0,0,1,1,0,0,0,2,0,0,0,0,0,1,0,0,1,0,0,2,0,0,0,0,2,2,0,0,0,0,0,2,0,0,0,2,1,0,0,0,0,0,1,0,0,0,0,0,2,0,0,2,1,0,0,0
HG01786,IBS,EUR,female,IBS054,0,0,female,0,1,0,0,0,0,2,0,1,0,0,1,2,1,0,0,2,0,0,0,0,2,0,1,1,0,1,0,0,0,0,0,0,0,0,0,0,1,1,0,1,0,2,0,0,0,1,2,0,0,0,2,0,0,0,2,0,1,0,0,2,0,0,0,0,0,0,1,1,1,0,0,0,1,2,1,0,0,0,1,0,0,0,0,1,0,0,0,0,0,0,0,2,0,0,2,0,0,0,0
HG01789,GBR,EUR,male,HG01789,0,0,male,0,2,1,0,0,0,2,0,1,0,0,1,1,0,0,0,2,0,0,0,0,2,0,0,0,0,1,0,0,0,0,0,0,1,0,0,0,0,0,0,0,0,0,0,0,0,2,2,0,0,0,2,0,0,0,1,0,2,0,0,0,0,0,0,0,0,0,1,2,2,0,0,0,1,0,1,1,1,0,1,1,0,0,0,0,0,0,0,0,0,0,0,2,1,0,2,0,0,0,0
HG01790,GBR,EUR,female,HG01790,0,0,female,0,0,1,0,0,0,2,0,1,0,0,0,2,0,0,0,2,1,0,0,1,2,0,1,1,0,1,0,0,0,1,0,0,0,1,0,0,0,0,0,0,0,1,0,0,0,0,2,0,0,1,2,0,0,0,1,0,1,0,0,1,0,0,0,0,0,0,1,2,2,0,0,0,1,1,1,0,1,0,2,0,0,0,0,0,1,0,0,0,1,0,0,2,0,0,1,0,0,0,0
HG01791,GBR,EUR,male,HG01791,0,0,male,0,2,1,0,0,0,2,0,0,0,0,0,2,0,0,0,2,0,0,0,1,2,0,0,0,0,1,0,0,0,0,0,0,1,0,0,0,0,0,0,0,0,1,0,0,0,2,2,0,0,0,2,0,0,0,1,0,0,0,0,2,0,0,0,0,0,0,1,2,1,0,0,0,1,1,1,0,0,0,2,0,0,0,0,0,0,1,0,0,1,0,0,2,0,0,1,0,0,0,0
HG01794,CDX,EAS,female,HG01794,0,0,female,0,0,0,0,1,1,2,0,0,0,0,0,2,0,0,0,1,0,0,1,0,2,0,0,0,0,0,1,0,0,0,0,1,0,2,0,0,0,0,0,0,0,1,0,0,0,2,1,0,0,1,2,0,0,0,0,0,2,0,0,1,0,0,0,1,0,0,1,2,2,0,0,0,1,2,2,0,0,0,1,1,1,0,0,1,1,1,0,0,0,0,0,2,0,0,2,0,0,0,0
HG01795,CDX,EAS,female,HG01795,0,0,female,0,0,0,0,0,0,2,0,1,0,0,0,2,0,0,0,2,1,0,0,0,2,0,1,1,0,1,0,1,1,1,0,0,0,1,0,0,1,0,0,0,0,1,0,0,0,1,1,0,0,0,1,0,0,0,0,0,1,0,0,0,0,0,0,0,0,0,0,0,0,0,0,1,1,1,0,0,0,0,0,0,1,0,0,1,2,2,0,0,2,0,0,2,0,0,2,0,0,0,0
HG01796,CDX,EAS,female,HG01796,0,0,female,0,1,0,0,0,1,2,0,0,0,0,2,2,0,0,0,0,1,0,0,0,2,0,0,0,0,0,0,1,1,1,0,1,1,0,0,0,0,0,0,2,0,2,0,0,0,2,2,0,0,1,0,0,0,0,0,0,1,0,0,1,0,0,0,0,0,0,0,1,1,0,0,0,1,2,0,0,1,0,1,0,1,0,0,0,0,0,0,0,0,0,0,2,0,0,1,0,0,0,0
HG01797,CDX,EAS,female,HG01797,0,0,female,0,2,1,0,0,0,2,0,0,0,0,1,1,0,0,0,2,0,0,1,0,2,0,0,0,0,1,0,0,0,0,0,0,0,1,0,0,0,0,0,1,0,1,0,0,0,1,2,0,0,1,2,0,0,0,0,0,1,0,0,1,0,0,0,0,0,0,1,0,1,0,0,0,1,0,1,0,2,0,1,0,2,1,0,1,0,1,0,0,0,0,0,1,0,0,1,0,0,0,0
HG01798,CDX,EAS,female,HG01798,0,0,female,0,0,0,0,0,0,2,0,0,0,0,1,2,0,0,0,2,0,0,1,0,2,0,1,1,0,0,0,0,0,1,0,0,0,1,0,0,0,0,0,0,0,1,0,0,0,1,2,0,0,1,1,0,0,0,0,0,1,0,0,0,0,0,0,0,0,0,1,1,2,0,0,0,2,0,1,0,2,0,1,0,2,0,0,1,1,1,0,1,0,0,0,2,0,0,2,0,0,0,0
HG01799,CDX,EAS,female,HG01799,0,0,female,0,0,1,0,0,1,2,0,1,0,0,0,1,0,0,0,1,0,0,1,0,2,0,0,0,0,2,0,0,0,0,0,1,0,0,0,0,0,0,0,0,0,1,0,0,0,2,2,0,0,0,2,0,0,0,0,0,0,0,0,1,0,0,0,0,0,0,0,0,1,0,0,0,1,0,2,0,1,0,1,0,1,0,0,0,0,2,0,0,1,0,0,2,0,0,2,0,0,0,0
HG01800,CDX,EAS,female,HG01800,0,0,female,0,1,0,0,0,0,2,0,1,0,0,0,2,0,0,0,2,0,0,1,0,2,0,1,1,0,0,1,0,0,0,0,1,1,0,0,0,1,0,0,0,0,1,0,0,0,0,1,0,0,1,2,0,0,0,0,0,2,0,0,2,0,0,0,0,0,0,1,0,0,0,0,0,0,0,1,0,2,0,0,0,1,0,0,0,1,1,0,0,1,0,0,2,0,0,2,0,0,0,0
HG01801,CDX,EAS,female,HG01801,0,0,female,0,2,0,0,0,0,2,0,0,0,0,1,1,0,0,0,2,0,0,0,0,2,0,0,0,0,1,0,0,0,0,0,0,0,1,0,0,0,0,0,0,1,1,0,0,0,0,2,0,0,0,2,0,0,0,0,0,1,0,0,1,0,0,0,0,0,0,1,0,1,0,0,0,0,0,0,0,0,0,2,1,1,0,0,0,0,0,0,0,0,0,0,1,0,0,2,0,0,0,0
HG01802,CDX,EAS,female,HG01802,0,0,female,0,1,1,0,1,0,2,0,0,0,0,0,2,0,0,0,1,0,0,0,0,2,0,0,0,0,0,0,0,0,0,0,0,0,0,0,0,0,0,0,0,0,1,0,0,0,2,2,0,0,0,1,0,0,0,0,0,1,0,0,1,0,0,0,0,0,0,0,1,1,0,0,0,2,0,2,0,1,0,1,0,2,0,0,2,1,2,0,0,0,0,0,1,0,0,0,0,0,0,0
HG01804,CDX,EAS,female,HG01804,0,0,female,0,0,0,0,0,0,2,0,1,0,0,1,2,0,0,0,2,1,0,1,0,2,0,0,0,0,0,0,1,1,1,0,1,1,0,1,0,0,0,0,1,0,1,0,0,0,0,1,0,0,0,2,0,0,0,0,0,0,0,0,1,0,0,0,0,0,0,0,1,1,0,0,0,2,1,1,0,2,0,1,0,1,0,0,1,0,1,0,0,1,0,0,1,0,0,2,0,0,0,0
HG01805,CDX,EAS,female,HG01805,0,0,female,0,1,1,0,0,1,2,0,0,0,0,0,1,2,0,0,1,1,0,0,0,2,0,0,0,0,0,0,1,1,1,0,0,0,0,0,0,1,0,0,1,0,1,0,0,0,1,2,0,0,0,1,0,0,0,0,0,1,0,0,1,0,0,0,0,0,0,1,1,1,0,0,0,2,0,1,0,1,0,1,0,2,0,0,0,1,2,0,0,1,0,0,1,0,0,2,0,0,0,0
HG01806,CDX,EAS,female,HG01806,0,0,female,0,1,0,0,0,0,2,0,0,0,0,0,2,0,0,0,2,0,0,0,0,2,0,0,0,0,0,0,0,0,0,0,0,0,0,0,0,0,0,0,1,1,1,0,0,0,1,2,0,0,0,2,0,0,0,0,0,2,0,0,1,0,0,0,1,0,0,0,0,1,0,0,0,2,0,2,0,0,0,1,0,0,0,0,1,1,2,0,0,1,0,0,1,0,0,2,0,0,0,0
HG01807,CDX,EAS,female,HG01807,0,0,female,0,0,0,0,0,0,2,0,0,0,0,1,2,0,0,0,2,0,0,1,0,2,0,0,0,0,0,0,0,0,0,0,1,0,2,0,0,0,0,0,0,0,0,0,0,0,2,2,0,0,0,2,0,0,0,0,1,0,0,0,0,0,0,0,0,0,0,1,0,0,0,0,0,1,0,1,0,1,0,1,0,2,0,0,0,1,2,0,0,0,0,0,1,0,0,1,0,0,0,0
HG01808,CDX,EAS,female,HG01808,0,0,female,0,1,1,0,0,0,2,0,0,0,0,1,2,0,0,0,1,0,0,1,0,2,0,1,1,0,1,0,2,2,2,0,1,1,1,0,0,0,0,0,1,0,0,0,0,0,0,2,0,0,0,2,0,0,0,0,0,1,0,0,1,0,0,0,0,0,0,1,1,2,0,0,0,1,1,1,0,1,0,1,1,0,0,0,1,0,1,0,0,0,0,0,1,0,0,2,0,0,0,0
HG01809,CDX,EAS,female,HG01809,0,0,female,0,0,0,0,0,0,2,0,0,0,0,0,2,0,0,0,2,1,0,1,0,2,0,0,0,0,0,0,0,0,0,0,0,0,1,0,0,0,0,0,2,0,1,1,0,0,0,2,0,0,1,1,0,0,0,0,0,2,0,0,1,0,0,0,0,0,0,1,1,1,0,0,0,1,1,1,0,1,0,0,0,0,0,0,0,0,2,0,1,0,0,0,2,0,0,1,0,0,0,0
HG01810,CDX,EAS,male,HG01810,0,0,male,0,0,0,0,0,1,2,0,0,0,1,1,2,1,0,0,2,1,0,2,1,2,0,0,0,0,1,0,0,0,0,0,0,0,1,0,0,0,0,0,0,1,2,0,0,0,1,1,0,0,1,2,0,0,0,0,0,0,0,0,2,0,0,0,1,0,0,0,0,2,0,0,0,1,0,1,0,1,0,2,0,2,0,0,0,1,2,0,0,0,0,0,1,0,0,2,0,0,0,0
HG01811,CDX,EAS,male,HG01811,0,0,male,0,1,1,0,0,0,2,0,0,0,0,0,2,0,0,0,2,0,0,0,0,2,0,0,0,0,1,0,1,1,1,0,0,0,1,0,0,0,0,0,0,1,1,0,0,0,1,0,0,0,1,1,0,0,0,0,0,0,0,0,2,0,0,0,0,0,0,0,1,0,0,0,0,0,2,1,0,0,0,0,0,2,0,0,0,2,1,0,0,0,0,0,2,0,0,2,0,0,0,0
HG01812,CDX,EAS,female,HG01812,0,0,female,0,2,2,0,0,0,2,0,1,0,0,0,2,0,0,0,1,0,0,1,1,2,0,0,0,0,0,1,0,0,0,0,0,0,1,0,0,1,0,0,0,0,2,0,0,0,1,2,0,0,1,1,0,0,0,0,0,0,0,0,1,0,0,0,0,0,0,0,1,1,0,0,0,2,0,1,0,2,0,1,0,2,0,0,1,1,0,0,0,0,0,0,1,0,0,2,0,0,0,0
HG01813,CDX,EAS,female,HG01813,0,0,female,0,0,0,0,0,0,2,0,0,0,0,0,1,0,0,0,2,0,0,1,0,2,0,0,0,0,0,1,0,0,0,0,0,0,1,0,0,0,0,0,1,0,2,0,1,0,0,2,0,0,0,2,0,0,0,0,0,0,0,0,2,0,0,0,0,0,0,0,1,2,0,0,0,1,1,1,0,1,0,1,0,0,0,0,0,0,1,0,0,0,0,0,2,0,0,1,0,0,0,0
HG01815,CDX,EAS,female,HG01815,0,0,female,0,2,1,0,0,0,2,0,0,0,0,0,2,1,0,0,1,0,0,1,0,2,0,0,0,0,0,0,0,0,0,0,0,0,0,0,0,0,0,0,0,0,2,0,0,0,0,2,0,0,0,2,0,0,0,0,0,1,0,0,1,0,0,0,0,0,0,0,0,1,0,0,0,0,1,0,0,0,0,1,0,1,0,0,1,2,1,0,0,1,0,0,0,0,0,2,0,0,0,0
HG01816,CDX,EAS,male,HG01816,0,0,male,0,0,1,0,0,0,2,0,0,0,0,0,2,0,0,0,2,0,0,1,0,2,0,0,0,0,0,0,0,0,0,0,1,0,0,0,0,0,0,0,0,0,2,0,1,0,1,2,0,0,2,2,0,0,0,0,0,1,0,0,0,0,0,0,0,0,0,0,0,2,0,0,0,2,0,2,0,0,0,1,0,1,0,0,0,0,2,0,1,1,0,0,2,0,0,1,0,0,0,0
HG01817,CDX,EAS,female,HG01817,0,0,female,0,0,0,0,0,0,2,0,0,0,0,1,0,0,0,0,1,2,0,0,1,2,0,0,0,0,0,1,0,0,0,0,0,0,1,0,0,0,0,0,2,0,2,0,1,0,1,2,0,0,1,1,0,0,0,0,0,1,0,0,1,0,0,0,0,0,0,0,0,0,0,0,0,1,1,2,0,1,0,1,0,1,0,0,0,0,1,0,0,0,0,0,2,0,0,2,0,0,0,0
HG01840,KHV,EAS,male,VN007,0,0,male,0,0,0,0,0,1,2,0,0,0,0,0,2,0,0,0,2,0,0,1,2,2,0,0,0,0,0,0,0,0,0,0,1,0,0,0,0,0,0,0,2,1,1,0,0,0,1,2,0,0,0,2,0,0,0,0,0,1,0,0,0,0,0,0,2,0,0,1,1,1,0,0,0,1,1,2,0,2,0,1,0,2,0,0,0,1,1,0,0,1,0,0,2,0,0,2,0,0,0,0
HG01841,KHV,EAS,female,VN008,0,0,female,0,1,0,0,0,0,2,0,0,0,0,2,1,0,0,0,1,1,0,1,0,2,0,0,0,0,0,0,0,0,0,0,1,0,1,0,0,0,0,0,2,0,1,0,2,0,0,1,0,0,0,1,0,0,0,0,0,1,0,0,0,0,0,0,0,0,0,1,0,1,0,0,0,0,0,2,0,1,0,1,0,1,0,0,1,0,2,0,0,0,0,0,2,0,0,2,0,0,0,0
HG01842,KHV,EAS,male,VN009,0,0,male,0,2,0,0,0,1,2,0,1,0,1,2,0,2,1,0,2,1,0,1,0,2,0,0,0,0,1,0,0,0,0,0,0,0,2,0,0,0,0,0,1,1,1,0,0,0,0,2,0,0,0,2,0,0,0,0,0,2,0,0,2,0,0,0,0,0,0,0,0,1,0,0,0,1,0,2,0,0,0,1,0,1,0,0,0,0,1,0,0,0,0,0,1,0,0,1,0,0,1,0
HG01843,KHV,EAS,female,VN010,0,0,female,0,0,0,0,0,1,2,0,0,0,0,1,2,0,0,0,2,0,0,1,0,2,0,0,0,0,0,0,0,0,1,0,0,0,0,0,0,0,0,0,0,0,2,0,1,0,0,2,0,0,0,1,0,0,0,0,0,1,0,0,0,0,0,0,1,0,0,0,0,0,0,0,0,1,1,2,0,2,0,1,0,1,0,0,1,1,2,0,0,1,0,0,1,0,0,2,0,0,0,0
HG01844,KHV,EAS,male,VN011,0,0,male,0,1,1,0,0,0,2,0,1,0,0,1,0,0,0,0,2,1,0,1,0,2,0,0,0,0,0,0,0,0,0,0,1,1,1,0,0,0,0,0,1,0,1,0,0,0,1,2,0,0,2,1,0,0,0,0,0,2,0,0,0,0,0,0,0,0,0,0,2,2,0,0,0,2,1,2,0,1,0,1,0,1,0,0,0,0,2,0,0,1,0,0,1,0,0,2,0,0,0,0
HG01845,KHV,EAS,female,VN012,0,0,female,0,1,0,0,0,1,2,0,0,0,0,0,2,0,0,0,2,1,0,0,1,2,0,0,0,0,0,0,0,0,0,0,0,0,1,0,0,0,0,0,0,0,1,0,0,0,1,1,0,0,0,2,0,0,1,0,0,1,0,0,1,0,0,0,0,0,0,0,1,1,0,0,1,1,2,1,0,2,0,1,0,1,0,0,0,1,0,0,0,1,0,0,2,0,0,2,0,0,0,0
HG01846,KHV,EAS,male,VN013,0,0,male,0,0,1,0,0,0,2,0,0,0,1,1,0,0,0,0,2,0,0,1,0,2,0,1,1,0,0,0,0,0,0,0,0,0,1,0,0,0,0,0,1,0,1,0,0,0,1,2,0,0,1,2,0,0,1,0,0,1,0,0,2,0,0,1,0,0,0,0,0,0,0,0,0,1,0,1,0,1,0,1,0,2,0,0,0,1,1,0,0,0,0,0,2,0,0,2,0,0,0,0
HG01847,KHV,EAS,female,VN014,0,0,female,0,1,0,0,0,0,2,0,0,0,0,1,2,0,0,0,1,0,0,1,0,2,0,0,0,0,1,0,0,0,0,0,0,0,0,0,0,0,0,0,0,0,1,0,0,0,2,2,0,0,1,1,0,0,0,0,0,1,0,0,2,0,0,0,0,0,0,1,2,2,0,0,0,2,1,2,0,0,0,1,0,2,0,0,1,0,1,0,1,1,0,0,1,0,0,2,0,0,0,0
HG01848,KHV,EAS,female,VN015,0,0,female,0,0,0,0,0,0,2,0,0,0,0,1,0,0,0,0,1,0,0,2,0,2,0,1,1,0,0,0,0,0,0,0,0,0,1,0,0,1,0,0,0,0,2,1,1,0,0,2,0,0,0,2,0,0,1,0,0,0,0,0,1,0,0,1,0,0,0,1,0,1,0,0,0,1,1,2,0,2,0,1,1,0,0,0,1,0,1,0,0,0,0,0,1,0,0,2,0,0,0,0
HG01849,KHV,EAS,male,VN016,0,0,male,0,1,0,0,0,0,2,0,0,0,0,2,1,1,0,0,1,0,0,1,0,2,0,0,0,0,0,0,0,0,0,0,0,0,0,0,0,0,0,0,0,0,2,0,1,0,2,2,0,0,1,2,0,0,0,0,0,0,0,0,1,0,0,0,0,0,0,0,1,1,0,0,0,1,2,1,0,1,0,1,0,2,0,0,0,0,0,0,0,0,0,0,2,0,0,2,0,0,0,0
HG01850,KHV,EAS,female,VN017,0,0,female,0,2,0,0,0,0,2,0,0,0,0,0,2,0,0,0,2,0,0,1,0,2,0,0,1,0,1,1,0,0,0,0,1,1,2,0,0,2,0,0,0,0,2,0,0,0,1,1,0,0,1,1,0,0,0,0,0,1,0,0,1,0,0,0,0,0,0,0,0,2,0,0,0,2,0,0,0,0,0,1,0,1,1,0,0,0,2,0,0,0,0,0,2,0,0,1,0,0,0,0
HG01851,KHV,EAS,female,VN018,0,0,female,0,1,1,0,0,0,2,0,0,0,0,1,1,0,0,0,2,1,0,2,1,2,0,0,1,0,0,0,1,1,1,0,0,0,0,0,0,0,0,0,0,0,1,0,1,0,0,1,0,0,1,2,0,0,0,0,0,0,0,0,1,0,0,1,0,0,0,1,0,1,0,0,0,1,0,2,0,2,0,0,0,1,0,0,0,0,2,0,0,0,0,0,2,0,0,2,0,0,0,0
HG01852,KHV,EAS,male,VN019,0,0,male,0,0,0,0,0,1,2,0,0,0,0,0,1,2,0,0,1,1,0,0,0,2,0,0,0,0,1,0,0,0,0,0,0,0,1,0,0,0,0,0,1,0,1,0,1,0,1,2,0,0,0,2,0,0,0,0,0,0,0,0,0,0,0,0,0,0,0,1,1,1,0,0,0,2,1,1,0,0,0,0,0,1,1,0,1,1,1,0,0,1,0,0,2,0,0,2,0,0,0,0
HG01853,KHV,EAS,female,VN020,0,0,female,0,0,1,0,0,0,2,0,0,0,0,2,1,0,0,0,2,1,0,1,0,2,0,0,0,0,1,0,1,1,1,0,0,0,1,0,0,0,0,0,1,0,1,0,0,0,2,2,0,0,1,2,0,0,0,0,0,0,0,0,2,0,0,0,1,0,0,0,0,1,0,0,0,2,0,2,0,1,0,1,1,0,0,0,0,0,0,0,0,0,0,0,1,0,0,1,0,0,0,0
HG01855,KHV,EAS,female,VN022,0,0,female,0,0,0,0,0,0,2,0,0,0,0,0,2,0,0,0,1,0,0,1,0,2,0,0,0,0,0,0,1,1,1,0,0,0,0,0,0,0,0,0,1,0,1,0,0,0,1,2,0,0,0,2,0,0,0,0,0,0,0,0,0,0,0,0,0,0,0,0,0,1,0,0,0,0,1,1,0,0,0,2,0,1,0,0,0,1,1,0,0,0,0,0,1,0,0,1,0,0,0,0
HG01857,KHV,EAS,female,VN024,0,0,female,0,1,1,0,0,0,2,0,0,0,0,1,2,0,0,0,2,0,0,1,0,2,0,0,0,0,0,0,1,1,1,0,0,1,0,0,0,0,0,0,1,0,2,0,0,0,0,2,0,0,0,2,0,0,0,0,0,0,0,0,1,0,0,0,0,0,0,0,0,1,0,0,0,1,2,0,0,1,0,1,0,2,0,0,0,0,2,0,1,1,0,0,1,0,0,2,0,0,0,0
HG01858,KHV,EAS,female,VN025,0,0,female,0,2,1,0,0,0,2,0,0,0,0,2,2,0,0,0,2,0,0,2,0,2,0,0,0,0,0,0,0,0,0,0,1,1,1,0,0,0,0,0,2,1,0,0,0,0,1,2,0,0,1,2,0,0,0,0,0,1,0,0,2,0,0,0,0,0,0,0,0,1,0,0,0,2,2,2,0,0,0,2,0,0,0,0,0,0,1,0,0,0,0,0,1,0,0,2,0,0,0,0
HG01859,KHV,EAS,female,VN026,0,0,female,0,1,2,0,0,0,2,0,0,0,0,1,2,1,0,0,2,0,0,2,0,2,0,0,0,0,1,0,0,0,1,0,0,0,1,1,0,0,0,0,1,0,0,0,0,0,0,2,0,0,1,1,0,0,0,0,0,1,0,0,1,0,0,0,0,0,0,0,2,1,0,0,1,1,2,2,0,0,0,1,0,1,0,0,0,1,0,0,0,1,0,0,1,0,0,2,0,0,0,0
HG01860,KHV,EAS,male,VN027,0,0,male,0,2,1,0,0,0,2,0,0,0,0,1,2,2,0,0,2,0,0,1,0,2,0,1,1,0,0,0,0,0,0,0,0,0,1,1,0,0,0,0,2,1,2,0,0,0,0,0,0,0,1,1,0,0,0,0,0,2,0,0,2,0,0,0,0,0,0,0,2,2,0,0,0,1,1,1,0,0,0,2,0,1,0,0,2,1,1,0,0,0,0,0,0,0,0,2,0,0,0,0
HG01861,KHV,EAS,male,VN028,0,0,male,0,0,1,0,0,0,2,0,0,0,0,1,2,0,0,0,1,0,0,1,0,2,0,0,0,0,1,0,0,0,0,0,0,0,1,0,0,1,0,0,0,0,1,0,0,0,0,2,0,0,0,1,0,0,0,0,0,0,0,0,0,0,0,0,1,0,0,1,0,1,0,0,0,0,1,2,0,1,0,2,0,2,0,0,0,1,1,0,0,0,0,0,2,0,0,1,0,0,0,0
HG01862,KHV,EAS,female,VN029,0,0,female,0,1,1,0,0,0,2,0,1,0,0,1,2,0,0,0,2,0,0,0,0,2,0,0,0,0,1,0,1,1,1,0,0,0,1,0,0,0,0,0,0,0,1,0,0,0,2,2,0,0,0,1,0,0,0,0,0,1,0,0,0,0,0,0,0,0,0,0,0,1,0,0,0,0,1,2,0,1,0,2,1,1,0,0,0,1,1,0,0,0,0,0,1,0,0,2,0,0,0,0
HG01864,KHV,EAS,male,VN031,0,0,male,0,1,2,0,0,0,2,0,0,0,0,2,2,0,0,0,2,0,0,1,1,2,0,0,0,0,0,0,0,0,0,0,1,0,2,0,0,0,0,0,0,0,2,0,0,0,2,2,0,0,1,0,0,0,0,0,0,0,0,0,1,0,0,0,0,0,0,1,1,2,0,0,1,2,1,2,0,0,0,1,0,2,0,0,0,1,1,0,0,1,0,0,2,0,0,1,0,0,0,0
HG01865,KHV,EAS,male,VN032,0,0,male,0,2,1,0,1,0,2,0,1,0,0,0,2,0,0,0,2,0,0,0,0,2,0,0,0,0,1,0,1,1,1,0,0,0,1,0,0,0,0,0,0,0,2,1,0,0,1,2,0,0,0,0,0,0,0,0,0,2,0,0,0,0,0,0,0,0,0,1,0,1,0,0,0,1,2,0,0,0,0,1,0,2,0,0,0,2,1,0,0,0,0,0,2,0,0,2,0,0,0,0
HG01866,KHV,EAS,male,VN033,0,0,male,0,1,2,0,0,1,2,0,0,0,0,1,1,0,0,0,1,0,0,0,0,2,0,0,0,0,1,0,1,1,1,0,0,1,0,0,0,0,0,0,1,0,2,0,1,0,1,0,0,0,1,1,0,0,0,0,0,0,0,0,1,0,0,0,1,0,0,0,1,1,0,0,0,1,0,1,0,2,0,0,0,2,0,0,0,1,2,0,0,1,0,0,2,0,0,2,0,0,0,0
HG01867,KHV,EAS,male,VN034,0,0,male,0,1,1,0,0,1,2,0,1,0,0,2,1,0,0,0,2,0,0,0,0,2,0,0,0,0,0,0,0,0,0,0,1,0,0,0,0,0,0,0,0,1,2,1,0,0,1,2,0,0,1,2,0,0,0,0,0,2,0,0,0,0,0,0,0,0,0,1,0,1,0,0,0,2,0,1,0,1,0,2,0,0,1,0,0,0,0,0,1,1,0,0,2,0,0,2,0,0,0,0
HG01868,KHV,EAS,female,VN035,0,0,female,0,0,0,0,0,0,2,0,0,0,0,1,2,0,0,0,2,0,0,0,0,2,0,0,0,0,0,0,0,0,0,0,0,0,0,0,0,0,0,0,0,0,2,0,0,0,0,1,0,0,0,2,0,0,0,0,0,0,0,0,2,0,0,0,0,0,0,0,1,1,0,0,0,0,1,1,0,2,0,0,0,1,0,0,1,1,1,0,0,0,0,0,2,0,0,2,0,0,0,0
HG01869,KHV,EAS,female,VN036,0,0,female,0,1,0,0,0,1,2,0,0,0,0,2,0,0,1,0,2,0,0,1,0,2,0,0,0,0,1,0,0,0,0,0,0,0,1,0,0,0,0,0,0,0,2,1,0,0,1,1,0,0,0,2,0,0,0,0,0,1,0,0,2,0,0,0,0,0,0,0,0,2,0,0,0,1,1,2,0,2,0,1,0,2,0,0,1,1,2,0,1,0,0,0,2,0,0,2,0,0,0,0
HG01870,KHV,EAS,female,VN037,0,0,female,0,1,1,0,0,0,2,0,0,0,0,1,2,0,0,0,2,0,0,1,0,2,0,0,0,0,0,0,1,1,1,0,0,0,0,0,0,0,0,0,2,0,1,1,1,0,1,2,0,0,1,2,0,0,0,0,0,0,0,0,1,0,0,0,0,0,0,0,1,1,0,0,0,1,0,2,0,1,0,2,0,1,0,0,0,1,2,0,0,0,0,0,1,0,0,1,0,0,0,0
HG01871,KHV,EAS,female,VN038,0,0,female,0,0,0,0,0,0,2,0,0,0,0,1,2,0,0,0,0,0,0,0,0,2,0,1,1,0,1,0,1,1,1,0,0,0,0,0,0,0,0,0,0,0,1,0,0,0,1,2,0,0,2,1,0,0,0,0,0,1,0,0,1,0,0,0,0,0,0,0,1,2,0,0,0,1,0,2,0,1,0,1,0,1,0,0,0,0,2,0,1,0,0,0,2,0,0,2,0,0,0,0
HG01872,KHV,EAS,male,VN039,0,0,male,0,0,1,0,1,1,2,0,0,0,0,1,2,0,0,0,1,0,0,0,0,2,0,0,0,0,1,0,0,0,0,0,1,1,1,0,0,0,0,0,1,1,0,0,1,0,0,2,0,0,1,2,0,0,0,0,0,1,0,0,1,0,0,0,0,0,0,1,1,0,0,0,0,1,2,1,0,0,0,1,0,0,0,0,1,0,1,0,0,0,0,0,2,0,0,1,0,0,0,0
HG01873,KHV,EAS,male,VN040,0,0,male,0,0,1,0,0,0,2,0,1,0,0,1,2,0,0,0,0,0,0,2,0,2,0,0,0,0,0,0,0,0,0,0,1,1,1,0,0,0,0,0,1,0,1,1,1,0,1,2,0,0,0,2,0,0,0,0,0,0,0,0,1,0,0,0,0,0,0,0,1,2,0,0,0,1,1,2,0,0,0,1,0,0,0,0,1,0,0,0,0,0,0,0,2,0,0,2,0,0,0,0
HG01874,KHV,EAS,female,VN041,0,0,female,0,0,1,0,0,1,2,0,0,0,0,1,2,0,0,0,2,0,0,0,0,2,0,0,0,0,1,0,0,0,1,0,0,0,1,0,0,0,0,0,1,0,1,0,0,0,0,1,0,0,0,1,0,0,1,0,0,2,0,0,1,0,0,0,0,0,0,1,0,0,0,0,0,1,1,2,0,1,0,1,0,1,0,0,0,1,0,0,0,0,0,0,1,0,0,1,0,0,0,0
HG01878,KHV,EAS,female,VN045,0,0,female,0,0,0,0,1,0,2,0,0,0,0,1,2,2,0,0,2,0,0,1,0,2,0,0,0,0,0,0,1,1,1,0,0,0,1,0,0,0,0,0,0,0,2,0,0,0,0,1,0,0,1,2,0,0,0,0,0,0,0,0,2,0,0,0,1,0,0,1,1,0,0,0,0,1,0,1,0,1,0,0,1,1,0,0,0,0,2,0,0,0,0,0,2,0,0,1,0,0,0,0
HG01879,ACB,AFR,male,BB01,0,0,male,0,1,0,0,0,0,2,0,1,0,0,1,2,0,1,0,1,1,0,1,1,2,0,0,0,0,1,0,0,0,0,0,1,0,0,1,1,1,0,0,1,0,1,0,0,0,1,2,1,0,1,2,0,0,0,0,0,1,0,0,0,1,0,0,0,0,0,0,2,1,0,0,0,2,0,1,0,0,1,1,1,0,0,0,0,1,0,0,1,0,0,0,2,0,0,2,0,0,0,1
HG01880,ACB,AFR,female,BB01,0,0,female,0,2,1,0,0,0,2,0,0,0,1,1,1,0,0,0,1,0,1,0,0,2,0,0,0,0,0,0,0,0,0,0,0,0,1,0,0,0,0,0,1,0,1,0,0,0,1,2,1,0,1,1,0,0,0,0,0,2,1,0,2,0,0,1,0,0,0,0,0,0,0,0,0,1,0,0,0,0,0,2,0,0,0,0,0,1,1,0,0,0,0,0,2,0,0,2,0,0,0,0
HG01882,ACB,AFR,male,BB02,0,0,male,0,1,0,0,0,0,2,0,0,0,0,2,2,0,0,1,1,2,0,2,1,2,0,1,0,0,0,0,0,0,0,0,1,2,0,0,0,0,0,0,0,1,1,0,0,0,2,2,0,0,0,2,0,0,0,0,0,1,1,0,1,0,1,0,1,0,0,0,0,0,0,0,0,2,2,1,0,0,0,1,0,0,1,0,1,0,0,0,0,0,0,0,2,0,1,2,0,0,0,0
HG01883,ACB,AFR,female,BB02,0,0,female,1,1,1,1,0,0,2,0,0,0,0,0,2,0,0,1,2,0,2,1,0,2,0,0,0,0,1,0,0,0,0,0,0,0,0,0,0,1,0,0,0,1,1,0,0,0,0,1,0,0,2,1,0,0,0,0,0,0,0,0,0,1,0,0,0,0,0,0,2,1,1,0,1,1,0,1,0,0,0,0,1,0,0,0,0,0,0,0,0,0,0,0,2,0,0,2,0,0,0,0
HG01885,ACB,AFR,male,BB03,0,0,male,0,1,0,0,0,0,2,0,1,0,0,0,2,0,0,0,1,0,0,0,1,2,0,0,0,0,0,0,0,0,0,0,0,0,1,1,0,1,0,0,1,1,1,0,0,0,0,2,0,1,2,1,0,0,1,0,0,1,0,0,1,0,0,0,0,0,0,1,1,1,0,0,0,0,1,2,0,0,0,1,0,0,1,0,0,0,0,0,0,1,0,1,2,0,0,2,0,1,0,0
HG01886,ACB,AFR,female,BB04,0,0,female,0,1,0,0,0,0,2,0,0,0,1,0,2,0,0,0,1,1,0,2,1,2,0,0,0,0,0,0,0,0,0,1,0,1,1,0,0,2,0,0,0,0,1,0,1,0,1,2,1,0,0,1,0,0,0,0,0,0,0,0,1,0,1,0,1,0,0,1,2,1,1,0,0,2,0,1,0,2,0,0,1,0,1,0,1,0,1,0,0,0,0,1,1,0,0,1,1,0,0,0
HG01889,ACB,AFR,female,BB05,0,0,female,0,0,1,0,0,0,2,0,0,0,1,0,2,0,0,0,1,0,0,2,0,1,0,0,0,0,0,0,0,0,0,0,2,0,1,1,0,1,0,0,0,1,0,0,0,0,1,1,0,0,1,2,0,0,0,0,0,2,0,0,0,0,1,0,0,0,1,0,1,0,0,0,0,2,1,2,0,0,0,1,0,0,2,0,0,0,1,0,0,1,0,1,2,0,0,1,0,0,1,0
HG01890,ACB,AFR,male,BB05,0,0,male,0,1,0,1,0,1,1,0,0,0,0,0,1,0,0,1,1,0,0,1,2,2,0,0,0,1,0,0,0,0,0,0,0,0,1,1,0,2,0,1,0,1,2,0,1,0,1,2,1,0,1,2,0,0,0,0,0,2,0,1,0,0,0,0,0,0,0,0,0,0,1,0,0,2,0,2,0,0,1,0,0,0,1,0,0,0,0,0,0,0,0,1,2,1,0,2,0,0,0,0
HG01892,PEL,AMR,male,PEL007,0,0,male,0,0,0,0,0,0,2,0,0,0,1,0,2,0,0,0,2,0,0,1,0,1,0,0,0,0,0,0,0,0,0,0,0,0,2,1,0,1,0,0,0,0,1,0,0,0,1,1,0,0,0,2,0,0,0,0,0,0,0,0,2,0,0,0,0,0,0,0,2,2,0,0,0,1,1,1,0,0,0,2,0,0,0,0,0,0,0,0,1,1,0,0,2,0,0,2,0,0,0,0
HG01893,PEL,AMR,female,PEL007,0,0,female,0,1,0,0,0,0,2,0,0,0,1,0,2,0,0,0,2,0,0,0,0,2,0,0,0,0,0,0,1,0,0,0,1,1,1,0,0,0,0,0,2,1,0,0,0,0,1,2,0,0,2,1,1,0,0,1,0,1,0,0,0,0,0,0,1,0,0,0,0,1,0,0,0,0,0,1,0,0,0,1,0,0,0,0,1,0,0,0,0,0,0,0,2,0,0,1,0,0,0,0
HG01894,ACB,AFR,female,BB06,0,0,female,0,2,1,0,0,0,2,1,1,0,0,0,2,1,0,0,1,0,0,2,0,2,0,2,0,0,0,0,0,0,0,0,0,1,0,1,0,2,0,0,0,0,2,0,1,0,1,0,0,0,1,1,0,0,0,0,0,1,0,0,0,0,0,0,0,0,1,0,2,0,0,0,0,2,2,1,0,0,0,1,1,0,1,0,1,0,0,0,0,0,0,0,1,0,1,0,1,1,0,0
HG01896,ACB,AFR,female,BB07,0,0,female,0,1,0,0,0,0,2,0,0,0,1,0,2,0,0,0,0,0,0,1,0,2,1,0,0,2,0,0,0,0,0,0,0,1,0,0,0,1,0,0,0,2,0,0,0,0,2,1,1,0,2,2,0,0,0,0,0,1,1,0,0,0,0,0,0,0,0,0,1,0,0,1,0,2,1,1,0,0,0,1,0,0,0,0,1,0,0,0,0,1,0,0,2,0,0,1,0,0,0,0
HG01912,ACB,AFR,male,BB06,0,0,male,0,0,0,0,0,1,2,0,0,0,1,2,2,0,1,0,1,1,0,1,0,2,0,0,0,0,0,0,0,0,0,0,0,0,1,0,0,1,1,0,1,0,1,0,0,0,1,1,1,0,1,2,0,0,1,0,0,0,0,0,0,0,0,0,0,0,0,0,0,0,0,0,0,2,1,2,0,1,0,2,0,0,1,0,0,0,1,1,0,2,0,0,2,0,0,1,0,2,0,0
HG01914,ACB,AFR,male,BB09,0,0,male,0,1,1,1,0,1,1,0,0,0,0,1,2,0,0,1,1,0,1,0,1,2,0,2,1,0,0,0,0,0,0,0,0,0,2,0,0,1,0,0,2,0,2,0,0,0,1,2,1,0,1,2,0,1,0,0,0,2,0,0,0,0,0,0,0,0,0,0,2,1,1,0,0,1,1,1,0,0,0,0,1,0,2,0,0,0,1,0,0,0,0,0,2,0,0,1,1,1,0,0
HG01915,ACB,AFR,female,BB09,0,0,female,0,2,0,1,0,0,2,0,0,0,0,0,2,0,1,0,2,1,0,2,1,2,0,0,0,0,0,0,0,0,0,1,0,2,1,1,0,2,0,0,1,0,1,0,0,0,1,2,0,0,0,2,0,0,0,0,0,0,0,0,0,0,0,0,0,0,0,0,2,0,0,0,0,1,2,0,0,0,1,1,1,0,1,0,1,0,0,0,0,1,0,0,2,0,0,2,0,0,0,0
HG01917,PEL,AMR,male,PEL006,0,0,male,0,1,0,0,0,0,2,0,0,0,0,2,2,0,0,0,2,1,0,2,0,2,0,0,0,0,0,0,0,0,0,0,0,0,1,0,0,0,0,0,0,0,2,0,1,0,0,0,0,0,1,2,0,0,0,1,0,2,0,0,2,0,0,1,0,0,0,0,0,1,0,0,0,1,1,0,0,2,0,0,0,0,0,0,0,0,1,0,1,1,0,0,2,0,0,2,0,0,0,0
HG01918,PEL,AMR,female,PEL006,0,0,female,0,1,1,0,0,0,2,0,0,0,0,0,2,0,0,0,1,0,0,0,0,2,0,1,1,0,1,0,0,0,0,0,0,2,1,0,0,0,0,0,0,0,2,0,1,0,1,1,0,0,0,2,0,0,0,0,0,2,0,0,0,0,0,0,0,0,0,0,2,1,0,0,0,1,1,0,0,1,0,1,0,0,0,0,0,0,0,0,0,1,0,0,2,0,0,2,0,0,0,0
HG01920,PEL,AMR,male,PEL009,0,0,male,0,1,0,0,0,0,2,0,0,0,2,1,2,0,0,0,2,0,0,0,0,2,0,0,0,0,0,0,0,1,1,0,0,0,0,0,0,0,0,0,1,0,2,0,1,0,1,0,0,0,0,2,0,0,0,0,0,2,0,0,2,0,0,1,0,0,0,0,0,0,0,0,0,0,1,2,0,2,0,0,0,0,0,0,0,0,0,0,2,1,0,0,2,0,0,2,0,0,0,0
HG01921,PEL,AMR,female,PEL009,0,0,female,0,1,0,0,0,0,2,0,0,0,1,1,2,0,0,0,2,0,0,0,0,2,0,0,0,0,0,0,0,0,0,0,0,0,1,0,0,1,1,0,0,0,2,2,0,0,1,0,0,0,0,2,0,0,0,0,0,1,0,0,1,0,0,0,0,0,0,0,0,2,0,0,0,1,1,2,0,2,0,1,0,0,0,0,1,0,1,0,1,1,0,0,2,0,0,2,0,0,0,0
HG01923,PEL,AMR,male,PEL010,0,0,male,0,1,1,0,0,0,2,0,0,0,0,0,2,0,0,0,0,0,0,1,0,2,0,0,1,0,0,0,0,0,1,0,0,0,1,0,0,0,0,0,1,1,1,0,0,0,1,0,0,0,1,2,0,0,0,1,0,2,0,0,2,0,0,1,0,0,0,1,1,1,0,0,0,1,1,2,0,1,0,1,0,0,0,0,0,0,1,0,1,1,0,0,1,0,0,2,0,0,0,0
HG01924,PEL,AMR,female,PEL010,0,0,female,0,1,0,0,0,0,2,0,0,0,1,0,2,0,0,0,2,0,0,0,0,2,0,0,0,0,0,0,1,0,0,0,0,0,1,0,0,0,0,0,0,0,2,1,0,0,0,0,0,0,1,2,0,0,0,1,0,0,0,0,0,0,0,0,0,0,1,0,2,2,0,0,0,1,1,0,0,2,0,1,0,0,0,0,0,0,0,0,0,1,0,0,2,0,0,2,0,0,0,0
HG01926,PEL,AMR,male,PEL011,0,0,male,0,1,0,0,0,0,2,0,0,0,1,1,2,1,0,0,2,0,0,0,0,2,0,0,0,0,0,0,0,0,0,0,0,0,2,0,0,0,0,0,1,1,1,0,1,0,1,1,0,0,0,2,0,0,0,1,0,1,0,0,0,0,0,0,0,0,0,0,1,1,0,0,0,1,1,2,0,1,0,0,0,0,0,0,0,0,2,0,2,1,0,0,1,0,0,2,0,0,0,0
HG01927,PEL,AMR,female,PEL011,0,0,female,0,0,0,0,0,0,2,0,0,0,0,0,2,1,0,0,2,0,0,0,0,2,0,0,0,0,1,0,2,2,2,0,0,0,1,0,0,0,0,0,1,0,2,0,0,0,1,0,0,0,0,2,0,0,0,0,0,1,0,0,2,0,0,1,0,0,0,0,0,0,0,0,0,0,2,2,0,2,0,0,0,0,0,0,1,0,1,0,0,1,0,0,2,0,0,2,0,0,0,0
HG01932,PEL,AMR,male,PEL013,0,0,male,0,1,0,0,0,1,2,0,0,0,0,0,2,0,0,0,2,0,0,1,0,2,0,0,0,0,0,0,0,0,0,0,0,0,2,0,0,0,0,0,0,2,1,0,1,0,0,1,0,0,0,2,0,0,0,0,0,1,0,0,2,0,0,2,0,0,0,1,2,0,0,0,0,2,1,2,0,1,0,2,0,0,0,0,0,0,1,0,0,0,0,0,1,0,0,2,0,0,0,0
HG01933,PEL,AMR,female,PEL013,0,0,female,0,2,0,0,0,0,2,0,0,0,0,0,2,0,0,0,2,0,0,0,0,2,0,0,0,0,0,1,1,1,1,0,0,0,2,0,0,0,0,0,1,0,1,0,1,0,0,1,0,0,0,2,0,0,0,1,0,0,0,0,1,0,0,0,0,0,0,1,2,2,0,0,0,1,1,1,0,2,0,0,0,0,0,0,0,0,0,0,1,1,0,0,1,0,0,2,0,0,0,0
HG01935,PEL,AMR,male,PEL014,0,0,male,0,0,0,0,0,0,2,0,0,0,1,0,2,0,0,0,2,0,0,0,0,2,0,0,0,0,1,0,1,1,1,0,0,0,1,0,0,0,0,0,0,0,2,1,1,0,1,0,0,0,0,2,0,0,0,1,0,2,0,0,2,0,0,0,0,0,0,1,1,1,0,0,0,1,1,2,0,1,0,1,0,1,0,0,2,0,2,0,1,1,0,0,2,0,0,2,0,0,0,0
HG01936,PEL,AMR,female,PEL014,0,0,female,0,1,0,0,0,0,2,0,0,0,1,0,2,0,0,0,2,0,0,1,0,2,0,0,0,0,0,0,0,0,0,0,0,0,1,0,0,0,0,0,0,1,2,0,2,0,0,0,0,0,0,2,0,0,0,0,0,2,0,0,2,0,0,1,0,0,0,1,1,1,0,0,0,0,1,2,0,1,0,2,0,0,0,0,0,0,1,0,0,1,0,0,2,0,0,2,0,0,0,0
HG01938,PEL,AMR,male,PEL015,0,0,male,0,1,0,0,0,0,2,0,0,0,1,0,2,0,0,0,2,0,0,0,0,2,0,0,0,0,0,0,0,0,0,0,0,0,2,0,0,0,0,0,1,2,1,1,1,0,0,0,0,0,1,2,0,0,0,1,0,2,0,0,1,0,0,0,0,0,0,1,1,1,0,0,0,0,2,1,0,1,0,1,0,0,1,0,0,0,1,0,2,1,0,0,2,0,0,2,0,0,0,0
HG01939,PEL,AMR,female,PEL015,0,0,female,0,0,0,0,0,1,2,0,0,0,1,0,2,0,0,0,2,0,0,0,0,2,0,0,0,0,0,2,0,0,0,0,0,0,1,0,0,0,0,0,1,0,2,1,0,0,0,2,0,0,0,2,0,0,0,2,0,1,0,0,2,0,0,2,0,0,0,0,1,1,0,0,0,1,1,2,0,2,0,1,0,0,0,0,1,0,1,0,2,1,0,0,0,0,0,2,0,0,0,0
HG01941,PEL,AMR,male,PEL016,0,0,male,0,0,0,0,0,0,2,0,0,0,2,0,1,0,0,0,2,0,0,1,1,2,0,1,0,0,0,0,0,0,0,0,1,0,1,1,0,0,0,0,1,0,2,0,0,0,1,0,0,0,0,2,0,0,0,1,0,0,0,0,0,0,0,0,0,0,0,0,0,0,0,0,0,1,2,1,0,1,0,2,0,0,1,0,0,1,0,0,0,1,0,0,1,0,0,1,0,0,0,0
HG01942,PEL,AMR,female,PEL016,0,0,female,0,0,0,0,0,0,2,0,0,0,0,0,2,0,0,0,2,0,0,0,0,2,0,0,0,0,1,0,0,0,0,0,0,0,1,0,0,0,0,0,1,0,1,0,0,0,0,1,0,0,2,2,0,0,0,0,0,1,0,0,0,0,0,1,0,0,0,1,2,1,0,0,0,1,2,1,0,1,0,1,0,0,0,0,0,0,0,0,1,0,0,0,2,0,0,2,1,0,0,0
HG01944,PEL,AMR,male,PEL017,0,0,male,0,1,1,0,0,0,2,0,0,0,1,1,2,1,0,0,2,1,0,1,0,2,0,0,0,0,0,0,0,0,0,0,0,0,1,0,0,0,0,0,2,1,1,1,0,0,0,0,0,0,0,1,0,0,0,2,0,0,0,0,2,0,0,0,0,0,0,0,0,0,0,0,0,1,1,2,0,2,0,1,0,0,1,0,0,1,1,0,2,1,0,0,2,0,0,2,0,0,0,0
HG01945,PEL,AMR,female,PEL017,0,0,female,0,2,0,0,0,0,2,0,0,0,0,2,2,0,0,0,2,0,0,1,0,2,0,0,0,0,0,0,0,0,0,0,0,0,1,0,0,0,0,0,0,1,1,0,1,0,0,0,0,0,0,2,0,0,0,2,0,0,0,0,2,0,0,0,0,0,0,0,0,0,0,0,0,0,1,2,0,0,0,1,0,0,0,0,1,0,1,0,0,1,0,0,1,0,0,1,0,0,0,0
HG01947,PEL,AMR,male,PEL018,0,0,male,0,2,0,0,0,1,2,0,0,0,0,1,2,0,0,0,2,1,0,0,0,2,0,0,0,0,0,0,1,1,0,0,0,0,1,0,0,0,0,0,0,1,1,0,2,0,2,1,0,0,0,2,0,0,0,0,0,0,0,0,1,0,0,0,0,0,0,0,1,1,0,0,0,0,1,0,0,2,0,2,0,0,0,0,0,0,1,0,2,0,0,0,2,0,0,2,0,0,0,0
HG01948,PEL,AMR,female,PEL018,0,0,female,0,1,0,0,0,0,2,1,0,0,0,1,2,0,0,0,1,1,0,0,0,2,0,0,0,0,0,0,0,0,0,0,0,0,1,0,0,0,0,0,1,0,2,1,1,0,0,0,0,0,1,2,0,0,0,1,0,1,0,0,0,0,0,0,0,0,0,0,0,0,0,0,0,0,1,2,0,1,0,0,0,0,0,0,0,0,0,0,0,0,0,0,2,0,0,2,0,0,0,0
HG01950,PEL,AMR,male,PEL019,0,0,male,0,1,0,0,0,0,2,0,0,0,1,1,2,0,0,0,2,0,0,0,0,2,0,0,0,0,0,0,0,0,0,0,1,0,1,0,0,1,0,0,0,0,2,1,0,0,1,0,0,0,0,2,0,0,0,1,0,2,0,0,0,0,0,0,0,0,0,0,0,0,0,0,0,1,0,2,0,0,0,2,0,0,0,0,0,0,1,0,0,1,0,0,2,0,0,1,0,0,0,0
HG01951,PEL,AMR,female,PEL019,0,0,female,0,2,1,0,0,0,2,1,0,0,0,1,2,0,0,0,1,0,0,0,1,2,0,0,0,0,0,0,0,0,0,0,0,0,1,1,0,0,0,0,1,1,2,0,1,0,2,0,0,0,0,2,0,0,0,0,0,0,0,0,2,0,0,1,0,0,0,0,0,0,0,0,0,0,0,2,0,2,0,1,0,0,0,0,0,0,1,0,0,1,0,0,2,0,0,2,0,0,0,0
HG01953,PEL,AMR,male,PEL020,0,0,male,0,1,0,0,0,0,2,0,0,0,1,0,2,0,0,0,2,0,0,0,0,2,0,0,0,0,0,0,0,0,0,0,0,1,1,0,0,1,1,0,1,0,2,0,1,0,1,1,0,0,0,2,0,0,0,1,0,0,0,0,1,0,0,0,0,0,0,0,1,1,0,0,0,1,1,2,0,1,0,0,0,0,0,0,0,0,2,0,0,1,0,0,2,0,0,1,0,0,0,0
HG01954,PEL,AMR,female,PEL020,0,0,female,0,2,1,0,0,1,2,0,0,0,0,0,2,0,0,0,2,0,0,1,0,2,0,0,0,0,0,0,0,0,0,0,0,0,2,0,0,0,0,0,1,0,2,1,1,0,0,1,0,0,0,2,0,0,0,0,0,1,0,0,1,0,0,0,0,0,0,1,1,1,0,0,0,0,1,2,0,2,0,0,0,0,0,0,0,0,1,0,0,1,0,0,2,0,0,2,0,0,0,0
HG01956,ACB,AFR,female,BB03,0,0,female,0,0,1,0,0,0,2,0,0,0,1,1,2,1,0,1,2,1,0,1,1,2,0,1,0,1,0,0,0,0,0,0,1,0,0,1,1,2,0,0,2,0,1,0,0,0,1,1,2,0,1,1,0,0,0,0,0,1,0,0,0,0,0,0,1,0,0,0,0,1,0,0,0,0,0,1,0,0,1,1,1,0,1,0,0,0,0,0,0,1,0,1,1,0,0,2,1,0,0,0
HG01958,ACB,AFR,female,BB10,0,0,female,1,1,1,0,0,0,1,0,0,0,0,0,2,0,0,1,2,1,0,2,0,2,0,0,0,0,0,0,0,0,0,0,0,1,0,0,0,1,0,0,0,0,1,0,1,0,1,2,0,0,1,1,0,0,0,0,0,1,0,0,1,0,1,0,0,0,1,0,1,1,0,0,0,1,2,2,0,0,0,1,0,0,0,0,1,0,1,0,0,1,0,0,2,0,0,1,0,0,0,0
HG01961,PEL,AMR,male,PEL21,0,0,male,0,2,0,0,0,0,2,0,0,0,1,0,2,0,0,0,1,0,0,1,0,2,0,0,0,0,0,0,0,0,0,0,0,0,2,0,0,0,0,0,1,0,2,0,1,0,0,0,0,0,0,1,0,0,0,0,0,2,0,0,0,0,0,0,0,0,0,0,1,1,0,0,0,1,1,1,0,2,0,0,0,0,0,0,0,0,0,0,0,1,0,0,2,0,0,2,0,0,0,0
HG01965,PEL,AMR,female,PEL22,0,0,female,0,2,0,0,0,0,2,0,1,0,0,1,2,1,0,0,2,0,0,1,0,2,0,0,0,0,0,0,0,0,0,0,1,0,1,0,0,1,0,0,1,1,2,0,1,0,1,0,1,0,0,2,0,0,0,1,0,1,0,0,1,1,0,2,0,0,0,0,0,0,0,0,0,1,0,1,0,2,0,1,0,1,0,1,0,0,0,0,0,1,0,0,2,0,0,2,0,0,0,0
HG01967,PEL,AMR,male,PEL023,0,0,male,0,0,0,0,0,0,2,0,0,0,1,0,2,0,0,0,2,0,0,1,0,2,0,0,0,0,0,0,0,0,0,0,0,0,2,0,0,1,1,0,1,1,0,0,1,0,1,1,0,0,0,2,0,0,0,1,1,0,0,0,2,0,0,1,0,0,0,1,1,1,0,0,0,1,2,2,0,1,0,2,0,0,0,0,1,0,1,0,2,1,0,0,2,0,0,2,0,0,0,0
HG01968,PEL,AMR,female,PEL023,0,0,female,0,2,0,0,0,1,2,0,0,0,0,1,2,0,0,0,2,0,0,0,0,2,0,0,0,0,0,0,0,0,0,0,0,0,2,0,0,0,0,0,0,1,1,0,2,0,1,1,0,0,2,2,0,0,0,0,0,1,0,0,2,0,0,0,0,0,0,0,0,0,0,0,0,1,2,2,0,2,0,0,0,0,0,0,0,0,0,0,1,1,0,0,2,0,0,2,0,0,0,0
HG01970,PEL,AMR,male,PEL024,0,0,male,0,0,0,0,0,0,2,0,0,0,0,2,2,0,0,0,2,0,0,2,0,2,0,0,0,0,0,0,0,0,0,0,0,0,1,0,0,0,1,0,0,1,1,0,0,0,1,1,0,0,1,2,0,0,0,0,0,2,0,0,2,0,0,0,0,0,0,1,2,2,0,0,0,1,0,2,0,1,0,1,1,1,0,0,2,0,0,0,0,0,0,0,2,0,0,1,0,0,0,0
HG01971,PEL,AMR,female,PEL024,0,0,female,0,2,1,0,0,0,2,0,0,0,0,0,2,0,0,0,2,0,0,0,0,2,0,0,0,0,0,0,0,0,0,0,0,1,1,0,0,0,0,0,0,0,2,2,1,0,0,0,0,0,2,2,0,0,0,0,0,0,0,0,1,0,0,0,0,0,0,0,0,0,0,0,0,1,2,2,0,1,0,1,1,1,0,0,1,0,1,0,1,0,0,0,2,0,0,2,0,0,1,0
HG01973,PEL,AMR,female,PEL25,0,0,female,0,2,0,0,0,1,2,0,0,0,0,0,1,0,0,0,1,0,0,0,0,2,0,0,0,0,0,0,0,0,0,0,0,0,1,0,0,0,0,0,1,1,2,0,1,0,0,0,0,0,1,2,0,0,0,0,0,0,0,0,1,0,0,1,0,0,0,0,1,1,0,0,0,1,1,2,0,1,0,0,0,0,1,0,0,0,1,0,1,0,0,0,2,0,0,1,0,0,0,0
HG01976,PEL,AMR,female,PEL26,0,0,female,0,0,0,0,0,1,2,0,0,0,0,0,2,0,0,0,2,0,0,0,0,1,0,0,0,0,0,0,0,0,0,0,0,1,1,0,0,0,0,0,0,0,2,0,1,0,1,1,0,0,0,2,0,0,0,1,0,2,0,0,1,0,0,0,0,0,0,0,1,0,0,0,0,1,2,2,0,2,0,0,0,0,0,0,0,0,0,0,2,1,0,0,2,0,0,2,0,0,0,0
HG01977,PEL,AMR,male,PEL26,0,0,male,0,1,1,0,0,1,2,0,0,0,0,1,1,0,0,0,2,0,0,1,0,2,0,0,0,0,0,0,0,0,0,0,0,0,2,0,0,0,0,0,0,0,1,0,1,0,0,2,0,0,0,2,0,0,0,0,1,0,0,0,2,0,0,0,0,0,0,1,1,1,0,0,0,0,1,2,0,1,0,1,0,1,1,0,1,1,0,0,0,0,0,0,2,0,0,2,0,0,0,0
HG01979,PEL,AMR,male,PEL27,0,0,male,0,1,1,0,0,0,2,0,0,0,0,0,2,0,0,0,1,0,0,0,0,2,0,0,0,0,0,0,0,0,1,0,0,0,1,0,0,0,0,0,1,1,2,1,0,0,1,0,0,0,1,2,0,0,0,0,0,2,0,0,0,0,0,0,0,0,0,0,1,1,0,0,0,1,2,2,0,1,0,1,0,0,0,0,0,0,1,0,0,1,0,0,1,0,0,1,0,0,0,0
HG01980,PEL,AMR,female,PEL27,0,0,female,0,0,0,0,0,0,2,0,0,0,0,0,2,0,0,0,1,0,0,0,0,2,0,1,0,0,0,0,0,0,0,0,0,0,2,0,0,0,0,1,1,0,1,1,1,0,2,2,0,0,1,2,0,0,0,0,0,0,0,0,1,0,0,0,0,0,0,0,1,1,0,0,0,0,1,0,0,1,0,1,0,0,0,0,0,0,0,0,0,1,0,0,2,0,0,2,0,0,0,0
HG01982,PEL,AMR,male,PEL28,0,0,male,0,0,0,0,0,0,2,0,0,0,0,0,2,0,0,0,2,0,0,0,0,2,0,0,0,0,0,0,1,0,0,0,0,0,1,0,0,1,1,0,0,0,2,0,0,0,2,2,0,0,0,2,0,0,0,0,1,0,0,0,1,0,0,1,0,0,0,0,1,0,0,0,0,0,1,1,0,2,0,1,0,0,0,0,0,0,1,0,0,1,0,0,2,0,0,2,0,0,0,0
HG01985,ACB,AFR,female,BB08,0,0,female,0,1,0,0,0,0,2,0,0,0,0,2,2,0,0,0,2,0,0,2,0,0,0,0,0,0,0,0,0,0,0,0,1,0,0,0,0,1,0,0,0,2,0,0,0,0,1,2,1,0,1,1,0,0,0,0,0,1,0,0,0,0,0,0,2,0,0,0,1,1,1,0,1,0,1,2,0,0,0,1,1,0,1,0,1,0,0,0,0,0,0,0,2,0,0,1,0,0,0,0
HG01986,ACB,AFR,male,BB10,0,0,male,0,2,1,0,0,0,2,0,0,0,0,0,1,0,1,0,1,2,0,1,1,2,0,0,0,0,0,0,0,0,0,1,0,0,0,0,0,1,0,0,1,1,2,0,1,0,1,2,0,0,0,2,0,0,0,0,0,0,0,0,1,0,0,1,0,0,0,0,0,1,0,0,0,1,2,1,0,0,0,0,1,0,2,0,0,0,0,0,0,0,0,0,1,1,0,1,0,0,0,0
HG01988,ACB,AFR,male,BB11,0,0,male,0,0,0,0,0,0,1,0,0,0,1,0,2,1,0,0,2,0,0,2,0,2,0,0,0,0,1,0,0,0,0,0,0,0,0,0,0,0,0,0,0,2,0,0,0,1,2,2,1,0,0,2,0,0,0,0,0,1,0,0,0,1,0,0,0,0,0,1,2,2,0,0,0,1,2,2,0,0,0,2,0,1,0,0,1,0,0,0,0,1,0,0,1,1,0,2,0,0,0,0
HG01989,ACB,AFR,female,BB11,0,0,female,1,1,0,0,0,0,1,0,0,1,0,0,2,0,1,1,1,0,0,1,0,2,0,0,0,1,0,0,0,0,0,0,1,0,1,0,0,2,0,0,0,1,2,0,0,0,1,1,1,0,0,2,0,0,0,0,0,1,0,0,0,0,0,0,0,0,0,0,2,0,0,0,0,2,1,1,0,0,0,1,1,0,1,0,1,0,1,0,0,1,1,1,2,0,0,2,0,0,0,0
HG01990,ACB,AFR,male,BB12,0,0,male,0,0,1,1,0,0,1,0,0,0,0,1,2,0,0,1,1,1,0,1,1,2,0,0,0,0,0,0,0,0,0,1,1,1,1,1,0,2,0,0,2,1,0,0,0,0,1,2,0,0,1,1,0,0,0,0,0,2,0,0,1,0,0,0,0,1,0,0,1,0,0,0,0,0,1,0,0,0,0,1,0,0,2,0,1,0,0,0,0,0,0,0,2,0,0,1,0,0,0,0
HG01991,PEL,AMR,male,PEL29,0,0,male,0,1,0,0,0,0,2,0,0,0,1,0,1,0,0,0,1,0,0,0,0,2,0,0,0,0,0,0,1,1,1,0,0,0,1,0,0,0,0,0,1,1,2,0,1,0,0,0,0,0,0,2,0,0,0,0,0,1,0,0,0,0,0,0,1,0,0,2,1,1,0,0,0,1,1,2,0,1,0,1,0,0,0,0,0,0,0,0,1,1,0,0,2,0,0,2,0,0,0,0
HG01992,PEL,AMR,female,PEL29,0,0,female,0,2,0,0,0,1,2,0,0,0,1,0,2,0,0,0,2,0,0,0,0,2,0,0,0,0,0,0,0,0,0,0,0,0,1,0,0,0,0,0,0,0,1,0,0,0,2,0,0,0,0,2,0,0,0,2,0,1,0,0,1,0,0,0,0,0,0,1,0,1,0,0,0,2,0,2,0,2,0,1,0,0,1,0,0,1,1,0,1,0,0,0,2,0,0,1,0,0,0,0
HG01997,PEL,AMR,female,PEL31,0,0,female,0,0,0,0,0,1,2,0,0,0,0,1,2,0,0,0,1,0,0,0,0,2,0,0,0,0,0,0,2,2,2,0,0,0,2,0,0,0,0,0,2,0,1,1,1,0,1,0,0,0,0,2,0,0,0,2,0,1,0,0,1,0,0,0,0,0,0,1,2,2,0,0,0,0,0,2,1,1,0,1,0,0,0,0,1,0,1,0,0,1,0,0,2,0,0,1,0,0,0,0
HG02002,PEL,AMR,male,PEL33,0,0,male,0,1,0,0,0,1,2,0,0,0,1,0,2,0,0,0,2,1,0,0,0,2,0,0,0,0,1,0,0,0,0,0,0,0,0,0,0,0,0,0,0,1,0,0,1,0,1,0,0,0,0,2,0,0,0,1,0,0,0,0,2,0,0,0,0,0,0,0,1,1,0,0,0,1,2,1,0,1,0,1,0,0,1,0,0,1,0,0,1,1,0,0,2,0,0,2,0,0,0,0
HG02003,PEL,AMR,female,PEL33,0,0,female,0,2,0,0,0,0,2,0,0,0,0,1,1,0,0,0,2,0,0,0,0,2,0,0,0,0,0,0,1,1,1,0,0,0,2,0,0,0,0,0,1,1,0,0,0,0,1,1,0,0,1,2,0,0,0,0,0,1,0,0,1,0,0,0,0,0,0,1,1,0,0,0,0,1,2,1,0,2,0,1,0,0,0,0,0,0,1,0,0,1,0,0,2,0,0,2,0,0,0,0
HG02006,PEL,AMR,female,PEL34,0,0,female,0,2,0,0,0,1,2,0,0,0,0,0,2,0,0,0,2,0,0,0,0,2,1,0,0,1,0,0,0,0,0,0,0,1,0,0,1,2,0,0,0,0,1,0,0,0,0,0,1,0,1,2,0,0,1,0,0,2,0,0,1,0,0,0,0,0,0,1,2,1,0,0,0,0,2,2,0,0,0,1,0,0,1,0,1,0,0,0,0,0,0,0,1,0,1,1,0,0,0,0
HG02008,PEL,AMR,male,PEL31,0,0,male,0,1,0,0,0,0,2,0,0,0,0,0,2,0,0,0,2,0,0,0,0,2,0,0,0,0,0,0,1,1,1,0,0,0,1,0,0,0,0,0,2,2,1,1,1,0,0,1,0,0,0,2,0,0,0,2,0,0,0,0,2,0,0,0,0,0,0,0,1,0,0,0,0,1,0,1,0,1,0,1,0,0,1,0,1,0,0,0,1,1,0,0,2,0,0,1,0,0,0,0
HG02009,ACB,AFR,male,BB13,0,0,male,0,2,0,0,0,0,2,0,0,0,0,0,1,0,0,1,1,1,0,1,0,2,0,0,0,0,0,0,1,0,1,0,0,1,1,0,0,1,0,0,0,0,2,0,0,0,1,1,1,0,1,2,0,0,0,0,0,1,0,0,1,0,0,0,0,0,0,0,2,1,0,0,0,2,2,1,0,0,0,0,0,0,1,0,0,0,1,0,0,1,0,0,1,0,0,1,0,1,0,0
HG02010,ACB,AFR,female,BB13,0,0,female,0,1,2,0,0,0,2,0,0,0,0,0,2,0,0,0,2,0,0,2,0,2,0,0,0,0,0,0,0,0,0,1,0,1,1,1,0,1,0,0,1,1,0,0,0,0,1,2,0,0,1,2,0,0,0,0,0,2,0,0,1,0,0,0,0,0,0,1,0,0,0,0,0,1,0,1,0,0,0,1,0,0,1,0,1,0,0,0,0,0,0,0,2,0,0,1,0,0,0,0
HG02012,ACB,AFR,female,BB12,0,0,female,0,1,0,0,0,1,2,0,0,0,0,0,2,0,0,0,2,1,0,1,0,2,0,0,0,0,0,0,0,0,0,0,0,1,0,0,0,1,1,0,0,1,0,0,0,1,1,1,1,0,0,2,0,0,0,0,0,2,0,0,0,1,0,0,0,0,0,0,1,0,0,0,1,1,0,0,0,0,0,2,0,0,1,0,1,0,1,0,0,0,0,0,2,0,0,2,0,0,0,0
HG02013,ACB,AFR,male,BB07,0,0,male,0,1,1,0,0,0,1,0,0,0,1,0,2,0,1,0,0,1,0,1,1,2,0,0,0,0,0,0,0,0,0,0,1,0,1,2,0,2,0,0,1,2,1,0,0,0,1,2,2,0,0,2,0,1,0,0,2,2,0,1,0,0,1,0,0,0,0,0,0,0,0,0,0,2,1,1,0,1,0,1,0,0,1,0,0,0,0,0,0,0,0,0,2,1,0,1,0,0,1,0
HG02014,ACB,AFR,male,BB04,0,0,male,0,1,1,0,0,0,2,0,0,0,1,0,2,0,0,0,1,0,0,1,0,1,0,0,0,0,0,0,0,0,0,0,1,1,2,0,0,2,0,0,0,1,2,0,0,0,1,2,1,0,0,2,0,0,0,1,0,1,0,0,1,0,0,0,0,0,0,0,2,1,0,0,0,2,1,0,0,0,0,2,1,0,1,0,0,0,0,0,0,0,1,0,1,0,0,2,0,0,0,0
HG02016,KHV,EAS,female,VN046,0,0,female,0,1,1,0,0,0,2,0,0,0,0,2,2,0,0,0,1,0,0,1,0,2,0,0,0,0,0,0,0,0,0,0,0,0,0,0,0,0,0,0,1,0,2,0,0,0,2,2,0,0,0,1,0,0,0,0,0,2,0,0,1,0,0,0,0,0,0,0,1,1,0,0,0,1,0,1,0,0,0,0,0,1,0,0,2,0,0,0,0,0,0,0,1,0,0,2,0,0,1,0
HG02017,KHV,EAS,male,VN046,0,0,male,0,1,0,0,0,0,2,0,0,0,0,1,2,0,0,0,2,0,0,2,0,2,0,0,0,0,0,0,0,0,1,0,0,0,1,0,0,0,0,0,1,0,1,1,0,0,1,2,0,0,1,2,1,0,0,0,0,1,0,0,0,0,0,0,0,0,0,1,0,1,0,0,0,1,0,1,0,0,0,1,0,2,0,0,1,0,2,0,0,0,0,0,2,0,0,1,0,0,0,0
HG02019,KHV,EAS,female,VN047,0,0,female,0,0,0,0,0,0,2,0,0,0,0,2,2,0,0,0,2,0,0,1,0,2,0,0,0,0,0,0,0,0,0,0,1,1,1,0,0,0,0,0,0,0,1,0,0,0,0,2,0,0,0,2,0,0,0,0,0,0,0,0,1,0,0,0,0,0,0,1,0,1,0,0,1,2,0,0,0,0,0,0,0,0,0,0,1,1,2,0,0,0,0,0,1,0,0,2,0,0,0,0
HG02020,KHV,EAS,male,VN047,0,0,male,0,1,1,0,0,0,2,0,0,0,0,2,2,0,0,0,2,0,0,1,0,2,0,0,0,0,1,0,1,1,1,0,0,0,0,0,0,0,0,0,0,0,1,0,0,0,0,2,0,0,1,1,0,0,0,0,0,0,0,0,1,0,0,0,0,0,0,0,1,0,0,0,0,0,0,1,0,1,0,2,0,1,0,0,0,1,1,0,0,0,0,0,2,0,0,2,0,0,0,0
HG02023,KHV,EAS,male,VN048,0,0,male,0,0,0,0,0,0,2,0,0,0,0,0,0,0,0,0,2,0,0,2,0,2,0,0,0,0,0,0,1,1,1,0,0,0,1,0,0,0,0,0,0,1,1,0,0,0,1,2,0,0,1,2,0,0,1,0,0,0,0,0,2,0,0,1,0,0,0,0,1,1,0,0,0,1,1,1,0,1,0,1,0,0,0,0,1,1,1,0,0,0,0,0,1,0,0,2,0,0,0,0
HG02025,KHV,EAS,female,VN049,0,0,female,0,1,2,0,0,0,2,0,0,0,0,2,2,0,0,0,1,0,0,1,1,2,0,0,0,0,0,0,0,0,0,0,1,1,0,0,0,0,0,0,2,0,1,0,0,0,2,2,0,0,1,2,0,0,0,0,0,0,0,0,1,0,0,0,0,0,0,1,1,1,0,0,0,1,2,2,0,0,0,1,0,2,0,0,0,0,1,0,0,0,0,0,1,0,0,1,0,0,0,0
HG02026,KHV,EAS,male,VN049,0,0,male,0,1,1,0,0,1,2,0,1,0,1,0,2,1,0,0,1,1,0,1,1,2,0,0,0,0,1,0,1,1,2,0,0,0,0,0,0,0,0,0,1,0,1,0,1,0,0,2,0,0,1,2,0,0,1,0,0,0,0,0,1,0,0,0,0,0,0,1,0,1,0,0,0,1,0,2,0,1,0,2,0,1,0,0,0,1,1,0,0,0,0,0,2,0,0,1,0,0,0,0
HG02028,KHV,EAS,female,VN050,0,0,female,0,0,1,0,0,0,2,0,0,0,0,1,2,0,0,0,2,0,0,1,0,2,0,0,0,0,1,0,0,0,1,0,0,0,0,0,0,0,0,0,0,1,0,0,0,0,0,0,0,0,1,1,0,0,0,0,0,1,0,0,1,0,0,0,0,0,0,1,0,1,0,0,0,1,2,1,0,0,0,2,0,2,0,0,0,2,2,0,0,0,0,0,1,0,0,2,0,0,0,0
HG02029,KHV,EAS,male,VN050,0,0,male,0,0,0,0,0,1,2,0,0,0,1,2,2,0,0,0,2,0,0,2,0,2,0,0,0,0,0,0,1,1,1,0,0,0,1,0,0,0,0,0,1,0,1,0,0,0,2,2,0,0,0,1,0,0,0,0,0,1,0,0,1,0,0,0,0,0,0,1,0,0,0,0,0,1,1,1,0,0,0,1,0,1,0,0,0,0,2,0,0,0,0,0,2,0,0,2,0,0,0,0
HG02031,KHV,EAS,female,VN051,0,0,female,0,0,0,0,0,0,2,0,0,0,0,1,0,0,0,0,2,0,0,1,1,2,0,0,0,0,0,0,0,0,1,0,1,0,1,0,0,0,0,0,0,0,2,0,0,0,2,2,0,0,1,2,0,0,0,0,0,2,0,0,1,0,0,0,0,0,0,0,0,0,0,0,0,2,1,2,0,1,0,1,0,0,0,0,1,1,2,0,0,1,0,0,2,0,0,2,0,0,0,0
HG02032,KHV,EAS,male,VN051,0,0,male,0,1,0,0,0,0,2,0,0,0,0,1,2,0,0,0,2,0,0,2,0,2,0,0,0,0,0,0,0,0,2,0,1,1,0,0,0,0,0,0,1,0,2,0,0,0,0,1,0,0,0,1,0,0,0,0,0,2,0,0,0,0,0,0,0,0,0,1,1,1,0,0,0,2,0,1,0,1,0,0,0,2,0,0,0,1,0,0,1,0,0,0,1,0,0,2,0,0,0,0
HG02035,KHV,EAS,male,VN052,0,0,male,0,1,0,0,0,1,2,0,0,0,0,0,1,0,0,0,2,0,0,1,0,2,0,0,0,0,2,0,0,0,0,0,1,1,1,0,0,0,0,0,1,0,1,0,0,0,0,1,0,0,1,1,0,0,0,0,0,0,0,0,2,0,0,0,0,0,0,0,0,0,0,0,0,0,0,1,0,1,0,0,0,1,0,0,0,1,2,0,0,0,0,0,0,0,0,2,0,0,0,0
HG02040,KHV,EAS,male,VN054,0,0,male,0,2,1,0,0,0,2,0,0,0,0,1,2,0,0,0,1,1,0,0,0,2,0,0,0,0,0,0,1,1,1,0,0,0,0,0,0,0,0,0,1,0,1,0,0,0,2,2,0,0,0,1,0,0,0,0,0,0,0,0,2,0,0,0,0,0,0,0,1,1,0,0,0,1,1,1,0,1,0,0,0,0,0,0,1,0,0,0,0,0,0,0,0,0,0,2,0,0,0,0
HG02047,KHV,EAS,male,VN056,0,0,male,0,1,1,0,0,1,2,0,0,0,0,1,0,2,0,0,2,0,0,0,2,2,0,0,0,0,0,0,0,0,0,0,0,1,0,0,0,1,0,0,1,0,2,0,0,0,1,2,0,0,1,1,0,0,0,0,0,1,0,0,2,0,0,0,0,0,0,0,0,1,0,0,0,0,0,1,0,1,0,1,0,1,0,0,0,1,2,0,0,0,0,0,0,0,0,1,0,0,0,0
HG02048,KHV,EAS,female,VN057,0,0,female,0,1,0,0,0,0,2,0,0,0,0,0,1,0,0,0,2,1,0,0,0,2,0,1,1,0,0,0,0,0,0,0,0,0,1,0,0,0,0,0,0,0,1,0,0,0,1,2,0,0,1,2,0,0,0,0,0,1,0,0,1,0,0,1,0,0,0,0,0,1,0,0,0,1,0,0,0,0,0,2,1,0,0,0,0,0,2,0,0,1,0,0,1,0,0,2,0,0,0,0
HG02049,KHV,EAS,female,VN058,0,0,female,0,1,0,0,0,0,2,0,1,0,0,1,1,0,0,0,2,0,0,1,0,2,0,0,0,0,0,0,0,0,0,0,0,0,0,0,0,0,0,0,0,0,1,1,1,0,1,2,0,0,0,2,0,0,0,0,0,0,0,0,2,0,0,0,0,0,0,1,1,1,0,0,1,1,1,2,0,1,0,1,0,0,0,0,1,0,2,0,0,1,0,0,1,0,0,2,0,0,0,0
HG02050,KHV,EAS,male,VN059,0,0,male,0,2,1,0,0,0,2,0,0,0,0,2,2,0,0,0,2,0,0,0,0,2,0,0,0,0,0,0,0,0,0,0,0,0,2,0,0,0,0,0,2,0,1,0,0,0,0,2,0,0,1,1,0,0,0,0,0,0,0,0,1,0,0,0,0,0,0,0,0,1,0,0,0,2,0,2,0,1,0,1,2,2,0,0,0,1,2,0,1,1,0,0,2,0,0,2,0,0,0,0
HG02051,ACB,AFR,male,BB14,0,0,male,0,2,1,0,0,0,2,0,0,0,1,1,2,0,0,0,1,1,0,0,0,2,0,1,0,0,0,0,0,0,0,0,1,0,1,0,0,1,0,0,1,0,1,0,0,0,2,1,1,2,1,2,0,1,0,0,0,2,0,0,0,0,1,0,0,0,0,0,1,0,0,0,0,1,0,2,0,1,1,1,1,0,0,0,1,0,1,0,0,0,0,0,2,0,0,1,1,1,0,0
HG02052,ACB,AFR,female,BB14,0,0,female,0,2,0,1,0,0,2,0,0,0,0,0,2,0,1,0,1,0,0,2,1,2,0,0,0,0,0,0,0,0,0,1,1,0,1,0,0,1,0,0,2,0,2,0,0,1,0,2,1,0,1,1,0,0,0,1,0,1,0,0,0,0,0,0,0,0,0,0,0,1,0,1,0,1,1,2,0,0,1,2,1,0,1,0,0,0,0,0,0,0,0,0,2,1,0,2,0,0,0,0
HG02053,ACB,AFR,male,BB15,0,0,male,0,2,2,0,0,1,2,0,0,0,0,0,1,0,0,0,2,0,0,2,0,2,0,0,0,0,0,0,0,0,0,1,0,0,0,0,0,2,0,0,0,0,2,0,0,0,2,1,1,0,0,2,0,0,0,0,0,1,1,0,1,0,0,0,0,0,0,0,2,1,0,0,0,1,1,1,0,0,0,0,0,0,1,0,2,0,0,0,0,0,0,0,2,0,0,1,0,0,0,0
HG02054,ACB,AFR,female,BB15,0,0,female,0,2,0,0,0,0,2,0,1,0,0,0,2,0,1,0,1,1,0,0,0,2,0,1,0,0,0,0,0,0,0,0,0,1,2,2,0,1,0,0,2,0,1,0,0,0,1,2,1,0,0,2,0,0,0,1,0,1,0,0,0,0,0,0,0,0,0,0,1,0,0,0,0,1,0,0,0,0,0,2,0,0,2,0,0,0,1,0,0,0,0,0,1,0,0,2,1,0,0,0
HG02057,KHV,EAS,female,VN060,0,0,female,0,0,0,0,0,0,2,0,0,0,0,0,2,0,0,0,2,0,0,0,0,2,0,0,0,0,1,0,0,0,0,0,0,0,0,0,0,0,0,0,1,0,1,0,0,0,1,1,0,0,0,2,0,0,0,0,0,1,0,0,0,0,0,0,0,0,0,1,1,1,0,0,0,2,0,1,0,0,0,1,0,1,1,0,1,0,0,0,1,0,0,0,1,0,0,2,0,0,0,0
HG02060,KHV,EAS,female,VN061,0,0,female,0,1,1,0,0,1,2,0,0,0,0,1,1,2,0,0,2,0,0,0,0,2,0,0,0,0,0,0,0,0,0,0,0,0,0,0,0,0,0,0,2,0,1,0,0,0,1,2,0,0,0,2,0,0,0,0,0,0,0,0,1,0,0,0,0,0,0,0,0,1,0,0,0,0,0,2,0,1,0,1,0,0,0,0,0,0,1,0,0,0,0,0,2,0,0,2,0,0,0,0
HG02061,KHV,EAS,male,VN061,0,0,male,0,1,0,0,0,0,2,0,0,0,0,1,2,0,0,0,2,1,0,1,0,2,0,0,0,0,0,0,0,0,0,0,0,1,1,0,0,0,0,0,0,0,2,0,1,0,0,1,0,0,0,1,0,0,0,0,0,2,0,0,2,0,0,0,0,0,0,1,2,1,0,0,0,0,1,1,0,1,0,1,0,2,0,0,0,1,1,0,0,1,0,0,2,0,0,2,0,0,0,0
HG02064,KHV,EAS,male,VN062,0,0,male,0,1,0,0,0,0,2,0,0,0,0,2,2,0,0,0,2,0,0,1,1,2,0,0,0,0,0,0,1,1,1,0,0,0,1,0,0,0,0,0,1,0,2,0,0,0,1,1,0,0,0,2,0,0,0,0,0,1,0,0,1,0,0,0,0,0,0,0,1,1,0,0,0,1,0,1,0,1,0,0,0,1,0,0,1,0,0,0,0,1,0,0,2,0,0,1,0,0,0,0
HG02067,KHV,EAS,male,VN063,0,0,male,0,0,0,0,0,0,2,0,0,0,0,0,1,0,0,0,2,1,0,1,0,2,0,0,0,0,0,0,0,0,0,0,0,0,0,0,0,0,0,0,0,0,1,0,0,0,1,2,0,0,0,1,0,0,0,0,0,1,0,0,1,0,0,0,0,0,0,0,1,1,0,0,0,1,1,1,0,0,0,1,0,1,1,0,1,0,0,0,0,0,0,0,2,0,0,1,0,0,0,0
HG02069,KHV,EAS,female,VN064,0,0,female,0,1,0,0,0,0,2,0,0,0,0,2,0,0,1,0,2,0,0,2,0,2,0,1,1,0,1,1,1,1,1,0,0,0,0,0,0,0,0,0,0,0,0,0,0,0,0,0,0,0,0,1,0,0,1,0,0,2,0,0,0,0,0,1,0,0,0,1,1,0,0,0,0,1,1,1,0,0,0,1,0,2,0,0,0,1,1,0,0,0,0,0,2,0,0,2,0,0,0,0
HG02070,KHV,EAS,male,VN064,0,0,male,0,1,1,0,0,0,2,0,0,0,0,1,1,0,0,0,1,0,0,1,0,2,0,0,0,0,0,0,0,0,0,0,1,1,0,0,0,1,0,0,0,0,1,0,0,0,0,1,0,0,0,2,0,0,0,0,0,0,0,0,1,0,0,0,0,0,0,1,0,2,0,0,0,1,1,2,0,0,0,1,0,2,0,0,0,1,1,0,1,0,0,0,1,0,0,1,0,0,0,0
HG02072,KHV,EAS,female,VN065,0,0,female,0,0,0,0,0,0,2,0,0,0,0,1,2,0,0,0,2,0,0,0,0,2,0,1,1,0,0,0,1,1,1,0,0,0,2,0,0,0,0,0,0,0,1,0,0,0,0,2,0,0,1,1,0,0,0,0,0,0,0,0,1,0,0,0,0,0,0,0,0,0,0,0,0,1,1,1,0,1,0,1,0,1,0,0,0,1,0,0,0,1,0,0,2,0,0,2,0,0,0,0
HG02073,KHV,EAS,male,VN065,0,0,male,0,0,0,0,0,0,2,0,0,0,0,2,2,0,0,0,2,0,0,1,0,2,0,0,0,0,0,1,0,0,0,0,0,0,1,1,0,0,0,0,0,1,1,0,0,0,1,2,0,0,1,2,0,0,0,0,0,0,0,0,2,0,0,0,1,0,0,1,2,1,0,0,0,1,0,1,0,0,0,0,0,2,0,0,0,1,1,0,1,1,0,0,1,0,0,1,0,0,0,0
HG02075,KHV,EAS,female,VN066,0,0,female,0,0,2,0,0,0,2,0,0,0,0,2,1,1,0,0,2,0,0,0,0,2,0,0,0,0,0,0,0,0,0,0,1,2,1,0,0,0,0,0,1,0,1,0,0,0,1,2,0,0,1,1,0,0,0,0,0,0,0,0,0,0,0,0,0,0,0,1,1,2,0,0,0,2,1,0,0,1,0,0,0,1,0,0,0,1,2,0,0,1,0,0,2,0,0,2,0,0,0,0
HG02076,KHV,EAS,male,VN066,0,0,male,0,2,1,0,0,1,2,0,0,0,0,2,2,0,0,0,1,0,0,2,0,2,0,0,0,0,0,0,0,0,1,0,1,1,1,0,0,0,0,0,1,0,1,0,0,0,1,1,0,0,0,2,0,0,1,0,1,1,0,0,1,0,0,0,0,0,0,0,1,2,0,0,0,1,1,2,0,2,0,0,0,1,0,0,0,0,2,0,0,0,0,0,1,0,0,2,0,0,0,0
HG02078,KHV,EAS,female,VN067,0,0,female,0,1,0,0,0,0,2,0,0,0,0,0,1,1,0,0,1,0,0,2,0,2,0,0,0,0,1,0,0,0,0,0,0,1,0,0,0,0,0,0,0,0,2,0,0,0,0,2,0,0,0,2,0,0,0,0,1,0,0,0,2,0,0,0,0,0,0,1,1,2,0,0,0,1,0,2,0,1,0,1,0,0,1,0,0,0,2,0,0,0,0,0,2,0,0,2,0,0,0,0
HG02079,KHV,EAS,male,VN067,0,0,male,0,2,1,0,0,0,2,0,0,0,0,0,1,0,0,0,2,0,0,1,0,2,0,0,0,0,0,0,0,0,0,0,0,0,0,0,0,0,0,0,1,1,1,0,0,0,0,2,0,0,2,2,0,0,0,0,0,1,0,0,0,0,0,0,0,0,0,0,0,1,0,0,0,2,1,1,0,0,0,1,0,1,0,0,1,2,0,0,0,1,0,0,2,0,0,2,0,0,0,0
HG02081,KHV,EAS,female,VN068,0,0,female,0,0,0,0,0,0,2,0,1,0,0,2,1,0,0,0,2,0,0,0,0,2,0,0,0,0,0,0,0,0,0,0,2,0,0,0,0,1,0,0,1,0,2,0,0,0,0,1,0,0,1,0,0,0,0,0,0,0,0,0,1,0,0,1,0,0,0,2,1,0,0,0,0,1,0,2,0,1,0,1,0,1,0,0,0,1,2,0,0,1,0,0,2,0,0,1,0,0,0,0
HG02082,KHV,EAS,male,VN068,0,0,male,0,0,0,0,0,0,2,0,0,0,0,1,2,1,0,0,0,0,0,0,1,2,0,0,0,0,0,0,0,0,0,0,1,1,1,0,0,0,0,0,0,2,1,0,0,0,0,2,0,0,0,1,0,0,0,0,0,0,0,0,0,0,0,0,0,0,0,1,0,0,0,0,0,2,1,2,0,1,0,0,1,0,0,0,0,0,1,0,0,0,0,0,0,0,0,2,0,0,0,0
HG02084,KHV,EAS,female,VN069,0,0,female,0,1,0,0,0,0,2,0,0,0,0,0,2,0,0,0,1,0,1,0,0,2,0,0,0,0,0,0,0,0,0,0,1,0,2,0,0,0,0,0,0,0,2,0,0,0,1,1,0,0,2,1,0,0,0,0,0,2,0,0,0,0,0,0,0,0,0,1,1,1,0,0,0,1,0,2,0,1,0,2,0,1,0,0,0,1,2,0,0,0,0,0,2,0,0,1,0,0,0,0
HG02085,KHV,EAS,male,VN069,0,0,male,0,2,0,0,0,0,2,0,0,0,0,0,0,0,0,0,1,1,0,1,0,2,0,0,0,0,0,0,0,0,0,0,0,0,0,0,0,0,0,0,1,0,2,1,1,0,1,2,0,0,0,2,0,0,0,0,0,2,0,0,1,0,0,0,0,0,0,1,0,2,0,0,0,1,1,1,0,0,0,0,0,1,0,0,0,0,1,0,1,0,0,0,2,0,0,2,0,0,0,0
HG02086,KHV,EAS,female,VN070,0,0,female,0,1,1,0,0,0,2,0,0,0,0,1,1,1,0,0,1,0,0,1,0,2,0,0,0,0,0,0,0,0,0,0,0,0,0,0,0,0,0,0,0,1,1,0,0,0,1,2,0,0,0,1,0,0,0,0,0,0,0,0,1,0,0,0,0,0,0,0,0,0,0,0,0,1,0,2,0,1,0,2,0,1,0,0,0,2,1,0,0,0,0,0,2,0,0,2,0,0,0,0
HG02087,KHV,EAS,female,VN071,0,0,female,0,0,1,0,0,0,2,0,0,0,0,1,2,0,0,0,1,0,0,0,0,2,0,0,0,0,0,0,1,1,1,0,0,0,0,0,0,0,0,0,1,0,1,0,1,0,0,1,0,0,1,1,0,0,0,0,0,1,0,0,1,0,0,0,0,0,0,1,1,2,0,0,0,1,0,2,0,1,0,0,0,0,0,0,0,1,1,0,0,0,0,0,2,0,0,2,0,0,0,0
HG02088,KHV,EAS,male,VN072,0,0,male,0,0,0,0,0,0,2,0,0,0,0,2,2,0,0,0,2,0,0,1,0,2,0,0,0,0,0,0,2,2,1,0,0,0,1,0,0,0,0,0,0,0,1,0,0,0,1,1,0,0,1,1,0,0,0,0,0,2,0,0,1,0,0,0,0,0,0,1,1,1,0,0,0,2,0,2,0,0,0,1,0,1,1,0,2,1,1,0,0,0,0,0,2,0,0,2,0,0,0,0
HG02089,PEL,AMR,female,PEL35,0,0,female,0,2,0,0,0,0,2,0,0,0,0,0,2,0,0,0,2,0,0,0,0,2,0,0,0,0,0,0,0,0,0,0,0,1,1,0,0,0,0,0,1,1,1,1,0,0,1,0,0,0,1,2,0,0,0,1,0,1,0,0,1,0,0,1,0,0,0,0,0,0,0,0,0,0,2,1,0,1,0,2,0,0,0,0,1,1,0,0,0,1,0,0,2,0,0,2,0,0,0,0
HG02090,PEL,AMR,male,PEL35,0,0,male,0,1,1,0,0,0,2,0,0,0,0,1,2,0,1,1,2,1,1,1,0,2,0,1,1,0,0,0,0,0,0,0,0,0,1,0,0,0,0,0,2,1,2,0,1,0,0,1,0,0,1,2,0,0,0,0,0,1,0,0,1,0,0,0,0,0,0,0,0,0,0,0,0,0,2,1,0,0,0,2,1,0,1,0,1,0,0,0,0,0,0,0,2,0,0,2,0,0,0,0
HG02095,ACB,AFR,female,BB16,0,0,female,0,2,1,0,0,2,2,0,0,0,0,1,2,0,0,0,1,1,0,1,0,1,0,0,0,0,0,0,1,0,0,0,0,0,1,0,0,1,0,0,1,1,2,0,0,0,1,0,0,0,0,2,0,0,0,0,0,2,0,0,0,0,0,0,0,0,0,1,0,0,0,0,0,2,0,1,0,0,0,2,1,0,1,0,0,0,0,0,0,0,0,0,2,0,1,1,1,0,0,0
HG02102,PEL,AMR,female,PEL37,0,0,female,0,1,1,0,0,0,2,0,0,0,0,1,2,0,0,0,2,0,0,0,0,2,0,1,0,0,0,0,0,0,0,0,1,0,0,0,0,1,0,0,0,0,2,0,2,0,0,1,0,0,0,2,0,0,0,1,0,1,0,0,0,0,0,2,0,0,0,0,0,1,0,0,0,0,2,2,0,2,0,0,0,0,0,0,1,1,1,0,0,1,0,0,2,0,0,2,0,0,0,0
HG02104,PEL,AMR,male,PEL38,0,0,male,0,1,0,0,0,0,2,0,0,0,0,0,2,0,0,0,1,0,0,0,0,2,0,0,0,0,0,0,0,0,0,0,0,0,2,0,0,0,0,0,0,0,2,0,2,0,0,0,0,0,1,2,0,0,0,1,0,0,0,0,2,0,0,2,0,0,0,0,1,1,0,0,0,1,1,1,0,1,0,2,0,0,0,0,0,0,2,0,2,1,0,0,2,0,0,2,0,0,0,0
HG02105,PEL,AMR,female,PEL38,0,0,female,0,2,0,0,0,0,2,0,0,0,1,0,2,1,0,0,2,0,0,1,0,2,0,0,0,0,0,0,0,0,0,0,0,0,2,0,0,0,0,0,1,0,1,1,1,0,0,0,0,0,0,2,0,0,0,2,0,0,0,0,1,0,0,0,0,0,0,0,0,0,0,0,0,0,1,1,0,1,0,2,0,1,0,0,0,0,2,0,2,1,0,0,2,0,0,2,0,0,0,0
HG02107,ACB,AFR,male,BB18,0,0,male,0,2,1,0,0,1,2,1,0,0,1,0,2,0,0,1,1,0,1,1,0,1,0,2,0,0,0,0,0,0,0,1,0,1,0,0,0,1,0,0,2,0,2,0,0,0,2,1,0,0,1,2,0,0,0,0,0,0,0,0,0,0,0,0,0,0,0,0,1,1,1,0,0,1,0,1,0,0,0,0,0,0,1,0,1,0,0,0,0,0,0,0,2,1,1,1,1,0,0,0
HG02108,ACB,AFR,female,BB18,0,0,female,0,2,1,0,0,0,2,0,0,0,1,0,1,1,0,0,2,0,0,1,0,2,0,0,0,0,0,0,0,0,0,1,0,1,1,0,0,2,1,0,0,2,1,0,1,0,2,2,0,0,1,2,0,1,0,0,0,2,0,0,1,1,0,0,0,0,1,0,1,1,0,0,0,1,1,2,0,0,1,2,0,0,2,0,1,0,0,0,1,0,0,0,2,0,0,2,0,0,0,0
HG02111,ACB,AFR,female,BB19,0,0,female,0,2,2,1,0,0,2,0,0,0,0,0,2,1,0,0,0,2,0,1,1,1,0,1,0,0,0,0,0,0,0,0,1,0,1,1,0,2,0,0,0,1,1,0,0,0,2,1,2,0,2,2,0,0,1,0,0,0,0,0,1,0,0,0,0,0,0,0,1,0,0,0,0,1,0,1,0,0,0,0,1,0,1,0,1,0,0,0,0,1,0,0,1,1,0,1,0,2,0,0
HG02113,KHV,EAS,female,VN073,0,0,female,0,1,1,0,0,0,2,0,0,0,0,0,2,2,0,0,1,0,0,1,0,2,0,0,0,0,0,0,0,0,0,0,1,1,0,0,0,0,0,0,1,0,2,0,0,0,1,2,0,0,0,2,0,0,0,0,0,0,0,0,0,0,0,0,0,0,0,1,1,1,0,0,0,2,2,2,0,0,0,2,0,1,0,0,2,2,0,0,0,0,0,0,2,0,0,2,0,0,0,0
HG02116,KHV,EAS,male,VN074,0,0,male,0,0,0,0,0,0,2,0,0,0,1,1,2,0,0,0,1,0,0,1,0,2,0,0,0,0,0,0,1,1,1,0,1,1,1,0,0,0,0,0,2,0,2,0,0,0,0,1,0,0,1,2,0,0,0,0,0,0,0,0,0,0,0,1,0,0,0,1,0,0,0,0,0,2,2,2,0,2,0,1,0,0,0,0,1,0,1,0,1,0,0,0,2,0,0,1,0,0,0,0
HG02121,KHV,EAS,female,VN076,0,0,female,0,0,1,0,0,0,2,0,0,0,0,0,2,0,0,0,2,0,0,1,0,2,0,0,0,0,0,0,0,0,1,0,1,0,0,0,0,0,0,0,1,0,1,0,0,0,0,2,0,0,0,2,0,0,0,0,0,0,0,0,1,0,0,0,0,0,0,1,0,1,0,0,0,1,1,0,0,1,0,0,0,1,2,0,0,2,0,0,0,0,0,0,2,0,0,2,0,0,0,0
HG02122,KHV,EAS,male,VN076,0,0,male,0,0,1,0,0,0,2,0,0,0,0,1,2,0,0,0,2,1,0,1,0,2,0,0,0,0,1,0,1,1,1,0,1,1,0,0,0,0,0,0,1,0,2,0,0,0,2,0,0,0,0,2,0,0,0,0,0,2,0,0,1,0,0,0,0,0,0,0,1,1,0,0,0,0,1,2,0,0,0,0,0,1,0,0,0,1,1,0,0,1,0,0,2,0,0,2,0,0,0,0
HG02127,KHV,EAS,female,VN078,0,0,female,0,1,1,0,0,0,2,0,0,0,0,2,1,0,0,0,2,0,0,2,1,2,0,0,0,0,1,0,1,1,2,0,0,0,0,0,0,1,0,0,2,0,1,0,0,0,0,2,0,0,1,2,0,0,0,0,0,0,0,0,1,0,0,0,0,0,0,0,0,1,0,0,0,0,1,1,0,1,0,1,0,1,0,0,1,1,1,0,0,0,0,0,0,0,0,2,0,0,0,0
HG02128,KHV,EAS,male,VN078,0,0,male,0,1,1,0,0,0,2,0,0,0,0,0,2,1,0,0,0,1,0,1,0,2,0,0,0,0,0,0,1,1,1,0,1,1,0,0,0,0,0,0,1,0,2,0,0,0,1,2,0,0,0,1,0,0,0,0,0,1,0,0,1,0,0,1,0,0,0,0,2,1,0,0,0,1,2,2,0,1,0,2,0,1,0,0,0,0,2,0,0,0,0,0,2,0,0,2,0,0,0,0
HG02130,KHV,EAS,female,VN079,0,0,female,0,1,1,0,0,0,2,0,0,0,0,2,2,2,0,0,1,1,0,0,0,2,0,0,0,0,0,1,1,1,1,0,1,1,0,0,0,0,0,0,0,0,0,0,0,0,1,2,0,0,0,1,0,0,0,0,0,1,0,0,2,0,0,0,1,0,0,2,1,1,0,0,0,0,0,1,0,0,0,1,0,0,0,0,1,0,0,0,0,1,0,0,1,0,0,1,0,0,0,0
HG02131,KHV,EAS,male,VN079,0,0,male,0,2,2,0,0,0,2,0,0,0,0,2,2,0,0,0,2,0,0,0,0,2,0,0,0,0,0,0,0,0,0,0,1,0,0,0,0,0,0,0,0,0,2,0,0,0,2,2,0,0,0,2,0,0,0,0,0,1,0,0,0,0,0,0,0,0,0,1,1,2,0,0,0,1,1,1,0,1,0,0,0,1,0,0,0,1,1,0,0,1,0,0,2,0,0,1,0,0,0,0
HG02133,KHV,EAS,female,VN080,0,0,female,0,1,2,0,0,1,2,0,0,0,0,1,2,0,0,0,1,1,0,0,0,2,0,1,1,0,1,0,0,0,0,0,0,0,1,0,0,0,0,0,1,0,1,0,0,0,1,1,0,0,0,2,0,0,0,0,1,1,0,0,0,0,0,0,0,0,0,1,2,1,0,0,0,2,1,0,0,1,0,1,0,1,1,0,0,1,1,0,0,0,0,0,2,0,0,2,0,0,0,0
HG02134,KHV,EAS,male,VN080,0,0,male,0,0,0,0,0,0,2,0,0,0,1,1,1,0,0,0,2,1,0,1,1,2,0,0,0,0,0,0,1,1,1,0,0,0,0,0,0,1,0,0,1,0,1,0,0,0,1,2,0,0,0,2,0,0,0,0,0,0,0,0,0,0,0,0,0,0,0,2,1,1,0,0,0,1,0,2,0,2,0,1,0,1,0,0,0,0,1,0,0,0,0,0,2,0,0,0,0,0,0,0
HG02136,KHV,EAS,female,VN081,0,0,female,0,0,2,0,0,1,2,0,0,0,0,1,0,0,0,0,0,0,0,1,0,2,0,1,1,0,1,0,0,0,0,0,0,0,0,0,0,0,0,0,0,0,2,1,0,0,2,2,0,0,0,2,0,0,0,0,0,0,0,0,2,0,0,0,0,0,0,0,0,1,0,0,0,0,1,2,0,1,0,1,0,2,0,0,1,0,1,0,2,0,0,0,2,0,0,2,0,0,0,0
HG02137,KHV,EAS,male,VN081,0,0,male,0,2,2,0,0,0,2,0,0,0,0,1,2,0,0,0,2,1,0,1,0,2,0,0,0,0,1,0,1,1,1,0,0,0,1,0,0,0,0,0,0,0,1,0,1,0,1,2,0,0,1,2,0,0,0,0,0,0,0,0,0,0,0,0,0,0,0,0,1,0,0,0,0,2,1,1,0,1,0,1,0,1,0,0,0,0,0,0,0,0,0,0,2,0,0,2,0,0,0,0
HG02138,KHV,EAS,male,VN082,0,0,male,0,0,0,0,0,0,2,0,1,0,1,0,1,0,0,0,2,0,0,0,0,2,0,1,1,0,0,0,0,0,0,0,0,0,1,0,0,0,0,0,1,0,1,0,2,0,2,2,0,0,1,1,0,0,0,0,0,0,0,0,0,0,0,0,0,0,0,1,1,1,0,0,0,1,2,0,0,1,0,1,0,1,0,0,1,1,1,0,0,0,0,0,2,0,0,1,0,0,0,0
HG02139,KHV,EAS,female,VN083,0,0,female,0,1,0,0,0,0,2,0,1,0,0,1,0,1,0,0,2,0,0,2,0,2,0,0,0,0,0,0,0,0,0,0,0,0,0,0,0,0,0,0,0,1,0,0,0,0,1,2,0,0,1,1,0,0,0,0,0,1,0,0,2,0,0,0,0,0,0,1,1,1,0,0,0,2,0,1,0,1,0,1,0,1,0,0,0,1,1,0,0,1,0,0,0,0,0,2,0,0,0,0
HG02140,KHV,EAS,female,VN084,0,0,female,0,0,0,0,0,0,2,0,0,0,0,2,0,0,0,0,2,0,0,1,1,2,0,0,0,0,0,0,0,0,0,0,0,0,0,0,0,0,0,0,0,0,1,0,0,0,1,1,0,0,1,2,0,0,0,0,0,1,0,0,0,0,0,0,0,0,0,1,2,1,0,0,0,2,1,2,0,2,0,1,1,0,0,0,0,0,2,0,0,0,0,0,1,0,0,1,0,0,0,0
HG02141,KHV,EAS,male,VN085,0,0,male,0,1,0,0,0,0,2,0,0,0,0,1,1,0,0,0,2,1,0,1,0,2,0,0,0,0,0,0,0,0,0,0,0,0,0,0,0,0,0,0,1,0,2,0,0,0,1,2,0,0,1,2,0,0,0,0,0,0,0,0,2,0,0,0,0,0,0,1,1,2,0,0,0,1,1,1,0,0,0,2,0,2,0,0,1,2,1,0,1,1,0,0,1,0,0,2,0,0,0,0
HG02142,KHV,EAS,female,VN086,0,0,female,0,1,2,0,0,0,2,0,0,0,0,0,0,2,0,0,2,0,0,0,1,2,0,0,0,0,0,0,0,0,0,0,1,1,0,0,0,0,0,0,1,0,1,0,0,0,1,2,0,0,0,2,0,0,0,0,0,0,0,0,1,0,0,1,0,0,0,2,0,1,0,0,1,2,0,1,0,0,0,1,0,0,0,0,0,0,2,0,0,0,0,0,2,0,0,2,0,0,0,0
HG02143,ACB,AFR,male,BB20,0,0,male,0,2,1,0,0,0,2,0,0,0,0,1,2,0,0,0,1,0,0,2,0,1,0,1,0,0,0,0,1,0,0,0,0,1,1,1,0,1,0,0,1,0,1,0,0,0,2,2,0,0,0,2,0,0,0,1,0,1,0,0,1,1,0,1,1,0,0,1,1,2,0,0,0,0,0,1,0,0,0,2,0,0,2,0,1,0,0,0,0,0,0,1,2,0,1,2,0,1,0,0
HG02144,ACB,AFR,female,BB20,0,0,female,0,2,2,1,0,0,1,0,0,0,0,0,2,0,2,0,0,0,0,2,1,2,0,0,0,0,0,0,0,0,0,0,0,1,0,0,0,2,0,0,0,1,1,0,0,0,1,2,1,0,1,2,0,1,0,0,0,0,0,0,0,0,0,0,0,1,0,0,1,0,0,1,0,0,1,0,0,0,0,0,0,0,0,0,0,0,0,0,0,1,0,0,2,0,0,1,0,1,0,0
HG02146,PEL,AMR,male,PEL39,0,0,male,0,0,0,0,0,0,2,0,0,0,0,0,2,0,0,0,2,0,0,0,0,2,0,0,0,0,0,0,0,0,0,0,0,0,1,0,0,0,0,0,2,0,1,0,1,0,1,0,0,0,0,2,0,0,0,0,0,1,0,0,2,0,0,2,0,0,0,0,1,1,0,0,0,0,1,1,0,2,0,2,0,1,0,0,0,0,0,0,1,1,0,0,2,0,0,2,0,0,0,0
HG02147,PEL,AMR,female,PEL39,0,0,female,0,1,0,0,0,0,2,0,0,0,0,0,2,0,0,0,2,0,0,0,0,2,0,0,0,0,0,0,0,0,0,0,0,0,1,0,0,0,0,0,1,1,1,0,0,0,0,0,0,0,1,2,0,0,0,0,0,2,0,0,2,0,0,1,0,0,0,0,1,1,0,0,0,0,2,2,0,2,0,1,0,0,1,0,0,1,0,0,0,0,0,0,2,0,0,2,0,0,0,0
HG02150,PEL,AMR,male,PEL40,0,0,male,0,1,0,0,0,1,2,0,0,0,0,0,2,0,0,0,1,0,0,0,0,2,0,0,0,0,0,1,0,0,0,0,0,0,1,0,0,0,0,0,2,0,1,0,1,0,0,0,0,0,1,2,0,0,0,0,0,1,0,0,1,0,0,1,0,0,0,0,1,1,0,0,0,0,2,2,0,2,0,1,0,0,1,0,0,0,2,0,0,1,0,0,2,0,0,2,0,0,0,0
HG02151,CDX,EAS,female,HG02151,0,0,female,0,1,0,0,0,0,2,0,0,0,0,1,2,0,0,0,1,0,0,0,0,2,0,0,0,0,0,0,0,0,0,0,0,0,1,0,0,0,0,0,1,1,1,0,1,0,0,2,0,0,0,2,0,0,0,0,0,1,0,0,1,0,0,0,0,0,0,1,1,1,0,0,0,1,1,2,0,0,0,2,0,1,0,0,0,0,1,0,0,1,0,0,2,0,0,1,0,0,0,0
HG02152,CDX,EAS,female,HG02152,0,0,female,0,1,1,0,0,0,2,0,0,0,0,1,1,0,0,0,2,0,0,2,0,2,0,0,0,0,1,0,0,0,0,0,0,0,0,0,0,0,0,0,1,1,2,0,0,0,2,2,0,0,0,1,0,0,0,0,0,0,0,0,1,0,0,0,1,0,0,0,0,0,0,0,0,0,1,2,0,1,0,0,0,1,0,0,0,1,2,0,1,0,0,0,2,0,0,1,0,0,0,0
HG02153,CDX,EAS,female,HG02153,0,0,female,0,0,2,0,0,0,2,0,0,0,0,1,0,0,0,0,2,2,0,2,0,2,0,0,0,0,0,0,1,1,1,0,1,1,0,0,0,0,0,0,0,0,0,0,0,0,0,2,0,0,1,2,0,0,0,0,0,1,0,0,0,0,0,0,0,0,0,0,0,1,0,0,0,1,0,1,0,0,0,1,0,1,0,0,0,0,1,0,0,0,0,0,1,0,0,2,0,0,0,0
HG02154,CDX,EAS,female,HG02154,0,0,female,0,0,1,0,0,0,2,0,1,0,0,1,1,0,0,0,2,0,0,1,0,2,0,0,0,0,0,0,1,1,1,0,0,0,1,0,0,0,0,0,1,0,0,1,0,0,1,2,0,0,0,2,0,0,0,0,0,0,0,0,1,0,0,0,1,0,0,0,1,1,0,0,0,2,0,1,0,1,0,1,0,1,0,0,1,0,2,0,0,1,0,0,2,0,0,2,0,0,0,0
HG02155,CDX,EAS,female,HG02155,0,0,female,0,0,0,0,0,0,2,0,0,0,0,1,1,0,0,0,2,0,0,0,0,2,0,0,0,0,0,0,0,0,0,0,1,1,1,0,0,0,0,0,2,0,2,0,1,0,1,1,0,0,0,1,0,0,0,0,0,0,0,0,2,0,0,0,0,0,0,0,1,2,0,0,0,1,0,1,0,1,0,0,0,1,1,0,0,0,2,0,0,0,0,0,1,0,0,1,0,0,0,0
HG02156,CDX,EAS,female,HG02156,0,0,female,0,1,1,0,0,0,2,0,0,0,0,2,0,1,0,0,1,0,0,1,0,2,0,0,0,0,0,0,0,0,0,0,0,0,1,0,0,0,0,0,2,0,1,0,0,0,1,2,0,0,1,2,0,0,0,0,0,1,0,0,1,0,0,0,0,0,0,0,1,0,0,0,0,2,1,1,0,1,0,1,1,1,0,0,1,0,1,0,1,0,0,0,2,0,0,1,0,0,0,0
HG02164,CDX,EAS,female,HG02164,0,0,female,0,0,0,0,0,0,2,0,0,0,0,1,1,0,0,0,1,0,0,1,0,2,0,0,0,0,0,0,0,0,0,0,0,0,0,0,0,0,0,0,0,0,1,0,1,0,0,2,0,0,0,2,0,0,0,0,0,1,0,0,2,0,0,0,0,0,0,0,0,1,0,0,0,2,1,2,0,1,0,1,0,2,0,0,0,1,2,0,0,0,0,0,2,0,0,1,0,0,0,0
HG02165,CDX,EAS,female,HG02165,0,0,female,0,0,1,0,0,0,2,0,0,0,0,0,2,0,0,0,2,1,0,2,0,2,0,0,0,0,0,0,0,0,0,0,0,0,0,0,0,0,0,0,1,0,1,0,0,0,0,2,0,0,0,1,0,0,0,0,0,1,0,0,1,0,0,0,0,0,0,0,2,2,0,0,0,2,0,1,0,0,0,1,0,1,1,0,1,0,1,0,0,0,0,0,1,0,0,2,0,0,0,0
HG02166,CDX,EAS,female,HG02166,0,0,female,0,1,2,0,0,0,2,0,1,0,0,0,1,0,0,0,2,0,0,1,0,2,0,0,0,0,0,0,1,1,1,0,0,0,0,0,0,0,0,0,0,0,0,0,1,0,0,2,0,0,2,1,0,0,0,0,0,0,0,0,1,0,0,0,0,0,0,0,0,0,0,0,0,1,1,2,0,1,0,2,0,1,0,0,2,1,2,0,0,1,0,0,2,0,0,2,0,0,0,0
HG02178,CDX,EAS,female,HG02178,0,0,female,0,1,2,0,0,0,2,0,0,0,0,1,2,1,0,0,0,0,0,1,0,2,0,1,1,0,0,0,1,0,0,0,1,1,0,0,0,0,0,0,2,0,1,0,0,0,1,2,0,0,1,1,0,0,0,0,1,1,0,0,1,0,0,0,0,0,0,2,0,1,0,0,0,1,0,2,0,1,0,1,0,0,0,0,0,0,1,0,0,1,0,0,2,0,0,2,0,0,0,0
HG02179,CDX,EAS,female,HG02179,0,0,female,0,1,1,0,0,0,2,0,0,0,0,2,2,0,0,0,1,0,0,1,0,2,0,0,0,0,1,0,0,0,0,0,0,0,0,0,0,0,0,0,1,0,2,0,0,0,1,2,0,0,0,1,0,0,0,0,0,2,0,0,0,0,0,0,0,0,0,0,0,1,0,0,0,1,1,1,0,2,0,1,0,1,0,0,0,0,1,0,0,1,0,0,0,0,0,2,0,0,0,0
HG02180,CDX,EAS,female,HG02180,0,0,female,0,1,1,0,0,0,2,0,0,0,0,2,2,1,0,0,1,1,0,1,0,2,0,0,0,0,0,0,0,0,0,0,1,1,1,0,0,0,0,0,0,1,1,0,0,0,2,1,0,0,1,2,0,0,0,0,1,0,0,0,1,0,0,0,0,0,0,1,0,1,0,0,0,0,2,0,0,1,0,1,0,1,0,0,0,0,0,0,0,1,0,0,1,0,0,2,0,0,1,0
HG02181,CDX,EAS,female,HG02181,0,0,female,0,0,0,0,0,0,2,0,0,0,0,2,2,0,0,0,1,1,0,0,0,2,0,0,0,0,0,0,1,0,0,0,2,2,0,0,0,1,0,0,0,0,2,0,0,0,2,2,0,0,0,2,0,0,0,0,0,0,0,0,1,0,0,0,0,0,0,0,0,0,0,0,0,1,1,0,0,1,0,1,0,1,0,0,0,1,2,0,0,0,0,0,2,0,0,2,0,0,0,0
HG02184,CDX,EAS,female,HG02184,0,0,female,0,0,1,0,0,0,2,0,0,0,0,1,2,0,0,0,2,0,0,0,0,2,0,0,0,0,0,0,0,0,0,0,0,1,2,0,0,0,0,0,1,0,1,0,1,0,1,2,0,0,1,1,0,0,0,0,0,0,0,0,1,0,0,0,0,0,0,0,0,0,0,0,0,2,2,2,0,0,0,0,0,0,0,0,1,1,0,0,0,1,0,0,2,0,0,2,0,0,0,0
HG02185,CDX,EAS,female,HG02185,0,0,female,0,1,1,0,0,0,2,0,0,0,0,1,1,2,0,0,2,0,0,1,0,2,0,0,0,0,1,0,0,0,1,0,1,1,0,0,0,0,0,0,0,0,2,0,0,0,0,2,0,0,2,2,0,0,0,0,0,0,0,0,1,0,0,0,0,0,0,0,0,0,0,0,0,2,1,1,0,0,0,0,0,1,0,0,0,1,1,0,0,0,0,0,2,0,0,2,0,0,0,0
HG02186,CDX,EAS,female,HG02186,0,0,female,0,0,0,0,0,1,2,0,0,0,1,2,1,0,0,0,2,0,0,0,0,2,0,0,0,0,1,0,2,2,2,0,0,0,0,0,0,0,0,0,0,0,2,1,0,0,1,2,0,0,0,1,0,0,0,0,0,0,0,0,0,0,0,0,1,0,0,2,0,1,0,0,1,2,1,2,0,2,0,0,0,2,0,0,1,0,0,0,0,1,0,0,1,0,0,2,0,0,0,0
HG02187,CDX,EAS,female,HG02187,0,0,female,0,2,1,0,0,0,2,0,0,0,0,1,1,2,0,0,1,0,0,0,1,2,0,0,0,0,0,0,0,0,0,0,0,0,0,0,0,0,0,0,1,1,1,0,1,0,0,2,0,0,2,2,0,0,0,0,0,1,0,0,1,0,0,0,0,0,0,1,0,0,0,0,0,0,0,1,0,1,0,2,0,2,0,0,1,1,2,0,0,0,0,0,2,0,0,1,0,0,0,0
HG02188,CDX,EAS,female,HG02188,0,0,female,0,0,1,0,0,0,2,0,0,0,0,1,2,2,0,0,1,1,0,2,0,2,0,0,0,0,0,0,0,0,0,0,0,0,1,0,0,0,0,0,1,0,1,0,0,0,1,2,0,0,0,1,0,0,0,0,0,2,0,0,0,0,0,1,0,0,0,1,0,0,0,0,1,2,2,0,0,1,0,1,0,1,0,0,0,1,1,0,1,1,0,0,1,0,0,2,0,0,0,0
HG02190,CDX,EAS,female,HG02190,0,0,female,0,1,1,0,0,1,2,0,0,0,0,0,2,0,0,0,2,1,0,1,0,2,0,0,0,0,1,0,1,1,1,0,0,1,1,0,0,0,0,0,0,0,1,0,0,0,2,1,0,0,0,1,0,0,0,0,0,1,0,0,0,0,0,0,2,0,0,1,1,1,0,0,0,2,0,2,0,0,0,2,0,1,1,0,1,1,2,0,0,0,0,0,1,0,0,2,0,0,0,0
HG02215,GBR,EUR,female,HG02215,0,0,female,0,1,2,0,0,0,2,0,0,0,0,1,2,0,0,0,2,0,0,1,0,2,0,0,0,0,0,0,0,0,0,0,0,0,0,0,0,0,0,0,2,0,1,0,0,0,2,2,0,0,0,2,0,0,0,0,0,1,0,0,1,0,0,1,0,0,0,0,2,2,0,0,0,0,1,1,0,0,0,2,0,1,0,0,0,0,1,0,0,0,0,0,1,0,0,0,0,0,0,0
HG02219,IBS,EUR,male,IBS055,0,0,male,0,0,1,0,0,0,2,0,1,0,0,0,2,0,0,0,1,1,0,2,0,2,0,0,0,0,1,0,0,0,0,0,0,0,0,0,0,0,0,0,1,1,1,0,0,0,0,1,0,0,0,2,0,0,0,2,0,0,0,0,2,0,0,0,0,0,0,0,0,1,0,0,0,2,1,2,0,1,0,2,1,0,0,0,0,0,0,0,0,0,0,0,2,0,0,1,0,0,0,0
HG02220,IBS,EUR,female,IBS056,0,0,female,0,1,0,0,0,0,2,0,0,0,0,1,1,0,0,0,2,1,0,1,0,2,0,0,0,0,1,0,0,0,0,0,0,0,0,0,0,0,0,0,0,0,0,0,0,0,0,2,0,0,1,2,0,0,0,0,0,1,0,0,0,0,0,1,0,0,0,0,2,2,0,0,0,2,1,2,0,1,0,1,0,0,0,0,0,0,0,0,0,0,0,0,2,0,0,2,0,0,0,0
HG02221,IBS,EUR,male,IBS056,0,0,male,0,1,0,0,0,1,2,0,0,0,0,0,2,0,0,0,2,0,0,2,0,2,0,0,0,0,0,0,0,0,0,0,0,1,0,0,0,1,1,0,0,0,1,0,0,0,1,2,0,0,1,2,0,0,0,0,0,0,0,0,2,0,0,1,0,0,0,0,2,2,0,0,0,1,2,2,0,1,0,0,1,1,0,0,0,0,1,0,0,1,0,0,2,0,0,1,0,0,0,0
HG02223,IBS,EUR,female,IBS057,0,0,female,0,1,0,0,0,0,2,0,1,0,0,0,2,0,0,0,2,0,0,0,0,2,0,0,0,0,0,0,0,0,0,0,0,0,0,0,0,0,0,0,1,0,0,0,0,0,1,2,0,0,0,2,0,0,0,0,0,0,0,0,0,0,0,0,0,0,0,0,2,2,0,0,0,1,2,1,0,0,0,1,0,0,0,0,0,1,1,0,1,1,0,0,2,0,0,1,0,0,0,0
HG02224,IBS,EUR,male,IBS057,0,0,male,0,1,1,0,0,0,2,0,1,0,0,0,2,0,0,0,2,1,0,1,0,2,0,0,0,0,0,0,0,0,0,0,0,0,0,0,0,0,0,0,1,0,1,0,0,0,2,2,0,0,1,2,0,0,0,1,0,1,0,0,1,0,0,1,0,0,0,0,2,2,0,0,0,2,1,2,0,0,0,2,0,0,0,0,0,1,1,0,0,1,0,0,2,0,0,2,0,0,0,0
HG02230,IBS,EUR,female,IBS059,0,0,female,0,1,0,1,0,0,2,0,1,0,0,2,2,0,0,0,2,0,0,2,1,2,0,1,1,0,0,0,0,0,0,0,0,0,0,0,1,0,0,0,2,0,2,0,0,0,2,2,0,0,2,2,0,0,0,0,1,1,0,0,1,0,0,0,0,0,0,0,1,1,0,0,0,1,1,2,0,0,0,0,0,0,0,0,0,1,0,0,0,1,0,0,2,0,0,2,0,0,0,0
HG02231,IBS,EUR,male,IBS059,0,0,male,0,0,0,0,0,1,2,0,0,0,0,1,2,0,0,0,2,0,0,2,0,2,0,1,1,0,1,0,0,0,0,0,0,1,0,0,0,0,0,0,1,0,1,0,0,0,2,2,0,0,1,2,0,0,0,0,0,0,0,0,1,0,0,0,0,0,0,0,2,2,0,0,0,2,1,1,0,1,0,0,0,0,0,0,1,0,1,0,0,0,0,0,2,0,0,2,0,0,0,0
HG02232,IBS,EUR,female,IBS060,0,0,female,0,2,0,0,0,0,2,0,0,0,0,1,1,0,0,0,2,2,0,0,0,2,0,1,1,0,0,0,0,0,0,0,0,0,0,0,0,0,0,0,0,0,2,0,0,0,1,2,0,0,2,2,1,0,0,0,0,1,0,0,1,0,0,0,0,0,0,1,2,1,0,0,0,0,0,1,0,1,0,0,1,1,0,0,0,2,0,0,0,0,0,0,2,0,0,2,0,0,0,0
HG02233,IBS,EUR,male,IBS060,0,0,male,0,0,0,0,0,0,2,0,1,0,0,0,2,0,0,0,2,1,0,1,0,2,0,0,0,0,0,0,0,0,0,0,0,0,0,0,0,0,0,0,1,0,1,0,0,0,1,2,0,0,2,2,0,0,0,1,0,1,0,0,2,0,0,0,0,0,0,0,2,1,0,0,0,0,0,1,0,2,0,2,0,0,1,0,0,0,2,0,0,1,0,0,2,0,0,1,0,0,1,0
HG02235,IBS,EUR,female,IBS061,0,0,female,0,1,0,0,0,0,2,0,0,0,0,1,1,0,0,0,2,1,0,0,0,2,0,0,0,0,0,0,0,0,0,0,0,0,0,0,0,0,0,0,0,0,1,0,0,0,0,2,0,0,0,2,0,0,0,0,0,0,0,0,2,0,0,0,0,0,0,0,1,0,0,0,0,1,1,1,0,0,0,0,0,0,0,0,0,0,1,0,1,0,0,0,2,0,0,2,0,0,0,0
HG02236,IBS,EUR,male,IBS061,0,0,male,0,1,1,0,0,0,2,0,1,0,0,1,2,0,0,0,1,0,0,1,0,2,0,0,0,0,0,0,0,0,0,0,0,0,1,0,0,0,0,0,0,0,2,0,0,0,2,2,0,0,1,2,0,0,0,1,1,2,0,0,1,0,0,0,0,0,0,0,2,2,0,0,0,2,0,2,0,0,0,1,0,1,0,0,0,0,0,0,0,0,0,0,2,0,0,1,0,0,0,0
HG02238,IBS,EUR,male,IBS062,0,0,male,0,1,0,0,0,0,2,0,2,0,0,1,2,0,0,0,2,0,0,0,0,2,0,1,1,0,1,0,0,0,0,0,0,0,0,0,0,0,0,0,0,0,2,0,0,0,0,2,0,0,1,2,0,0,0,0,0,2,0,0,1,0,0,0,0,0,0,1,2,1,1,0,0,1,1,1,0,0,0,1,0,0,0,0,1,0,0,0,0,1,0,0,2,0,0,2,1,0,0,1
HG02239,IBS,EUR,female,IBS062,0,0,female,0,1,0,0,0,0,2,0,0,0,0,1,2,2,0,0,2,0,0,1,0,2,0,1,1,0,2,0,0,0,1,0,0,0,0,0,0,0,0,0,1,0,0,0,0,0,1,2,0,0,0,2,0,0,0,1,0,2,0,0,1,0,0,1,0,0,0,1,2,1,0,0,0,1,1,2,0,1,0,1,2,0,1,0,0,0,1,0,0,0,0,0,2,0,0,0,0,0,0,0
HG02250,CDX,EAS,male,HG02250,0,0,male,0,0,0,0,0,0,2,0,0,0,0,2,2,1,0,0,2,1,0,2,0,2,0,0,0,0,0,0,0,0,0,0,0,0,0,0,0,0,0,0,0,0,2,0,1,0,1,2,0,0,1,2,0,0,0,0,0,1,0,0,1,0,0,0,0,0,0,0,1,1,0,0,0,1,0,2,0,0,0,2,0,2,0,0,0,0,0,0,0,0,0,0,2,0,0,2,0,0,0,0
HG02252,PEL,AMR,female,PEL41,0,0,female,0,0,0,0,0,0,2,0,0,0,0,0,2,0,0,0,2,0,0,0,0,2,0,0,0,0,0,0,0,0,0,0,0,0,0,0,0,0,0,0,1,0,1,1,1,0,1,2,0,0,1,2,0,0,0,2,0,1,0,0,1,0,0,2,0,0,0,0,0,0,0,0,0,0,2,1,0,2,0,2,1,0,0,0,1,0,0,0,0,0,0,0,2,0,0,1,0,0,0,0
HG02253,PEL,AMR,male,PEL41,0,0,male,0,1,0,0,0,0,2,0,2,0,0,0,2,0,0,0,1,1,0,0,0,2,0,1,1,0,0,0,0,0,0,0,0,1,0,0,0,0,0,0,0,1,1,0,1,0,1,2,0,1,0,2,0,0,0,0,0,0,0,0,0,0,0,1,0,0,0,0,1,0,0,0,0,1,2,2,0,0,0,2,0,0,0,0,0,1,0,0,0,0,0,0,2,0,0,1,0,0,0,0
HG02255,ACB,AFR,male,BB21,0,0,male,0,1,0,0,0,0,1,0,0,0,0,1,2,0,0,0,2,0,0,2,0,2,0,0,0,0,0,0,0,0,0,0,1,0,1,1,0,1,0,1,2,0,1,0,0,0,1,2,1,0,0,2,0,0,1,0,0,1,0,0,1,0,0,0,0,0,0,1,1,1,0,0,0,2,1,2,0,0,0,1,1,0,0,0,1,0,0,0,0,0,0,0,2,0,0,2,0,0,0,0
HG02256,ACB,AFR,female,BB21,0,0,female,0,1,0,0,0,0,2,0,0,0,0,2,2,0,1,1,1,2,0,2,0,1,0,1,0,0,0,0,0,0,0,0,0,0,1,1,0,1,0,0,0,1,1,0,0,0,1,2,0,1,2,2,0,0,0,0,0,2,0,0,1,0,0,0,0,0,0,0,2,1,0,1,0,2,1,0,0,1,0,0,0,0,1,0,2,1,0,0,0,0,0,0,1,0,0,1,1,0,1,0
HG02259,PEL,AMR,male,PEL42,0,0,male,0,1,0,0,0,0,2,0,0,0,0,0,2,0,0,0,2,0,0,0,0,2,0,0,0,0,0,0,0,0,0,0,0,0,2,0,0,0,0,0,1,1,2,1,0,0,0,0,0,0,0,1,0,0,1,0,0,1,0,0,1,0,0,1,0,0,0,0,1,1,0,0,0,1,1,1,0,1,0,1,0,0,0,0,0,0,1,0,0,1,0,0,1,0,0,2,0,0,0,0
HG02260,PEL,AMR,female,PEL42,0,0,female,0,1,0,0,0,1,2,0,0,0,1,0,2,0,0,0,2,0,0,0,0,2,0,0,0,0,0,0,0,0,0,0,0,0,1,0,0,0,0,0,1,1,2,0,1,0,0,0,0,0,0,2,0,0,0,0,0,2,0,0,0,0,0,0,0,0,0,0,0,0,0,0,0,2,1,1,0,2,0,2,0,0,0,0,0,0,1,0,1,1,0,0,2,0,0,2,0,0,0,0
HG02262,PEL,AMR,male,PEL43,0,0,male,0,1,0,0,0,0,2,0,0,0,1,1,2,0,0,0,2,0,0,1,0,2,0,0,0,0,0,0,0,0,0,0,0,0,1,0,0,0,0,0,1,0,1,1,0,0,0,1,0,0,0,2,0,0,0,0,0,1,0,0,2,0,0,1,0,0,0,0,1,1,0,0,0,1,0,2,0,0,0,0,1,0,0,0,1,0,2,0,1,0,0,0,2,0,0,2,0,0,0,0
HG02265,PEL,AMR,male,PEL44,0,0,male,0,0,0,0,0,0,2,0,0,0,1,0,2,0,0,0,2,0,0,0,0,2,0,0,0,0,0,0,0,0,0,0,0,0,1,0,0,0,0,0,0,0,1,0,2,0,2,1,0,0,0,2,0,0,0,1,0,1,0,0,1,0,0,0,0,0,0,0,0,0,0,0,0,0,2,2,0,2,0,1,0,0,0,0,0,0,0,0,1,1,0,0,1,0,0,2,0,0,0,0
HG02266,PEL,AMR,female,PEL44,0,0,female,0,0,0,0,0,0,2,0,0,0,0,0,2,0,0,0,2,0,0,0,0,2,0,0,0,0,0,2,0,0,0,0,0,0,2,0,0,0,0,0,0,0,2,0,2,0,2,0,0,0,0,2,0,0,0,1,0,2,0,0,1,0,0,0,0,0,0,1,0,0,0,0,0,2,0,1,0,2,0,2,0,1,0,0,1,0,1,0,1,0,0,0,2,0,0,2,0,0,0,0
HG02271,PEL,AMR,male,PEL46,0,0,male,0,0,0,0,0,0,2,0,0,0,0,0,2,0,0,0,2,0,0,0,0,2,0,0,0,0,0,0,0,0,0,0,0,0,1,0,0,0,0,0,0,0,2,1,0,0,0,0,0,0,0,2,0,0,0,0,0,1,0,0,2,0,0,1,0,0,0,1,0,0,0,0,0,1,2,2,0,1,0,1,0,0,0,0,1,0,1,0,0,1,0,0,2,0,0,1,0,0,0,0
HG02272,PEL,AMR,female,PEL46,0,0,female,0,0,0,0,0,0,2,0,0,0,0,0,2,0,0,0,2,0,0,0,0,2,0,0,0,0,0,0,0,0,0,0,0,0,2,0,0,0,0,0,1,0,2,0,1,0,0,0,0,0,0,2,0,0,0,0,0,1,0,0,2,0,0,0,0,0,0,0,0,1,0,0,0,1,0,2,0,2,0,2,0,0,0,0,0,0,0,0,1,1,0,0,2,0,0,2,0,0,0,0
HG02274,PEL,AMR,male,PEL47,0,0,male,0,0,0,1,0,1,2,0,0,0,2,0,2,1,0,0,2,0,0,1,0,2,0,0,0,0,0,0,1,0,0,0,0,0,1,0,0,0,0,0,1,1,2,1,0,0,0,0,0,0,2,2,1,0,0,0,0,2,0,0,1,0,0,0,0,0,0,0,0,0,0,0,0,1,1,1,0,2,0,1,0,0,0,0,1,0,0,0,0,1,0,0,2,0,0,2,0,0,0,0
HG02275,PEL,AMR,female,PEL47,0,0,female,0,1,0,0,0,1,2,0,0,0,0,0,2,0,0,0,2,0,0,0,0,2,0,0,0,0,0,1,0,0,0,0,0,0,2,0,0,0,0,0,1,2,2,0,0,0,0,0,0,0,0,2,0,0,0,1,0,1,0,0,1,0,0,0,0,0,0,1,1,1,0,0,0,0,0,0,0,2,0,0,0,0,0,0,0,1,0,1,0,1,0,0,2,0,0,2,0,0,0,0
HG02277,PEL,AMR,male,PEL48,0,0,male,0,1,1,0,0,0,2,0,0,0,2,1,2,0,0,0,2,0,0,1,0,2,0,0,0,0,0,0,0,0,0,0,0,0,2,0,0,0,0,0,2,1,1,0,1,0,0,1,0,0,0,2,0,0,0,0,0,2,0,0,1,0,0,0,0,0,0,0,1,1,0,0,0,1,1,2,0,2,0,1,0,0,0,0,0,1,0,0,1,0,0,0,2,0,0,0,0,0,0,0
HG02278,PEL,AMR,female,PEL48,0,0,female,0,1,0,0,0,0,2,0,0,0,0,1,2,1,0,0,2,0,0,1,0,2,0,0,0,0,0,0,0,0,0,0,0,0,1,0,0,0,0,0,1,0,1,0,1,0,0,0,0,0,1,2,0,0,0,0,0,2,0,0,1,0,0,0,0,0,0,0,1,1,0,0,0,0,1,1,0,1,0,1,0,0,1,0,0,0,1,0,1,1,0,0,2,0,0,2,0,0,0,0
HG02281,ACB,AFR,male,BB24,0,0,male,0,1,2,1,0,0,2,0,0,0,1,0,2,0,0,1,0,2,0,1,1,2,0,0,0,0,0,0,0,0,0,0,1,0,1,1,0,2,0,0,1,1,2,0,0,0,1,2,1,0,0,2,0,0,0,1,0,1,0,0,0,0,0,0,0,0,0,0,1,0,0,0,0,1,0,0,0,0,0,1,0,0,1,0,0,0,0,0,0,1,0,0,2,1,0,2,0,1,0,0
HG02282,ACB,AFR,female,BB24,0,0,female,0,2,2,0,0,1,2,0,0,0,0,1,2,0,0,0,1,1,1,2,1,2,0,1,0,0,0,0,1,0,0,1,0,1,2,0,1,1,0,0,1,1,1,0,0,0,2,2,1,0,1,1,0,0,0,0,0,2,0,0,0,0,0,0,0,0,0,0,1,1,0,0,0,1,1,1,0,0,0,1,0,0,1,0,0,0,0,0,0,1,0,0,2,0,1,2,0,0,1,0
HG02283,ACB,AFR,male,BB25,0,0,male,0,1,1,0,0,0,2,0,0,0,0,1,2,2,0,0,1,2,0,2,0,2,0,0,0,1,0,0,0,0,0,1,0,0,1,0,0,2,0,0,0,1,2,0,0,0,2,2,0,0,0,2,0,1,0,0,0,2,0,0,0,0,0,0,0,0,0,0,1,0,0,0,0,0,2,1,0,0,0,2,1,0,0,0,1,0,0,0,0,0,0,0,2,0,0,2,0,1,1,0
HG02284,ACB,AFR,male,BB26,0,0,male,0,2,1,1,0,0,1,0,0,0,0,0,2,0,0,0,1,0,0,2,0,1,0,1,0,0,0,0,1,0,0,0,0,0,0,1,0,2,0,0,0,1,1,0,0,0,0,1,1,0,0,2,0,0,0,0,0,1,0,1,0,0,0,0,0,0,0,0,1,1,1,0,0,0,0,1,0,0,0,1,0,0,2,0,0,0,0,0,0,0,0,0,1,0,0,2,0,0,0,0
HG02285,PEL,AMR,male,PEL49,0,0,male,0,1,1,0,0,0,2,0,0,0,0,1,2,0,0,0,1,0,0,0,0,2,0,0,0,0,0,0,0,0,0,0,0,1,1,0,0,0,0,0,1,1,1,0,0,0,0,0,0,0,1,2,0,0,0,1,0,2,0,0,2,0,0,0,0,0,0,0,0,0,0,0,0,0,1,2,0,1,0,1,1,1,0,1,0,0,0,0,0,0,0,0,2,0,0,2,0,0,0,0
HG02286,PEL,AMR,female,PEL49,0,0,female,0,1,1,0,0,0,2,0,0,0,0,0,2,0,0,0,2,0,0,0,0,2,0,0,0,0,0,0,0,0,0,0,1,1,1,0,0,0,0,0,1,0,2,0,1,0,1,0,0,0,0,2,0,0,0,1,0,1,0,0,1,0,0,0,0,0,0,1,1,0,0,0,0,0,0,2,1,2,0,1,0,0,0,0,1,1,1,0,1,1,0,0,2,0,0,2,0,0,0,0
HG02291,PEL,AMR,male,PEL51,0,0,male,0,0,0,1,0,0,2,0,0,0,1,1,2,0,0,0,2,0,0,0,0,2,0,0,0,0,0,0,0,0,0,0,0,0,2,0,0,0,0,0,0,1,2,0,1,0,0,0,0,0,1,2,0,0,0,0,0,1,0,0,1,0,0,0,0,0,0,0,0,1,0,0,0,0,2,2,0,2,0,2,0,1,0,0,2,0,1,0,0,1,0,0,1,0,0,1,0,0,0,0
HG02292,PEL,AMR,female,PEL51,0,0,female,0,2,0,0,0,0,2,0,0,0,0,0,2,0,0,0,2,1,0,0,0,2,0,0,0,0,0,0,1,1,1,0,0,0,2,0,0,0,0,0,0,0,1,1,2,0,1,1,0,0,0,2,0,0,0,1,0,1,0,0,1,0,0,1,0,0,0,0,0,0,0,0,0,2,1,2,0,1,0,1,0,0,0,0,0,0,1,0,1,1,0,0,1,0,0,2,0,0,0,0
HG02298,PEL,AMR,female,PEL52,0,0,female,0,0,0,0,0,0,2,0,0,0,1,0,2,0,0,0,2,0,0,0,0,2,0,0,0,0,0,0,0,0,1,0,0,0,1,0,0,1,1,0,1,1,0,0,0,0,0,1,0,0,1,2,0,0,0,0,0,0,0,0,2,0,0,0,0,0,0,0,1,1,0,0,0,1,2,2,0,1,0,1,0,0,0,0,0,0,1,0,0,0,0,0,2,0,0,2,1,0,1,0
HG02299,PEL,AMR,male,PEL52,0,0,male,0,2,0,0,0,0,2,0,0,0,0,0,2,0,0,0,2,0,0,0,0,2,0,0,0,0,0,1,0,0,0,0,0,0,2,0,0,0,0,0,1,2,1,0,1,0,0,0,0,0,0,2,0,0,0,1,0,1,0,0,1,0,0,0,0,0,0,0,0,1,0,0,0,0,0,1,0,1,0,0,0,0,0,0,0,0,0,0,1,1,0,0,2,0,0,2,0,0,0,0
HG02301,PEL,AMR,female,PEL53,0,0,female,0,0,1,0,0,0,2,0,0,0,1,0,2,0,0,0,2,0,0,1,0,2,0,0,0,0,0,0,0,0,0,0,0,0,0,0,0,0,0,0,1,1,2,0,0,0,0,0,0,0,0,2,0,0,0,0,0,1,0,0,1,0,0,0,0,0,0,0,2,2,0,0,0,0,0,0,0,1,0,1,0,0,0,0,0,0,1,0,0,1,0,0,2,0,0,1,0,0,0,0
HG02304,PEL,AMR,male,PEL54,0,0,male,0,0,0,0,0,0,2,0,0,0,2,0,2,0,0,0,2,0,0,0,0,2,0,0,0,0,1,0,1,1,1,0,0,0,0,0,0,0,0,0,1,0,1,0,0,0,1,0,0,0,0,2,0,0,0,1,0,1,0,0,1,0,0,1,0,0,0,0,1,1,0,0,0,0,2,2,0,0,0,1,0,0,0,0,1,0,2,0,0,2,0,0,2,0,0,2,0,0,0,0
HG02307,ACB,AFR,male,BB23,0,0,male,0,2,2,0,0,0,2,0,0,0,0,0,2,0,0,0,1,0,0,1,1,2,0,0,0,0,0,0,0,0,0,1,0,1,2,1,0,2,0,0,1,0,2,0,0,0,1,1,1,0,1,1,0,0,0,0,0,0,0,0,0,1,0,0,0,0,0,0,2,1,0,0,0,1,0,1,0,0,0,0,1,0,0,0,0,0,0,0,0,0,1,1,2,0,0,1,1,0,0,0
HG02308,ACB,AFR,female,BB23,0,0,female,0,2,1,0,0,1,1,0,0,1,0,1,2,0,0,0,2,0,0,2,1,2,0,0,0,0,1,0,0,0,0,0,0,0,1,0,0,1,0,0,1,2,1,0,1,0,1,1,1,0,0,2,0,0,0,1,0,2,0,0,0,0,1,0,1,0,1,0,1,1,0,0,0,0,0,1,0,0,1,2,0,0,1,0,2,0,0,0,0,1,0,0,2,0,0,1,0,1,0,0
HG02309,ACB,AFR,female,BB25,0,0,female,0,2,1,0,0,0,2,0,0,0,1,0,2,0,0,0,1,1,0,1,0,2,0,0,0,0,0,0,0,0,0,0,0,0,2,1,0,1,0,0,0,1,1,0,0,0,2,2,1,0,1,2,0,0,0,0,0,1,0,0,0,1,0,0,0,0,1,0,2,0,0,1,0,1,0,1,0,0,0,0,0,0,0,0,1,0,0,0,0,0,0,0,2,0,0,1,0,0,0,0
HG02312,PEL,AMR,female,PEL55,0,0,female,0,1,0,0,0,1,2,0,0,0,1,0,2,0,0,0,2,0,0,0,0,2,0,1,1,0,0,0,0,0,0,0,0,0,0,0,0,1,0,0,0,0,1,0,2,0,0,0,0,0,0,2,0,0,0,2,0,0,0,0,1,0,0,0,0,0,0,0,0,1,0,0,0,1,1,1,0,2,0,0,0,1,0,0,0,0,0,0,0,0,0,0,2,0,0,2,0,0,1,0
HG02314,ACB,AFR,male,BB22,0,0,male,0,2,1,0,0,0,2,0,0,0,0,0,2,0,0,0,1,1,0,2,0,2,1,0,0,1,0,0,0,0,0,0,0,1,1,1,0,0,0,0,0,0,2,0,0,0,1,2,1,0,1,2,0,0,0,0,0,0,0,0,0,0,0,0,0,0,1,0,1,0,0,0,1,2,0,1,0,0,0,1,0,0,1,0,1,0,0,0,0,0,0,0,1,0,0,0,1,0,0,0
HG02315,ACB,AFR,female,BB22,0,0,female,0,0,2,2,0,1,2,0,0,1,0,0,2,0,0,1,1,0,0,1,0,1,0,0,0,0,0,0,0,0,0,1,0,1,0,0,0,1,0,0,0,1,0,0,0,0,2,2,0,0,2,2,0,0,0,0,0,1,0,0,0,1,0,1,0,0,0,0,1,0,0,0,0,1,2,0,0,0,0,0,0,0,1,0,2,1,0,0,0,1,0,0,2,0,0,2,0,0,0,0
HG02317,ACB,AFR,male,BB27,0,0,male,0,0,1,1,0,0,2,1,0,0,0,0,2,0,0,0,0,2,0,1,0,1,0,0,0,0,0,0,0,0,0,0,2,0,1,2,0,2,0,0,1,1,1,0,1,0,2,0,1,0,0,2,0,0,0,0,0,2,0,0,0,0,0,0,0,0,0,0,1,2,0,0,0,1,0,2,0,0,0,1,1,1,1,0,0,0,1,0,0,1,0,0,2,0,0,1,0,0,1,0
HG02318,ACB,AFR,female,BB27,0,0,female,0,1,0,0,0,0,2,0,0,0,1,1,2,0,0,0,2,0,0,1,0,2,0,0,0,0,0,0,0,0,0,1,0,0,0,0,0,2,0,1,1,1,0,0,0,1,0,0,0,0,1,2,0,1,0,0,0,2,0,0,0,1,0,0,0,0,0,0,1,0,0,0,0,2,2,0,0,0,0,2,0,0,2,0,1,0,0,0,0,0,0,0,1,1,0,0,0,0,0,0
HG02322,ACB,AFR,female,BB28,0,0,female,0,2,0,0,0,1,2,0,0,0,2,0,2,1,0,1,1,0,0,2,1,2,0,2,0,0,0,0,0,0,0,0,0,0,1,1,0,2,0,0,2,1,1,0,0,0,1,2,1,0,0,2,0,0,0,0,0,1,0,0,0,0,0,0,1,0,0,0,1,0,0,0,0,2,1,1,0,1,0,0,1,0,1,0,1,0,0,0,0,1,0,1,2,0,0,1,0,0,0,0
HG02323,ACB,AFR,male,BB29,0,0,male,0,1,0,1,0,0,2,0,0,0,0,1,2,0,0,0,0,0,0,2,0,2,0,0,0,0,0,0,1,0,0,1,0,0,2,0,0,2,0,0,0,0,1,0,2,0,2,2,1,0,0,2,0,0,0,0,0,1,0,0,0,0,0,0,0,0,0,0,1,0,0,0,1,2,1,2,0,0,0,2,0,0,2,0,2,0,0,0,0,0,0,0,1,1,0,2,1,0,0,0
HG02325,ACB,AFR,female,BB30,0,0,female,0,2,0,0,0,0,2,0,0,0,1,1,1,0,0,0,2,0,0,0,0,2,0,0,0,0,0,0,1,0,0,0,0,0,1,0,0,2,0,0,2,1,1,0,0,0,2,1,2,0,2,2,1,0,0,1,0,1,0,0,0,0,0,0,0,0,0,0,2,0,0,0,0,1,1,2,0,0,1,1,1,1,2,0,0,0,0,0,0,0,0,0,2,0,0,2,0,0,1,0
HG02330,ACB,AFR,male,BB33,0,0,male,0,1,0,0,0,1,2,0,0,0,0,0,2,0,0,1,2,0,0,1,0,2,0,1,0,0,0,0,0,0,0,0,0,0,2,0,0,2,0,0,0,0,2,0,0,0,2,1,0,0,1,2,0,0,0,0,0,0,0,0,0,0,1,0,0,0,0,0,2,1,0,0,0,2,2,1,0,0,1,1,1,0,0,0,0,0,1,0,0,0,0,0,2,0,0,1,0,0,0,0
HG02332,ACB,AFR,male,BB16,0,0,male,0,0,1,0,0,0,2,0,0,0,1,1,2,0,0,1,1,0,0,1,0,1,0,0,0,0,0,0,0,0,0,0,1,0,1,0,1,2,0,0,1,1,2,0,1,0,2,2,2,0,1,2,0,0,0,0,0,2,0,0,1,0,2,0,0,0,0,0,0,2,0,0,0,1,1,0,0,0,0,1,1,0,1,0,0,0,0,0,0,0,0,0,2,0,0,2,0,1,0,0
HG02334,ACB,AFR,male,BB32,0,0,male,0,1,0,1,0,0,2,0,0,1,0,0,2,0,1,0,0,0,0,0,0,2,0,0,0,0,0,0,0,0,0,0,2,1,0,1,0,2,0,0,2,0,0,0,0,0,2,1,1,0,1,1,0,0,0,0,1,2,0,1,0,0,0,0,0,0,1,0,1,1,0,0,0,1,2,2,0,0,0,1,2,0,1,0,0,0,0,0,0,1,0,0,2,0,0,2,0,0,0,0
HG02337,ACB,AFR,female,BB31,0,0,female,0,2,0,0,1,0,2,0,0,1,0,0,2,0,0,0,2,0,0,2,0,2,0,0,0,0,0,0,0,0,0,0,1,1,0,0,0,0,0,0,0,0,1,0,0,0,1,2,1,0,0,2,0,0,1,1,0,1,0,0,0,1,0,0,0,0,0,0,1,1,0,0,0,1,0,1,0,0,0,2,0,1,1,0,0,0,0,0,0,0,0,0,2,0,0,2,0,1,0,0
HG02339,ACB,AFR,female,BB34,0,0,female,0,1,1,0,0,1,2,0,0,0,1,2,1,0,0,0,1,1,0,1,1,2,0,0,0,0,0,0,0,0,0,0,0,0,1,0,0,2,0,0,2,0,1,0,0,1,1,0,0,0,1,1,0,0,0,0,0,1,0,0,0,0,0,0,0,0,0,0,0,0,0,1,0,0,1,2,0,0,1,2,1,0,0,0,0,0,1,0,0,0,0,0,1,0,0,2,0,0,0,0
HG02343,ACB,AFR,male,BB35,0,0,male,0,2,0,0,0,0,2,0,0,0,0,1,2,0,0,0,2,0,0,2,0,2,0,1,0,0,0,0,0,0,0,1,0,0,1,0,0,1,0,0,0,1,1,0,0,0,2,1,1,1,1,1,0,1,0,1,0,2,0,0,0,0,0,0,0,0,0,0,2,0,1,0,0,0,2,1,0,1,0,1,0,0,0,0,1,1,0,0,1,0,0,0,1,0,0,1,0,0,0,0
HG02345,PEL,AMR,female,PEL56,0,0,female,0,0,0,0,0,0,2,0,0,0,0,1,2,0,0,0,2,1,0,1,0,2,0,0,0,0,0,0,0,0,0,0,0,0,2,0,0,0,0,0,1,0,1,1,0,0,0,1,0,0,0,2,0,0,1,0,0,2,0,0,1,0,0,0,0,0,0,0,1,1,0,0,0,1,2,2,0,1,0,1,1,0,2,0,1,1,0,0,1,1,0,0,2,0,0,2,0,0,0,0
HG02348,PEL,AMR,female,PEL57,0,0,female,0,1,0,0,0,0,2,0,0,0,0,1,2,0,0,0,1,1,0,1,0,2,0,0,0,0,0,0,0,0,0,0,0,0,1,0,0,1,1,0,0,0,1,0,1,0,1,1,0,0,1,2,0,0,0,0,0,1,0,0,2,0,0,0,0,0,0,1,1,1,0,0,0,0,2,1,0,2,0,2,0,1,0,0,0,0,0,0,1,0,0,0,2,0,0,2,1,0,1,0
HG02351,CDX,EAS,male,HG02351,0,0,male,0,1,0,0,0,1,2,0,1,0,0,1,2,0,0,0,1,0,0,0,0,2,0,0,0,0,1,0,0,0,1,0,0,0,0,0,0,0,0,0,1,0,1,0,0,0,1,2,0,0,1,1,0,0,0,0,0,1,0,0,1,0,0,0,1,0,0,1,0,1,0,0,0,1,0,2,0,1,0,1,0,1,0,0,0,2,2,0,0,0,0,0,1,0,0,2,0,0,0,0
HG02353,CDX,EAS,male,HG02353,0,0,male,0,0,0,0,0,0,2,0,0,0,0,0,2,0,0,0,2,0,0,0,0,2,0,1,1,0,0,0,1,1,1,0,0,0,1,0,0,0,0,0,1,0,1,0,1,0,0,2,0,0,0,1,0,0,0,0,0,1,0,0,0,0,0,0,0,0,0,1,0,1,0,0,0,1,0,2,0,2,0,0,1,1,0,0,1,1,2,0,0,1,0,0,2,0,0,2,0,0,0,0
HG02355,CDX,EAS,male,HG02355,0,0,male,0,1,0,0,0,0,2,0,0,0,0,1,1,0,0,0,2,0,0,0,0,2,0,0,0,0,0,0,0,0,0,0,1,0,2,1,0,0,0,0,2,0,2,0,0,0,2,2,0,0,1,1,0,0,0,0,0,0,0,0,0,0,0,0,0,0,0,0,1,1,0,0,0,2,1,1,0,1,0,2,0,0,0,0,1,1,2,0,0,0,0,0,2,0,0,2,0,0,1,0
HG02356,CDX,EAS,male,HG02356,0,0,male,0,0,0,0,0,0,2,0,0,0,0,0,2,0,0,0,2,0,0,0,0,2,0,1,1,0,0,0,0,0,0,0,0,0,1,0,0,0,0,0,0,1,1,0,1,0,0,1,0,0,2,1,0,0,0,0,0,0,0,0,1,0,0,0,0,0,0,1,1,1,0,0,0,2,1,2,0,2,0,1,0,2,0,0,0,0,2,0,0,1,0,0,2,0,0,2,0,0,0,0
HG02360,CDX,EAS,male,HG02360,0,0,male,0,0,0,0,0,1,2,0,0,0,0,2,2,0,0,0,2,0,0,1,1,2,0,0,0,0,0,0,0,0,0,0,0,0,0,0,0,0,0,0,0,0,1,0,0,0,2,2,0,0,0,1,0,0,0,0,0,0,0,0,1,0,0,0,0,0,0,1,0,0,0,0,0,1,0,2,0,1,0,1,0,0,0,0,1,1,0,0,0,1,0,0,2,0,0,1,0,0,0,0
HG02364,CDX,EAS,male,HG02364,0,0,male,0,0,0,0,0,1,2,0,1,0,0,2,2,0,0,0,2,0,0,2,0,2,0,0,0,0,0,0,1,1,1,0,0,0,0,0,0,0,0,0,1,0,2,0,0,0,1,2,0,0,0,2,0,0,0,0,0,1,0,0,1,0,0,0,0,0,0,0,1,1,0,0,0,2,1,2,0,1,0,2,0,1,0,0,0,1,0,0,0,0,0,0,2,0,0,2,0,0,0,0
HG02367,CDX,EAS,male,HG02367,0,0,male,0,0,0,0,0,0,2,0,0,0,0,0,1,0,0,0,2,0,0,0,0,2,0,0,0,0,1,0,1,0,0,0,0,0,2,0,0,0,0,0,0,1,2,0,1,0,1,1,0,0,2,1,0,0,0,0,0,0,0,0,2,0,0,0,0,0,0,1,2,1,0,0,0,1,1,1,0,2,0,1,0,1,0,0,0,0,1,0,0,0,0,0,1,0,0,2,0,0,0,0
HG02371,CDX,EAS,male,CDX2,0,0,male,0,0,0,0,0,1,2,0,0,0,0,1,1,0,0,0,2,0,0,1,0,2,0,0,0,0,0,0,0,0,0,0,1,0,1,0,0,0,0,0,0,0,1,0,0,0,1,2,0,0,0,1,0,0,0,0,0,0,0,0,0,0,0,0,0,0,0,0,1,1,0,0,0,2,1,1,0,0,0,2,0,1,0,0,2,0,2,0,0,0,0,0,2,0,0,2,0,0,0,0
HG02373,CDX,EAS,male,HG02373,0,0,male,0,1,0,0,0,0,2,0,0,0,0,1,1,0,0,0,2,1,0,0,0,2,0,0,0,0,1,0,1,1,1,0,2,1,0,0,0,0,0,0,0,1,1,0,0,0,1,1,0,0,1,2,1,0,0,0,0,1,0,0,0,0,0,0,0,0,0,1,1,2,0,0,0,0,0,1,0,0,0,1,0,1,0,0,1,1,1,0,0,1,0,0,2,0,0,2,0,0,0,0
HG02374,CDX,EAS,male,HG02374,0,0,male,0,2,1,0,0,0,2,0,0,0,0,0,2,0,0,0,2,1,0,0,0,2,0,1,1,0,1,0,1,1,1,0,0,1,0,0,0,0,0,0,0,1,2,0,1,0,2,2,0,0,0,2,0,0,0,0,0,0,0,0,1,0,0,0,0,0,0,1,2,2,0,0,0,2,0,2,0,2,0,2,0,0,0,0,1,0,1,0,0,1,0,0,1,0,0,2,0,0,0,0
HG02375,CDX,EAS,male,HG02375,0,0,male,0,1,0,0,1,0,2,0,0,0,0,2,2,0,0,0,2,0,0,0,0,2,0,0,0,0,1,0,0,0,0,0,0,0,0,0,0,0,0,0,0,1,1,0,0,0,1,2,0,0,1,2,0,0,0,0,0,0,0,0,1,0,0,0,0,0,0,1,0,0,0,0,0,0,1,2,0,2,0,2,0,2,0,0,0,0,0,0,1,0,0,0,1,0,0,2,0,0,0,0
HG02379,CDX,EAS,male,HG02379,0,0,male,0,2,0,0,0,0,2,0,0,0,0,2,2,0,0,0,2,0,0,2,0,2,0,0,0,0,0,0,0,0,0,0,0,0,0,0,0,0,0,0,1,2,0,0,0,0,2,2,0,0,1,1,0,0,0,0,0,2,0,0,0,0,0,0,0,0,0,0,0,1,0,0,0,1,0,0,0,1,0,2,0,1,0,0,1,1,2,0,0,0,0,0,2,0,0,1,0,0,0,0
HG02380,CDX,EAS,male,HG02380,0,0,male,0,2,1,0,0,0,2,0,0,0,0,1,0,0,0,0,2,0,0,0,0,2,0,0,0,0,1,0,0,0,0,0,0,0,1,0,0,0,0,0,0,0,2,0,0,0,0,2,0,0,1,1,0,0,0,0,0,1,0,0,1,0,0,0,0,0,0,1,0,0,0,0,1,1,1,2,0,1,0,0,0,0,0,0,0,1,1,0,0,0,0,0,2,0,0,2,0,0,0,0
HG02382,CDX,EAS,male,HG02382,0,0,male,0,0,0,0,0,0,2,0,0,0,0,1,2,0,0,0,1,0,0,1,0,2,0,0,0,0,1,0,0,0,0,0,0,0,0,0,0,0,0,0,0,0,1,0,0,0,1,1,0,0,1,1,0,0,0,0,0,1,0,0,2,0,0,0,0,0,0,1,1,1,0,0,0,1,0,1,0,1,0,2,0,1,0,0,1,1,0,0,0,1,0,0,2,0,0,2,0,0,0,0
HG02383,CDX,EAS,male,HG02383,0,0,male,0,0,0,0,0,0,2,0,0,0,0,0,2,0,0,0,1,0,0,1,0,2,0,0,0,0,0,0,0,0,0,0,1,0,0,0,0,0,0,0,0,0,2,0,0,0,0,2,0,0,1,2,0,0,0,0,0,1,0,0,1,0,0,0,0,0,0,0,1,1,0,0,0,1,1,1,0,1,0,1,0,1,0,0,0,0,1,0,1,0,0,0,1,0,0,2,0,0,0,0
HG02384,CDX,EAS,male,HG02384,0,0,male,0,1,1,0,1,0,2,0,1,0,0,1,2,0,0,0,1,0,0,0,0,2,0,1,1,0,0,0,0,0,0,0,0,0,0,0,0,0,0,0,0,1,2,0,0,0,2,2,0,0,0,2,0,0,0,0,0,1,0,0,2,0,0,0,0,0,0,1,1,1,0,0,0,2,1,2,0,1,0,2,0,1,0,0,0,1,2,0,1,1,0,0,2,0,0,1,0,0,0,0
HG02385,CDX,EAS,male,HG02385,0,0,male,0,0,1,0,0,0,2,0,0,0,0,1,2,0,0,0,1,0,0,1,0,2,0,0,0,0,0,0,0,0,0,0,0,0,0,0,0,0,0,0,1,0,2,0,0,0,2,2,0,0,0,2,0,0,0,0,0,2,0,0,1,0,0,0,0,0,0,1,1,2,0,0,0,1,1,2,0,1,0,1,0,0,1,0,0,0,2,0,0,1,0,0,2,0,0,2,0,0,0,0
HG02386,CDX,EAS,male,HG02386,0,0,male,0,2,2,0,0,0,2,0,0,0,0,1,1,0,0,0,1,1,0,0,0,2,0,0,0,0,0,0,0,0,0,0,0,0,1,0,0,0,0,0,0,0,0,0,1,0,1,1,0,0,1,2,0,0,0,0,0,2,0,0,2,0,0,0,0,0,0,0,1,0,0,0,0,2,0,1,0,2,0,0,0,2,0,0,1,2,2,0,0,0,0,0,2,0,0,2,0,0,0,0
HG02389,CDX,EAS,male,HG02389,0,0,male,0,1,0,0,0,0,2,0,0,0,0,0,1,0,0,0,2,0,0,1,1,2,0,0,0,0,0,1,0,0,0,0,0,0,1,0,0,0,0,0,1,0,2,0,0,0,0,2,0,0,1,0,0,0,0,0,0,1,0,0,2,0,0,0,0,0,0,1,1,2,0,0,1,1,2,2,0,0,0,1,0,2,0,0,1,2,1,0,0,0,0,0,2,0,0,2,0,0,0,0
HG02390,CDX,EAS,male,HG02390,0,0,male,0,0,0,0,0,0,2,0,1,0,0,1,1,0,0,0,1,0,0,1,0,2,0,0,0,0,0,0,0,0,0,0,0,0,1,0,0,1,0,0,0,0,1,1,0,0,2,2,0,0,1,2,0,0,1,0,0,1,0,0,0,0,0,0,0,0,0,1,0,1,0,0,0,2,0,1,0,1,0,1,0,2,0,0,0,0,2,0,0,1,0,0,2,0,0,2,0,0,0,0
HG02391,CDX,EAS,male,HG02391,0,0,male,0,0,0,1,0,0,2,0,0,0,0,2,2,0,0,0,2,1,0,1,0,2,0,0,0,0,2,0,1,1,1,0,0,0,1,0,0,0,0,0,1,0,2,0,0,0,2,1,0,0,1,2,0,0,0,0,0,2,0,0,1,0,0,0,0,0,0,0,0,0,0,0,0,2,1,1,0,1,0,2,0,0,0,0,0,1,2,0,0,0,0,0,2,0,0,2,0,0,0,0
HG02392,CDX,EAS,male,HG02392,0,0,male,0,1,0,0,0,0,2,0,0,0,0,0,2,0,0,0,2,0,0,0,0,2,0,1,1,0,0,0,0,0,1,0,2,2,0,0,0,0,0,0,1,0,2,0,0,0,2,2,0,0,2,2,0,0,0,0,0,0,0,0,1,0,0,0,0,0,0,0,1,2,0,0,0,1,0,1,0,0,0,1,0,1,0,0,0,1,0,0,1,1,0,0,2,0,0,2,0,0,0,0
HG02394,CDX,EAS,male,HG02394,0,0,male,0,1,1,0,0,1,2,0,1,0,0,1,0,0,0,0,1,0,0,0,0,2,0,0,0,0,0,0,0,0,0,0,0,1,0,0,0,0,0,0,0,0,0,0,0,0,1,2,0,0,0,1,0,0,0,0,0,0,0,0,1,0,0,0,0,0,0,0,0,1,0,0,0,1,1,1,0,1,0,0,0,0,1,0,0,2,2,0,0,0,0,0,2,0,0,1,0,0,0,0
HG02395,CDX,EAS,male,HG02395,0,0,male,0,0,0,0,0,1,2,0,1,0,0,2,0,0,0,0,2,0,0,0,0,2,0,0,0,0,0,0,0,0,0,0,0,0,0,0,0,0,0,0,1,0,1,0,1,0,2,2,0,0,1,2,0,0,0,0,0,0,0,0,0,0,0,0,0,0,0,1,0,0,0,0,0,1,2,1,0,0,0,1,0,2,0,0,0,0,1,0,0,0,0,0,2,0,0,1,0,0,0,0
HG02396,CDX,EAS,male,HG02396,0,0,male,0,1,0,0,1,0,2,0,1,0,0,2,2,0,0,0,1,0,0,0,0,2,0,0,0,0,1,0,1,1,1,0,0,0,0,0,0,0,0,0,2,0,2,0,0,0,1,2,0,0,1,2,0,0,0,0,0,2,0,0,1,0,0,1,0,0,0,0,0,2,0,0,1,2,2,1,0,0,0,1,0,1,0,0,0,0,1,0,0,0,0,0,2,0,0,2,0,0,0,0
HG02397,CDX,EAS,male,HG02397,0,0,male,0,1,1,0,0,0,2,0,0,0,1,0,2,2,0,0,1,1,0,0,0,2,0,0,0,0,0,0,0,0,0,0,0,0,1,0,0,0,0,0,0,0,2,0,0,0,2,2,0,0,0,2,0,0,0,0,1,1,0,0,1,0,0,0,0,0,0,0,2,2,0,0,1,2,1,2,0,0,0,1,0,1,0,0,0,0,2,0,0,1,0,0,2,0,0,2,0,0,0,0
HG02398,CDX,EAS,male,HG02398,0,0,male,0,0,0,0,0,0,2,0,0,0,0,1,1,0,0,0,1,0,0,0,0,2,0,0,0,0,0,0,0,0,0,0,0,0,2,0,0,0,0,0,0,0,2,0,0,0,1,1,0,0,1,1,0,0,0,0,0,0,0,0,2,0,0,0,0,0,0,0,0,2,0,0,0,2,1,1,0,1,0,1,0,0,0,0,1,0,1,0,0,0,0,0,2,0,0,2,0,0,0,0
HG02399,CDX,EAS,male,HG02399,0,0,male,0,0,0,0,0,0,2,0,0,0,0,0,1,0,0,0,2,0,0,1,0,2,0,0,0,0,0,0,0,0,0,0,0,0,1,0,0,1,0,0,0,1,1,0,0,0,1,2,0,0,2,0,0,0,0,0,0,0,0,0,2,0,0,0,0,0,0,0,1,0,0,0,0,1,1,1,0,1,0,1,0,1,0,0,0,1,2,0,0,0,0,0,2,0,0,2,0,0,0,0
HG02401,CDX,EAS,male,HG02401,0,0,male,0,0,0,0,0,0,2,0,0,0,0,2,1,0,0,0,2,1,0,0,0,2,0,0,0,0,0,1,0,0,0,0,0,0,0,0,0,1,0,0,0,0,1,0,0,0,2,2,0,0,1,1,0,0,0,0,0,1,0,0,0,0,0,0,0,0,0,1,0,0,0,0,0,1,0,1,0,2,0,1,0,0,0,0,0,1,2,0,0,0,0,0,1,0,0,2,0,0,0,0
HG02402,CDX,EAS,male,HG02402,0,0,male,0,2,1,0,0,0,2,0,0,0,0,2,2,0,0,0,2,0,0,1,1,2,0,0,0,0,1,1,0,0,0,0,0,1,1,0,0,0,0,0,0,0,2,0,0,0,1,2,0,0,0,1,0,0,0,0,0,1,0,0,0,0,0,0,0,0,0,0,1,1,0,0,1,2,1,2,0,2,0,2,0,1,0,0,1,0,0,0,0,1,0,0,1,0,0,2,0,0,0,0
HG02406,CDX,EAS,male,HG02406,0,0,male,0,0,1,0,0,0,2,0,0,0,0,1,2,0,0,0,2,1,0,0,0,2,0,0,0,0,1,0,0,0,0,0,0,0,0,0,0,0,0,0,0,0,1,0,1,0,0,2,0,0,1,2,0,0,0,0,0,1,0,0,1,0,0,0,0,0,0,0,0,1,0,0,0,0,0,2,0,0,0,0,0,1,0,0,1,0,1,0,0,0,0,0,1,0,0,2,0,0,0,0
HG02407,CDX,EAS,male,HG02407,0,0,male,0,1,0,0,0,0,2,0,0,0,0,1,1,0,0,0,2,0,0,1,1,2,0,0,0,0,1,1,1,1,1,0,1,1,1,0,0,1,0,0,1,0,0,0,0,0,2,2,0,0,0,0,0,0,0,0,0,1,0,0,2,0,0,0,0,0,0,2,1,1,0,0,0,2,1,1,0,2,0,0,0,1,0,0,0,0,2,0,0,0,0,0,1,0,0,2,0,0,1,0
HG02408,CDX,EAS,male,HG02408,0,0,male,0,0,0,0,0,1,2,0,0,0,0,1,1,0,0,0,1,1,0,0,0,2,0,0,0,0,1,0,1,1,1,0,0,0,1,0,0,0,0,0,0,0,2,0,1,0,0,2,0,0,1,2,0,0,0,0,0,2,0,0,1,0,0,0,0,0,0,1,0,1,0,0,0,1,1,1,0,2,0,0,0,1,0,0,1,1,2,0,0,0,0,0,0,0,0,2,0,0,0,0
HG02409,CDX,EAS,male,HG02409,0,0,male,0,1,1,0,0,0,2,0,1,0,0,2,2,0,0,0,2,1,0,2,0,2,0,0,0,0,0,0,0,0,0,0,1,1,0,0,0,0,0,0,0,0,1,0,0,0,1,1,0,0,1,1,0,0,0,0,0,2,0,0,1,0,0,0,0,0,0,0,1,0,0,0,0,1,0,2,0,2,0,0,1,1,0,0,1,0,1,0,0,1,0,0,2,0,0,2,0,0,0,0
HG02410,CDX,EAS,male,HG02410,0,0,male,0,0,0,0,0,0,2,0,0,0,0,0,1,0,0,0,2,0,0,1,0,2,0,0,0,0,0,0,0,0,0,0,0,0,0,0,0,0,0,0,1,0,1,0,0,0,1,1,0,0,0,2,0,0,0,0,0,0,0,0,1,0,0,0,0,0,0,1,1,2,0,0,0,1,1,2,0,0,0,0,0,2,0,0,1,1,1,0,0,0,0,0,2,0,0,2,0,0,0,0
HG02419,ACB,AFR,female,BB36,0,0,female,0,1,1,0,0,1,2,0,0,0,0,0,2,0,1,0,1,0,1,1,0,1,1,0,0,1,0,0,0,0,0,1,0,2,1,0,0,2,0,0,0,1,0,0,1,0,1,1,0,1,0,2,0,0,0,0,0,1,0,0,0,0,0,0,0,1,0,0,1,1,1,0,0,2,0,2,0,0,1,0,0,0,0,0,1,0,0,0,0,0,0,0,2,1,0,2,0,0,0,0
HG02420,ACB,AFR,male,BB37,0,0,male,0,1,1,0,0,0,2,0,0,0,0,0,2,1,0,1,0,0,0,2,0,2,0,0,0,0,1,0,0,0,1,0,0,1,0,0,0,1,1,0,0,0,1,0,0,0,2,1,0,0,0,2,0,0,0,0,0,2,0,0,1,1,0,0,0,0,0,1,2,1,0,0,0,2,2,1,0,1,0,2,0,0,1,0,0,0,0,0,0,1,0,0,1,0,0,1,0,0,1,1
HG02425,PEL,AMR,female,PEL59,0,0,female,0,1,0,0,0,0,2,0,0,0,0,1,2,2,0,0,2,1,0,2,0,2,0,0,0,0,0,0,0,0,0,0,0,0,0,0,0,0,1,0,2,0,1,0,1,0,0,0,0,0,1,2,0,0,0,1,0,1,0,0,2,0,0,0,0,0,0,0,1,1,0,0,0,0,0,0,0,1,0,1,0,0,0,0,0,0,0,0,0,1,0,0,2,0,0,2,0,0,0,0
HG02427,ACB,AFR,female,BB37,0,0,female,0,1,1,0,0,0,2,0,0,0,0,1,2,0,2,0,2,1,0,1,0,2,0,1,0,0,0,0,0,0,0,0,0,1,1,1,0,2,0,0,1,0,2,0,1,0,0,1,0,0,1,2,1,1,0,0,0,1,0,0,0,0,1,0,0,0,0,0,0,1,0,0,0,2,2,1,0,0,0,1,1,0,1,0,0,0,0,0,0,0,0,0,2,0,1,2,0,0,1,0
HG02429,ACB,AFR,male,BB39,0,0,male,0,2,1,0,0,1,1,0,0,0,0,0,2,1,0,0,1,1,1,1,0,2,0,0,0,0,0,0,0,0,0,0,1,0,1,1,0,2,0,1,1,1,2,0,0,0,2,2,2,0,0,2,0,0,1,0,0,1,0,0,0,0,0,0,0,0,0,0,2,1,1,0,0,1,0,1,0,2,0,0,1,0,0,0,2,0,0,0,0,0,0,0,1,0,0,2,1,1,0,0
HG02433,ACB,AFR,male,BB41,0,0,male,0,2,0,0,0,0,1,1,0,0,1,1,1,1,0,1,1,0,0,0,0,1,0,0,0,0,0,0,0,0,0,0,0,0,2,0,0,1,0,0,0,1,2,0,0,0,1,1,1,0,0,2,0,0,0,0,0,1,0,0,1,0,0,0,0,0,0,0,2,2,0,0,0,1,1,2,0,0,0,1,1,0,0,0,0,0,0,0,0,1,0,0,2,1,0,2,0,0,0,0
HG02439,ACB,AFR,male,BB42,0,0,male,0,2,1,0,0,0,2,0,0,0,0,1,2,0,0,0,1,0,0,1,1,1,0,0,0,0,0,0,0,0,0,0,0,1,2,1,1,2,0,0,1,1,2,0,0,0,1,2,1,0,0,1,0,0,0,0,0,0,0,0,0,0,0,0,1,0,1,1,1,1,0,0,0,1,0,2,0,1,0,0,0,0,1,0,1,0,0,0,0,1,0,0,2,0,0,1,0,0,0,0
HG02442,ACB,AFR,male,BB43,0,0,male,0,2,2,0,0,1,2,0,0,0,0,0,2,0,0,0,2,0,0,2,1,2,0,0,0,0,0,0,0,0,0,0,0,1,1,0,0,2,0,0,1,1,2,0,0,0,0,1,1,1,1,1,0,0,0,0,0,1,0,0,0,0,0,0,1,0,0,0,2,0,1,0,0,0,2,1,0,1,0,1,0,0,0,0,1,0,0,0,0,0,0,0,1,2,0,2,0,1,0,0
HG02445,ACB,AFR,male,BB44,0,0,male,0,1,0,1,0,0,2,0,0,0,1,0,1,0,0,1,0,1,0,1,0,1,0,0,0,1,0,0,0,0,0,0,0,0,0,0,0,1,0,0,0,1,1,0,0,0,1,1,2,0,0,2,0,0,0,1,0,1,0,0,1,0,0,0,0,0,0,0,2,1,0,0,0,2,0,1,0,0,0,1,0,0,0,0,0,0,0,0,0,0,0,1,2,0,0,2,0,0,0,0
HG02449,ACB,AFR,male,BB46,0,0,male,0,2,0,0,0,0,2,0,0,0,0,0,2,0,0,0,2,1,0,2,0,2,0,0,0,0,0,0,0,0,0,0,0,1,1,2,1,2,0,0,1,0,2,0,0,1,1,2,1,0,1,1,0,0,0,0,0,1,0,0,0,0,0,0,0,0,0,0,1,1,0,0,1,1,1,2,0,0,0,0,1,0,2,0,1,0,0,0,0,1,0,0,1,0,0,2,0,1,0,0
HG02450,ACB,AFR,female,BB46,0,0,female,0,1,1,0,0,0,2,0,0,0,0,2,2,0,1,0,2,1,0,0,1,1,0,1,0,0,0,0,0,0,0,0,0,1,1,0,0,2,0,0,0,1,1,0,0,0,2,2,0,0,1,2,0,0,1,0,0,0,0,0,0,0,0,0,0,0,0,0,1,1,0,1,0,2,0,0,0,0,0,1,1,1,2,0,1,0,0,0,0,0,0,0,2,0,0,2,0,1,0,0
HG02455,ACB,AFR,male,BB48,0,0,male,0,2,0,0,0,0,2,0,0,0,0,0,1,1,1,0,2,0,0,0,0,2,0,0,0,0,1,0,0,0,0,1,0,0,0,0,0,0,0,0,2,0,2,0,0,0,1,2,1,0,1,2,0,0,1,1,0,1,1,1,0,0,0,0,0,0,0,1,1,1,0,1,0,2,1,1,0,0,0,0,2,0,2,0,0,0,0,0,0,0,1,0,2,0,0,2,0,0,1,0
HG02461,GWD,AFR,male,GB15,0,0,male,0,1,0,0,0,0,2,0,0,0,0,0,0,0,0,0,2,0,0,2,1,2,0,1,0,0,0,0,0,0,0,0,1,0,2,0,0,2,0,0,1,1,2,0,0,1,1,2,0,0,1,2,0,0,1,0,0,0,0,0,1,0,0,0,0,0,0,0,0,1,1,0,0,1,0,2,0,0,0,2,0,1,0,0,1,0,0,0,0,0,0,0,1,0,0,1,0,0,0,0
HG02462,GWD,AFR,female,GB15,0,0,female,0,2,1,1,0,0,2,0,0,0,0,1,1,0,0,1,1,0,0,1,0,1,0,0,0,0,0,0,0,0,0,0,1,1,1,0,0,1,0,0,1,1,0,0,0,0,1,2,0,0,0,1,0,0,0,0,0,2,0,1,0,0,0,0,0,0,0,0,0,0,0,0,0,1,1,2,0,1,0,0,1,0,1,0,2,0,0,0,0,0,0,0,2,0,1,2,0,0,0,0
HG02464,GWD,AFR,male,GB16,0,0,male,0,1,0,0,0,0,2,0,0,0,1,1,2,1,0,0,0,1,0,1,0,2,1,0,0,1,0,0,0,0,0,1,0,1,1,1,0,1,0,0,1,1,1,0,1,0,1,2,0,1,1,2,0,0,0,1,0,1,0,1,0,1,0,1,0,1,0,0,1,0,0,0,0,1,2,2,0,0,0,2,0,0,1,0,1,0,0,0,1,0,0,0,1,0,1,1,0,0,0,0
HG02465,GWD,AFR,female,GB16,0,0,female,0,2,0,0,0,0,2,0,0,0,1,1,2,0,0,0,2,0,0,0,0,2,0,1,0,0,0,0,1,0,0,0,0,0,1,1,1,1,0,0,2,0,1,0,1,0,2,2,1,0,1,2,0,0,0,0,0,2,0,1,0,0,0,0,0,0,0,0,2,1,1,0,0,1,2,2,0,0,0,1,2,1,2,0,2,0,0,0,0,0,0,0,2,0,0,2,0,1,0,0
HG02470,ACB,AFR,male,BB49,0,0,male,0,1,1,0,0,0,2,0,0,0,1,0,2,0,0,0,1,1,0,2,2,2,0,0,0,0,0,0,0,0,0,0,0,0,1,0,0,2,0,0,0,1,2,0,0,0,2,1,2,0,0,2,0,1,0,0,0,2,1,0,0,0,0,0,1,0,0,0,0,0,0,0,0,1,1,1,0,0,0,2,1,0,1,0,0,0,0,0,0,0,1,1,2,0,1,1,0,0,0,0
HG02471,ACB,AFR,female,BB49,0,0,female,0,1,0,0,0,0,2,0,0,0,0,1,2,0,0,0,2,0,0,1,0,1,0,1,0,0,1,0,0,0,0,0,0,1,0,0,0,1,1,0,2,2,1,0,0,0,1,1,0,0,1,2,0,0,1,0,0,2,1,0,1,0,0,1,0,0,0,1,1,1,0,0,0,1,2,0,0,0,0,1,1,0,1,0,0,0,1,0,0,0,0,0,2,0,0,1,0,1,0,0
HG02476,ACB,AFR,female,BB51,0,0,female,0,1,0,0,0,0,2,0,0,0,1,0,2,0,0,0,1,1,0,2,0,2,0,1,0,0,0,0,0,0,0,0,0,2,0,1,0,2,0,1,1,1,0,0,0,0,0,2,0,1,1,2,0,0,0,0,0,1,0,0,0,0,0,0,1,0,0,1,2,0,0,0,0,1,1,1,0,0,0,2,1,0,1,0,2,0,0,0,0,0,0,0,2,0,0,2,0,0,0,0
HG02477,ACB,AFR,female,BB52,0,0,female,0,0,0,0,0,0,2,0,0,0,0,0,2,0,0,0,1,1,0,1,1,2,0,1,0,1,0,0,0,0,0,1,0,0,0,0,0,1,0,0,0,0,0,0,0,0,2,1,0,0,0,2,0,2,0,0,0,1,0,0,1,1,0,0,0,0,0,0,0,0,0,0,1,2,1,1,0,0,1,1,0,0,1,0,1,0,0,0,0,2,0,0,2,0,0,1,1,0,0,0
HG02479,ACB,AFR,female,BB53,0,0,female,0,2,1,0,0,1,1,0,0,0,0,1,2,0,0,0,1,1,1,1,0,2,1,0,0,0,0,0,0,0,0,0,1,0,0,0,0,1,0,0,1,1,2,0,0,0,2,2,2,0,0,2,0,0,1,0,0,1,0,0,0,1,0,1,0,0,0,0,2,0,0,0,0,1,1,1,0,2,0,1,0,0,0,0,1,0,0,0,0,0,0,0,1,0,0,2,1,0,0,0
HG02481,ACB,AFR,male,BB54,0,0,male,0,2,1,0,0,0,2,0,0,0,0,1,2,0,0,0,1,1,0,1,0,2,0,1,0,0,0,0,1,0,0,0,0,0,0,0,0,2,0,1,1,1,1,0,0,0,1,2,1,0,1,1,0,0,0,1,0,2,0,0,0,1,0,0,0,0,0,0,0,0,0,0,1,2,1,2,0,1,0,0,1,0,2,0,2,0,1,0,0,0,0,0,2,1,0,2,1,0,0,0
HG02484,ACB,AFR,male,BB55,0,0,male,0,1,1,0,0,0,2,0,0,0,0,0,2,0,0,0,1,1,0,1,1,2,0,1,0,0,0,0,0,0,0,0,1,0,0,0,0,2,0,1,0,1,2,0,0,0,1,1,1,0,1,2,0,0,0,1,0,1,0,0,0,0,0,0,0,0,0,1,2,1,0,0,0,2,0,2,0,0,0,1,0,1,0,0,1,0,0,0,0,0,1,0,2,0,0,2,0,0,1,0
HG02485,ACB,AFR,female,BB55,0,0,female,0,1,0,0,0,0,2,0,0,0,0,1,2,0,0,0,1,1,1,0,0,2,1,0,0,1,0,0,1,0,0,0,0,1,1,0,0,1,0,0,0,1,1,0,0,0,1,2,1,0,0,2,0,0,0,0,0,2,0,0,0,1,0,1,1,0,0,0,2,0,1,0,0,2,1,2,0,1,0,1,1,0,0,0,0,1,1,0,0,0,0,0,2,0,0,1,1,0,0,0
HG02489,ACB,AFR,male,BB45,0,0,male,0,2,0,0,0,0,2,0,1,0,0,1,1,0,0,0,1,0,0,1,0,2,0,0,0,0,0,0,0,0,0,0,0,1,1,0,0,2,0,0,1,0,2,0,1,0,2,2,1,0,2,2,0,0,0,0,0,0,0,0,0,0,0,0,0,0,0,0,0,0,0,0,0,1,1,1,0,0,0,0,0,0,2,0,0,0,0,0,0,0,0,1,2,0,0,2,0,0,1,0
HG02490,PJL,SAS,male,PK06,0,0,male,0,1,1,0,0,1,2,0,0,0,0,1,2,0,0,0,2,0,0,0,0,2,0,0,0,0,0,0,0,0,0,0,0,0,0,0,0,0,0,0,1,0,0,0,0,0,1,2,0,0,1,2,0,0,0,1,1,0,0,0,0,0,0,0,0,0,0,1,1,2,0,0,0,2,2,1,0,0,0,1,0,1,1,0,0,0,2,0,0,1,0,0,2,0,0,2,0,0,0,0
HG02491,PJL,SAS,female,PK06,0,0,female,0,1,0,0,0,0,2,0,1,0,0,1,2,0,0,0,2,0,0,1,0,2,0,1,1,0,1,0,0,0,0,0,0,1,1,0,0,0,0,0,0,0,2,0,0,0,0,2,0,0,0,2,0,0,0,1,0,0,0,0,1,0,0,0,1,0,0,1,0,1,0,0,0,1,2,0,0,1,0,2,0,0,0,0,0,0,0,0,0,0,0,0,2,0,0,1,0,0,0,0
HG02493,PJL,SAS,male,PK07,0,0,male,0,1,1,0,0,0,2,0,0,0,0,2,2,0,0,0,0,0,0,1,0,2,0,0,0,0,1,0,0,0,0,0,0,1,0,0,0,0,0,0,1,1,1,0,1,0,0,2,1,0,2,2,0,0,0,0,0,1,0,0,2,0,0,0,0,0,0,0,1,1,0,0,0,1,1,1,0,1,0,2,0,0,0,0,0,0,0,0,1,0,0,0,2,0,0,1,1,0,0,0
HG02494,PJL,SAS,female,PK07,0,0,female,0,0,0,0,0,0,2,0,1,0,0,1,1,0,0,0,2,0,0,0,0,2,0,0,0,0,0,0,0,0,1,0,0,0,0,0,0,0,0,0,0,0,2,0,1,0,0,0,0,0,1,2,0,0,0,1,0,0,0,0,0,0,0,0,0,0,0,1,2,2,0,0,0,1,0,1,0,1,0,2,0,1,0,0,0,1,1,0,1,1,0,0,2,0,0,2,0,0,0,0
HG02496,ACB,AFR,male,BB57,0,0,male,0,1,1,0,0,0,2,0,0,0,1,0,2,0,0,0,1,2,0,2,2,2,0,1,0,1,0,0,0,0,0,0,0,1,0,1,0,1,0,0,1,0,1,0,1,0,1,1,1,0,1,2,0,1,0,1,0,1,0,0,0,0,0,0,0,0,0,0,1,1,1,0,0,2,2,2,0,0,0,2,2,0,0,0,0,0,0,0,0,0,0,0,2,0,0,2,0,0,0,0
HG02497,ACB,AFR,female,BB57,0,0,female,0,2,1,0,0,1,1,0,0,1,0,0,2,0,0,0,2,0,0,1,1,1,0,0,0,0,0,0,0,0,0,0,0,0,1,0,1,2,0,0,1,2,2,0,0,0,0,1,0,0,1,2,0,1,0,0,0,1,0,0,0,0,0,0,0,1,0,1,2,1,0,0,0,1,1,1,0,1,0,2,1,0,1,0,0,0,0,0,0,0,0,0,2,0,0,2,0,0,0,0
HG02501,ACB,AFR,male,BB58,0,0,male,0,0,0,0,0,0,2,0,1,0,1,0,2,1,0,0,2,0,0,1,0,1,0,0,0,0,0,0,0,0,0,0,0,0,0,0,0,2,0,0,2,1,1,0,1,0,1,1,2,0,2,2,1,0,0,1,0,0,1,0,0,0,0,1,0,0,0,0,2,0,0,0,0,1,1,2,0,1,1,1,0,0,0,0,1,0,1,0,0,0,0,0,2,0,0,1,0,0,0,0
HG02502,ACB,AFR,female,BB58,0,0,female,0,2,0,0,0,1,0,0,0,1,0,0,2,0,1,0,0,0,0,2,0,0,0,0,0,0,0,0,0,0,0,0,0,0,2,1,0,1,0,0,2,1,0,0,0,0,1,1,1,0,1,2,0,0,0,0,0,1,0,0,0,0,0,0,0,0,0,0,1,0,0,0,0,0,1,0,0,0,0,2,0,0,0,0,0,0,0,0,0,1,0,0,2,0,0,1,0,0,0,0
HG02505,ACB,AFR,female,BB59,0,0,female,1,0,1,0,0,0,2,0,0,0,1,1,1,0,0,0,2,0,0,1,1,2,0,2,0,0,0,0,0,0,0,0,1,1,0,2,0,2,0,1,0,1,1,0,0,0,2,2,1,0,0,2,0,0,0,0,0,2,0,0,0,1,0,0,0,0,0,0,0,1,0,0,0,1,1,2,0,0,1,2,2,0,0,0,0,0,1,0,0,0,0,0,2,0,0,2,0,0,0,0
HG02508,ACB,AFR,female,BB60,0,0,female,0,2,0,1,0,1,2,0,0,0,0,1,2,0,0,1,1,0,0,1,0,1,0,0,0,0,0,0,0,0,0,1,0,0,1,1,0,0,0,0,1,0,1,0,0,0,1,2,0,0,2,2,0,0,0,0,0,0,0,0,0,1,0,1,0,0,0,0,1,0,0,0,0,2,1,1,0,0,0,1,0,0,1,0,1,0,0,0,0,0,1,0,2,0,0,1,0,0,0,0
HG02511,ACB,AFR,female,BB56,0,0,female,0,0,0,0,0,0,2,0,0,0,0,1,2,0,0,0,1,0,0,1,0,1,0,0,0,0,0,0,0,0,0,0,1,0,1,2,0,2,0,0,0,0,2,0,0,0,1,2,0,0,0,2,0,1,0,0,0,0,0,0,2,0,0,0,0,0,0,0,2,1,0,0,0,0,1,1,0,0,0,2,0,0,1,0,2,0,0,0,0,0,0,0,2,0,0,1,1,0,0,0
HG02512,KHV,EAS,male,VN087,0,0,male,0,1,1,0,0,0,2,0,0,0,0,2,1,0,0,0,2,0,0,1,0,2,0,0,0,0,1,0,0,0,0,0,1,0,0,0,0,0,0,0,0,1,1,0,1,0,1,2,0,0,0,1,0,0,1,0,0,1,0,0,2,0,0,0,0,0,0,1,1,1,0,0,0,2,0,2,0,1,0,0,0,1,1,0,0,0,1,0,0,0,0,0,2,0,0,2,0,0,0,0
HG02513,KHV,EAS,female,VN087,0,0,female,0,0,0,0,0,0,2,0,0,0,0,1,2,0,0,0,2,0,0,1,0,2,0,0,0,0,0,0,0,0,0,0,0,0,0,0,0,0,0,0,2,0,1,1,0,0,1,2,0,0,0,2,0,0,0,0,1,1,0,0,1,0,0,0,0,0,0,0,0,0,0,0,0,0,1,1,0,1,0,0,1,2,0,0,0,0,1,0,0,1,0,0,2,0,0,1,0,0,0,0
HG02521,KHV,EAS,male,VN090,0,0,male,0,0,1,0,0,0,2,0,0,0,0,1,1,1,0,0,1,0,0,1,0,2,0,0,0,0,0,0,0,0,0,0,0,0,0,0,0,0,0,0,1,0,2,0,0,0,1,2,0,0,1,1,0,0,0,0,0,1,0,0,1,0,0,0,0,0,0,1,0,2,0,0,0,0,2,1,0,0,0,1,0,2,0,0,1,0,0,0,0,0,0,0,2,0,0,2,0,0,0,0
HG02522,KHV,EAS,female,VN090,0,0,female,0,1,1,0,0,0,2,0,1,0,0,1,0,0,0,0,1,0,0,0,0,2,0,0,0,0,0,0,0,0,0,0,0,0,2,0,0,0,0,0,0,1,1,0,0,0,0,2,0,0,1,1,0,0,0,0,0,0,0,0,2,0,0,0,0,0,0,0,2,2,0,0,0,2,0,2,0,1,0,0,0,1,0,0,0,1,1,0,0,1,0,0,1,0,0,1,0,0,0,0
HG02536,ACB,AFR,male,BB61,0,0,male,0,1,0,0,0,0,2,0,0,0,0,0,1,0,0,1,1,2,0,1,0,1,0,0,0,0,0,0,0,0,0,1,0,0,0,0,0,1,1,0,1,1,1,0,0,0,1,1,2,0,1,2,0,0,0,1,0,0,0,0,1,0,0,0,0,0,0,0,2,0,0,0,0,1,1,1,0,0,0,1,0,0,0,0,0,0,0,0,0,1,1,0,2,0,0,0,0,0,0,0
HG02537,ACB,AFR,female,BB61,0,0,female,0,1,0,0,0,1,2,0,0,0,0,0,2,0,0,1,2,0,0,2,0,2,0,0,0,0,0,0,0,0,0,0,1,0,1,0,0,2,0,0,2,0,2,0,0,0,0,1,1,0,1,1,0,1,0,0,0,1,0,0,0,1,0,1,0,0,0,0,1,0,0,0,0,2,2,1,0,0,0,0,1,0,2,0,1,0,0,0,0,0,0,0,2,1,0,2,0,1,0,0
HG02541,ACB,AFR,male,BB63,0,0,male,0,2,1,0,0,1,2,0,0,0,0,0,2,0,0,0,0,1,0,2,1,2,0,0,0,1,0,0,0,0,0,0,0,0,1,0,0,1,1,1,1,0,2,0,1,1,2,2,1,0,0,1,0,1,0,0,0,1,0,0,0,0,0,0,0,0,0,0,0,1,0,0,0,1,0,2,0,0,1,2,0,0,0,0,0,1,0,0,0,0,0,0,1,0,0,1,1,0,0,1
HG02545,ACB,AFR,male,BB64,0,0,male,0,0,1,0,0,0,2,0,0,1,0,0,2,1,1,0,2,1,0,1,1,1,0,0,0,0,0,0,0,0,0,0,1,0,2,0,0,1,0,0,1,0,1,0,0,0,0,2,1,0,0,2,0,0,0,0,0,2,0,0,0,0,1,0,0,1,0,0,1,1,0,0,0,2,1,1,0,0,0,1,1,0,1,0,0,0,0,0,0,0,0,0,2,1,0,1,0,1,0,0
HG02546,ACB,AFR,female,BB64,0,0,female,1,1,1,0,0,1,2,0,0,0,0,0,2,1,0,0,1,2,0,2,1,2,0,0,0,0,0,0,0,0,0,1,0,1,0,0,1,2,0,0,1,0,2,0,0,1,0,2,1,0,2,1,0,0,0,1,0,1,0,0,0,1,0,0,0,1,0,0,2,1,0,1,0,1,0,1,0,0,0,1,1,0,1,0,1,0,0,0,1,0,0,0,2,0,0,1,0,0,0,0
HG02549,ACB,AFR,female,BB65,0,0,female,0,1,1,0,0,0,2,0,0,0,1,1,0,0,0,1,2,0,0,0,0,2,0,0,0,0,0,0,0,0,0,0,0,0,0,0,1,2,0,0,2,0,2,0,0,0,2,1,0,0,2,2,0,0,0,0,0,1,0,0,0,0,0,0,0,0,0,0,1,1,0,1,0,2,0,2,0,0,0,1,1,0,0,0,0,0,0,0,0,0,0,0,2,0,0,1,0,0,0,0
HG02554,ACB,AFR,male,BB67,0,0,male,0,0,1,0,0,0,2,0,0,0,0,1,1,0,0,0,2,0,0,1,1,2,0,0,0,0,0,0,0,0,0,0,1,1,0,1,0,1,0,0,1,0,2,0,0,1,1,1,1,0,0,2,0,0,0,0,0,1,0,0,1,0,1,0,1,0,0,0,1,0,0,0,0,2,0,2,0,0,1,2,1,0,1,0,1,0,0,0,0,0,0,0,2,0,1,2,1,0,0,0
HG02557,ACB,AFR,male,BB68,0,0,male,0,2,2,1,0,1,2,0,0,0,1,1,2,0,2,1,2,0,0,1,0,1,0,0,0,0,0,0,0,0,0,1,0,0,0,0,0,2,0,0,0,1,2,0,0,0,2,2,0,0,1,2,0,0,0,0,0,1,0,0,1,0,1,0,0,0,0,0,2,1,0,0,0,0,1,1,0,0,0,2,1,0,1,0,1,0,0,0,0,0,0,0,2,0,0,1,0,0,0,0
HG02558,ACB,AFR,female,BB68,0,0,female,0,2,1,1,0,1,2,0,0,0,0,0,2,0,0,0,1,1,0,0,0,2,0,0,0,0,0,0,0,0,1,0,0,0,1,0,0,1,0,0,0,0,1,0,0,0,2,2,0,0,0,2,0,0,0,1,0,1,0,0,1,0,0,0,0,0,0,1,2,1,0,0,1,2,2,1,0,1,0,1,1,0,1,0,0,0,0,0,0,0,1,0,1,0,0,1,0,0,0,0
HG02561,GWD,AFR,male,GB18,0,0,male,0,2,0,0,0,0,2,0,0,0,1,1,2,0,0,0,2,0,0,1,0,1,0,0,0,0,0,0,0,0,0,0,1,0,0,1,0,1,0,0,1,0,1,0,0,0,2,0,0,0,2,2,0,0,0,0,0,1,0,0,1,0,0,0,0,0,0,0,0,1,0,0,0,2,1,1,0,0,0,1,0,0,1,0,0,0,0,0,0,0,0,0,2,0,0,1,0,0,1,0
HG02562,GWD,AFR,female,GB18,0,0,female,0,1,0,0,0,1,2,1,0,0,0,0,2,0,0,0,1,1,0,2,0,2,0,1,0,0,0,0,0,0,0,0,0,0,0,0,0,1,0,0,0,2,1,0,1,0,2,2,1,0,2,1,0,0,0,0,0,2,0,0,1,0,0,0,0,0,0,0,2,1,0,0,0,1,1,1,0,0,0,2,1,0,1,0,0,0,0,0,0,0,0,0,2,0,0,1,0,0,0,0
HG02568,GWD,AFR,female,GB20,0,0,female,0,1,0,0,0,0,2,0,0,1,1,0,2,0,0,0,1,0,0,2,1,1,0,2,0,0,0,0,0,0,0,0,1,1,1,1,0,2,0,0,0,1,1,0,0,0,2,1,0,0,0,2,0,0,0,0,0,0,0,0,0,0,1,0,0,0,0,1,1,1,0,0,0,0,1,1,0,0,0,1,0,0,0,0,0,0,0,0,0,0,0,0,2,0,0,2,0,1,0,0
HG02570,GWD,AFR,male,GB21,0,0,male,0,1,1,0,0,0,1,0,0,0,0,0,2,0,0,0,0,0,0,1,1,2,0,1,1,0,0,0,0,0,0,1,0,1,0,0,0,2,0,0,1,0,2,0,0,0,1,2,1,0,0,2,0,1,0,1,0,0,0,0,1,0,0,0,0,0,0,0,2,1,0,0,0,1,1,1,0,0,0,2,0,0,1,0,0,0,0,0,0,0,0,0,1,0,0,2,0,0,0,0
HG02571,GWD,AFR,female,GB21,0,0,female,0,2,1,0,0,0,2,0,0,1,0,0,1,0,0,0,0,1,0,1,0,1,0,0,0,0,0,0,0,0,0,0,0,1,1,1,0,2,0,0,0,1,2,0,0,0,2,2,2,0,1,1,0,0,0,1,0,0,0,0,0,0,0,0,0,0,0,0,1,1,0,0,0,1,1,2,0,0,0,1,0,0,1,0,0,0,0,0,0,0,0,0,2,1,0,1,0,0,0,0
HG02573,GWD,AFR,male,GB22,0,0,male,0,1,1,0,0,0,2,0,0,0,1,0,2,0,0,1,1,1,0,2,0,1,0,0,0,0,0,0,0,0,0,0,0,0,1,1,0,2,0,0,0,2,0,0,1,0,2,1,1,0,2,1,0,0,0,0,0,0,0,0,0,1,0,0,0,0,1,0,2,0,0,0,1,1,2,1,0,0,1,2,2,0,1,0,0,0,1,0,0,0,0,1,2,0,0,2,0,0,1,0
HG02574,GWD,AFR,female,GB22,0,0,female,0,0,1,0,0,1,2,1,0,0,1,0,1,0,0,0,1,1,0,2,0,1,0,0,0,0,0,0,0,0,0,0,1,0,0,0,0,1,0,0,1,0,1,0,0,0,1,2,0,0,1,2,0,0,1,0,0,0,0,0,0,0,0,0,1,0,0,0,2,0,2,0,0,0,2,2,0,0,0,2,0,0,1,0,1,0,0,0,0,0,0,0,2,0,0,1,1,0,0,0
HG02577,ACB,AFR,female,BB69,0,0,female,0,0,1,0,0,0,2,1,0,0,0,0,2,0,1,0,2,1,0,2,0,1,0,1,1,0,0,0,0,0,0,0,0,0,0,0,0,1,0,0,0,1,0,0,1,0,1,1,1,0,0,2,0,1,0,0,0,0,0,0,1,0,2,0,0,0,0,0,1,1,0,0,0,2,1,2,0,0,0,1,1,0,1,0,0,0,2,0,0,2,0,0,2,0,0,1,0,1,0,0
HG02580,ACB,AFR,female,BB70,0,0,female,1,2,1,1,1,0,1,0,0,0,0,0,1,0,0,0,1,0,0,1,0,1,0,2,1,0,0,0,0,0,1,0,0,2,0,1,0,2,0,0,1,1,2,0,0,0,2,0,1,0,1,2,0,0,1,0,0,0,0,0,0,0,0,0,0,0,0,0,0,0,0,0,0,2,1,1,0,0,0,1,1,0,0,0,1,0,0,0,0,0,0,0,2,0,0,1,0,0,0,0
HG02582,GWD,AFR,male,GB23,0,0,male,0,2,1,0,0,0,2,1,0,0,0,2,2,0,0,1,0,0,0,2,0,2,0,0,0,0,0,0,0,0,0,0,0,1,1,1,0,2,0,0,0,1,1,0,0,0,1,2,0,0,1,2,0,0,0,0,2,1,0,0,1,1,0,0,0,0,0,0,0,1,0,0,2,2,2,1,0,0,0,1,1,0,0,0,0,0,0,0,0,0,0,0,2,1,0,1,1,0,0,0
HG02583,GWD,AFR,female,GB23,0,0,female,0,1,2,1,0,0,2,0,0,0,0,1,2,1,0,0,2,0,0,0,0,0,1,0,0,1,0,0,0,0,0,0,0,0,0,1,0,2,0,0,1,2,1,0,0,0,2,2,1,1,1,2,0,0,0,0,1,2,0,0,0,0,0,0,0,1,0,0,0,1,0,0,0,1,0,1,0,0,0,2,0,0,2,0,1,0,0,0,0,1,0,0,2,0,0,2,0,0,0,0
HG02585,GWD,AFR,male,GB24,0,0,male,0,2,1,0,0,0,2,0,0,0,0,0,1,0,1,0,2,1,0,2,0,1,0,0,0,0,0,0,0,0,0,0,1,0,2,1,0,2,0,1,1,1,1,0,1,0,2,2,0,0,1,2,0,0,0,0,0,0,0,0,1,1,0,0,0,0,0,0,1,1,0,0,0,2,0,2,0,0,0,1,1,0,1,0,1,0,0,0,0,0,0,0,1,0,0,2,0,0,0,0
HG02586,GWD,AFR,female,GB24,0,0,female,0,1,0,0,0,0,2,0,0,0,1,0,1,1,0,0,1,1,0,0,1,1,0,1,0,0,0,0,0,0,0,1,0,0,0,0,0,2,0,0,2,0,1,0,0,0,2,2,1,0,1,2,0,0,1,0,0,0,1,0,0,0,0,0,1,0,0,0,0,0,0,1,1,1,2,1,0,0,2,0,1,0,1,0,2,0,0,0,0,0,0,0,1,1,0,1,0,1,0,0
HG02588,GWD,AFR,male,GB25,0,0,male,0,1,1,0,0,0,2,0,0,0,0,0,2,0,0,0,0,0,0,2,0,2,0,0,0,0,0,0,0,0,0,0,1,1,2,1,0,1,0,0,1,0,2,0,0,0,2,1,1,0,1,2,0,0,0,0,0,0,0,0,0,1,0,0,2,0,0,0,0,1,0,0,0,2,1,1,0,0,0,1,1,1,1,0,1,0,0,0,0,1,1,0,2,0,0,0,0,0,0,0
HG02589,GWD,AFR,female,GB25,0,0,female,0,2,1,0,0,0,2,1,0,0,0,0,2,1,1,1,1,0,0,2,1,2,0,0,0,0,0,0,0,0,0,1,0,0,1,0,0,2,0,1,0,0,2,0,0,0,0,1,1,0,1,1,0,0,0,0,0,1,0,0,0,0,1,0,0,0,0,0,1,1,1,0,0,0,0,1,0,0,0,1,0,0,1,0,0,0,0,0,0,0,0,0,1,0,0,2,0,0,0,0
HG02594,GWD,AFR,male,GB27,0,0,male,0,1,0,0,0,0,2,0,0,0,0,0,2,0,0,1,1,1,0,1,1,2,0,1,0,0,0,0,0,0,0,0,0,1,1,1,0,2,0,0,1,0,2,0,1,1,1,1,0,0,1,2,0,0,0,0,0,1,0,0,0,1,0,1,1,0,0,0,1,1,0,0,0,1,1,1,0,1,0,0,1,0,1,0,0,0,0,0,0,0,0,0,2,0,0,1,0,1,0,0
HG02595,GWD,AFR,female,GB27,0,0,female,1,2,1,0,0,0,2,0,0,0,0,1,2,0,0,0,2,1,0,2,0,2,0,0,0,0,0,0,0,0,0,1,0,0,0,0,0,2,0,0,2,1,1,0,0,0,1,1,0,0,1,1,0,0,0,0,0,2,0,0,0,1,0,1,0,0,0,0,0,1,0,0,0,1,1,1,0,0,0,0,1,0,0,0,1,0,0,0,0,0,1,0,2,0,0,2,2,1,0,0
HG02597,PJL,SAS,male,PK08,0,0,male,0,1,1,0,0,0,2,0,1,0,0,1,2,0,0,0,1,0,0,0,0,2,0,0,0,0,0,0,0,0,0,0,0,1,1,0,0,0,0,0,1,0,0,0,1,0,1,1,0,0,0,2,0,0,0,0,0,0,0,0,2,0,0,0,0,0,0,1,2,2,0,0,0,1,1,2,0,2,0,1,0,0,0,0,1,0,0,0,0,1,0,0,2,0,0,1,0,0,0,0
HG02600,PJL,SAS,male,PK09,0,0,male,0,1,1,0,0,1,2,0,1,0,0,0,1,0,0,0,2,1,0,0,0,2,0,0,0,0,0,0,0,0,0,0,0,1,1,1,0,0,0,0,1,0,1,0,0,0,1,1,0,0,1,2,0,0,0,0,0,2,0,0,2,0,0,0,0,0,0,1,2,1,0,0,0,0,2,2,0,1,0,2,0,0,0,0,0,1,1,0,0,0,0,0,2,0,0,2,0,0,0,0
HG02601,PJL,SAS,female,PK09,0,0,female,0,1,0,0,0,0,2,0,0,0,0,0,2,2,0,0,2,0,0,1,0,2,0,1,1,0,1,0,0,0,0,0,1,1,0,1,0,0,0,0,0,0,2,0,0,0,1,1,0,0,2,2,0,0,0,0,0,1,0,0,1,0,0,0,1,0,0,1,1,2,0,0,0,2,1,2,0,1,0,1,0,0,1,0,0,0,0,0,0,0,0,0,2,0,0,2,0,0,0,0
HG02603,PJL,SAS,male,PK10,0,0,male,0,0,1,0,0,0,2,0,0,0,0,0,2,1,0,0,2,2,0,0,0,2,0,0,0,0,0,0,0,0,0,0,0,2,0,0,0,0,0,0,0,1,1,0,0,0,1,2,0,0,0,2,0,0,0,0,0,1,0,0,0,0,0,2,0,0,0,2,1,1,0,0,0,1,1,1,0,1,0,2,0,1,0,0,0,1,1,0,1,1,0,0,2,0,0,2,0,0,0,0
HG02604,PJL,SAS,female,PK10,0,0,female,0,1,0,0,0,0,2,0,1,0,0,2,2,0,0,0,2,1,0,0,0,2,0,0,0,0,0,0,0,0,1,0,0,0,0,0,0,0,0,0,0,0,1,0,0,0,1,2,0,0,2,2,0,0,0,0,0,0,0,0,1,0,0,0,0,0,0,1,0,2,0,0,0,1,1,1,0,1,0,1,0,1,0,0,0,0,1,0,0,0,0,0,2,0,0,2,0,0,1,0
HG02610,GWD,AFR,male,GB28,0,0,male,0,0,0,1,0,0,2,0,0,0,0,0,2,0,1,1,2,0,0,1,1,1,0,0,0,0,0,0,0,0,0,0,1,0,1,0,0,2,0,0,0,1,1,0,1,1,0,2,1,0,2,2,0,0,0,0,0,1,0,0,0,0,0,0,0,0,0,0,2,0,0,1,0,2,2,1,0,0,0,1,2,0,1,0,0,0,0,0,0,0,0,0,2,0,0,2,0,0,0,0
HG02611,GWD,AFR,female,GB28,0,0,female,0,2,1,0,0,1,2,0,0,0,0,1,2,0,0,0,1,0,0,2,0,2,0,0,0,0,0,0,0,0,0,0,0,0,2,2,0,2,0,0,1,1,1,0,0,0,1,1,1,0,0,1,0,0,0,1,0,1,0,0,0,0,0,0,0,0,0,0,1,1,0,1,0,2,1,0,0,0,0,1,0,1,1,0,0,0,0,0,0,0,0,0,2,0,0,2,0,0,0,0
HG02613,GWD,AFR,male,GB29,0,0,male,0,1,0,0,0,0,2,0,0,0,0,0,1,0,0,0,1,1,0,1,1,1,0,0,0,0,1,0,0,0,0,0,0,0,1,0,0,2,0,0,0,2,1,0,0,0,0,1,0,0,2,2,0,0,1,0,0,1,0,0,0,0,1,0,0,0,0,0,0,0,1,0,1,2,2,1,0,0,0,2,1,1,1,0,0,0,0,0,0,0,0,0,2,0,0,0,0,0,0,0
HG02614,GWD,AFR,female,GB29,0,0,female,0,2,1,0,0,0,2,0,0,0,0,0,2,0,0,0,2,0,0,1,0,1,1,0,0,1,0,0,0,0,0,0,0,1,0,0,0,1,0,0,0,1,0,0,0,0,2,2,1,0,1,2,0,0,0,0,1,1,0,0,1,0,0,0,0,0,0,0,2,2,0,0,0,1,2,1,0,0,1,1,1,0,0,0,1,0,0,0,0,0,0,0,1,0,0,0,2,0,0,0
HG02620,GWD,AFR,male,GB31,0,0,male,0,2,1,0,0,0,0,0,0,0,0,0,2,0,0,1,0,0,0,0,2,2,0,0,0,0,0,0,0,0,0,0,0,0,1,0,1,2,0,0,1,1,2,0,0,1,2,1,1,0,0,2,0,1,0,1,0,2,0,0,0,0,1,0,0,0,1,0,1,1,0,0,0,1,1,2,0,0,1,0,2,0,0,0,0,0,0,0,0,0,0,0,1,0,0,0,0,0,1,0
HG02621,GWD,AFR,female,GB31,0,0,female,0,1,1,0,0,0,1,0,0,1,0,1,2,0,1,0,2,1,0,0,1,2,0,0,0,0,0,0,0,0,0,1,0,0,0,0,0,2,0,0,1,1,1,0,0,0,2,1,0,0,0,1,0,0,0,0,0,1,0,0,0,0,0,0,0,1,0,0,1,1,0,0,0,1,0,1,0,0,0,2,0,0,1,0,0,0,0,0,0,1,0,0,2,0,0,2,0,0,0,0
HG02623,GWD,AFR,male,GB32,0,0,male,0,2,0,0,0,0,1,0,1,0,0,0,2,0,0,1,2,1,0,1,1,2,0,0,0,0,0,0,0,0,0,0,0,0,1,1,0,2,0,0,0,1,0,0,0,0,1,2,0,0,1,2,0,0,0,0,0,2,0,0,0,0,1,0,0,0,0,0,1,0,1,0,0,1,2,2,0,0,0,2,0,0,1,0,1,0,0,0,0,0,0,0,2,0,0,2,1,0,0,0
HG02624,GWD,AFR,female,GB32,0,0,female,0,2,1,0,0,0,2,0,0,0,0,1,2,0,0,0,2,0,1,1,0,2,0,1,0,0,0,0,0,0,1,0,0,1,1,1,0,2,0,0,0,1,1,0,0,0,0,1,0,0,0,2,0,1,0,0,0,1,0,0,0,0,1,0,1,0,1,0,1,2,0,0,0,0,0,2,0,0,1,1,0,0,1,0,1,0,0,0,0,0,0,1,2,1,0,2,0,0,0,0
HG02628,GWD,AFR,male,GB33,0,0,male,0,1,0,1,0,0,1,0,0,0,1,0,2,1,0,0,0,0,0,1,1,2,0,1,1,0,0,0,1,0,0,0,1,1,0,2,0,1,0,0,1,1,1,0,1,0,1,2,0,0,1,2,0,0,0,0,0,2,0,0,0,0,0,0,0,0,0,0,1,0,0,0,0,2,1,1,0,0,1,2,0,0,1,0,0,0,0,0,0,0,0,0,2,1,0,2,0,0,0,0
HG02629,GWD,AFR,female,GB33,0,0,female,0,2,1,0,0,2,2,0,0,0,0,0,2,1,0,0,2,0,0,2,1,2,0,0,0,0,0,0,0,0,0,0,2,0,0,0,0,2,0,0,1,0,1,0,0,0,2,2,1,0,1,1,0,0,0,0,1,2,0,0,0,0,0,0,0,0,0,0,1,1,2,0,1,2,0,2,0,0,0,1,2,0,1,0,0,0,1,0,0,0,0,0,2,0,0,1,0,0,0,0
HG02634,GWD,AFR,male,GB35,0,0,male,0,2,0,2,0,0,2,0,0,0,0,0,1,2,0,1,1,0,0,1,0,0,0,1,0,0,0,0,0,0,0,0,1,0,0,1,0,1,0,0,0,1,2,0,0,0,1,2,0,0,1,1,0,1,0,0,0,1,0,0,0,0,0,0,0,0,0,0,1,0,0,0,0,2,0,1,0,1,0,2,1,0,1,0,0,0,0,0,0,0,0,0,2,0,0,2,0,1,0,0
HG02635,GWD,AFR,female,GB35,0,0,female,0,1,1,0,0,0,2,0,0,0,0,2,2,0,0,0,1,0,1,1,0,1,0,0,0,1,0,0,0,0,0,1,0,0,0,1,0,2,0,0,1,0,1,0,1,1,2,2,0,0,0,1,0,0,0,0,0,1,0,0,0,0,1,0,0,0,0,0,0,0,0,0,0,0,0,1,0,0,0,1,1,0,2,0,0,0,0,0,0,1,0,0,1,1,0,1,1,2,0,0
HG02642,GWD,AFR,male,GB37,0,0,male,0,2,0,0,0,0,2,0,2,0,0,1,2,0,0,1,2,0,0,1,0,2,0,2,0,0,0,0,0,0,0,0,0,1,0,0,1,2,0,0,1,0,2,0,0,0,2,1,0,1,1,0,0,0,0,0,0,1,0,0,0,0,0,0,1,0,0,0,1,0,0,0,0,1,0,0,0,0,0,2,1,0,1,0,1,0,0,0,0,0,0,0,1,0,0,1,1,0,1,0
HG02643,GWD,AFR,female,GB37,0,0,female,0,2,1,0,0,1,2,1,0,0,1,0,2,1,0,1,2,1,0,2,0,1,0,0,0,0,0,0,0,0,0,1,0,1,1,2,0,2,0,0,0,1,1,0,1,0,2,1,0,0,1,1,0,0,0,0,0,1,0,0,0,0,1,0,0,0,0,0,0,1,1,1,0,1,1,2,0,0,0,2,1,0,0,0,2,0,0,0,0,0,1,0,1,0,0,2,1,1,0,0
HG02645,GWD,AFR,male,GB38,0,0,male,0,1,0,1,0,0,2,0,1,0,0,1,2,0,0,0,0,2,0,0,0,2,0,0,0,0,0,0,0,0,0,0,0,0,0,1,0,1,0,0,2,1,1,0,1,0,2,1,1,0,1,2,0,0,0,1,0,1,0,0,0,0,0,0,0,0,0,1,1,0,0,0,0,2,2,0,0,0,0,1,0,0,1,0,1,0,0,0,1,0,0,1,2,0,0,0,1,1,0,0
HG02646,GWD,AFR,female,GB38,0,0,female,0,2,0,0,0,0,2,0,0,0,1,0,2,0,0,2,1,0,0,1,1,2,0,1,0,1,0,0,0,0,0,0,1,0,1,0,0,1,0,0,2,0,2,0,0,1,1,2,1,0,1,2,0,0,0,0,0,2,0,0,0,2,0,1,0,0,1,0,1,1,0,0,0,2,1,1,0,0,0,1,1,0,1,0,0,0,0,0,0,0,1,0,2,0,0,1,0,0,0,0
HG02648,PJL,SAS,male,PK11,0,0,male,0,1,0,0,0,1,2,0,0,0,0,0,2,0,0,0,2,1,0,0,0,2,0,0,0,0,1,0,0,0,0,0,0,0,0,0,0,0,0,0,1,0,2,0,0,0,1,2,0,1,0,2,1,0,0,0,0,0,0,0,2,0,0,0,0,0,0,0,1,1,0,0,0,1,2,1,0,0,0,1,0,0,0,0,0,0,1,0,0,1,0,0,2,0,0,1,0,0,0,0
HG02649,PJL,SAS,female,PK11,0,0,female,0,1,0,0,0,0,2,0,1,0,0,1,2,0,0,0,2,0,0,0,0,2,0,0,0,0,1,0,0,0,0,0,0,0,0,0,0,0,0,0,1,0,1,0,0,0,1,2,0,0,0,2,2,0,0,0,0,1,0,0,2,0,0,0,1,0,0,2,1,1,0,0,0,0,1,2,0,2,0,1,0,0,0,0,0,0,1,0,1,1,0,0,2,0,0,2,0,0,0,0
HG02651,PJL,SAS,male,PK12,0,0,male,0,2,2,0,0,0,2,0,0,0,0,2,2,0,0,0,2,1,0,0,0,2,0,0,0,0,1,0,0,0,0,0,0,1,0,0,0,0,0,0,1,0,1,0,1,0,2,2,0,0,2,2,0,0,0,0,0,0,0,0,1,0,0,0,0,0,0,1,2,2,0,0,0,2,0,2,0,0,0,2,0,1,1,0,0,0,2,0,0,1,0,0,1,0,0,2,0,0,0,0
HG02652,PJL,SAS,female,PK12,0,0,female,0,1,0,0,0,0,2,0,1,0,0,1,2,0,1,0,2,0,0,1,0,2,0,0,0,0,1,0,0,0,0,0,0,0,0,0,0,0,0,0,0,1,1,0,0,0,0,2,0,0,0,2,0,0,0,0,0,0,0,0,2,0,0,0,0,0,0,0,0,0,0,0,0,0,2,1,0,0,0,1,0,1,0,0,1,0,0,0,0,1,0,0,2,0,0,2,0,0,0,0
HG02654,PJL,SAS,male,PK13,0,0,male,0,2,1,0,0,0,2,0,0,0,0,1,2,0,0,0,2,0,0,0,0,2,0,0,0,0,1,0,0,0,0,0,0,0,0,0,0,0,0,0,0,1,1,0,0,0,0,2,0,0,1,2,0,0,0,0,0,1,0,0,1,0,0,0,1,0,0,1,2,1,0,0,0,1,2,1,0,0,0,2,0,0,1,0,0,0,1,0,0,1,0,0,2,0,0,2,0,0,0,0
HG02655,PJL,SAS,female,PK13,0,0,female,0,2,1,0,0,0,2,0,2,0,0,1,1,1,0,0,2,0,0,0,0,2,0,0,0,0,1,0,0,0,0,0,1,2,0,0,0,0,0,0,0,1,1,0,0,0,2,2,0,0,0,2,0,0,1,0,0,0,0,0,1,0,0,0,0,0,0,1,1,1,0,0,0,1,1,2,0,0,0,2,0,0,1,0,0,0,0,0,0,1,0,0,2,0,0,2,0,0,0,0
HG02657,PJL,SAS,male,PK14,0,0,male,0,1,0,0,0,0,2,0,2,0,0,0,2,2,0,0,2,0,0,0,0,2,0,0,0,0,0,0,0,0,0,0,0,1,0,0,0,0,0,0,1,0,1,0,0,0,2,0,0,0,0,2,0,0,0,0,0,0,0,0,1,0,0,0,1,0,0,1,2,2,0,0,0,1,2,0,0,0,0,2,0,1,0,0,0,0,0,0,0,0,0,0,2,0,0,2,0,0,0,0
HG02658,PJL,SAS,female,PK14,0,0,female,0,1,0,0,0,0,2,0,1,0,0,0,2,2,0,0,2,0,0,0,0,2,0,2,2,0,0,0,0,0,0,0,0,0,0,2,0,0,0,0,0,0,1,0,0,0,2,0,0,0,0,2,0,0,0,0,0,0,0,0,1,0,0,0,0,0,0,1,1,1,0,0,0,1,1,1,0,1,0,1,0,0,1,0,0,1,1,0,0,0,0,0,2,0,0,2,0,0,0,0
HG02660,PJL,SAS,male,PK15,0,0,male,0,1,0,0,0,0,2,0,1,0,0,1,2,2,0,0,2,0,0,0,0,2,0,1,1,0,0,0,0,0,0,0,0,0,0,0,0,0,0,0,0,1,1,0,1,0,1,1,1,0,2,2,0,0,0,0,0,1,0,0,1,0,0,0,0,0,0,2,1,1,0,0,0,1,1,0,0,1,0,2,0,0,1,0,0,0,1,0,0,0,0,0,0,0,0,2,0,0,0,0
HG02666,GWD,AFR,male,GB40,0,0,male,0,1,0,0,0,0,2,0,0,0,0,0,2,0,0,0,1,0,0,2,2,2,0,0,0,0,0,0,0,0,0,1,0,1,1,0,0,1,0,0,1,2,1,0,0,0,2,2,0,0,1,2,0,0,0,0,0,1,0,0,0,1,1,0,0,0,1,0,2,2,0,0,0,0,0,2,0,0,1,2,0,0,2,0,1,0,0,0,0,0,0,0,2,0,0,1,1,0,0,0
HG02667,GWD,AFR,female,GB40,0,0,female,0,2,0,0,0,0,2,0,0,0,0,0,2,0,0,1,1,0,0,1,1,1,0,1,0,0,0,0,0,0,0,0,0,1,0,0,0,2,0,0,1,1,1,0,0,1,1,1,0,0,2,2,0,0,0,0,0,1,1,0,1,0,1,0,0,0,0,0,2,2,1,0,0,1,0,1,0,0,0,2,1,0,1,0,0,0,0,0,0,0,1,0,2,0,0,2,0,0,0,0
HG02675,GWD,AFR,male,GB43,0,0,male,0,2,2,1,0,0,2,0,0,0,0,1,2,0,0,0,1,0,0,2,1,2,1,0,0,1,0,0,0,0,0,0,0,1,1,1,0,2,0,1,1,0,1,0,1,1,1,2,0,1,2,2,0,0,0,0,0,0,0,0,0,0,1,0,0,0,0,0,0,1,0,0,0,0,1,1,0,0,1,2,1,0,1,0,1,0,0,0,0,1,0,1,1,0,0,1,0,1,0,0
HG02678,GWD,AFR,male,GB44,0,0,male,0,1,0,0,0,0,2,0,0,0,0,0,0,1,0,0,2,0,0,1,1,2,0,0,0,0,0,0,0,0,0,0,0,1,1,1,0,2,0,0,2,0,2,0,0,0,2,2,2,0,2,0,0,0,0,0,0,2,0,0,0,0,0,0,0,0,0,0,0,0,0,0,0,1,2,2,0,0,0,1,1,0,1,0,1,0,0,0,0,1,0,0,1,0,0,2,0,0,0,0
HG02679,GWD,AFR,female,GB44,0,0,female,0,2,2,0,0,0,1,0,0,0,0,0,2,0,0,0,1,2,0,2,0,1,0,0,0,1,0,0,0,0,0,1,0,1,0,1,0,2,0,0,0,1,1,0,0,1,2,2,2,0,1,2,0,0,0,0,1,2,0,0,0,0,0,0,0,0,0,0,1,1,0,0,0,0,2,1,0,0,1,2,0,0,1,0,1,0,0,0,0,0,0,0,2,1,0,1,0,0,0,0
HG02681,PJL,SAS,male,PK16,0,0,male,0,0,0,0,0,1,2,0,0,0,0,2,2,0,0,0,2,0,0,0,0,2,0,0,0,0,1,0,0,0,0,0,0,1,0,1,0,1,0,0,0,0,1,0,0,0,0,2,0,0,0,2,0,0,0,0,0,1,0,0,1,0,0,0,0,0,0,1,2,2,0,0,0,1,1,0,0,1,0,0,0,1,0,0,0,0,1,0,0,1,0,0,2,0,0,1,0,0,0,0
HG02682,PJL,SAS,female,PK16,0,0,female,0,0,0,0,0,0,2,0,0,0,0,0,2,2,0,0,2,1,0,0,0,2,0,0,0,0,0,0,0,0,0,0,1,1,0,0,0,0,0,0,1,0,2,0,0,0,1,1,0,0,0,2,0,0,0,0,0,0,0,0,1,0,0,0,0,0,0,1,2,1,0,0,0,2,0,0,0,0,0,1,0,2,0,0,0,0,1,0,0,0,0,0,2,0,0,2,0,0,0,0
HG02684,PJL,SAS,male,PK17,0,0,male,0,0,0,0,0,0,2,0,2,0,0,0,2,0,0,0,2,0,0,0,0,2,0,0,0,0,2,0,0,0,0,0,0,0,0,0,0,0,0,0,0,0,2,0,0,0,0,2,0,0,0,2,0,0,0,0,0,0,0,0,1,0,0,0,1,0,0,1,0,1,0,0,0,2,0,2,0,0,0,0,0,0,0,0,0,0,1,0,0,0,0,0,2,0,0,1,0,0,0,0
HG02685,PJL,SAS,female,PK17,0,0,female,0,0,1,0,0,0,2,0,1,0,0,0,1,0,0,0,2,1,0,1,0,2,0,0,0,0,1,0,0,0,1,0,0,0,0,0,0,0,0,0,0,0,2,0,0,0,2,2,0,0,0,2,2,0,0,0,0,0,0,0,0,0,0,0,0,0,0,2,1,1,0,0,0,0,2,1,0,0,0,1,0,0,1,0,0,0,1,0,1,0,0,0,2,0,0,1,0,0,1,0
HG02687,PJL,SAS,male,PK18,0,0,male,0,1,0,0,0,0,2,0,1,0,0,0,2,0,0,0,2,0,0,1,0,2,0,1,0,0,0,0,0,0,0,0,0,0,0,0,0,0,0,0,0,1,1,0,1,0,1,2,0,0,0,2,0,0,0,0,0,1,0,0,1,0,0,0,0,0,0,1,0,1,0,0,0,1,1,1,0,2,0,1,0,0,0,0,0,0,1,0,1,1,0,0,2,0,0,1,0,0,0,0
HG02688,PJL,SAS,female,PK18,0,0,female,0,2,1,0,0,0,2,0,1,0,0,1,2,0,0,0,2,1,0,0,0,2,0,0,0,0,1,0,0,0,0,0,0,0,1,0,0,0,0,0,0,0,1,0,1,0,2,2,0,0,0,2,0,0,0,0,0,2,0,0,1,0,0,0,0,0,0,1,1,2,0,0,0,1,1,0,0,1,0,1,0,1,0,0,0,0,1,0,1,0,0,0,1,0,0,2,0,0,0,0
HG02690,PJL,SAS,male,PK19,0,0,male,0,1,0,0,0,1,2,0,0,0,0,0,2,1,0,0,2,0,0,1,0,2,0,0,0,0,0,0,0,0,0,0,0,0,1,0,0,1,0,0,2,0,2,0,0,0,0,2,0,0,0,2,0,0,0,0,0,0,0,0,0,0,0,0,1,0,0,2,1,2,0,0,0,0,2,1,0,0,0,1,0,1,0,0,0,0,0,0,1,0,0,0,2,0,0,1,0,0,0,0
HG02691,PJL,SAS,female,PK19,0,0,female,0,2,0,0,0,0,2,0,0,0,0,1,2,0,0,0,2,0,0,1,0,2,0,0,0,0,0,0,0,0,0,0,0,0,0,0,0,1,0,0,0,0,2,0,0,0,1,2,0,0,0,2,0,0,0,1,0,0,0,0,1,0,0,0,0,0,0,1,2,2,0,0,0,0,2,0,0,1,0,1,0,0,0,0,0,0,1,0,0,1,0,0,2,0,0,2,0,0,0,0
HG02694,PJL,SAS,female,PK20,0,0,female,0,2,0,0,0,0,2,0,2,0,0,0,2,0,0,0,0,0,0,0,0,2,0,0,0,0,2,0,0,0,0,0,0,0,0,0,0,0,0,0,2,0,2,0,1,0,1,2,0,0,0,2,0,0,0,0,0,2,0,0,2,0,0,0,0,0,0,1,1,1,0,0,0,1,1,2,0,1,0,2,0,0,0,0,0,0,1,0,0,0,0,0,2,0,0,1,0,0,1,0
HG02696,PJL,SAS,male,PK21,0,0,male,0,1,1,0,0,1,2,0,0,0,0,1,0,2,0,0,2,1,0,0,0,2,0,0,0,0,2,0,0,0,0,0,0,0,0,0,0,0,0,0,0,0,2,0,0,0,0,1,1,0,0,2,0,0,0,0,0,2,0,0,1,0,0,0,0,0,0,1,2,2,0,0,0,1,1,1,0,0,0,1,0,2,1,0,0,1,1,0,0,0,0,0,2,0,0,2,0,0,0,1
HG02697,PJL,SAS,female,PK21,0,0,female,0,0,0,0,0,0,2,0,1,0,1,0,2,0,0,0,2,2,0,1,0,2,0,0,0,0,2,0,0,0,0,0,0,2,0,0,0,0,0,0,1,0,0,0,0,0,2,2,0,0,0,2,0,0,0,0,1,0,0,0,1,0,0,0,1,0,0,1,2,2,0,0,0,0,1,0,0,0,0,1,0,0,0,0,1,0,1,0,0,0,0,0,2,0,0,2,0,0,0,0
HG02699,PJL,SAS,male,PK22,0,0,male,0,0,1,0,0,2,2,0,0,0,1,0,2,0,0,0,2,0,0,0,0,2,0,0,0,0,0,0,0,0,0,0,0,1,0,1,0,0,0,0,1,1,1,0,1,0,1,2,0,0,0,2,0,0,0,0,0,0,0,0,0,0,0,0,0,0,0,2,1,1,0,0,0,1,2,1,0,2,0,2,0,1,0,0,0,0,0,0,1,1,0,0,2,0,0,1,0,0,0,0
HG02700,PJL,SAS,female,PK22,0,0,female,0,1,1,0,0,1,2,0,0,0,0,0,2,0,0,0,2,0,0,0,0,2,0,0,0,0,1,0,1,0,0,0,0,1,1,1,0,1,0,0,2,0,0,0,1,0,1,2,0,0,0,2,0,0,0,0,0,1,0,0,1,0,0,0,0,0,0,1,2,2,0,0,0,2,1,1,0,1,0,1,0,0,1,1,0,1,0,0,0,0,0,0,2,0,0,2,0,0,0,0
HG02702,GWD,AFR,male,GB45,0,0,male,0,1,0,0,0,0,2,0,0,0,0,0,2,1,0,0,2,1,0,2,1,2,0,1,0,0,0,0,0,0,0,1,0,0,2,1,0,2,0,0,1,0,2,0,1,0,2,1,0,0,1,2,0,0,0,0,0,1,0,0,0,0,0,0,1,0,0,0,0,0,0,0,0,1,1,2,0,0,0,0,0,0,0,0,0,0,0,0,0,0,0,0,1,2,0,1,0,0,0,0
HG02703,GWD,AFR,female,GB45,0,0,female,0,2,2,1,0,0,1,0,0,0,0,2,2,0,0,0,1,0,0,1,0,2,0,1,0,0,0,0,0,0,0,0,1,0,1,0,0,1,0,0,1,2,2,0,0,0,0,2,0,0,0,1,0,0,0,0,0,1,0,0,0,0,0,0,0,0,0,0,2,1,0,0,0,2,0,2,0,0,0,1,0,0,0,0,2,0,0,0,0,0,0,1,2,1,0,1,0,1,0,0
HG02715,GWD,AFR,male,GB50,0,0,male,0,1,0,0,0,0,2,0,0,0,1,0,2,0,0,0,1,1,0,1,2,2,0,1,0,0,0,0,0,0,1,1,0,1,2,1,0,2,0,0,0,1,1,0,0,0,1,1,0,0,0,2,0,0,0,0,0,1,0,0,0,0,0,0,0,0,0,0,1,1,0,0,0,1,0,2,0,0,1,1,1,0,1,0,0,1,0,0,0,0,0,0,2,0,0,1,0,0,1,0
HG02716,GWD,AFR,female,GB50,0,0,female,0,1,0,0,0,0,2,0,0,0,1,0,2,0,0,1,2,0,0,2,0,2,0,1,0,0,0,0,0,0,0,0,1,0,1,1,0,1,0,0,0,1,1,0,0,0,0,2,0,0,1,2,0,0,0,1,0,2,0,0,0,0,0,0,0,0,1,0,1,1,1,0,0,1,1,1,0,0,0,2,0,0,1,0,0,0,0,0,0,0,0,0,2,0,0,0,1,0,0,0
HG02721,GWD,AFR,male,GB52,0,0,male,0,1,0,0,0,0,1,0,0,0,0,0,2,0,0,0,1,0,0,1,0,0,0,0,0,0,0,0,0,0,0,0,1,1,1,1,0,2,0,0,0,1,2,0,0,0,0,1,0,0,2,1,0,0,0,0,1,2,0,0,1,0,0,0,1,0,0,1,1,0,1,0,0,1,0,0,0,0,0,1,0,0,1,0,2,0,0,0,0,0,2,0,2,0,0,2,2,2,0,0
HG02722,GWD,AFR,female,GB52,0,0,female,0,2,1,0,0,0,2,1,0,0,0,0,2,0,0,0,1,1,0,1,0,2,0,0,0,0,0,0,0,0,0,0,0,0,2,0,0,1,0,0,1,0,0,0,0,0,1,2,1,0,1,2,0,1,0,0,0,1,0,0,0,1,1,0,1,0,0,0,1,0,0,0,0,1,1,1,0,0,0,2,0,0,2,0,0,0,0,0,0,0,1,1,2,0,0,0,0,0,0,0
HG02724,PJL,SAS,male,PK23,0,0,male,0,0,0,0,0,1,2,0,0,0,0,1,2,2,0,0,2,0,0,1,0,2,0,0,0,0,1,0,0,0,0,0,0,0,0,0,0,0,0,0,0,1,0,0,1,0,0,2,0,0,1,2,1,0,0,0,0,1,0,0,1,0,0,0,0,0,0,1,2,1,0,0,0,1,0,2,0,1,0,2,0,0,1,0,0,0,1,0,1,1,0,0,2,0,0,1,0,0,0,0
HG02725,PJL,SAS,female,PK23,0,0,female,0,0,0,0,0,0,2,0,0,0,0,0,2,0,0,0,2,0,0,0,0,2,0,2,0,0,0,0,0,0,0,0,0,0,0,0,0,0,0,0,0,0,2,0,0,0,1,2,0,0,1,2,0,0,0,0,0,0,0,0,2,0,0,1,1,0,0,2,1,2,0,0,0,2,1,2,0,1,0,2,0,0,1,0,0,0,1,0,0,1,0,0,2,0,0,2,0,0,0,0
HG02727,PJL,SAS,male,PK24,0,0,male,0,1,0,1,0,1,2,0,0,0,0,2,1,2,0,0,2,1,0,0,0,2,0,0,0,0,1,0,0,0,0,0,0,0,1,0,0,0,0,0,0,0,1,0,1,0,2,2,0,0,0,2,0,0,0,0,0,1,0,0,1,0,0,0,0,0,0,1,1,2,0,0,0,1,1,2,1,1,0,2,0,1,0,0,0,1,1,0,0,1,0,0,2,0,0,1,0,0,0,0
HG02728,PJL,SAS,female,PK24,0,0,female,0,2,0,0,0,0,2,0,1,0,0,0,2,0,0,0,1,0,0,0,0,2,0,0,0,0,1,0,0,0,0,0,0,0,1,0,0,0,0,0,2,1,0,0,1,0,1,2,0,0,1,2,2,0,0,0,0,0,0,0,2,0,0,0,0,0,0,1,1,1,0,0,0,1,1,2,0,1,0,2,0,1,0,0,0,0,0,0,1,1,0,0,2,0,0,2,0,0,0,0
HG02731,PJL,SAS,female,PK25,0,0,female,0,1,1,0,0,0,2,0,0,0,0,0,2,0,1,0,2,1,0,0,0,2,0,0,0,0,0,0,0,0,0,0,0,0,0,0,0,0,0,0,1,0,1,0,0,0,2,1,1,0,0,2,1,0,0,0,0,1,0,0,1,0,0,0,0,0,0,2,1,1,0,0,0,1,1,1,0,0,0,1,0,0,1,0,1,0,0,0,0,1,0,0,2,0,0,2,0,0,0,0
HG02733,PJL,SAS,male,PK26,0,0,male,0,1,0,0,0,1,2,0,0,0,1,0,0,1,0,0,2,0,0,0,1,2,0,0,0,0,1,0,0,0,0,0,0,0,1,0,0,1,1,0,1,0,2,0,0,0,1,2,0,0,0,2,0,0,0,0,0,0,0,0,2,0,0,0,0,0,0,1,0,2,0,0,0,0,2,1,0,1,0,1,0,0,0,0,0,0,1,0,1,0,0,0,2,0,0,2,0,0,0,0
HG02734,PJL,SAS,female,PK26,0,0,female,0,1,0,0,0,0,2,0,0,0,0,0,2,0,0,0,2,1,0,1,0,2,0,0,0,0,0,0,0,0,0,0,0,1,0,1,0,0,0,0,0,0,1,0,1,0,2,2,0,0,1,2,0,0,0,0,0,2,0,0,2,0,0,1,0,0,0,2,1,1,0,0,0,0,0,1,1,1,0,1,0,0,0,0,0,0,0,0,0,0,0,0,2,0,0,2,0,0,0,0
HG02736,PJL,SAS,male,PK27,0,0,male,0,0,0,0,0,2,2,0,0,0,0,0,1,0,0,0,2,1,0,0,0,2,0,1,1,0,0,0,0,0,0,0,0,0,2,0,0,1,1,0,0,1,0,0,0,0,0,2,0,0,0,2,0,0,0,0,0,0,0,0,1,0,0,0,0,0,0,1,2,2,0,0,0,1,1,2,0,1,0,2,1,1,0,0,0,1,1,0,0,1,0,0,2,0,0,1,0,0,0,0
HG02737,PJL,SAS,female,PK27,0,0,female,0,2,1,0,0,1,2,0,0,0,0,0,2,0,0,0,2,0,0,1,0,2,0,0,0,0,1,0,0,0,0,0,0,0,0,0,0,0,0,0,0,0,1,0,0,0,1,2,1,0,0,2,1,0,0,0,0,1,0,0,2,0,0,1,1,0,0,2,1,2,0,0,0,1,0,1,0,1,0,1,0,0,0,0,0,0,2,0,0,1,0,0,2,0,0,2,0,0,0,0
HG02756,GWD,AFR,male,GB53,0,0,male,0,1,0,0,0,0,1,0,0,0,0,1,2,1,0,1,2,0,0,2,2,2,0,1,0,0,0,0,0,0,1,0,1,1,1,0,0,2,0,0,0,1,0,0,0,0,1,1,2,0,1,2,0,0,0,0,0,2,0,1,0,0,1,0,0,0,1,1,1,0,0,0,0,2,0,2,0,0,0,1,0,0,1,0,1,0,0,0,0,0,0,0,2,0,0,2,0,0,0,0
HG02757,GWD,AFR,female,GB53,0,0,female,0,0,0,0,0,0,2,0,0,0,1,2,2,0,0,0,1,0,0,1,1,2,0,0,0,0,0,0,0,0,0,0,0,1,0,0,0,1,0,0,0,1,1,0,0,0,0,1,1,0,2,1,0,0,1,0,0,0,1,0,0,0,0,0,0,0,0,0,1,1,0,0,1,2,1,0,0,1,0,2,1,0,1,0,0,0,0,0,0,0,0,0,2,1,0,1,0,1,0,0
HG02759,GWD,AFR,male,GB54,0,0,male,0,0,0,1,0,0,2,0,0,0,0,0,2,0,0,1,2,0,0,0,0,0,0,1,0,0,0,0,0,0,0,0,1,2,0,0,0,1,0,0,0,1,2,0,0,0,2,2,1,0,1,2,0,0,0,0,0,0,0,0,0,0,0,0,0,0,0,0,0,0,2,0,0,2,1,0,0,0,0,2,1,0,2,0,1,0,0,0,0,1,1,0,1,0,0,1,0,0,0,0
HG02760,GWD,AFR,female,GB54,0,0,female,0,1,1,0,0,1,1,0,0,0,0,0,2,0,0,0,2,1,0,1,0,1,1,0,0,0,0,0,0,0,0,0,0,1,2,0,0,1,0,0,1,2,0,0,1,1,1,1,0,0,0,2,0,0,0,1,0,2,1,0,0,1,0,0,0,0,0,0,0,2,0,0,0,2,2,1,0,0,0,2,1,0,1,0,2,0,0,0,0,0,0,1,1,1,0,2,0,1,0,0
HG02763,GWD,AFR,female,GB55,0,0,female,0,2,0,1,0,0,2,0,0,0,1,0,1,0,0,0,1,1,0,2,0,2,0,2,0,0,0,0,0,0,0,0,0,0,0,1,0,1,0,0,1,2,1,0,1,0,2,1,1,0,0,2,0,0,0,0,0,2,0,0,0,0,0,0,0,0,0,0,0,1,0,0,0,2,2,1,0,0,0,1,1,0,2,0,0,0,0,0,0,0,0,0,2,0,0,2,0,0,0,0
HG02768,GWD,AFR,male,GB57,0,0,male,0,2,1,0,0,0,1,0,0,0,1,0,2,0,1,0,2,1,1,1,1,1,0,0,0,0,0,0,0,0,0,0,0,1,1,0,1,2,0,0,2,0,2,0,0,0,2,1,1,0,0,2,0,0,0,0,0,1,0,0,0,1,0,0,0,0,0,0,2,2,0,0,0,2,2,2,0,0,1,2,0,0,2,0,0,0,0,0,0,0,0,0,2,1,0,1,2,0,0,0
HG02769,GWD,AFR,female,GB57,0,0,female,0,1,0,0,0,0,2,0,0,0,2,2,2,1,0,1,1,0,0,0,1,1,0,1,0,0,0,0,0,0,0,0,0,0,1,1,1,2,0,0,1,1,2,0,0,1,2,1,0,0,1,2,0,0,0,0,0,0,1,0,0,0,0,0,0,0,0,0,1,0,0,0,0,1,1,2,0,0,0,2,0,1,2,0,1,0,0,0,0,0,0,0,2,0,0,2,0,0,0,0
HG02771,GWD,AFR,male,GB58,0,0,male,0,2,0,0,0,0,2,0,0,1,1,0,2,0,1,0,0,0,0,2,1,2,0,2,0,0,0,0,0,0,0,0,1,1,0,1,0,2,0,0,1,1,1,0,0,0,1,1,0,0,1,1,0,0,0,0,1,1,0,0,1,0,0,0,0,0,0,0,0,0,0,0,0,1,1,2,0,0,0,1,0,0,1,0,1,0,0,0,0,0,0,0,2,0,1,2,0,0,0,0
HG02772,GWD,AFR,female,GB58,0,0,female,0,2,2,0,0,1,2,0,0,0,0,0,2,0,0,0,1,0,0,1,0,2,0,1,0,0,0,0,0,0,0,0,1,0,0,2,0,2,0,0,2,2,1,0,1,0,1,2,1,0,1,1,0,0,0,0,0,1,0,1,0,0,0,0,0,0,0,0,0,0,0,0,0,2,2,2,0,0,0,1,0,0,0,0,1,0,0,0,0,0,0,0,2,0,0,0,2,1,1,0
HG02774,PJL,SAS,male,PK28,0,0,male,0,1,1,0,0,0,2,0,0,0,0,0,2,0,0,0,2,1,0,0,0,2,0,1,1,0,1,0,0,0,0,0,0,1,1,1,0,0,0,0,1,0,0,0,0,0,2,1,0,0,1,2,0,0,0,0,0,0,0,0,2,0,0,1,0,0,0,1,2,1,0,0,0,0,2,1,0,1,0,1,0,1,0,0,0,1,0,0,0,1,0,0,2,0,0,1,0,0,0,0
HG02775,PJL,SAS,female,PK28,0,0,female,0,0,1,0,0,0,2,0,0,0,0,1,2,0,0,0,1,0,0,1,0,2,0,0,0,0,1,0,0,0,0,0,0,1,0,0,0,0,0,0,0,0,1,0,0,0,0,1,0,0,0,1,0,0,0,0,0,1,0,0,0,0,0,1,0,0,0,0,1,2,0,0,0,1,1,1,0,1,0,1,0,0,0,0,0,1,0,0,0,1,0,0,2,0,0,2,0,0,0,0
HG02778,PJL,SAS,female,PK29,0,0,female,0,0,1,1,0,0,2,0,1,0,0,1,2,0,0,0,2,0,0,2,0,2,0,0,0,0,2,0,0,0,0,0,0,1,1,0,0,0,0,0,0,0,0,0,0,0,1,2,0,0,0,2,1,0,0,0,0,0,0,0,0,0,0,1,0,0,0,1,1,2,0,0,0,2,2,1,0,1,0,0,0,0,0,0,1,1,0,0,0,0,0,0,2,0,0,2,0,0,0,0
HG02780,PJL,SAS,male,PK30,0,0,male,0,0,0,0,0,0,2,0,1,0,0,1,2,0,0,0,2,0,0,0,0,2,0,0,0,0,0,0,1,1,1,0,0,0,0,0,0,0,0,0,1,0,1,0,0,0,0,1,0,0,0,2,0,0,0,0,1,0,0,0,2,0,0,0,0,0,0,1,2,2,0,0,0,2,1,2,0,1,0,2,0,0,1,0,0,0,2,0,1,1,0,0,2,0,0,2,0,0,0,0
HG02783,PJL,SAS,male,PK31,0,0,male,0,0,1,0,0,0,2,0,0,0,0,0,2,0,0,0,2,0,0,0,0,2,0,0,0,0,1,0,0,0,0,0,0,0,0,0,0,0,1,0,1,0,2,0,0,0,2,2,0,0,1,2,0,0,0,0,0,1,0,0,2,0,0,0,1,0,0,2,2,2,0,0,0,1,2,1,0,1,0,1,0,1,1,0,0,0,1,0,1,1,0,0,2,0,0,2,0,0,0,0
HG02784,PJL,SAS,female,PK31,0,0,female,0,0,0,0,0,0,2,0,0,0,1,0,2,0,0,0,1,0,0,1,0,2,0,0,0,0,0,0,0,0,1,0,0,0,0,0,0,0,0,0,1,0,2,0,0,0,2,1,0,0,0,2,2,0,0,0,0,1,0,0,2,0,0,1,1,0,0,1,1,1,0,0,0,2,1,2,0,1,0,1,0,1,1,0,1,0,2,0,1,1,0,0,2,0,0,1,0,0,0,0
HG02786,PJL,SAS,male,PK32,0,0,male,0,2,1,0,0,1,2,0,1,0,0,0,2,2,0,0,2,1,0,0,0,2,0,0,0,0,0,0,0,0,1,0,0,1,0,1,0,0,0,0,0,0,1,0,1,0,0,2,0,0,2,2,1,0,0,0,0,0,0,0,1,0,0,1,0,0,0,1,1,1,0,0,0,2,2,1,0,0,0,1,0,0,0,0,1,1,1,0,0,0,0,0,2,0,0,1,1,0,0,0
HG02787,PJL,SAS,female,PK32,0,0,female,0,0,0,0,0,0,2,0,1,0,0,0,0,0,0,0,2,0,0,1,0,2,0,0,0,0,1,0,0,0,0,0,0,0,0,0,0,0,0,0,1,1,1,0,1,0,0,1,0,0,0,2,1,0,0,0,1,1,0,0,2,0,0,0,0,0,0,1,1,1,0,0,0,0,1,1,0,1,0,0,0,0,0,0,0,0,0,0,0,1,0,0,2,0,0,0,0,0,0,0
HG02789,PJL,SAS,male,PK33,0,0,male,0,0,1,0,0,0,2,0,0,0,0,1,2,2,0,0,2,1,0,0,0,2,0,0,0,0,0,0,0,0,0,0,0,1,0,0,0,0,0,0,0,0,1,0,0,0,0,2,0,0,0,2,0,0,0,0,0,2,0,0,2,0,0,0,0,0,0,1,0,1,0,0,0,2,1,1,0,1,0,2,0,0,2,0,1,1,1,0,1,0,0,0,2,0,0,2,0,0,0,1
HG02790,PJL,SAS,female,PK33,0,0,female,0,0,1,0,0,0,2,0,1,0,0,2,2,2,0,0,1,0,0,0,0,2,0,0,0,0,0,0,0,0,0,0,0,0,0,0,0,0,0,0,0,0,1,0,1,0,1,1,0,0,0,2,0,0,0,0,1,1,0,0,2,0,0,1,1,0,0,2,1,1,0,0,0,1,1,2,0,0,0,1,0,0,0,0,0,0,1,0,1,0,0,0,2,0,0,2,0,0,0,0
HG02792,PJL,SAS,male,PK34,0,0,male,0,0,0,1,0,0,2,0,1,0,0,0,2,0,0,0,2,1,0,0,0,2,0,0,0,0,1,0,0,0,0,0,0,1,1,0,0,0,0,0,1,0,1,0,0,0,1,2,0,0,0,2,1,0,0,0,0,0,0,0,1,0,0,0,0,0,0,2,1,1,0,0,0,2,0,2,0,1,0,1,0,1,0,0,0,0,1,0,0,0,0,0,2,0,0,2,0,0,0,0
HG02793,PJL,SAS,female,PK34,0,0,female,0,1,0,0,0,0,2,0,1,0,0,0,1,1,0,0,2,1,0,1,0,2,0,0,0,0,2,0,1,1,1,0,0,1,1,0,0,0,0,0,1,0,1,0,0,0,1,1,0,0,0,2,1,0,0,1,0,1,0,0,1,0,0,0,0,0,0,1,1,2,0,0,0,1,1,1,0,1,0,0,0,0,0,0,0,0,1,0,1,0,0,0,2,0,0,1,0,0,0,1
HG02798,GWD,AFR,male,GB60,0,0,male,0,1,0,0,0,0,2,0,0,0,1,0,2,1,0,0,0,2,0,2,1,2,0,0,0,0,0,0,0,0,0,0,0,0,1,1,0,2,0,0,0,2,2,0,0,0,0,2,0,0,0,1,0,0,0,0,0,2,0,0,0,0,0,0,0,0,0,0,2,0,0,0,0,2,1,2,0,1,0,1,1,0,0,0,1,0,0,0,0,1,0,1,1,0,0,0,0,0,0,0
HG02799,GWD,AFR,female,GB60,0,0,female,0,0,0,0,0,0,2,0,0,0,1,1,1,0,0,0,1,0,0,2,1,1,0,0,0,1,0,0,0,0,0,1,1,0,2,0,0,0,0,1,1,1,1,0,0,1,2,2,1,0,2,2,0,0,0,0,0,2,0,0,0,1,0,0,1,0,0,0,0,0,0,0,0,2,1,1,0,0,0,1,0,0,0,0,1,0,0,0,0,0,0,0,2,0,0,2,0,2,0,0
HG02804,GWD,AFR,male,GB62,0,0,male,0,0,0,0,0,1,2,0,0,0,0,0,2,0,0,0,1,0,0,2,1,2,0,1,0,0,0,0,0,0,0,0,1,0,1,0,0,2,0,0,0,1,2,0,0,0,2,2,1,0,1,2,0,1,0,0,0,1,1,0,0,0,0,0,0,0,0,0,0,1,0,0,0,2,1,1,0,0,1,2,2,0,1,0,0,0,0,0,0,0,0,0,2,0,0,2,1,0,0,0
HG02805,GWD,AFR,female,GB62,0,0,female,0,2,1,0,0,0,1,0,0,0,0,0,2,0,0,0,2,0,0,1,0,1,0,1,0,0,0,0,0,0,0,0,0,1,1,0,0,1,0,0,2,0,1,0,2,1,1,2,0,0,1,2,0,0,1,1,0,0,0,0,0,1,0,0,0,0,0,0,2,1,0,0,0,1,0,1,0,0,0,1,2,0,0,0,1,0,0,0,0,0,0,0,2,0,0,1,1,0,0,0
HG02807,GWD,AFR,male,GB63,0,0,male,0,2,1,1,0,0,1,0,0,0,1,0,2,0,0,0,0,0,0,2,0,1,0,0,0,0,0,0,0,0,0,0,0,0,1,0,0,1,0,0,0,0,1,0,0,0,1,2,1,0,1,2,0,0,1,0,0,2,0,0,0,0,0,0,1,0,0,0,1,0,0,0,0,2,0,1,0,1,0,2,0,0,0,0,1,0,0,0,0,0,0,0,2,1,0,2,0,1,1,0
HG02808,GWD,AFR,female,GB63,0,0,female,0,2,2,0,0,0,2,0,0,0,0,0,2,0,1,0,0,1,0,1,0,2,0,0,0,0,0,0,0,0,0,0,0,0,2,1,0,2,0,0,1,1,2,0,0,0,1,2,0,0,1,2,0,1,0,0,0,1,1,0,0,0,1,0,0,0,0,0,2,2,0,0,0,2,1,2,0,0,0,1,1,0,1,0,0,0,0,0,0,0,0,0,1,1,1,1,0,0,0,0
HG02810,GWD,AFR,male,GB64,0,0,male,0,1,0,0,0,0,1,0,0,0,0,1,2,0,0,1,1,0,0,1,1,2,0,0,0,0,0,0,0,0,0,0,0,2,0,0,0,2,0,0,1,1,1,0,0,2,2,1,0,0,1,2,0,0,0,0,0,1,0,0,0,0,0,0,0,0,0,0,1,0,0,0,0,1,2,2,0,0,0,1,2,0,0,0,0,0,0,0,0,2,0,0,0,0,0,2,0,0,0,0
HG02811,GWD,AFR,female,GB64,0,0,female,0,2,1,1,0,0,2,0,0,0,0,0,2,0,0,0,1,0,1,1,1,2,0,1,0,0,0,0,0,0,0,0,0,0,1,0,0,1,0,0,1,0,2,0,0,0,2,1,1,0,0,2,0,0,0,1,0,1,0,0,0,0,1,0,0,0,0,0,0,0,0,0,0,0,1,1,0,1,0,0,1,0,1,0,0,0,0,0,0,0,0,0,2,0,0,1,0,0,1,0
HG02813,GWD,AFR,male,GB65,0,0,male,0,1,0,0,0,0,2,0,0,0,0,1,2,0,1,0,1,0,0,1,0,0,0,0,0,0,0,0,0,0,0,0,0,1,0,1,0,2,0,0,0,0,1,0,0,0,2,2,1,0,1,1,0,0,0,0,0,0,0,0,0,0,0,0,0,0,0,0,0,0,0,0,0,1,1,2,0,0,0,1,0,1,0,0,0,0,0,0,0,0,0,0,2,0,0,2,0,1,0,0
HG02814,GWD,AFR,female,GB65,0,0,female,0,1,1,0,0,0,2,0,0,0,0,0,2,0,0,0,0,0,0,1,0,1,0,1,0,0,0,0,0,0,0,0,1,0,2,0,0,2,0,0,0,0,2,0,0,0,1,1,0,0,1,2,0,0,0,1,0,2,0,1,0,0,0,0,0,1,0,0,0,0,0,0,0,1,1,2,0,0,1,0,1,0,1,0,0,0,1,0,0,0,0,0,2,0,0,2,0,0,0,0
HG02816,GWD,AFR,male,GB66,0,0,male,0,2,0,1,0,2,2,0,0,0,0,1,1,0,0,1,1,1,0,0,0,1,0,1,0,0,0,0,0,0,0,0,1,1,0,0,0,1,0,0,1,1,0,0,0,1,2,2,1,0,0,2,0,0,0,0,0,1,0,0,0,0,0,0,1,0,0,0,0,1,0,0,0,2,1,2,0,0,1,0,0,0,0,0,1,0,0,0,0,0,0,0,2,0,0,2,0,0,0,0
HG02817,GWD,AFR,female,GB66,0,0,female,0,2,1,2,0,1,2,0,0,0,0,0,1,0,0,0,2,0,0,1,0,2,0,0,0,0,0,0,0,0,0,0,0,1,1,1,0,2,0,0,0,1,1,0,0,0,2,1,1,0,1,2,0,0,0,1,0,1,0,1,0,0,0,0,0,0,0,0,1,0,0,0,0,2,1,1,0,0,0,1,0,0,2,0,0,0,0,0,0,0,1,0,2,0,0,2,1,0,1,0
HG02819,GWD,AFR,male,GB67,0,0,male,0,2,1,0,0,0,1,0,0,0,0,1,2,0,0,1,1,0,0,1,0,1,0,0,0,0,0,0,0,0,0,0,0,1,1,1,0,1,0,0,1,0,1,0,0,0,2,2,1,0,2,2,0,0,0,0,1,1,0,1,0,0,0,0,0,0,0,2,0,0,0,0,0,2,0,2,0,0,0,0,1,0,1,0,2,0,0,0,0,0,0,0,2,0,0,2,0,1,0,0
HG02820,GWD,AFR,female,GB67,0,0,female,0,0,0,0,0,0,1,0,0,0,2,0,2,0,0,1,1,1,0,1,0,2,0,0,0,0,0,0,0,0,0,0,0,0,1,0,0,0,0,1,0,1,1,0,0,0,2,2,1,0,1,2,0,0,1,0,0,1,0,1,0,1,0,0,0,0,0,0,0,0,0,0,0,0,2,1,0,0,0,0,1,0,2,0,1,0,0,0,0,1,0,0,2,0,0,2,1,0,0,0
HG02836,GWD,AFR,male,GB73,0,0,male,0,2,1,0,0,0,1,0,0,0,0,1,1,1,0,0,0,1,0,1,0,2,0,0,0,0,0,0,0,0,0,0,0,1,1,0,0,1,0,0,2,1,1,0,0,0,1,1,0,0,1,2,0,0,1,0,0,1,1,0,0,0,0,0,0,0,0,0,1,1,0,0,0,1,1,2,0,0,1,1,0,0,1,0,1,0,0,0,0,0,2,0,2,0,0,2,0,0,0,0
HG02837,GWD,AFR,female,GB73,0,0,female,0,2,0,1,0,0,2,0,1,0,0,0,2,0,0,1,2,0,0,1,0,2,0,0,0,0,0,0,0,0,0,0,0,1,0,1,0,2,0,1,0,1,1,0,0,1,2,2,1,1,2,2,0,0,0,0,0,2,1,0,0,0,0,0,1,0,0,1,0,0,0,0,0,1,1,2,0,0,0,0,0,0,0,0,2,0,0,0,0,0,0,1,2,0,0,2,1,0,0,0
HG02839,GWD,AFR,male,GB74,0,0,male,0,1,0,0,0,0,2,0,0,0,0,0,2,0,0,0,1,0,0,2,2,2,0,1,0,0,0,0,0,0,0,1,0,1,1,0,0,2,0,0,0,2,0,0,0,0,2,1,1,0,0,2,0,0,0,0,0,0,1,0,0,0,0,0,0,0,0,0,0,0,1,0,0,1,0,2,0,0,1,2,0,0,1,0,0,0,0,0,0,0,0,0,2,0,0,2,0,1,0,0
HG02840,GWD,AFR,female,GB74,0,0,female,0,2,1,0,0,0,2,0,0,0,0,0,2,0,0,0,1,1,0,0,0,2,0,1,0,0,0,0,0,0,0,0,1,1,0,1,0,1,0,0,2,0,1,0,0,0,2,2,1,0,1,2,0,0,0,0,0,1,0,0,0,1,0,0,1,0,0,0,1,1,0,0,0,2,1,1,0,0,0,2,1,0,1,0,1,0,0,0,0,0,0,0,2,0,0,2,0,0,0,0
HG02851,GWD,AFR,male,GB78,0,0,male,0,1,1,0,0,0,2,0,0,0,0,0,2,0,0,0,2,0,0,2,0,1,0,2,1,0,0,0,0,0,0,1,0,1,2,1,0,1,0,0,0,1,1,0,0,0,2,1,1,0,0,2,0,0,1,1,0,1,0,1,0,1,0,0,0,0,0,0,1,1,0,0,0,2,2,1,0,0,0,2,0,0,1,0,0,0,0,0,0,1,1,0,2,0,0,0,0,0,0,0
HG02852,GWD,AFR,female,GB78,0,0,female,0,2,2,0,0,0,2,0,0,0,0,0,2,0,0,0,1,1,0,2,1,1,0,2,0,0,0,0,0,0,0,0,0,0,1,1,0,2,0,0,1,0,2,0,0,1,2,1,1,0,0,2,0,0,1,0,0,1,0,1,0,1,0,0,0,0,0,0,2,0,0,0,0,2,1,1,0,0,0,1,0,0,1,0,1,0,1,0,0,0,0,0,1,0,0,1,0,1,0,0
HG02854,GWD,AFR,male,GB79,0,0,male,1,0,0,0,0,0,2,0,1,0,0,1,1,0,1,1,0,1,0,0,0,2,0,0,0,0,0,0,0,0,0,0,1,0,0,0,0,2,0,0,0,1,1,0,0,0,1,2,1,0,0,2,0,0,0,0,0,1,0,0,0,0,0,0,0,0,0,0,1,0,1,0,0,1,0,1,0,0,1,2,0,0,1,0,0,0,0,0,0,0,0,0,2,0,0,1,1,0,0,0
HG02855,GWD,AFR,female,GB79,0,0,female,0,2,0,0,0,1,2,0,0,0,0,0,2,0,0,0,1,2,0,0,0,1,0,0,0,0,0,0,0,0,0,0,0,0,1,0,0,1,0,0,1,0,2,0,1,1,2,2,0,0,2,2,0,0,0,0,0,2,1,0,0,1,0,0,0,0,0,0,1,0,0,0,0,2,0,1,0,0,0,1,1,0,1,0,1,0,0,0,0,0,0,0,2,1,0,2,0,0,0,0
HG02860,GWD,AFR,male,GB81,0,0,male,0,2,0,1,0,0,2,0,0,0,0,0,2,0,1,0,2,1,0,1,2,2,0,1,0,0,0,0,0,0,0,0,2,0,0,0,0,1,0,0,0,0,1,0,0,0,1,2,1,0,0,2,0,0,0,1,0,1,0,0,0,0,0,0,0,0,0,1,0,0,0,0,0,1,2,2,0,0,1,2,1,0,2,0,1,0,0,0,0,0,0,0,2,0,0,2,0,0,0,0
HG02861,GWD,AFR,female,GB81,0,0,female,0,2,0,1,0,0,1,0,0,0,1,0,2,0,1,0,2,0,0,1,1,2,0,1,0,0,0,0,0,0,0,0,0,1,0,1,0,2,0,0,0,1,2,0,1,1,2,2,2,0,0,2,0,0,1,1,0,2,0,0,1,0,0,0,1,0,0,0,0,2,0,0,0,1,1,2,0,0,0,1,1,0,0,0,0,0,1,0,0,0,0,0,2,0,0,2,1,0,0,0
HG02870,GWD,AFR,female,GB84,0,0,female,0,1,2,0,0,0,0,0,1,0,0,0,2,0,1,0,1,0,0,1,0,2,0,0,0,0,1,0,0,0,0,0,0,0,2,1,0,1,0,0,1,1,2,0,0,0,2,2,0,0,0,2,0,0,0,0,0,1,0,0,0,0,0,0,0,0,0,0,1,1,0,0,0,1,0,1,0,0,0,0,0,0,1,0,0,0,0,0,0,0,0,0,1,0,0,1,0,2,0,0
HG02878,GWD,AFR,male,GB87,0,0,male,0,1,2,0,0,0,1,0,0,0,0,0,2,1,0,0,2,0,0,2,1,2,0,0,0,0,0,0,1,0,0,0,0,1,2,0,1,1,0,0,0,0,0,0,0,0,1,1,0,0,0,2,0,0,0,0,0,0,0,0,0,0,0,0,1,0,0,1,1,0,0,0,0,1,1,1,0,0,0,1,0,0,1,0,0,0,0,0,0,0,0,0,1,0,1,2,0,0,1,0
HG02879,GWD,AFR,female,GB87,0,0,female,0,2,2,0,0,0,1,0,0,0,0,0,2,0,1,0,1,0,0,1,0,2,1,0,0,2,0,0,0,0,0,0,0,1,1,0,1,2,0,0,0,2,1,0,0,0,1,1,0,0,0,2,0,0,0,0,0,2,0,0,0,0,0,0,0,0,0,0,1,1,0,0,0,2,2,2,0,0,1,2,0,0,1,0,1,0,0,0,0,0,0,0,2,0,0,2,0,1,0,0
HG02881,GWD,AFR,male,GB88,0,0,male,0,2,2,0,0,1,0,0,0,0,0,2,1,0,0,0,2,2,0,0,1,2,0,2,0,0,0,0,0,0,0,0,1,1,0,0,1,1,0,0,0,1,1,0,0,0,0,1,0,0,0,2,0,0,0,0,0,1,0,0,0,0,0,0,0,0,0,0,0,0,0,0,0,1,1,2,0,0,1,2,1,0,1,0,0,0,0,0,0,0,0,0,2,0,0,1,0,0,0,0
HG02882,GWD,AFR,female,GB88,0,0,female,0,2,2,0,0,1,1,0,0,1,0,0,2,0,0,0,1,1,0,1,0,2,0,1,0,0,0,0,0,0,0,1,0,2,2,0,0,2,0,0,0,1,0,0,1,1,1,1,0,0,2,2,0,0,0,0,0,0,0,0,0,1,0,0,0,0,0,0,2,0,1,0,0,1,2,1,0,0,0,1,1,0,1,0,0,0,0,0,0,0,0,0,2,0,0,1,1,0,0,0
HG02884,GWD,AFR,male,GB89,0,0,male,0,2,1,1,0,0,2,1,0,0,0,0,1,0,0,0,0,2,0,0,1,2,0,0,0,0,0,0,0,0,0,0,0,0,1,0,0,2,0,0,0,0,1,0,0,0,2,1,0,0,1,2,0,0,0,0,0,1,0,0,2,0,0,0,0,0,0,0,2,2,0,0,0,0,1,1,0,0,0,1,0,0,2,0,1,0,0,0,0,0,0,0,2,0,0,1,1,0,0,0
HG02885,GWD,AFR,female,GB89,0,0,female,0,2,0,0,0,0,2,0,0,0,0,1,2,0,0,1,1,0,0,0,0,1,0,2,0,0,0,0,0,0,0,0,1,0,0,0,0,1,0,0,1,0,2,0,0,0,1,2,0,0,0,2,0,0,0,0,0,1,0,0,0,0,0,0,0,0,0,0,0,1,0,0,0,0,0,1,0,0,1,1,0,0,2,0,0,0,0,0,0,0,0,0,2,1,0,1,1,1,0,0
HG02887,GWD,AFR,male,GB90,0,0,male,0,2,2,0,0,0,2,0,0,0,1,1,1,0,0,0,0,1,0,0,1,2,0,0,0,0,0,0,0,0,0,0,0,1,0,1,0,1,0,0,0,2,0,0,0,0,2,2,1,0,1,1,0,0,0,0,0,0,0,0,0,0,0,0,1,0,0,0,0,2,0,0,1,1,0,1,0,0,0,1,0,0,1,0,0,0,0,0,0,0,0,0,2,1,0,2,1,1,0,0
HG02888,GWD,AFR,female,GB90,0,0,female,0,2,1,0,0,0,2,0,0,0,0,2,2,0,1,0,1,0,0,0,0,0,0,2,0,0,0,0,0,0,0,0,1,1,1,1,0,2,0,0,1,1,2,0,0,0,1,2,1,0,2,2,0,1,0,0,0,1,0,1,0,1,0,0,0,0,0,0,0,0,0,0,0,1,1,0,0,0,1,1,0,1,0,0,2,0,0,0,0,0,0,0,2,1,0,1,1,0,2,0
HG02890,GWD,AFR,male,GB91,0,0,male,0,2,2,0,0,0,0,0,0,1,0,0,2,0,1,0,2,1,0,2,0,2,1,0,0,1,0,0,0,0,0,0,1,0,1,1,0,1,0,0,0,0,1,0,0,0,2,2,1,0,0,1,0,0,0,0,0,1,0,0,0,1,0,0,0,0,1,0,1,1,0,0,0,1,1,0,0,0,1,0,2,0,0,0,0,0,0,0,0,0,0,0,1,0,0,2,0,0,0,0
HG02895,GWD,AFR,male,GB93,0,0,male,0,2,0,0,0,0,2,0,0,0,1,1,0,0,0,0,2,0,0,2,1,2,0,0,0,0,1,0,0,0,0,0,1,1,2,0,0,2,0,0,0,1,0,0,0,0,2,2,1,0,1,2,0,0,0,1,0,2,0,0,1,0,0,0,0,0,0,0,2,2,2,0,0,0,0,0,0,1,0,1,0,0,2,0,1,0,0,0,0,1,0,0,1,0,0,1,1,0,1,0
HG02896,GWD,AFR,female,GB93,0,0,female,0,2,1,0,0,0,2,0,0,0,0,0,2,0,0,0,2,0,0,1,1,2,0,0,0,0,0,0,0,0,0,0,1,0,1,0,0,2,0,0,1,0,0,0,0,0,1,2,0,0,1,2,0,0,0,0,0,2,0,0,0,1,0,0,0,0,0,0,0,0,0,0,0,0,1,0,0,0,1,1,0,0,0,0,2,0,1,0,0,0,0,0,2,0,0,1,0,1,0,0
HG02922,ESN,AFR,female,NG06,0,0,female,0,1,2,1,0,0,2,0,0,0,0,0,2,0,0,1,2,0,0,1,1,2,0,0,0,0,0,0,1,0,0,0,0,0,0,0,0,1,0,0,1,1,0,0,1,1,1,2,1,0,1,2,0,0,0,0,1,0,0,1,0,0,1,0,0,0,0,0,0,0,0,0,0,2,0,2,0,1,0,0,2,0,0,0,0,0,0,0,0,0,1,0,2,1,0,1,0,1,0,0
HG02923,ESN,AFR,male,NG06,0,0,male,0,2,2,0,0,0,2,0,0,0,1,1,2,0,1,0,1,1,0,0,0,2,0,1,0,0,0,0,0,0,0,0,0,1,0,0,0,2,0,1,1,1,1,0,0,0,1,2,0,0,0,2,0,0,1,1,0,0,0,0,0,1,0,0,0,0,1,0,2,1,0,0,0,1,2,1,0,1,0,1,1,0,2,0,1,0,0,0,0,0,0,0,2,0,0,1,0,0,0,0
HG02938,ESN,AFR,male,NG11,0,0,male,0,1,0,1,0,0,2,0,0,0,0,0,2,0,0,1,2,1,0,1,0,2,0,0,0,1,0,0,0,0,0,1,1,0,1,1,0,2,0,0,2,0,2,0,1,1,2,1,1,0,1,2,0,1,0,0,0,1,1,0,0,1,0,0,0,0,0,0,0,0,0,0,0,0,1,0,0,0,1,2,1,0,1,0,0,0,1,0,0,0,0,1,2,1,0,2,0,0,1,0
HG02941,ESN,AFR,male,NG12,0,0,male,1,1,1,0,0,0,2,0,0,0,1,2,2,0,0,0,1,0,0,0,0,2,0,0,0,1,0,0,0,0,0,0,0,1,1,0,0,1,0,0,0,2,1,0,1,0,1,2,1,0,0,2,0,0,1,1,0,1,0,0,0,1,1,1,0,0,0,0,1,1,0,0,0,1,0,1,0,0,0,2,0,0,1,0,1,0,0,0,0,1,0,0,2,0,0,1,0,1,1,0
HG02943,ESN,AFR,female,NG13,0,0,female,0,2,0,0,0,0,2,1,0,0,0,0,2,0,0,1,2,0,0,0,0,2,0,0,0,0,0,0,0,0,0,0,0,2,1,1,0,1,0,0,0,1,1,0,0,0,1,2,1,0,1,2,0,0,1,1,0,1,0,0,0,0,0,0,0,0,0,0,2,0,0,0,0,2,1,2,0,0,0,2,0,0,1,0,0,0,0,0,0,0,0,0,2,0,0,1,1,0,0,0
HG02944,ESN,AFR,male,NG13,0,0,male,1,0,0,0,0,1,2,0,0,0,0,0,2,0,0,0,1,1,0,0,0,0,0,0,0,0,0,0,0,0,0,0,1,0,1,0,0,2,0,0,0,1,2,0,0,0,2,1,1,0,1,2,0,0,0,0,0,1,0,0,1,0,0,0,0,0,0,0,2,1,0,0,0,1,1,2,0,0,1,2,0,0,1,0,1,0,0,0,0,0,0,0,2,0,0,2,0,1,0,0
HG02946,ESN,AFR,female,NG14,0,0,female,1,1,1,0,0,0,2,0,0,0,0,2,2,0,0,0,2,0,1,1,0,1,1,0,0,1,0,0,0,0,0,1,0,1,1,0,1,2,0,1,0,0,1,0,0,0,0,1,2,0,0,2,1,0,0,1,0,2,0,0,0,0,0,0,0,0,0,0,1,1,0,1,0,1,2,1,0,0,0,1,1,0,0,0,1,0,0,0,0,0,0,0,1,0,0,2,0,0,2,0
HG02947,ESN,AFR,male,NG14,0,0,male,0,1,0,1,0,0,2,0,0,1,2,0,2,0,1,1,0,1,0,0,0,2,0,0,0,0,0,0,0,0,0,1,0,1,0,0,0,0,0,0,0,1,1,0,0,1,1,1,1,0,2,1,0,1,0,0,0,0,0,0,0,0,0,0,1,0,1,0,2,0,0,0,0,2,2,2,0,0,0,1,1,1,0,0,0,0,0,0,0,0,1,0,1,0,0,1,0,0,0,0
HG02952,ESN,AFR,female,NG16,0,0,female,0,1,1,0,0,0,2,0,0,0,0,1,2,0,1,0,1,1,1,2,1,2,0,0,0,0,0,0,0,0,0,0,0,1,1,0,0,2,0,0,1,0,1,0,0,1,1,1,0,0,0,1,0,0,0,0,0,1,0,0,1,0,0,0,0,0,0,0,1,0,0,0,0,2,0,2,0,0,0,1,0,0,1,0,2,0,0,0,0,0,0,0,2,0,0,1,0,0,0,0
HG02953,ESN,AFR,male,NG16,0,0,male,0,2,0,0,0,0,2,0,0,0,1,0,2,0,0,1,0,1,0,0,0,2,0,2,0,0,0,0,0,0,0,0,0,0,0,0,0,2,0,0,0,0,2,0,0,0,2,2,1,0,1,2,0,0,2,0,0,1,0,0,1,0,0,0,0,0,0,0,1,0,0,0,0,2,0,1,0,1,0,1,1,0,2,0,1,0,0,0,0,0,0,0,2,0,0,2,0,0,0,0
HG02968,ESN,AFR,male,NG21,0,0,male,0,1,1,0,0,0,2,0,0,0,2,2,2,0,0,1,2,0,0,2,0,1,0,0,0,0,0,0,0,0,0,1,0,1,1,0,0,2,0,0,0,1,2,0,0,0,2,2,0,0,1,1,0,0,0,0,0,0,0,1,0,0,0,0,0,0,0,1,1,0,0,0,0,1,1,2,0,0,0,2,1,0,0,0,1,0,0,0,0,0,0,0,2,0,0,2,1,1,0,0
HG02970,ESN,AFR,female,NG22,0,0,female,0,0,2,0,0,0,2,0,0,0,0,0,2,1,1,0,2,0,0,0,0,2,0,0,0,0,0,0,1,0,0,0,1,0,0,0,0,2,0,0,1,0,1,0,0,0,2,1,2,0,0,1,0,0,0,0,1,2,0,0,0,1,0,0,1,0,0,0,1,2,1,0,1,2,0,2,0,2,1,1,1,0,1,0,1,0,0,0,0,0,1,0,2,0,0,1,1,1,0,0
HG02971,ESN,AFR,male,NG22,0,0,male,1,0,0,0,0,0,2,0,0,0,1,1,2,0,0,0,2,0,1,2,0,1,0,1,0,0,0,0,0,0,0,1,1,0,0,1,0,0,0,0,0,2,1,0,0,0,1,2,1,0,0,1,0,0,0,0,0,1,0,0,0,1,1,1,0,0,0,0,0,1,0,0,0,1,1,1,0,0,0,1,0,0,1,0,0,0,0,0,0,1,0,0,2,0,0,2,0,0,0,0
HG02973,ESN,AFR,male,NG23,0,0,male,0,2,1,0,0,1,2,0,0,0,1,0,2,1,0,0,1,0,1,2,0,1,0,1,0,0,0,0,0,0,0,0,0,1,0,0,0,1,0,0,0,0,1,0,0,0,1,1,0,0,1,2,0,0,0,0,0,2,0,0,1,0,0,0,0,0,0,0,1,0,0,0,0,2,1,2,0,0,0,2,0,0,2,0,1,0,1,0,0,1,0,0,1,0,0,1,0,0,0,0
HG02974,ESN,AFR,female,NG23,0,0,female,0,2,1,0,0,0,1,0,0,0,0,0,1,1,0,0,1,0,0,2,0,2,0,0,0,0,0,0,0,0,0,0,0,1,0,1,0,2,0,0,0,0,2,0,0,1,1,1,1,0,0,2,0,0,0,0,0,2,1,0,0,0,0,0,0,0,0,0,0,0,0,0,1,1,1,1,0,0,0,0,0,0,0,0,2,0,0,0,0,0,0,0,2,0,0,2,0,0,0,0
HG02976,ESN,AFR,female,NG24,0,0,female,0,2,1,0,0,0,2,0,0,0,0,0,2,0,1,1,1,0,0,0,1,2,0,2,0,0,0,0,0,0,0,2,0,1,0,0,0,2,0,0,1,0,1,0,1,0,1,1,0,0,1,1,0,1,0,0,0,1,0,0,1,0,0,0,0,0,0,1,1,0,0,0,0,2,1,1,0,0,0,2,0,0,1,0,2,0,0,0,0,0,0,0,2,0,0,2,0,1,2,0
HG02977,ESN,AFR,male,NG24,0,0,male,0,2,1,0,0,0,2,1,0,0,1,0,2,1,0,0,2,1,0,1,0,2,0,1,0,0,0,0,0,0,0,0,0,1,1,0,0,2,0,0,0,1,1,0,0,0,0,1,2,0,1,2,0,0,0,0,0,1,0,0,0,1,0,1,0,0,0,0,2,1,0,0,0,1,2,1,0,0,0,1,1,0,2,0,1,0,0,0,0,0,1,0,2,0,1,1,0,1,0,0
HG02979,ESN,AFR,female,NG25,0,0,female,0,2,1,0,0,0,2,0,0,0,0,0,1,0,0,0,1,0,0,1,0,1,0,0,0,0,0,0,1,0,0,0,1,1,1,1,0,2,0,0,1,0,2,0,0,0,0,1,1,0,0,2,0,0,0,0,1,1,0,1,0,1,0,0,0,0,0,0,1,0,0,0,0,2,2,1,0,0,1,1,0,0,1,0,0,0,1,0,0,1,0,1,2,0,0,1,0,0,0,0
HG02981,ESN,AFR,male,NG25,0,0,male,0,1,1,0,0,1,2,0,0,1,1,0,2,1,0,1,0,1,0,2,0,2,0,1,0,0,0,0,0,0,0,0,1,0,1,0,0,2,0,0,1,1,2,0,0,0,1,1,0,0,0,2,0,0,0,0,0,1,0,0,0,1,1,0,0,1,1,0,0,0,1,0,0,1,0,1,0,0,0,1,1,0,1,0,0,0,0,0,0,0,0,0,2,1,0,0,0,0,0,0
HG02982,GWD,AFR,male,GB97,0,0,male,0,2,0,0,0,0,2,0,0,0,0,0,2,1,0,0,1,0,0,0,0,0,0,0,0,0,0,0,0,0,0,0,0,0,1,1,0,2,0,0,2,1,1,0,0,0,2,1,1,0,0,2,0,2,0,0,0,1,0,0,0,1,1,0,0,0,0,0,0,0,0,0,0,2,0,2,0,0,0,1,0,0,2,0,0,0,0,0,0,0,0,1,2,0,0,1,0,0,0,0
HG02983,GWD,AFR,female,GB97,0,0,female,0,1,0,0,0,1,2,0,0,0,0,0,2,0,0,0,2,0,0,2,0,2,1,1,0,1,0,0,0,0,0,0,1,0,1,0,0,2,0,0,0,0,1,0,0,1,2,1,0,0,0,2,0,1,0,0,0,2,0,0,1,0,0,0,0,0,0,0,2,2,1,0,0,0,1,1,0,0,1,2,0,0,1,0,0,0,1,0,0,0,1,0,1,0,0,2,2,0,0,0
HG03006,BEB,SAS,male,BD01,0,0,male,0,0,0,0,0,0,2,0,0,0,0,0,1,1,0,0,1,0,0,1,0,2,0,0,0,0,2,0,0,0,0,0,0,0,1,0,0,0,0,0,0,1,1,0,1,0,1,2,0,0,0,2,0,0,0,0,0,0,0,0,1,0,0,0,0,0,0,1,1,1,0,0,0,1,2,0,0,1,0,1,0,1,0,0,0,0,1,0,0,0,0,0,2,0,0,1,0,0,0,0
HG03007,BEB,SAS,female,BD01,0,0,female,0,1,0,0,0,1,2,0,0,0,0,0,2,0,0,0,2,0,0,1,0,2,0,0,0,0,0,0,0,0,0,0,0,0,0,0,0,0,0,0,0,0,1,0,0,0,2,2,0,0,0,2,0,0,0,0,0,2,0,0,1,0,0,0,0,0,0,1,0,0,0,0,0,2,2,1,0,1,0,1,0,0,0,0,0,0,1,0,1,1,0,0,2,0,0,1,0,0,0,0
HG03009,BEB,SAS,male,HG03009,0,0,male,0,0,0,0,0,0,2,0,0,0,0,0,2,0,1,0,1,1,0,1,0,2,0,0,0,0,2,0,0,0,0,0,0,1,0,0,0,0,0,0,0,0,1,0,0,0,0,1,0,0,0,1,2,0,0,0,0,0,0,0,1,0,0,0,0,0,0,1,1,2,0,0,0,2,1,0,0,2,0,1,0,0,0,0,0,0,0,0,0,0,0,0,2,0,0,2,0,0,0,0
HG03012,BEB,SAS,male,BD3,0,0,male,0,1,0,0,0,0,2,0,1,0,0,0,2,0,0,0,2,0,0,1,0,2,0,0,0,0,0,0,0,0,0,0,0,2,0,0,0,0,0,0,2,0,1,0,0,0,2,1,1,0,1,2,1,0,0,1,0,1,0,0,1,0,0,0,0,0,0,1,1,1,0,0,0,0,0,0,0,0,0,1,0,1,2,0,0,1,1,0,1,1,0,0,2,0,0,1,0,0,0,0
HG03015,PJL,SAS,male,PK35,0,0,male,0,0,0,1,0,0,2,0,2,0,0,1,2,2,0,0,2,0,1,0,0,2,0,0,0,0,0,0,0,0,0,0,0,0,0,0,0,0,0,0,1,0,1,0,0,0,1,2,0,0,1,2,0,0,0,0,0,1,0,0,2,0,0,1,0,0,0,2,1,2,0,0,0,2,2,1,0,1,0,1,0,0,0,0,0,0,0,0,0,0,0,0,1,0,0,1,0,0,0,0
HG03016,PJL,SAS,female,PK35,0,0,female,0,2,2,0,0,0,2,0,0,0,0,0,2,0,0,0,2,1,0,0,0,2,0,0,0,0,1,0,1,0,0,0,0,1,1,0,0,0,0,0,1,0,0,0,1,0,1,2,0,0,2,2,2,0,0,0,0,0,0,0,2,0,0,1,0,0,0,1,1,1,0,0,0,2,1,1,0,0,0,0,0,0,0,0,0,0,1,0,1,1,0,0,2,0,0,2,0,0,0,0
HG03018,PJL,SAS,male,PK36,0,0,male,0,0,1,0,0,0,2,0,1,0,0,1,2,0,0,0,2,2,0,1,0,2,0,0,0,0,1,0,1,0,0,0,0,2,1,0,0,0,0,0,0,0,1,0,0,0,1,2,0,0,1,2,1,0,0,0,0,2,0,0,1,0,0,1,0,0,0,0,2,2,0,0,0,1,2,0,0,0,0,2,0,0,0,0,1,1,0,0,0,0,0,0,2,0,0,1,0,0,0,0
HG03019,PJL,SAS,female,PK36,0,0,female,0,1,2,0,1,0,2,0,1,0,1,1,2,2,0,0,2,0,0,1,0,2,0,0,0,0,1,0,0,0,0,0,0,0,1,0,0,0,1,0,0,0,2,0,0,0,1,1,1,0,0,2,0,0,0,1,0,2,0,0,2,0,0,0,0,0,0,1,0,0,0,0,0,0,2,0,0,1,0,2,0,0,0,0,0,0,0,0,0,0,0,0,2,0,0,2,0,0,0,0
HG03021,PJL,SAS,male,PK37,0,0,male,0,2,2,0,0,0,2,0,1,0,0,1,1,0,0,0,2,0,0,0,0,2,0,0,0,0,1,0,0,0,0,0,1,1,0,1,0,0,0,0,1,0,1,0,0,0,1,2,0,0,0,2,0,0,0,0,0,2,0,0,1,0,0,0,0,0,0,2,1,1,0,0,0,1,1,2,0,1,0,2,0,0,0,0,0,1,2,0,1,1,0,0,1,0,0,1,0,0,0,0
HG03022,PJL,SAS,female,HG03022,0,0,female,0,0,0,1,0,0,2,0,0,0,0,1,2,0,0,0,0,0,0,0,0,2,0,0,0,0,1,0,0,0,0,0,0,0,0,0,0,0,0,0,0,1,0,0,1,0,2,2,0,0,0,1,0,0,0,0,0,2,0,0,0,0,0,0,1,0,0,2,1,1,0,0,0,1,1,0,0,0,0,2,0,0,0,0,0,0,2,0,0,0,0,0,2,0,0,1,0,0,0,0
HG03024,GWD,AFR,male,GB105,0,0,male,0,1,0,0,0,0,2,0,0,0,1,1,2,0,2,0,1,0,0,1,0,2,0,0,0,1,0,0,0,0,0,0,0,1,1,0,0,1,0,0,1,1,1,0,0,0,2,2,0,0,0,2,0,0,0,0,0,0,0,0,0,0,0,1,0,0,0,0,2,0,0,0,0,1,0,2,0,0,0,2,1,0,2,0,1,0,0,0,0,0,0,0,2,0,0,2,0,1,0,0
HG03025,GWD,AFR,female,GB105,0,0,female,0,2,0,0,0,0,2,0,0,0,0,0,1,0,0,0,2,0,0,1,1,1,0,2,0,1,0,0,0,0,0,0,1,1,1,0,0,0,0,0,1,1,2,0,0,1,1,2,1,0,1,1,0,0,1,1,0,2,1,0,1,0,0,0,0,0,0,1,1,0,0,1,0,2,1,1,0,0,0,1,0,0,0,0,0,0,0,0,0,0,0,0,2,0,0,1,0,0,1,0
HG03027,GWD,AFR,male,GB106,0,0,male,0,1,1,0,0,0,2,0,0,1,1,0,2,0,1,1,2,1,0,1,1,2,0,1,0,0,0,0,0,0,0,0,1,0,2,2,0,1,0,0,0,0,1,0,0,0,0,1,1,0,1,2,0,0,0,0,0,1,0,0,0,2,0,0,1,0,0,0,1,0,0,0,1,1,2,2,0,0,0,2,1,0,2,0,1,0,0,0,0,0,0,1,2,0,0,2,0,0,0,0
HG03028,GWD,AFR,female,GB106,0,0,female,0,2,2,0,0,0,2,0,0,0,1,1,2,0,0,0,1,0,0,0,0,1,0,0,0,0,0,0,0,0,0,0,0,1,1,0,0,2,0,0,0,1,2,0,0,0,2,2,0,0,1,1,0,0,0,1,0,0,0,0,0,0,0,0,0,0,0,0,0,1,0,0,0,1,1,1,0,0,0,2,0,0,2,0,0,0,0,0,0,0,0,0,1,1,0,2,0,0,0,0
HG03039,GWD,AFR,male,GB110,0,0,male,0,2,1,0,0,0,2,0,0,0,0,0,2,1,1,1,1,0,0,1,1,1,0,0,0,0,0,0,0,0,0,0,1,1,0,2,0,1,0,0,1,0,0,0,0,0,2,1,0,0,0,1,0,0,1,1,0,1,0,0,0,1,0,0,0,0,0,0,0,0,0,1,0,1,2,1,0,0,0,1,1,0,2,0,0,0,0,0,0,0,0,0,2,0,0,1,1,1,0,0
HG03040,GWD,AFR,female,GB110,0,0,female,0,1,2,1,0,1,1,0,0,1,0,0,2,0,0,0,1,0,0,1,1,2,0,0,0,0,0,0,0,0,0,0,2,0,0,1,0,0,0,1,2,2,1,0,0,1,2,0,1,0,0,2,0,0,1,0,1,2,0,0,1,0,0,0,0,0,0,1,0,0,0,1,0,2,1,1,0,0,0,0,1,0,1,0,1,0,0,0,0,0,0,1,2,1,0,2,1,1,0,0
HG03046,GWD,AFR,female,GB112,0,0,female,0,2,2,0,0,0,2,1,0,0,1,0,2,0,1,0,2,2,0,0,0,2,0,0,0,0,0,0,0,0,0,0,2,0,0,0,0,2,0,1,0,1,1,0,1,0,0,1,1,0,0,2,0,0,0,0,0,2,0,0,0,1,0,0,0,0,0,1,1,1,0,0,0,2,0,0,0,1,0,0,2,1,1,0,2,0,0,0,0,0,0,0,2,1,0,1,0,0,0,0
HG03048,GWD,AFR,male,GB113,0,0,male,0,1,0,0,0,0,2,0,0,0,0,1,2,0,0,0,2,0,0,1,1,2,0,0,0,0,0,0,0,0,0,0,1,1,0,1,0,2,0,0,0,1,2,0,0,0,1,2,1,0,1,2,0,0,0,0,0,0,0,0,0,0,1,0,0,0,0,0,1,1,0,0,0,2,2,1,0,0,0,1,2,0,1,0,1,0,0,0,0,0,1,0,1,0,0,1,0,0,0,0
HG03049,GWD,AFR,female,GB113,0,0,female,0,2,2,0,0,0,1,0,0,0,1,0,2,0,2,0,2,0,0,1,1,1,0,0,0,0,0,0,0,0,0,0,0,0,1,0,0,2,0,1,0,2,1,0,1,0,1,1,0,0,0,2,0,0,0,1,0,2,0,0,0,1,0,0,1,0,0,0,1,1,0,0,1,2,0,2,0,0,0,1,0,0,0,0,1,0,0,0,0,0,0,0,1,0,0,2,0,0,0,0
HG03052,MSL,AFR,female,SL01,0,0,female,0,2,0,1,0,0,2,0,0,0,0,1,2,0,1,0,1,1,0,1,0,2,0,0,0,0,0,0,0,0,0,0,0,1,1,0,0,2,0,1,0,0,1,0,0,0,2,2,1,0,1,1,0,0,0,0,0,1,0,0,0,0,0,0,0,1,0,0,0,0,0,0,0,2,2,1,0,0,0,1,1,0,1,0,1,0,0,0,0,0,0,0,2,0,0,1,0,0,0,0
HG03054,MSL,AFR,male,SL02,0,0,male,0,2,1,0,0,1,2,0,0,0,2,0,2,0,1,0,0,1,0,1,1,2,0,0,0,1,0,0,0,0,0,0,0,0,1,0,0,2,0,0,0,1,1,0,0,0,2,1,0,0,0,0,0,0,0,0,1,0,1,0,0,0,0,0,0,0,0,1,1,0,0,0,0,1,1,1,0,0,0,1,0,0,1,0,0,0,0,0,0,0,0,0,2,0,0,1,0,0,1,0
HG03055,MSL,AFR,female,SL02,0,0,female,0,1,0,1,0,1,2,0,0,0,0,1,2,0,0,0,0,1,0,2,1,2,0,1,0,0,0,0,2,0,0,0,0,0,1,0,0,2,0,0,0,1,2,0,1,0,1,1,1,0,0,2,0,0,0,0,1,2,0,1,0,0,0,0,0,0,0,1,2,2,0,0,0,1,0,2,0,0,0,2,0,0,0,0,0,0,0,0,0,0,0,1,2,0,0,1,0,0,0,0
HG03057,MSL,AFR,male,HG03057,0,0,male,1,1,0,1,0,0,1,0,0,1,0,0,2,0,0,0,1,0,0,1,1,2,0,0,0,1,0,0,0,0,0,0,0,0,2,0,0,2,0,0,1,1,2,0,1,0,2,0,0,0,1,1,0,0,0,0,0,1,0,0,0,0,0,0,0,0,0,0,0,0,0,0,0,2,0,1,0,0,0,2,0,0,1,0,1,0,0,0,0,1,0,0,2,0,0,1,0,0,0,0
HG03058,MSL,AFR,female,SL03,0,0,female,0,1,1,0,0,0,2,0,0,0,0,0,2,0,0,2,1,0,0,2,0,2,0,0,0,0,0,0,0,0,0,0,0,0,0,0,0,2,0,0,0,0,2,0,0,0,1,2,1,0,1,2,0,0,0,0,0,1,0,0,0,0,0,0,0,0,0,0,2,2,0,0,1,1,0,0,0,0,0,1,1,0,1,0,1,0,1,0,0,0,0,0,2,0,0,1,0,0,0,0
HG03060,MSL,AFR,male,HG03060,0,0,male,0,2,1,1,0,0,2,0,0,0,0,2,2,0,1,0,0,1,0,2,0,1,0,0,0,0,0,0,0,0,0,1,0,0,0,0,0,1,0,1,1,2,1,0,0,0,2,2,1,0,1,1,0,0,0,1,0,0,0,0,0,0,0,0,0,1,0,0,0,0,0,0,0,2,1,2,0,0,0,1,0,0,1,0,0,0,0,0,0,0,0,1,1,0,0,2,0,1,1,0
HG03061,MSL,AFR,female,SL04,0,0,female,0,2,2,0,0,0,2,0,0,0,0,0,2,0,0,0,1,0,0,2,0,2,0,0,0,2,0,0,0,0,0,0,0,0,0,0,0,1,0,1,0,1,1,0,1,0,1,1,1,0,1,1,0,0,0,0,0,2,0,1,0,0,0,0,0,0,0,0,2,0,0,1,0,1,2,2,0,0,0,2,1,0,2,0,0,0,1,0,1,0,0,0,2,1,0,2,0,1,0,0
HG03063,MSL,AFR,male,SL05,0,0,male,0,2,0,1,0,0,2,0,0,0,0,1,2,1,1,0,2,1,0,0,0,2,0,0,0,0,0,0,0,0,0,0,1,0,1,0,0,2,0,0,0,2,1,0,1,0,1,2,1,0,0,2,0,0,0,0,0,1,0,1,0,1,0,0,0,1,0,0,2,0,0,0,0,1,2,1,0,0,0,0,0,0,1,0,0,0,0,0,0,0,1,0,2,0,0,2,0,0,0,0
HG03064,MSL,AFR,female,SL05,0,0,female,0,2,2,1,0,0,2,0,0,0,1,1,2,0,0,0,1,1,0,1,0,2,0,1,0,1,0,0,0,0,0,2,0,0,0,1,0,1,0,0,2,0,1,0,0,0,1,2,0,2,1,2,0,0,0,0,0,1,1,0,0,1,0,0,0,0,0,0,2,1,1,0,0,1,0,2,0,0,0,1,0,0,1,0,1,0,0,0,0,0,1,1,2,0,0,1,0,0,0,0
HG03066,MSL,AFR,male,SL06,0,0,male,0,0,1,0,0,0,2,0,0,0,1,2,2,0,1,0,2,0,0,1,1,2,0,0,0,0,0,0,0,0,0,0,0,1,1,1,1,2,0,0,0,1,2,0,1,0,1,1,0,0,0,1,0,0,0,0,0,1,0,0,1,0,0,0,0,0,0,0,1,1,0,0,0,1,2,1,0,0,0,0,2,0,0,0,1,0,0,0,0,1,0,0,2,0,0,2,0,1,0,0
HG03069,MSL,AFR,male,SL07,0,0,male,0,1,0,0,0,0,2,0,0,0,0,0,2,0,2,2,2,0,0,2,0,2,1,0,0,1,0,0,0,0,0,0,1,0,0,0,0,2,0,1,1,0,2,0,0,0,0,2,2,0,0,1,0,0,1,0,0,1,0,0,0,0,0,0,0,0,0,0,1,2,0,0,0,2,0,1,0,0,0,1,2,0,0,0,0,0,0,0,0,0,0,0,1,0,1,1,0,1,0,0
HG03072,MSL,AFR,male,SL08,0,0,male,0,1,0,0,0,0,2,0,0,0,0,1,2,0,0,0,2,0,0,1,0,1,0,0,0,0,0,0,0,0,0,0,0,1,1,1,0,2,0,0,0,2,2,0,1,1,1,1,1,0,0,2,0,0,0,0,1,2,0,0,0,1,0,0,0,0,0,0,1,0,0,0,0,2,2,1,0,1,0,2,2,0,2,0,1,0,1,0,0,1,0,0,0,0,0,2,0,0,0,0
HG03073,MSL,AFR,female,SL08,0,0,female,0,1,0,1,0,0,2,1,0,0,0,1,2,1,0,1,0,0,0,1,0,1,0,1,0,0,0,0,0,0,0,0,0,0,0,1,0,1,0,1,0,1,1,0,0,0,1,0,1,0,0,2,0,0,0,0,0,1,0,0,0,0,0,0,0,0,0,0,2,1,0,0,0,1,0,0,0,0,0,0,1,0,1,0,0,0,1,0,0,0,0,0,2,1,0,1,0,0,0,0
HG03074,MSL,AFR,male,HG03074,0,0,male,0,1,0,0,0,2,2,0,0,0,0,2,2,0,0,1,2,0,0,2,1,2,0,0,0,0,0,0,0,0,0,0,1,1,0,1,0,2,0,0,2,1,2,0,0,0,1,1,1,2,0,1,0,0,0,0,0,2,0,0,0,0,0,0,1,0,0,1,1,0,0,0,0,1,1,1,0,0,1,1,0,0,0,0,0,0,0,0,0,0,0,0,1,0,0,1,1,0,0,0
HG03077,MSL,AFR,male,HG03077,0,0,male,0,1,2,2,0,0,2,0,0,0,0,2,2,0,0,0,1,1,0,1,0,1,0,0,0,0,0,0,0,0,0,0,0,1,0,1,0,0,0,0,1,0,2,0,1,1,1,2,0,0,2,1,0,0,0,0,0,2,0,0,0,0,0,0,0,0,0,0,1,1,2,0,0,0,2,1,0,0,0,2,1,0,0,0,1,0,0,0,0,0,0,0,2,1,0,2,0,0,0,0
HG03078,MSL,AFR,male,HG03078,0,0,male,1,1,1,2,0,0,2,0,0,0,0,1,2,0,0,1,1,2,0,1,1,2,0,2,0,0,0,0,0,0,0,0,0,0,0,0,0,2,0,0,1,1,2,0,1,1,2,0,2,1,2,1,0,0,0,0,0,1,0,0,0,0,0,0,0,0,0,0,2,1,0,0,0,1,1,1,0,0,0,1,2,0,1,0,0,0,0,0,0,0,0,0,2,1,0,1,0,0,1,0
HG03079,MSL,AFR,female,SL10,0,0,female,0,1,0,0,0,1,2,0,0,0,0,0,2,0,0,0,2,1,0,2,0,2,0,0,0,0,0,0,0,0,0,0,0,1,0,1,0,1,0,1,2,1,1,0,0,0,0,1,2,0,0,2,0,0,0,0,0,1,0,0,0,0,1,0,0,0,0,0,1,0,0,0,0,1,2,2,0,0,0,2,1,0,1,0,0,0,0,0,0,0,0,0,2,0,0,2,1,0,0,0
HG03081,MSL,AFR,male,SL11,0,0,male,0,1,1,0,0,1,2,1,0,0,0,0,2,0,0,0,1,0,0,1,0,1,0,1,0,1,0,0,0,0,0,0,0,0,0,0,0,2,0,0,1,1,1,0,1,0,1,2,0,0,2,1,0,0,0,0,0,2,0,0,0,0,0,0,1,0,0,0,2,2,0,0,0,2,1,1,0,0,0,0,1,0,0,0,1,0,0,0,0,1,0,0,2,0,0,2,0,0,0,0
HG03082,MSL,AFR,female,SL11,0,0,female,0,1,0,1,0,1,2,0,0,0,0,1,2,0,2,1,1,2,0,0,1,2,0,0,0,0,0,0,0,0,0,1,0,0,1,1,1,2,0,0,1,0,2,0,0,0,2,2,1,0,0,2,0,0,0,0,0,2,0,0,0,0,0,0,0,0,0,0,2,2,0,0,0,1,2,2,0,0,1,1,0,0,2,0,1,0,1,0,0,0,0,0,2,1,0,1,1,0,0,0
HG03084,MSL,AFR,male,HG03084,0,0,male,0,1,2,0,0,0,2,1,0,0,0,0,1,0,0,0,2,0,0,0,0,1,0,0,0,0,0,0,0,0,0,0,0,1,1,1,0,0,0,0,1,1,2,0,0,0,2,1,1,0,2,2,0,0,1,0,0,0,0,0,0,0,1,0,0,0,0,0,1,1,1,0,0,1,0,1,0,0,0,2,2,0,2,0,0,0,0,0,0,0,0,0,2,1,1,2,0,1,0,0
HG03085,MSL,AFR,female,HG03085,0,0,female,0,1,0,0,0,0,2,0,0,0,1,2,2,0,1,0,2,0,0,1,0,2,1,0,0,0,0,0,0,0,0,0,0,1,1,0,0,1,0,0,0,2,0,0,0,0,2,1,1,0,0,1,0,0,0,0,0,2,0,0,0,1,0,0,0,0,0,0,0,0,0,0,1,1,0,0,0,0,0,2,1,0,0,0,2,0,0,0,0,2,0,0,2,0,0,2,0,1,0,0
HG03086,MSL,AFR,female,HG03086,0,0,female,0,2,0,0,0,1,2,0,0,0,1,1,2,0,1,0,1,0,0,0,0,2,0,0,0,0,0,0,0,0,0,0,1,0,1,0,0,2,0,0,2,1,1,0,0,0,0,2,2,1,0,2,0,0,0,0,0,1,0,0,0,1,0,0,0,0,0,0,1,1,0,0,0,1,0,1,0,0,0,0,2,0,0,0,0,0,0,0,0,0,0,1,2,0,0,2,0,0,0,0
HG03088,MSL,AFR,female,SL13,0,0,female,0,1,0,0,0,0,2,0,0,0,1,0,2,1,0,2,1,0,0,1,1,1,0,1,0,0,0,0,0,0,0,0,0,1,0,0,0,2,0,0,1,0,2,0,0,0,1,1,0,0,1,2,0,0,0,0,0,1,0,0,0,0,0,0,1,0,0,0,1,0,0,0,0,0,0,1,0,0,0,1,0,0,0,0,0,0,0,0,0,0,0,0,2,0,1,0,0,0,0,0
HG03091,MSL,AFR,female,SL14,0,0,female,0,0,0,0,0,1,1,0,0,0,1,0,2,0,0,1,0,1,0,1,0,2,0,1,0,0,0,0,0,0,0,0,0,0,1,0,0,1,0,0,0,1,1,0,0,0,1,2,0,0,1,2,0,0,0,0,0,0,0,0,0,0,0,0,0,0,0,0,1,0,0,0,0,1,2,1,0,0,0,1,1,1,1,0,0,0,0,0,0,0,0,0,1,1,0,1,0,0,0,0
HG03095,MSL,AFR,female,SL15,0,0,female,0,2,0,0,0,0,1,0,0,0,0,1,2,0,1,0,1,0,0,1,0,2,0,1,0,0,0,0,0,0,0,0,0,0,0,1,0,1,0,0,0,1,2,0,0,0,1,1,0,0,2,1,0,1,0,0,0,1,0,1,0,1,0,0,0,0,0,0,2,1,1,0,0,1,2,2,0,0,0,1,1,0,1,0,0,0,0,0,0,0,1,0,2,0,0,1,0,0,0,0
HG03096,MSL,AFR,male,SL16,0,0,male,0,2,0,0,0,2,2,0,0,0,0,1,2,0,0,0,2,2,0,1,2,2,0,1,0,0,0,0,0,0,0,0,1,0,0,0,0,2,0,1,0,1,2,0,0,0,0,1,0,0,1,1,0,0,0,0,0,0,0,0,0,0,0,0,0,0,1,0,1,1,0,0,0,1,0,1,0,1,0,1,1,0,1,0,0,0,0,0,0,0,1,0,1,0,0,2,0,1,0,0
HG03097,MSL,AFR,female,SL16,0,0,female,0,2,1,0,0,1,2,0,0,0,0,0,1,0,0,0,2,0,0,1,0,2,0,0,0,0,0,0,0,0,0,0,0,1,2,2,0,1,0,0,1,0,2,0,0,0,1,2,2,0,1,1,0,0,0,2,0,1,0,0,1,0,0,0,0,0,0,0,0,1,1,0,0,0,0,2,0,0,0,1,1,0,0,0,0,0,0,0,0,0,0,0,2,0,0,0,1,0,1,0
HG03099,ESN,AFR,female,NG26,0,0,female,0,1,1,0,0,0,2,0,0,0,0,1,2,0,0,1,2,0,1,2,1,2,1,1,0,1,0,0,1,0,0,1,0,1,0,0,0,2,0,0,0,0,1,0,0,0,0,1,0,0,1,1,0,0,0,0,0,1,0,0,1,0,0,0,0,0,0,0,1,1,0,0,0,0,2,2,0,1,1,2,1,0,1,0,0,0,0,0,0,0,0,0,2,0,0,1,0,0,0,0
HG03100,ESN,AFR,male,NG26,0,0,male,0,1,0,0,0,1,1,0,0,0,0,2,1,0,1,0,1,1,0,1,0,2,0,0,0,0,0,0,0,0,0,0,0,1,2,2,0,2,0,0,0,1,2,0,0,0,1,2,0,0,2,1,0,0,1,0,0,1,0,0,0,0,0,0,0,0,1,0,1,2,0,0,0,2,1,2,0,0,0,2,0,1,2,0,1,0,0,0,0,1,0,0,2,0,0,2,0,1,1,0
HG03103,ESN,AFR,male,NG27,0,0,male,0,2,2,0,0,0,2,0,0,0,0,1,2,1,0,0,1,0,1,0,0,1,0,1,0,0,0,0,0,0,0,0,1,0,1,1,0,2,0,0,0,2,1,0,0,0,1,1,1,0,0,1,0,0,0,0,0,0,0,0,0,0,0,0,1,0,0,0,2,0,0,0,0,2,0,2,0,0,1,1,0,0,1,0,1,0,0,0,0,0,0,0,1,0,0,1,0,1,0,0
HG03105,ESN,AFR,female,NG28,0,0,female,0,0,0,0,0,0,2,1,0,0,0,0,2,1,0,0,2,1,0,1,0,0,0,0,0,0,0,0,0,0,0,0,1,0,1,0,0,2,0,0,0,2,1,0,0,1,2,2,0,0,2,2,0,1,0,1,0,0,0,0,1,0,0,0,0,0,0,0,0,1,0,0,0,1,0,1,0,0,0,1,0,0,1,0,2,0,0,0,0,0,1,1,2,0,0,2,0,2,1,0
HG03108,ESN,AFR,female,NG29,0,0,female,0,1,1,1,0,0,2,1,0,0,0,0,2,0,0,0,1,0,2,1,0,1,0,1,0,0,0,0,0,0,0,0,1,0,1,0,0,2,0,0,1,0,2,0,0,0,1,2,1,0,1,2,0,1,0,0,0,0,0,0,0,1,0,0,1,0,0,0,1,1,0,0,0,1,0,0,0,0,0,1,0,0,2,0,0,0,0,0,0,0,1,0,2,0,1,1,0,0,0,0
HG03109,ESN,AFR,male,NG29,0,0,male,0,2,2,0,0,0,2,0,0,0,1,1,2,1,0,0,2,0,1,0,0,1,0,0,0,0,0,0,0,0,0,1,0,1,2,1,0,1,0,0,2,1,2,0,0,0,1,2,0,0,2,2,0,0,0,0,0,1,0,0,0,0,0,0,1,0,0,1,1,1,0,0,0,0,0,1,0,1,0,0,2,0,1,0,0,0,0,0,0,0,0,0,2,1,0,0,1,0,0,0
HG03111,ESN,AFR,female,NG30,0,0,female,0,1,1,0,0,1,2,0,0,0,0,0,2,0,1,1,1,1,0,2,1,2,0,2,0,0,0,0,0,0,0,1,0,0,1,1,0,2,0,0,1,1,2,0,0,1,2,1,1,0,1,2,0,0,0,0,0,2,0,0,1,1,0,0,0,0,0,0,0,0,0,1,0,2,1,2,0,1,0,1,1,0,0,0,0,0,0,0,0,0,0,0,2,0,0,2,1,0,0,0
HG03112,ESN,AFR,male,NG30,0,0,male,0,2,0,0,0,1,2,0,0,0,1,1,2,0,1,1,1,0,0,2,0,2,0,0,0,0,0,0,0,0,0,0,0,0,1,1,0,2,0,0,1,0,1,0,0,0,2,2,2,0,1,1,0,0,0,1,0,0,0,0,0,0,1,0,1,0,0,1,0,0,0,0,0,1,2,2,0,0,0,1,1,0,2,0,0,0,0,0,0,1,0,0,2,0,0,0,0,0,0,0
HG03114,ESN,AFR,female,NG31,0,0,female,0,1,0,0,0,0,2,0,0,0,1,0,2,0,0,0,2,0,1,2,0,2,0,0,0,0,0,0,0,0,0,1,0,0,0,1,0,1,0,0,1,1,2,0,0,0,2,1,1,0,0,2,0,0,0,0,1,0,0,0,0,0,1,0,0,0,0,0,1,0,0,0,0,2,2,2,0,0,0,1,0,0,2,0,1,0,0,0,0,1,0,0,2,0,0,2,1,0,0,0
HG03115,ESN,AFR,male,NG31,0,0,male,0,2,0,0,0,1,2,0,0,0,0,0,2,1,0,0,2,0,1,1,1,2,0,0,0,0,0,0,0,0,0,0,2,0,0,1,0,2,0,0,0,1,1,0,0,0,1,2,2,0,1,1,0,0,0,0,0,1,1,0,0,0,0,0,0,0,0,0,1,0,0,0,0,1,1,1,0,0,0,1,0,0,1,0,0,0,0,0,0,0,0,0,2,0,0,2,0,0,1,0
HG03117,ESN,AFR,female,NG32,0,0,female,0,2,1,1,0,1,1,0,0,1,0,2,1,0,0,0,1,0,0,2,2,2,0,1,0,0,0,0,0,0,0,0,1,0,0,1,0,2,0,0,0,1,1,0,0,0,1,1,1,0,0,2,0,0,0,2,0,1,1,0,0,0,1,0,0,0,0,0,0,0,0,0,0,2,2,1,0,0,0,2,1,0,1,0,0,0,0,0,0,0,0,0,2,0,1,0,0,0,0,0
HG03118,ESN,AFR,male,NG32,0,0,male,1,1,0,0,0,1,2,0,0,0,2,0,2,1,0,0,1,1,0,1,1,2,0,1,0,0,0,0,0,0,0,0,0,1,2,0,0,2,0,0,1,0,2,0,0,0,1,1,1,0,1,1,0,0,0,0,0,1,0,0,0,0,0,0,0,0,0,0,1,1,0,0,1,1,0,2,0,0,0,1,0,0,2,0,0,0,0,0,0,0,0,0,2,0,0,2,0,0,0,0
HG03120,ESN,AFR,male,NG33,0,0,male,0,1,0,0,0,1,2,0,0,0,1,1,1,1,1,0,1,0,1,0,0,1,0,1,0,0,0,0,0,0,0,1,0,1,1,1,0,2,0,0,1,1,1,0,0,0,2,1,1,0,0,2,0,1,0,0,0,1,0,1,1,0,0,0,0,0,0,0,1,0,0,0,0,2,0,0,0,1,0,1,1,0,1,0,1,0,1,0,0,0,0,0,2,0,1,0,0,0,0,0
HG03121,ESN,AFR,female,NG33,0,0,female,0,1,0,0,0,0,2,0,0,0,0,0,2,0,1,0,2,1,0,0,1,2,1,0,0,1,0,0,0,0,0,0,1,1,1,1,1,1,0,0,0,1,0,0,1,0,0,0,1,0,1,2,0,0,0,0,0,0,0,0,0,1,0,1,0,0,0,0,0,0,1,0,0,2,2,2,0,0,0,1,1,0,1,0,0,0,0,0,0,0,0,0,2,0,0,0,0,0,0,0
HG03123,ESN,AFR,female,NG34,0,0,female,0,2,0,1,0,0,2,0,0,0,0,0,2,0,1,0,1,1,0,1,0,1,0,1,0,0,0,0,0,0,0,0,0,0,1,0,0,1,0,0,2,1,1,0,0,0,2,2,2,0,2,1,0,0,0,0,0,1,0,0,1,0,0,0,0,0,0,0,0,0,0,0,0,2,0,1,0,0,0,1,0,0,0,0,1,0,0,0,0,0,0,0,2,0,1,2,0,0,0,0
HG03124,ESN,AFR,male,NG34,0,0,male,0,2,0,0,0,1,2,0,0,1,1,0,2,0,0,0,2,2,0,2,0,2,0,0,0,0,0,0,0,0,0,0,1,0,1,0,1,2,0,0,1,1,2,0,1,0,1,1,1,1,1,2,0,1,0,1,0,2,0,0,1,0,0,0,1,0,0,0,0,0,0,0,0,1,1,2,0,0,0,2,1,0,1,0,0,0,0,0,0,1,0,0,2,0,0,1,0,0,0,0
HG03126,ESN,AFR,female,NG35,0,0,female,0,2,1,0,0,0,2,1,0,0,0,0,2,0,0,1,2,1,0,1,0,1,0,0,0,0,0,0,0,0,0,1,0,0,1,2,0,2,0,0,1,0,2,0,0,0,1,1,1,0,0,1,0,0,0,0,1,0,0,0,0,1,0,0,0,0,0,0,1,1,1,0,0,2,2,2,0,0,0,0,1,0,2,0,2,0,0,0,0,0,0,0,2,0,0,1,0,1,1,0
HG03127,ESN,AFR,male,NG35,0,0,male,0,0,1,0,0,0,1,0,0,0,0,0,2,0,0,0,2,1,0,1,0,2,0,1,0,0,0,0,0,0,0,0,0,1,0,1,0,2,0,0,0,2,1,0,1,1,1,1,1,0,1,2,0,1,0,0,0,0,0,0,0,2,0,1,0,0,0,0,0,0,0,1,0,0,0,1,0,0,0,2,0,0,1,0,1,0,0,0,0,1,0,0,2,0,0,1,0,0,0,0
HG03129,ESN,AFR,female,NG36,0,0,female,0,1,0,0,0,0,2,0,0,0,0,0,2,0,1,0,2,0,0,0,0,2,0,2,0,0,0,0,0,0,0,0,0,2,0,1,0,2,0,0,0,1,2,0,0,0,0,2,0,0,1,1,0,0,0,0,0,2,0,0,0,0,0,0,0,0,0,0,1,0,0,0,0,1,0,1,0,0,0,1,0,0,1,0,1,0,0,0,0,0,0,0,2,0,0,0,0,0,0,0
HG03130,ESN,AFR,male,NG36,0,0,male,0,2,1,0,0,0,2,0,0,0,0,0,2,1,1,0,2,0,0,1,0,2,0,0,0,0,0,0,0,0,0,0,1,0,0,1,0,2,0,0,0,1,2,0,0,0,0,1,0,1,1,2,0,0,0,0,0,1,0,0,0,0,0,0,1,0,0,0,1,1,0,0,0,2,2,1,0,0,0,2,1,0,1,0,0,0,1,0,0,0,0,0,2,0,0,2,1,0,1,0
HG03132,ESN,AFR,female,NG37,0,0,female,0,2,1,0,0,1,2,0,0,0,0,0,2,1,0,0,1,2,0,2,0,1,0,0,0,0,0,0,1,0,0,0,0,0,0,0,0,1,0,1,1,2,0,0,0,0,2,2,1,0,1,2,0,0,0,0,0,0,0,0,0,0,0,0,1,0,0,0,1,2,0,0,0,1,1,2,0,0,0,1,1,0,0,0,1,0,0,0,0,0,1,0,2,0,0,1,0,0,0,0
HG03133,ESN,AFR,male,NG37,0,0,male,0,0,0,0,0,0,2,0,0,0,0,0,2,0,0,0,2,0,0,0,1,2,0,1,0,0,0,0,0,0,0,1,0,0,1,0,0,2,0,0,0,0,2,0,0,0,2,2,0,0,0,1,0,0,0,0,0,2,0,0,0,0,0,0,0,0,0,1,0,1,0,0,1,1,0,2,0,0,0,1,0,0,0,0,0,0,0,0,0,0,0,1,2,0,1,2,1,0,0,0
HG03135,ESN,AFR,female,NG38,0,0,female,0,1,1,0,0,0,2,0,0,0,1,1,2,0,2,1,0,0,0,1,0,1,0,0,0,0,0,0,1,0,0,0,0,0,1,1,0,1,0,0,0,2,1,0,0,0,1,1,1,0,2,2,1,0,0,1,0,1,0,0,1,1,0,1,0,0,1,0,0,0,0,0,0,2,2,2,0,0,0,0,1,0,1,0,1,0,0,0,0,0,0,0,2,0,1,1,0,0,0,0
HG03136,ESN,AFR,male,NG38,0,0,male,0,1,1,0,0,0,1,0,0,0,0,1,2,0,0,0,1,0,0,2,1,2,0,2,0,0,0,0,0,0,0,0,1,0,0,2,0,2,0,0,1,1,1,0,0,0,1,2,0,0,1,1,0,0,0,0,0,0,0,1,0,0,0,0,0,0,0,0,1,1,0,0,0,1,1,2,0,0,1,1,1,0,1,0,1,0,0,0,0,0,0,0,2,0,0,2,1,0,0,0
HG03139,ESN,AFR,male,NG39,0,0,male,0,1,0,0,0,0,1,0,0,0,0,0,2,1,0,0,1,0,1,2,0,2,0,2,0,0,0,0,0,0,0,0,1,1,1,1,1,2,0,0,0,2,1,0,0,0,0,2,1,0,1,2,0,0,0,0,0,2,0,1,0,0,1,0,0,0,1,1,2,1,1,0,0,1,2,1,0,0,0,1,0,0,0,0,1,0,0,0,0,0,0,0,2,0,0,1,0,1,0,0
HG03159,ESN,AFR,female,NG46,0,0,female,0,0,0,1,0,1,1,0,0,0,0,0,2,0,0,0,1,0,0,0,0,2,1,0,0,1,0,0,0,0,0,0,0,1,1,2,0,1,0,0,1,0,0,0,0,0,2,2,2,0,0,2,0,0,0,0,0,1,0,0,0,1,1,0,0,0,0,0,1,1,0,0,0,1,1,2,0,0,0,1,1,0,0,0,0,0,0,0,0,0,0,0,2,0,0,2,0,1,0,0
HG03160,ESN,AFR,male,NG46,0,0,male,0,2,1,1,0,1,2,0,0,0,0,2,2,0,1,0,2,0,0,0,1,2,0,0,0,0,0,0,0,0,0,0,0,0,1,0,0,2,0,0,1,0,0,0,0,0,1,1,0,0,0,1,0,0,0,0,0,2,0,0,1,1,0,0,0,0,0,0,1,1,0,0,0,2,1,2,0,1,0,1,1,0,0,0,1,0,0,0,0,1,1,0,1,0,0,2,1,0,0,0
HG03162,ESN,AFR,female,NG47,0,0,female,0,2,1,0,0,1,2,0,0,0,0,0,2,0,0,1,2,1,0,0,0,1,0,1,0,0,0,0,1,0,0,0,0,1,0,0,0,1,0,1,2,0,2,0,1,0,1,2,0,0,2,2,0,0,0,0,0,2,1,0,1,1,0,0,0,0,0,1,0,1,0,0,0,1,1,1,0,0,0,1,1,0,2,0,0,0,0,0,0,0,0,0,1,0,0,2,0,1,0,0
HG03163,ESN,AFR,male,NG47,0,0,male,0,1,1,0,0,2,2,0,0,0,1,0,2,0,0,0,2,0,1,1,0,1,0,1,0,0,0,0,0,0,0,0,0,0,0,0,0,2,0,0,2,1,2,0,1,0,2,1,2,0,2,0,0,0,0,0,0,1,1,0,0,1,0,1,0,0,0,0,1,0,0,0,0,1,1,2,0,0,0,1,1,0,2,0,2,0,0,0,0,0,0,0,2,0,0,2,1,1,1,0
HG03166,ESN,AFR,male,NG48,0,0,male,0,1,1,0,0,1,1,0,0,1,0,0,2,0,0,0,2,0,1,1,1,2,0,1,0,0,0,0,2,0,0,0,0,1,0,1,1,2,0,0,0,1,1,0,1,0,2,1,1,0,1,2,0,0,1,0,1,1,0,1,0,0,1,0,0,0,0,0,1,0,0,0,0,2,1,2,0,1,0,1,0,0,1,0,1,0,0,0,0,0,0,0,2,0,0,2,1,1,0,0
HG03168,ESN,AFR,female,NG49,0,0,female,0,2,2,0,0,0,2,1,1,0,0,1,2,0,0,0,0,0,0,1,1,1,1,0,0,1,0,0,0,0,0,1,1,0,0,1,0,1,0,0,1,1,1,0,0,0,0,0,1,0,0,1,0,0,0,0,0,0,0,0,0,0,0,0,0,1,0,0,1,0,0,0,0,2,1,1,0,0,0,1,0,0,1,0,1,0,1,0,0,0,0,0,2,0,0,2,0,0,0,0
HG03169,ESN,AFR,male,NG49,0,0,male,0,1,0,0,0,0,2,0,0,0,1,2,2,0,1,1,0,1,0,2,1,2,0,0,0,0,0,0,0,0,0,0,1,0,1,1,0,1,0,0,1,0,1,0,0,0,1,2,0,0,1,1,0,0,0,0,0,1,0,0,0,0,0,0,0,0,0,0,2,2,0,0,1,1,1,2,0,1,0,1,0,0,1,0,0,0,0,0,0,0,0,0,1,0,0,1,1,0,1,0
HG03172,ESN,AFR,male,NG50,0,0,male,0,2,1,1,0,0,2,0,0,0,0,1,2,1,0,0,2,0,0,1,1,2,0,1,0,0,0,0,0,0,0,0,0,0,2,1,0,1,0,0,1,1,1,0,0,0,1,1,1,0,1,2,0,0,0,0,0,1,0,0,0,0,0,0,0,0,0,0,0,0,0,0,0,1,1,0,0,0,0,1,1,0,0,0,1,0,0,0,0,0,0,0,1,0,0,2,0,0,0,0
HG03175,ESN,AFR,male,NG51,0,0,male,0,1,1,0,0,1,1,0,0,0,1,0,2,0,0,0,2,0,1,0,0,2,0,0,0,0,0,0,0,0,0,0,0,1,0,1,0,2,0,1,0,0,1,0,1,0,0,2,1,1,2,1,0,0,0,0,0,2,0,0,0,0,0,0,0,0,0,0,0,0,0,0,0,2,0,2,0,0,1,1,1,0,1,0,0,0,1,0,0,1,0,0,2,0,0,2,0,1,0,0
HG03189,ESN,AFR,female,NG56,0,0,female,0,1,0,0,0,0,2,1,0,0,0,1,2,0,0,0,0,1,0,1,0,1,0,1,0,0,0,0,0,0,0,0,0,0,2,2,0,2,0,0,0,0,1,0,0,0,2,2,1,0,0,1,0,0,0,0,0,1,0,0,0,0,0,0,0,0,0,0,1,1,0,0,0,0,0,1,0,0,0,2,2,0,0,0,1,0,1,0,0,0,0,0,2,0,0,1,0,0,1,0
HG03190,ESN,AFR,male,NG56,0,0,male,0,2,0,0,0,0,2,0,0,0,0,0,2,0,0,0,1,0,0,1,0,1,0,1,0,0,0,0,0,0,0,1,0,0,1,0,0,2,0,0,0,1,1,0,0,0,1,1,2,1,0,2,0,0,0,0,0,0,0,0,1,1,0,1,0,0,0,0,2,0,0,0,1,2,1,2,0,0,1,2,1,0,2,0,1,0,0,0,0,1,0,0,2,0,0,1,1,1,1,0
HG03193,ESN,AFR,male,NG57,0,0,male,0,2,0,0,0,0,2,0,0,0,0,0,2,0,0,0,0,2,0,2,1,2,0,0,0,0,0,0,1,0,0,1,0,1,2,1,1,2,0,0,0,1,2,0,1,0,1,2,1,0,1,1,1,0,0,0,0,1,0,0,1,0,0,0,0,0,0,0,0,0,0,0,0,2,1,1,0,0,0,1,0,0,2,0,0,0,0,0,0,0,0,0,2,0,1,2,0,0,0,0
HG03195,ESN,AFR,female,NG58,0,0,female,0,2,0,0,0,0,2,0,0,0,1,1,2,0,0,1,2,1,0,2,0,1,0,0,0,0,0,0,0,0,0,0,1,0,0,1,0,2,0,0,0,1,0,0,0,0,1,2,1,0,0,1,0,0,0,0,0,0,0,0,0,0,1,0,0,0,1,0,0,0,0,0,0,1,2,0,0,0,0,1,0,0,2,0,0,0,0,0,0,0,0,0,2,0,0,2,0,0,1,0
HG03196,ESN,AFR,male,NG58,0,0,male,0,2,1,0,0,0,2,0,0,0,1,0,2,1,1,0,1,1,0,1,0,2,0,1,0,0,0,0,1,0,0,0,1,0,1,2,0,2,0,0,1,2,1,0,0,0,1,2,1,0,2,1,0,0,1,0,1,0,0,0,0,0,0,0,0,0,1,0,1,1,0,0,1,2,0,1,0,0,0,0,1,0,1,0,0,0,0,0,0,0,0,0,2,0,0,2,0,0,0,0
HG03198,ESN,AFR,female,NG59,0,0,female,0,2,1,0,0,1,1,0,0,1,0,0,2,0,0,0,1,1,0,2,0,1,0,0,0,0,0,0,0,0,0,0,0,0,1,2,0,2,0,0,1,2,2,0,0,0,0,2,2,0,0,2,0,1,0,0,0,1,0,0,0,1,1,0,0,0,0,0,0,0,0,0,0,1,1,2,0,0,0,1,2,0,1,0,1,0,0,0,0,0,0,0,1,0,0,1,0,1,0,0
HG03199,ESN,AFR,male,NG59,0,0,male,1,1,0,0,0,0,2,0,0,0,0,0,2,0,1,0,1,1,0,1,0,2,0,1,1,1,0,0,0,0,0,0,1,0,0,0,1,2,0,0,1,2,1,0,0,0,1,2,0,0,1,2,0,0,0,1,1,1,0,0,0,2,0,1,0,0,0,0,2,2,0,0,0,2,1,1,0,0,0,1,1,0,2,0,1,0,0,0,0,0,0,1,2,0,0,0,0,0,1,0
HG03202,ESN,AFR,male,NG60,0,0,male,1,1,1,0,0,0,2,0,0,0,0,0,2,0,0,1,2,1,0,2,0,2,0,0,0,0,0,0,0,0,0,1,0,0,0,1,0,2,0,0,1,1,1,0,1,0,1,2,0,1,0,2,0,0,1,1,0,1,0,0,1,0,0,0,0,0,0,0,1,1,0,0,0,0,0,2,0,0,0,0,0,0,0,0,1,0,0,0,0,0,1,0,1,0,0,2,0,1,0,0
HG03209,MSL,AFR,male,SL17,0,0,male,0,0,0,0,0,0,0,0,0,0,0,0,2,0,0,0,2,1,0,1,1,2,0,1,0,0,0,0,0,0,0,0,0,0,2,1,0,1,0,0,1,1,1,0,0,0,2,1,1,0,1,2,0,1,0,0,0,0,0,0,1,1,0,0,0,0,0,0,2,2,0,0,0,1,0,2,0,0,0,2,0,0,1,0,0,0,0,0,0,0,0,0,2,2,0,2,0,0,0,0
HG03212,MSL,AFR,female,SL18,0,0,female,0,0,0,0,0,0,2,1,0,0,0,0,2,0,0,1,1,2,0,2,0,1,0,0,0,0,0,0,0,0,0,0,0,0,0,0,0,1,0,1,0,1,0,0,0,0,1,2,2,0,1,2,0,0,0,1,0,1,1,0,0,0,0,0,0,0,0,0,2,1,0,0,0,1,1,2,0,0,0,1,1,0,1,0,1,0,0,0,0,0,0,0,2,0,0,1,1,0,0,0
HG03224,MSL,AFR,male,SL22,0,0,male,0,2,2,0,0,1,1,0,0,0,0,1,2,0,0,0,1,1,0,1,0,2,0,0,0,0,0,0,1,0,0,1,0,0,1,1,0,2,0,0,0,0,1,0,0,0,2,1,2,0,0,2,0,0,0,0,0,1,0,0,1,0,0,0,0,0,0,0,2,2,0,0,0,2,1,1,0,0,1,2,1,0,1,0,0,0,0,0,0,0,1,0,2,0,0,2,0,0,0,0
HG03225,MSL,AFR,male,SL23,0,0,male,0,1,0,0,0,0,2,0,0,0,1,1,2,0,0,2,1,0,0,2,0,2,0,0,0,0,0,0,0,0,0,0,0,0,0,0,1,2,0,0,0,0,2,0,0,0,1,2,1,0,0,2,0,1,0,0,0,1,0,0,0,1,0,0,0,0,0,0,1,0,1,0,0,1,0,2,0,0,0,2,0,0,1,0,1,0,0,0,0,0,0,0,2,0,0,2,0,0,0,0
HG03228,PJL,SAS,male,PK38,0,0,male,0,1,0,0,0,0,2,0,0,0,0,2,2,0,0,0,2,1,0,0,0,2,0,0,0,0,1,0,0,0,0,0,0,0,0,0,0,0,0,0,0,0,1,0,0,0,0,1,0,0,0,2,2,0,0,0,0,0,0,0,2,0,0,0,0,0,0,2,1,1,0,0,0,0,2,0,0,0,0,1,0,0,0,0,1,0,0,0,0,0,0,0,2,0,0,2,0,0,0,0
HG03229,PJL,SAS,female,PK38,0,0,female,0,2,0,0,0,0,2,0,0,0,0,0,2,0,0,0,2,1,0,1,0,2,0,0,0,0,1,0,0,0,1,0,0,1,1,0,0,0,0,0,2,0,1,0,0,0,1,1,0,0,1,2,0,0,0,0,0,1,0,0,1,0,0,0,0,0,0,0,1,2,0,0,0,2,1,2,0,1,0,1,0,0,0,0,0,0,2,0,0,0,0,0,2,0,0,1,0,0,0,0
HG03234,PJL,SAS,male,PK40,0,0,male,0,2,0,0,0,0,2,0,1,0,0,1,2,0,0,0,2,0,0,0,0,2,0,0,0,0,1,0,0,0,0,0,0,0,1,0,0,0,0,0,1,0,2,0,0,0,0,1,2,0,0,2,0,0,0,0,0,1,0,0,1,0,0,0,0,0,0,0,1,1,0,0,0,0,1,2,0,2,0,2,0,1,0,0,0,0,0,0,0,1,0,0,1,0,0,1,0,0,0,0
HG03235,PJL,SAS,female,PK40,0,0,female,0,2,1,0,0,0,2,0,1,0,0,1,2,0,1,0,2,2,0,0,0,2,0,1,1,0,1,0,0,0,0,0,0,1,1,1,0,0,0,0,0,1,1,0,0,0,2,2,0,0,1,2,0,0,0,0,0,0,0,0,1,0,0,0,0,0,0,0,1,1,0,0,0,0,1,1,0,2,0,1,0,1,0,0,0,0,1,0,0,0,0,0,2,0,0,0,0,0,0,0
HG03237,PJL,SAS,male,PK41,0,0,male,0,1,2,0,0,0,2,0,0,0,0,1,2,2,0,0,1,1,0,0,0,2,0,0,0,0,1,0,0,0,1,0,0,0,1,0,0,0,0,0,0,0,2,0,0,0,2,1,0,0,0,2,1,0,0,0,0,0,0,0,0,0,0,0,0,0,0,1,1,1,0,0,0,1,1,2,0,0,0,1,0,0,0,0,0,0,0,0,1,1,0,0,2,0,0,2,0,0,0,0
HG03238,PJL,SAS,female,PK41,0,0,female,0,2,2,0,0,0,2,0,1,0,0,0,2,0,0,0,2,0,0,0,0,2,0,0,0,0,1,0,0,0,0,0,0,0,0,0,0,0,0,0,1,0,2,0,0,0,2,2,0,1,0,2,0,0,0,0,0,0,0,0,1,0,0,0,0,0,0,1,1,1,0,0,0,1,1,1,0,0,0,2,0,1,0,1,1,0,0,0,0,1,0,0,2,0,0,2,0,0,0,0
HG03240,GWD,AFR,male,GB114,0,0,male,0,1,0,0,0,0,2,0,0,0,0,0,1,0,0,0,0,1,0,2,1,2,0,1,0,0,0,0,0,0,0,1,1,0,0,0,0,2,0,0,0,0,2,0,0,0,1,2,1,0,0,2,0,1,0,0,0,0,1,0,0,0,1,0,0,0,1,0,1,1,0,0,0,2,0,2,0,0,0,2,0,0,1,0,1,0,0,0,0,0,0,0,0,0,0,2,2,0,0,0
HG03241,GWD,AFR,female,GB114,0,0,female,0,2,2,0,0,0,2,0,0,0,0,0,2,0,1,1,2,1,0,0,0,0,0,0,0,0,0,0,0,0,0,0,0,0,0,0,0,2,0,0,1,1,2,0,0,0,2,1,1,0,0,2,0,0,0,0,0,1,0,0,0,1,0,0,0,0,1,1,0,1,0,0,0,1,1,2,0,0,0,2,1,0,0,0,0,0,0,0,0,0,0,0,2,0,0,2,1,0,0,0
HG03246,GWD,AFR,male,GB116,0,0,male,0,1,0,0,0,0,2,0,0,0,1,0,2,0,0,1,0,0,0,1,0,2,0,1,0,0,0,0,0,0,0,0,1,0,1,0,0,1,0,0,0,1,2,0,0,0,1,1,0,0,1,2,0,0,1,0,0,0,0,0,1,0,0,0,0,0,0,0,0,0,0,0,0,1,1,1,0,0,0,1,0,0,1,0,0,0,0,0,0,1,0,1,2,0,0,1,1,2,0,0
HG03247,GWD,AFR,female,GB116,0,0,female,0,1,2,1,0,0,2,1,0,0,0,0,2,0,0,0,1,1,1,2,0,0,0,0,0,0,0,0,0,0,0,0,0,2,0,0,0,2,0,0,0,0,2,0,0,0,1,2,0,0,1,2,0,0,0,1,0,1,0,1,1,0,0,0,0,0,0,0,0,1,0,0,0,1,2,1,0,1,0,1,0,0,2,0,0,0,0,0,0,0,1,0,2,0,0,2,0,2,0,0
HG03258,GWD,AFR,male,GB120,0,0,male,0,1,1,1,0,1,2,0,0,0,1,0,2,0,0,0,1,0,0,0,1,2,0,0,0,0,0,0,0,0,0,0,1,0,1,2,0,0,0,0,0,0,2,0,1,0,1,2,0,1,0,2,0,1,0,0,1,1,0,0,2,0,0,1,0,0,0,0,0,1,0,0,0,1,0,0,0,0,0,1,1,0,1,0,1,0,1,0,0,0,0,0,2,1,0,1,1,1,0,0
HG03259,GWD,AFR,female,GB120,0,0,female,0,1,2,0,0,0,2,0,0,0,0,1,2,0,0,1,2,1,0,2,0,0,1,0,0,2,0,0,0,0,0,1,1,1,1,0,0,1,0,0,1,1,1,0,0,0,1,1,1,0,1,1,0,0,1,0,0,0,0,0,0,0,0,0,0,0,0,0,2,0,1,0,0,2,2,0,0,1,0,1,2,0,1,0,1,0,0,0,0,0,0,0,2,0,0,2,1,0,0,0
HG03265,ESN,AFR,male,NG63,0,0,male,1,2,2,0,0,0,2,0,0,0,0,0,2,0,0,0,2,1,0,1,0,2,0,1,0,0,0,0,0,0,0,1,0,0,1,0,0,2,0,0,1,2,0,0,0,0,1,2,2,0,1,1,0,0,0,0,0,1,0,0,0,1,0,0,1,0,0,0,0,0,0,0,0,1,1,2,0,0,0,1,1,0,2,0,0,0,0,0,0,0,0,0,2,0,0,0,0,0,0,0
HG03267,ESN,AFR,female,NG64,0,0,female,1,2,2,0,0,0,2,0,0,0,1,1,2,0,1,0,1,0,0,0,1,2,1,1,0,1,0,0,0,0,0,0,1,0,2,1,1,2,0,1,1,1,2,0,0,0,2,0,1,0,1,2,0,0,0,0,0,0,0,0,0,0,0,0,1,0,0,0,0,1,0,0,0,2,1,1,0,0,0,2,0,0,0,0,2,0,0,0,0,1,0,1,2,0,0,1,0,0,0,0
HG03268,ESN,AFR,male,NG64,0,0,male,0,2,1,0,0,0,2,1,0,0,0,0,1,0,0,1,2,0,0,1,0,1,0,0,0,0,0,0,0,0,0,0,0,0,0,2,0,2,0,0,1,0,1,0,0,0,2,1,0,0,1,1,0,0,0,1,0,0,0,0,0,0,0,0,0,0,1,0,1,2,0,0,0,1,0,2,0,0,0,1,1,0,0,0,0,0,0,0,0,0,0,0,2,0,0,2,0,0,0,0
HG03270,ESN,AFR,female,NG65,0,0,female,0,1,0,0,0,0,2,0,0,0,0,0,2,0,0,1,1,0,0,2,0,1,0,1,0,0,0,0,0,0,0,1,0,0,0,1,1,2,0,1,1,1,2,0,1,0,1,1,0,0,0,1,0,0,0,0,0,2,0,0,0,1,0,0,0,0,0,0,0,0,0,0,0,0,2,1,0,0,0,1,0,0,2,0,0,0,1,0,0,0,0,0,2,0,0,2,0,0,0,0
HG03271,ESN,AFR,male,NG65,0,0,male,0,2,0,1,0,0,2,0,0,0,0,0,2,0,0,1,0,0,0,1,1,2,1,0,0,1,0,0,0,0,0,0,0,1,1,0,0,2,0,0,1,1,1,0,0,0,2,0,0,0,1,1,0,0,0,0,0,1,0,0,0,1,0,0,0,0,0,0,1,1,0,0,0,1,2,1,0,0,0,0,0,0,1,0,0,0,1,0,0,1,1,0,2,0,0,2,0,0,0,0
HG03279,ESN,AFR,female,NG68,0,0,female,0,1,0,0,0,0,2,0,0,0,0,0,2,0,0,1,2,0,0,2,0,2,1,0,0,1,0,0,0,0,0,2,0,0,0,0,0,2,0,0,1,0,1,0,0,0,1,1,1,0,1,2,1,0,0,1,0,1,0,0,1,2,0,0,0,0,0,0,1,0,0,0,1,2,1,1,0,1,0,2,1,0,0,0,0,0,0,0,0,0,0,0,2,1,0,2,0,0,0,0
HG03280,ESN,AFR,male,NG68,0,0,male,0,2,1,0,0,0,2,0,0,0,1,1,2,1,0,0,1,0,0,1,0,2,0,1,0,0,0,0,0,0,0,0,1,2,2,1,1,2,0,0,1,1,1,0,1,0,1,0,1,0,0,2,0,0,0,1,0,1,0,0,0,1,0,1,0,0,0,0,1,1,0,0,0,2,2,2,0,0,0,2,1,0,1,0,0,0,0,0,0,0,0,0,2,0,0,2,1,0,0,0
HG03291,ESN,AFR,female,NG72,0,0,female,1,1,0,0,0,0,1,0,0,0,0,1,2,0,1,0,1,1,0,1,0,2,1,0,0,1,0,0,0,0,0,0,1,1,1,0,1,2,0,1,1,1,1,0,0,0,1,1,0,1,1,2,0,0,0,0,0,1,0,0,0,0,0,0,0,1,0,0,2,0,0,0,0,1,0,1,0,0,0,1,0,0,1,0,1,0,0,0,0,1,0,0,2,1,0,1,0,0,0,0
HG03294,ESN,AFR,female,NG73,0,0,female,1,2,2,0,0,0,1,0,0,0,0,0,2,0,1,0,1,1,1,0,0,1,0,1,0,0,0,0,0,0,0,0,1,0,1,0,0,2,0,0,0,1,1,0,0,0,1,2,0,0,0,1,0,0,0,0,0,1,0,0,0,1,0,0,0,0,0,0,1,1,0,0,1,2,1,2,0,0,1,2,1,0,1,0,0,0,0,0,0,1,1,0,2,0,0,0,0,0,1,0
HG03295,ESN,AFR,male,NG73,0,0,male,0,1,2,0,0,0,2,0,0,0,0,0,2,0,1,0,2,1,0,1,0,2,1,0,0,1,0,0,1,0,0,0,0,1,1,1,0,0,0,0,0,1,1,0,0,0,2,1,1,0,0,2,0,1,0,0,0,2,1,0,0,0,1,0,0,0,0,0,2,2,0,0,0,1,2,1,0,1,0,1,0,0,1,0,1,0,1,0,0,0,0,1,2,0,0,1,0,0,0,0
HG03297,ESN,AFR,female,NG74,0,0,female,0,2,1,0,0,0,2,0,0,0,0,0,2,0,2,0,1,2,0,1,0,2,0,0,0,0,0,0,0,0,0,0,0,0,1,0,0,2,0,1,0,1,1,0,0,0,1,2,1,0,1,2,0,0,0,0,0,2,0,0,0,0,0,0,0,0,0,0,0,1,0,0,0,2,1,2,0,1,0,2,1,0,0,0,1,0,0,0,0,0,0,0,2,1,1,2,0,0,0,0
HG03298,ESN,AFR,male,NG74,0,0,male,0,1,2,0,0,0,1,0,0,0,0,1,2,0,0,0,1,1,0,1,1,2,0,1,0,0,0,0,0,0,0,0,0,0,1,1,0,2,0,0,2,0,1,0,0,0,1,1,1,0,0,2,0,0,0,0,1,0,0,1,1,0,0,0,0,0,0,0,1,0,0,0,0,1,1,1,0,0,0,2,2,0,1,0,1,0,0,0,0,0,1,0,2,0,0,0,1,1,0,0
HG03300,ESN,AFR,female,NG75,0,0,female,0,1,0,1,0,1,2,0,0,0,0,0,2,1,0,0,1,1,1,1,0,2,0,0,0,0,0,0,0,0,0,0,0,2,0,1,1,2,0,0,1,0,0,0,1,0,1,2,2,0,0,2,0,0,0,0,1,2,0,1,0,0,0,0,0,0,0,0,1,0,0,0,0,1,1,2,0,1,0,1,1,0,1,0,0,0,0,0,0,0,0,0,1,0,0,0,0,0,0,0
HG03301,ESN,AFR,male,NG75,0,0,male,1,1,2,0,0,1,2,0,0,0,0,0,2,0,0,0,1,0,1,0,0,1,0,0,0,0,0,0,0,0,0,0,0,0,0,1,0,1,0,0,1,1,1,0,0,1,1,1,2,0,0,2,0,0,0,0,0,1,0,0,0,1,0,0,0,0,0,0,0,0,0,0,0,2,1,1,0,0,0,1,0,0,2,0,0,0,0,0,0,0,0,0,2,0,0,1,0,0,1,0
HG03303,ESN,AFR,female,NG76,0,0,female,0,2,1,0,0,0,2,0,0,0,0,0,2,0,0,0,0,2,0,1,0,0,0,1,0,0,0,0,0,0,0,0,1,0,2,2,0,2,0,0,2,1,1,0,0,0,2,1,1,0,1,1,0,0,0,0,0,2,0,0,1,0,0,0,0,0,0,0,1,0,0,0,0,0,0,2,0,0,0,2,2,0,1,0,0,0,1,0,0,0,0,0,1,1,0,0,0,1,0,0
HG03304,ESN,AFR,male,NG76,0,0,male,0,2,1,0,1,1,2,0,0,0,0,0,2,0,0,0,1,0,0,1,1,2,0,0,0,1,0,0,0,0,0,0,0,0,1,0,0,2,0,0,0,1,1,0,1,1,1,1,2,0,1,2,0,0,0,0,0,1,0,0,0,0,0,0,0,0,0,0,1,1,0,0,0,2,1,1,0,0,1,2,0,0,0,0,1,0,1,0,0,0,0,0,2,0,0,2,0,0,0,0
HG03311,ESN,AFR,male,NG78,0,0,male,0,0,0,0,0,0,2,0,0,0,0,1,2,1,0,0,2,0,0,1,1,2,0,0,0,1,0,0,0,0,0,0,0,0,2,2,0,1,0,0,1,1,2,0,0,0,1,2,1,0,0,2,0,0,0,0,1,2,0,0,0,0,1,0,0,0,1,0,0,0,0,0,0,2,2,1,0,0,0,0,0,0,1,0,2,0,0,0,0,0,0,0,1,0,0,2,0,0,1,0
HG03313,ESN,AFR,male,NG79,0,0,male,0,1,0,0,0,0,2,0,0,0,0,2,2,0,0,0,2,0,1,0,0,2,0,0,0,0,0,0,0,0,0,0,0,0,2,1,1,2,0,1,0,1,0,0,0,0,1,2,1,0,1,2,0,0,0,0,0,2,0,0,0,0,0,0,2,0,0,0,0,1,0,0,0,0,0,1,0,0,0,0,0,0,1,0,1,0,0,0,0,0,0,0,2,0,0,1,0,0,0,0
HG03342,ESN,AFR,female,NG89,0,0,female,0,2,0,0,0,0,2,0,0,0,0,0,2,0,0,0,2,0,0,2,0,1,0,0,0,0,0,0,0,0,0,1,0,0,0,0,0,2,0,0,0,1,1,0,0,0,1,2,1,0,2,2,0,1,0,0,0,1,0,0,0,0,0,0,0,0,0,0,2,1,0,0,0,2,1,2,0,0,1,2,0,0,2,0,1,0,0,0,0,0,0,0,2,0,0,2,0,0,1,0
HG03343,ESN,AFR,male,NG89,0,0,male,0,2,1,0,0,0,2,0,0,0,0,2,1,0,1,0,2,1,0,1,0,2,0,0,0,0,0,0,0,0,0,0,0,0,1,1,0,2,0,0,0,2,0,0,0,1,1,2,1,1,0,2,0,0,0,0,0,0,0,0,0,0,0,0,0,0,0,0,0,0,0,0,1,2,0,2,0,0,0,0,2,0,2,0,0,0,0,0,0,0,0,0,2,0,0,1,0,0,0,0
HG03351,ESN,AFR,female,NG92,0,0,female,1,2,1,0,0,0,2,0,0,0,0,0,2,0,1,0,1,1,0,0,0,2,0,1,0,0,0,0,0,0,0,0,1,0,1,0,0,2,0,0,1,0,1,0,0,0,0,1,0,0,1,1,0,0,0,0,0,1,0,0,0,1,0,0,1,0,0,0,1,0,0,0,0,2,0,2,0,1,0,0,0,0,2,0,0,0,1,0,0,1,1,0,0,1,0,0,0,0,0,0
HG03352,ESN,AFR,male,NG92,0,0,male,0,2,0,0,0,0,2,0,0,0,1,1,2,1,1,0,2,0,0,1,0,1,0,1,0,0,0,0,0,0,0,0,0,0,0,1,0,2,0,0,0,2,1,0,1,0,2,2,2,1,0,2,0,0,0,0,0,0,0,0,1,0,0,0,0,0,0,0,0,0,0,0,1,2,1,2,0,0,0,0,0,0,1,0,0,0,0,0,0,0,0,0,1,0,0,2,0,1,0,0
HG03354,ESN,AFR,female,NG93,0,0,female,0,2,0,0,0,0,2,0,0,0,0,0,2,0,0,0,1,1,0,2,1,2,0,0,0,0,0,0,0,0,0,0,2,0,1,1,0,2,0,0,0,0,2,0,0,0,2,1,0,0,0,2,0,0,0,0,0,2,0,0,0,1,0,0,1,0,0,1,1,0,0,1,0,2,1,2,0,0,0,2,1,1,1,0,0,0,0,0,0,0,0,0,2,0,0,2,0,1,1,0
HG03363,ESN,AFR,female,NG96,0,0,female,0,2,2,0,0,0,2,1,0,0,0,0,1,0,1,0,0,1,0,1,0,1,0,0,0,0,0,0,0,0,0,0,0,0,1,1,0,1,0,0,1,2,1,0,0,0,1,1,1,0,2,2,0,0,1,1,0,2,0,0,0,1,0,2,0,0,0,0,0,0,0,0,0,2,1,2,0,0,0,1,1,0,2,0,1,0,0,0,0,0,0,0,2,0,0,1,0,0,0,0
HG03366,ESN,AFR,female,NG97,0,0,female,0,2,1,0,0,0,2,0,0,0,0,0,2,0,0,1,2,0,0,1,0,2,0,1,0,0,0,0,0,0,0,0,2,1,1,2,0,1,0,0,1,2,2,0,0,0,1,1,2,0,0,2,0,1,0,1,0,2,0,0,0,0,0,0,0,0,0,0,0,1,0,0,0,2,2,1,0,0,0,2,1,0,1,0,1,0,0,0,0,0,0,0,2,1,0,2,0,1,0,0
HG03367,ESN,AFR,male,NG97,0,0,male,1,1,0,1,0,0,2,0,0,0,0,0,1,0,2,0,1,2,0,0,1,2,0,0,0,0,0,0,0,0,0,1,0,1,1,1,0,1,0,0,2,1,2,0,0,0,2,2,1,0,2,2,0,1,0,0,0,0,0,0,0,0,0,0,0,0,0,0,0,0,0,0,0,0,1,0,0,1,0,0,0,0,2,0,1,0,0,0,0,0,0,0,2,0,0,1,0,0,1,0
HG03369,ESN,AFR,female,NG98,0,0,female,0,2,1,0,0,0,1,0,0,0,0,0,2,1,0,0,2,0,0,2,0,2,0,0,0,0,0,0,1,0,0,0,0,1,1,0,1,2,0,0,1,2,1,0,0,1,1,1,1,0,0,2,0,0,0,0,0,1,0,0,0,0,0,0,0,0,1,0,0,0,0,0,0,1,1,1,0,0,0,1,1,0,1,0,1,0,0,0,0,1,1,1,2,0,0,2,1,0,0,0
HG03370,ESN,AFR,male,NG98,0,0,male,0,2,0,0,0,0,2,0,0,0,0,1,2,1,2,0,1,1,0,1,0,2,1,0,0,1,0,0,0,0,0,1,0,0,0,1,0,2,0,1,1,2,0,0,0,0,0,0,1,0,1,2,0,0,0,0,1,1,0,0,0,1,0,0,0,0,0,0,2,1,0,0,0,2,1,1,0,0,0,2,0,0,1,0,2,0,0,0,0,0,0,0,2,0,0,2,0,1,0,0
HG03372,ESN,AFR,female,NG99,0,0,female,0,2,2,0,0,0,1,0,0,0,0,0,2,0,1,0,1,1,0,0,0,1,0,0,0,0,0,0,0,0,0,1,0,1,0,0,0,2,0,0,1,2,0,0,0,1,2,1,2,0,0,2,0,1,1,0,0,1,0,0,0,1,0,0,0,0,0,0,1,0,0,0,0,1,1,1,0,1,0,1,0,0,1,0,1,0,1,0,0,0,1,0,2,1,0,2,0,1,0,0
HG03376,MSL,AFR,male,SL24,0,0,male,0,1,0,1,0,0,2,0,0,0,0,2,2,1,0,1,1,1,0,2,0,2,0,0,0,0,0,0,1,0,0,0,1,1,1,0,0,2,0,0,2,2,2,0,0,1,2,1,0,0,0,2,0,0,0,0,0,0,0,0,0,0,0,0,0,0,0,0,1,1,1,0,0,2,0,2,0,0,1,2,1,0,1,0,1,0,0,0,0,0,0,0,2,0,0,2,0,1,0,0
HG03378,MSL,AFR,female,HG03378,0,0,female,0,1,1,0,0,1,2,0,0,0,0,0,2,0,0,0,1,1,0,2,0,2,0,0,0,0,0,0,1,0,0,1,0,0,0,1,0,1,0,0,1,2,1,0,0,0,2,0,2,0,1,2,0,0,0,0,0,2,1,0,1,0,0,0,0,0,0,1,2,2,0,0,0,1,0,0,0,0,0,0,2,0,2,0,1,0,0,0,0,0,0,0,2,0,0,2,0,0,0,0
HG03380,MSL,AFR,female,SL25,0,0,female,0,1,0,0,0,0,1,0,0,0,0,0,2,0,1,0,2,1,0,0,0,2,0,0,0,0,0,0,0,0,0,0,0,0,1,0,0,1,0,0,0,2,0,0,0,0,1,1,2,1,1,2,0,0,0,0,0,2,0,0,0,0,0,0,0,0,0,0,1,0,0,0,0,2,1,1,0,0,1,1,1,0,0,0,0,0,0,0,0,0,0,0,2,0,1,2,0,0,0,0
HG03382,MSL,AFR,male,SL26,0,0,male,0,1,1,0,0,1,2,0,0,0,0,1,2,0,0,1,1,2,0,2,1,2,0,1,0,0,0,0,0,0,0,0,0,0,0,0,1,2,0,0,0,1,1,0,0,0,1,2,0,0,1,1,0,0,0,0,0,1,1,0,0,0,0,0,0,0,0,0,2,1,0,1,2,1,1,1,0,0,0,1,2,0,1,0,0,0,0,0,0,0,0,0,1,0,0,2,1,0,0,0
HG03385,MSL,AFR,male,SL27,0,0,male,0,1,1,0,0,0,1,0,0,0,0,1,1,0,2,0,0,1,0,1,0,2,0,0,0,0,0,0,0,0,0,0,1,0,1,0,0,1,0,0,0,1,1,0,0,0,2,2,2,0,0,2,0,0,0,1,1,2,0,1,0,0,0,0,1,0,0,0,2,1,0,0,0,2,0,1,0,0,0,2,0,0,1,0,1,0,1,0,0,1,0,0,2,0,0,1,0,0,1,0
HG03388,MSL,AFR,male,SL28,0,0,male,0,1,0,0,0,0,2,1,0,0,1,1,2,0,1,1,1,0,0,1,0,2,0,1,0,0,0,0,0,0,0,0,0,0,1,0,0,2,0,0,2,0,2,0,0,0,2,1,1,0,2,2,0,1,1,0,0,1,0,0,1,0,0,0,0,0,1,1,1,1,0,0,0,2,1,2,0,0,0,1,1,0,0,0,0,0,0,0,0,0,0,0,2,1,0,2,0,0,0,0
HG03391,MSL,AFR,male,SL29,0,0,male,0,0,0,0,0,1,2,0,0,0,0,1,2,0,1,0,1,0,0,1,1,2,0,1,0,0,0,0,0,0,0,0,0,2,0,0,1,1,0,0,1,0,0,0,0,1,2,1,1,0,0,2,0,0,0,0,0,1,0,0,0,0,0,0,0,0,0,0,0,2,0,0,1,0,1,1,0,1,0,2,1,0,1,0,1,0,1,0,0,0,0,0,2,0,0,1,1,0,0,0
HG03394,MSL,AFR,male,SL30,0,0,male,0,1,1,0,0,1,2,1,0,0,0,1,1,0,0,1,0,0,0,2,0,1,0,0,0,1,0,0,0,0,0,0,1,1,1,1,0,1,0,1,0,1,2,0,2,0,0,2,0,0,1,1,0,0,0,0,0,1,0,0,0,0,1,0,0,0,0,1,2,2,0,0,0,1,0,1,0,0,0,2,1,0,2,0,0,0,0,0,0,0,0,1,2,0,0,0,1,0,0,0
HG03397,MSL,AFR,male,HG03397,0,0,male,0,1,0,1,0,1,2,0,0,0,0,1,2,0,0,0,2,0,0,1,1,2,0,1,0,0,0,0,0,0,0,0,0,2,0,0,2,2,0,0,0,1,2,0,0,0,1,1,1,0,0,2,0,0,0,0,0,2,1,0,0,0,0,0,0,0,1,0,1,0,0,0,0,0,1,1,0,0,1,1,0,0,1,0,2,0,0,0,0,0,0,0,2,0,0,2,0,1,0,0
HG03401,MSL,AFR,female,SL32,0,0,female,0,2,0,1,0,1,2,0,0,0,0,2,2,0,0,1,1,1,0,2,1,2,0,1,0,0,0,0,0,0,0,0,0,0,0,1,0,2,0,0,2,1,1,0,0,0,1,2,0,0,1,2,0,1,0,0,0,1,0,0,0,0,1,0,0,0,0,0,2,1,1,0,0,2,1,1,0,0,1,1,0,0,1,0,0,0,0,0,0,0,1,0,2,0,0,1,0,0,0,0
HG03410,MSL,AFR,female,SL35,0,0,female,0,1,1,0,0,1,2,0,0,0,0,1,2,0,0,1,1,0,1,0,0,1,1,0,0,1,0,0,0,0,0,0,0,2,1,0,0,2,0,0,1,2,2,0,1,0,0,1,0,1,1,1,0,0,0,0,0,0,0,0,0,1,0,0,0,0,0,0,2,1,0,0,0,1,0,1,0,0,0,1,0,0,1,0,1,0,0,0,0,0,0,1,2,0,1,1,0,0,0,0
HG03419,MSL,AFR,female,SL38,0,0,female,0,1,1,1,0,1,2,0,0,0,1,0,2,0,0,1,2,0,0,1,0,2,0,1,0,0,0,0,0,0,1,1,0,0,0,1,0,1,0,0,0,2,1,0,0,0,2,1,2,0,0,2,0,0,0,0,0,0,0,0,0,1,1,0,0,0,0,1,1,1,0,0,0,2,1,2,0,0,0,1,1,0,1,0,2,0,0,0,0,1,0,0,2,0,0,1,1,1,0,0
HG03428,MSL,AFR,female,SL42,0,0,female,0,1,1,1,0,0,2,0,0,0,0,0,2,0,0,0,0,0,0,1,1,2,0,1,0,0,0,0,0,0,0,1,0,2,0,1,0,1,0,1,0,1,2,0,1,0,2,1,1,0,1,1,0,0,0,0,0,0,0,0,0,0,0,0,0,0,1,0,0,0,1,0,0,0,2,1,0,0,0,1,0,0,0,0,1,0,0,0,0,0,0,0,1,0,1,1,0,0,0,0
HG03432,MSL,AFR,male,HG03432,0,0,male,0,2,1,0,0,0,1,0,0,0,0,1,2,0,0,0,2,1,1,1,0,2,0,1,0,0,0,0,0,0,0,0,1,1,2,1,0,2,0,0,2,0,2,0,0,0,2,2,0,0,1,0,0,0,0,0,0,1,0,1,1,0,0,0,0,0,1,1,1,1,0,0,0,1,0,2,0,0,0,2,0,0,0,0,0,0,1,0,0,2,0,0,1,0,0,2,0,0,0,0
HG03433,MSL,AFR,male,HG03433,0,0,male,0,2,0,1,0,0,2,0,0,0,1,2,2,0,1,1,0,0,0,1,0,2,0,1,0,0,0,0,0,0,0,0,0,2,0,1,1,2,0,0,0,0,1,0,0,0,0,1,0,0,0,2,0,0,0,0,0,1,0,0,0,0,1,0,0,0,1,0,0,1,1,0,0,1,1,2,0,1,0,1,0,0,0,0,1,0,0,0,0,1,0,0,2,0,0,1,1,1,0,0
HG03436,MSL,AFR,male,HG03436,0,0,male,0,2,2,0,0,0,2,0,1,0,0,0,2,1,1,1,0,0,0,2,0,1,0,0,0,1,0,0,0,0,0,0,0,0,1,1,0,1,0,0,0,1,1,0,0,0,1,1,1,0,2,2,0,0,1,1,0,0,0,0,0,1,0,0,0,0,0,0,0,0,0,0,0,1,1,2,0,0,1,1,0,0,0,0,1,0,1,0,0,1,0,0,2,0,0,1,0,0,0,0
HG03437,MSL,AFR,female,HG03437,0,0,female,0,2,2,0,0,1,2,0,0,0,0,1,2,0,0,1,1,0,0,1,0,2,0,1,0,0,0,0,0,0,0,0,0,2,1,1,0,2,0,0,0,0,0,0,1,0,2,2,1,0,1,2,0,0,1,0,1,1,0,0,0,0,0,0,0,0,0,0,1,0,0,0,0,1,1,2,0,0,0,1,0,0,1,0,0,0,0,0,0,0,0,0,2,0,0,1,0,0,0,0
HG03439,MSL,AFR,male,SL46,0,0,male,1,0,0,0,0,0,2,0,0,1,0,1,2,0,0,0,2,0,0,2,0,2,0,1,0,0,0,0,0,0,0,0,0,1,0,0,0,2,0,0,1,0,2,0,0,0,2,0,0,0,0,1,0,0,0,0,1,2,0,1,0,0,0,0,0,0,0,0,1,0,0,0,0,2,0,2,0,0,0,1,1,0,1,0,0,0,0,0,0,0,0,0,2,0,0,2,0,1,0,0
HG03442,MSL,AFR,male,HG03442,0,0,male,0,2,1,0,0,1,2,0,0,0,0,0,2,0,0,1,2,1,0,1,0,2,0,0,0,0,0,0,0,0,0,0,0,0,1,2,0,2,0,0,1,0,1,0,0,2,2,1,1,0,0,2,0,0,0,0,0,1,0,0,0,0,0,0,0,0,0,0,1,1,0,0,1,1,1,2,0,0,0,1,0,0,2,0,0,0,0,0,0,0,0,1,2,0,0,2,1,0,0,0
HG03445,MSL,AFR,male,HG03445,0,0,male,0,2,1,1,0,0,2,0,0,0,1,1,2,0,1,0,1,1,0,2,0,2,1,0,0,0,0,0,0,0,0,0,0,0,1,1,0,2,0,1,1,1,1,0,0,0,1,1,1,0,2,1,0,1,0,1,0,2,0,0,1,0,0,0,0,0,0,0,1,1,0,1,0,2,2,1,0,1,0,1,0,0,2,0,1,0,0,0,0,0,0,0,2,1,1,1,0,0,0,0
HG03446,MSL,AFR,female,HG03446,0,0,female,0,2,0,0,0,1,2,0,0,0,0,0,2,0,0,0,1,1,0,2,2,2,0,0,0,0,0,0,0,0,0,0,1,1,0,0,1,2,0,0,0,1,1,0,0,1,2,2,0,0,0,1,0,0,0,0,1,1,1,0,1,0,0,0,0,1,0,0,1,0,0,0,0,2,1,1,0,0,0,1,0,0,1,0,2,0,0,0,0,0,1,1,2,0,0,1,0,0,0,0
HG03449,MSL,AFR,female,SL49,0,0,female,1,0,1,0,0,0,2,0,0,0,0,0,2,0,0,0,2,1,1,0,1,2,0,1,0,0,0,0,0,0,0,0,0,1,0,0,1,2,0,0,0,0,1,0,0,0,2,2,1,0,0,2,0,0,0,1,0,2,0,0,0,0,0,0,0,0,0,0,2,1,0,0,0,2,1,2,0,0,0,1,0,0,1,0,1,0,0,0,0,0,1,0,2,0,1,2,1,0,0,0
HG03451,MSL,AFR,male,SL50,HG03466,0,male,0,1,1,0,0,0,2,0,0,0,0,0,2,0,0,1,2,0,0,0,1,1,0,0,0,0,0,0,0,0,0,0,1,0,1,0,0,2,0,0,0,1,0,0,0,0,1,0,0,0,1,2,0,0,0,1,0,2,0,0,2,0,0,0,0,0,0,0,1,0,0,1,0,2,1,1,0,0,0,1,1,0,2,0,0,0,0,0,0,0,0,0,2,0,0,2,0,0,0,0
HG03452,MSL,AFR,female,SL50,0,0,female,0,2,2,0,0,0,1,0,0,0,0,2,2,0,0,0,1,1,0,2,0,2,0,1,0,0,0,0,0,0,0,0,1,1,1,1,0,2,0,0,1,1,1,0,0,0,2,1,1,1,1,2,0,0,0,0,0,0,0,0,0,0,0,0,0,0,0,0,1,0,0,0,0,1,0,2,0,0,0,2,0,0,0,0,0,0,0,0,0,0,0,0,2,0,0,1,0,0,0,0
HG03455,MSL,AFR,female,SL51,0,0,female,0,2,0,1,0,0,1,0,0,0,0,0,2,0,0,1,1,1,0,2,0,0,0,0,0,0,0,0,0,0,0,0,0,0,2,1,0,2,0,1,1,1,1,0,1,1,2,2,2,0,1,1,0,0,0,0,0,1,0,0,0,1,0,0,0,0,0,0,1,1,0,0,0,1,1,2,0,0,0,1,2,0,0,0,0,0,0,0,0,0,0,0,2,1,0,1,2,0,0,0
HG03457,MSL,AFR,male,HG03457,0,0,male,0,2,0,0,0,0,2,0,0,0,0,0,2,0,0,0,1,1,0,2,0,2,0,2,0,0,0,0,0,0,1,0,0,1,0,0,1,2,0,0,0,1,2,0,2,0,1,0,1,0,1,0,0,0,0,0,0,1,0,0,0,1,0,0,0,0,1,0,0,1,1,0,0,1,2,2,0,0,0,2,1,0,1,0,2,0,0,0,0,0,0,0,2,0,1,2,0,0,0,0
HG03458,MSL,AFR,female,SL52,0,0,female,0,1,1,0,0,0,1,0,0,1,0,0,2,1,0,0,0,0,0,2,1,2,0,0,0,0,0,0,0,0,0,0,0,1,1,0,0,1,0,0,2,0,2,0,0,0,0,1,0,0,1,2,0,0,0,1,0,2,0,0,0,0,1,0,0,0,1,0,1,1,0,0,0,1,1,0,0,0,0,2,1,0,0,0,1,0,0,0,0,0,0,0,1,0,0,1,0,1,1,0
HG03460,MSL,AFR,male,HG03460,0,0,male,0,2,0,0,0,1,1,0,0,0,1,1,2,0,0,0,2,0,0,1,0,2,1,0,0,1,0,0,0,0,0,1,0,0,0,0,0,2,0,0,0,2,1,0,0,0,1,2,2,0,0,0,0,0,0,0,0,0,0,0,0,0,1,0,0,0,0,0,0,0,0,0,0,1,2,1,0,0,1,1,0,0,1,0,0,0,0,0,0,1,0,0,1,0,0,0,0,0,0,0
HG03461,MSL,AFR,female,HG03461,0,0,female,0,1,0,1,0,1,1,0,0,0,0,1,2,0,1,0,0,0,1,0,0,2,0,0,0,0,0,0,0,0,0,2,0,0,0,1,1,0,0,0,0,2,1,0,0,0,2,2,1,0,0,1,0,0,0,0,1,1,0,0,0,0,0,0,0,0,0,0,2,2,0,0,1,2,0,2,0,0,1,0,1,0,2,0,0,0,1,0,0,0,0,0,1,0,1,2,0,0,0,0
HG03464,MSL,AFR,female,SL54,0,0,female,0,2,1,0,0,0,2,0,0,0,0,1,2,1,0,0,1,0,0,0,0,2,0,0,0,0,0,0,0,0,0,0,1,0,0,0,0,2,0,0,1,1,1,0,1,0,1,2,1,0,0,2,0,0,0,0,0,0,0,0,0,0,0,0,0,0,0,0,1,0,0,0,0,2,2,2,0,0,0,0,1,0,0,0,1,0,0,0,0,0,0,0,2,0,0,1,0,0,0,0
HG03469,MSL,AFR,male,SL56i,0,0,male,0,2,1,0,0,0,2,0,0,0,0,0,1,0,0,0,0,1,0,2,0,2,0,1,0,0,0,0,0,0,0,0,1,1,0,1,0,2,0,0,0,1,2,0,1,0,1,2,0,0,0,2,0,0,0,0,0,1,0,0,0,0,0,0,0,0,0,0,0,0,0,0,0,1,1,1,0,1,1,2,0,0,1,0,0,0,0,0,0,0,0,1,2,0,0,2,0,0,1,0
HG03470,MSL,AFR,female,SL56,0,0,female,0,2,0,1,0,1,2,0,0,1,0,0,2,0,1,0,1,1,0,0,1,2,0,1,0,0,0,0,0,0,0,0,1,1,0,0,0,2,0,0,0,1,2,0,0,0,2,1,0,0,1,2,0,0,0,0,0,1,0,1,0,0,0,0,0,0,1,0,1,1,0,0,0,2,2,2,0,1,0,0,0,0,1,0,0,0,0,0,0,0,0,0,2,0,1,1,0,0,0,0
HG03472,MSL,AFR,male,HG03472,0,0,male,1,0,1,0,0,1,2,0,0,0,0,0,2,0,0,0,0,0,0,1,0,2,0,0,0,0,0,0,0,0,0,0,0,0,1,0,0,2,0,0,1,2,1,0,0,0,0,2,0,0,0,2,0,0,1,1,0,2,0,0,0,0,0,0,1,0,0,0,1,0,0,0,0,2,0,2,0,0,1,1,0,0,1,0,0,0,1,0,0,1,0,0,2,0,0,2,0,0,0,0
HG03473,MSL,AFR,female,SL57,0,0,female,0,2,0,0,0,1,2,0,0,1,1,1,2,0,1,1,2,0,0,1,1,1,0,1,0,0,0,0,0,0,0,0,0,1,1,2,0,2,0,1,0,1,1,0,0,0,2,2,1,0,1,2,0,0,0,0,0,2,1,0,0,0,0,0,1,0,0,0,1,0,0,0,0,1,0,1,0,0,1,1,2,0,2,0,0,0,0,0,0,0,0,1,2,0,0,1,0,0,0,0
HG03476,MSL,AFR,female,SL58,0,0,female,0,1,0,0,0,1,2,0,0,0,0,1,2,0,0,0,0,1,0,1,1,1,0,0,0,0,0,0,0,0,0,0,0,0,0,1,0,2,0,0,0,1,1,0,0,0,1,2,0,0,0,1,0,0,0,0,0,2,0,0,1,0,0,0,0,0,0,0,1,1,0,0,1,2,0,1,0,0,0,1,1,0,0,0,0,0,0,0,0,0,0,0,1,0,0,0,1,0,1,0
HG03478,MSL,AFR,male,SL59,0,0,male,0,2,1,1,0,0,2,0,0,0,0,0,2,0,0,0,1,0,0,1,1,2,0,1,0,0,0,0,0,0,0,1,1,0,1,1,0,1,0,0,0,1,1,0,0,0,1,2,1,0,0,1,0,0,0,0,0,1,0,0,1,0,1,0,1,0,0,0,1,0,0,0,0,0,2,1,0,0,0,2,1,0,2,0,0,0,0,0,0,0,0,0,2,0,0,2,0,0,0,0
HG03479,MSL,AFR,female,SL59,0,0,female,0,2,1,1,0,1,1,0,0,1,0,1,2,0,0,0,1,1,0,1,0,1,0,1,0,0,0,0,0,0,0,0,0,1,0,0,0,0,0,0,0,1,1,0,0,0,1,2,0,0,2,2,0,0,0,0,0,1,1,0,0,1,0,0,0,1,0,0,1,1,1,0,0,2,2,0,0,0,0,1,1,0,1,0,0,0,0,0,0,0,1,0,2,0,0,1,0,1,0,0
HG03484,MSL,AFR,male,SL61,0,0,male,0,1,1,0,0,0,2,0,0,0,0,0,1,0,1,0,2,0,0,0,1,2,0,1,0,0,0,0,0,0,0,0,0,0,0,1,0,2,0,0,0,2,0,0,0,1,2,2,1,0,0,2,0,0,0,1,0,0,0,0,0,1,1,0,0,0,0,0,1,1,0,0,0,2,0,2,0,0,0,0,0,0,0,0,2,0,0,0,0,0,1,0,2,1,0,1,1,0,0,0
HG03485,MSL,AFR,female,SL61,0,0,female,0,1,1,0,0,0,2,0,0,0,1,0,2,0,0,0,1,2,0,1,0,0,0,0,0,1,0,0,0,0,0,1,1,1,0,1,1,2,0,0,1,2,1,0,1,0,2,1,0,0,2,2,0,1,0,0,1,2,0,0,0,0,0,0,0,0,0,0,1,0,0,0,0,2,0,0,0,0,1,1,1,0,1,0,0,0,0,0,0,0,0,0,2,1,0,1,0,0,0,0
HG03488,PJL,SAS,female,PK42,0,0,female,0,1,1,0,0,0,2,0,0,0,0,0,1,0,0,0,2,1,0,1,0,2,0,0,0,0,1,0,0,0,0,0,0,2,1,0,0,0,0,0,0,0,1,0,0,0,2,2,0,0,0,2,0,0,0,0,0,0,0,0,1,0,0,0,1,0,0,2,2,2,0,0,0,0,0,0,0,1,0,1,0,0,0,0,0,0,0,0,0,1,0,0,2,0,0,2,0,0,0,0
HG03490,PJL,SAS,male,PK43,0,0,male,0,0,0,0,0,0,2,0,0,0,0,0,2,2,0,0,1,0,0,0,1,2,0,0,0,0,1,0,0,0,1,0,0,0,1,1,0,0,0,0,0,0,1,0,2,0,2,2,0,0,1,2,0,0,0,0,0,0,0,0,2,0,0,1,0,0,0,2,2,1,0,0,0,0,1,1,0,0,0,1,0,0,0,0,0,0,1,0,0,1,0,0,2,0,0,1,0,0,1,0
HG03491,PJL,SAS,female,PK43,0,0,female,0,2,2,0,0,1,2,0,1,0,0,1,2,2,0,0,2,0,0,0,0,2,0,0,0,0,1,0,0,0,1,0,0,2,0,0,0,0,0,0,0,0,1,0,0,0,0,0,0,0,1,2,0,0,0,0,0,1,0,0,1,0,0,0,0,0,0,1,1,2,0,0,0,1,1,2,0,1,0,2,0,0,0,0,1,0,2,0,0,1,0,0,2,0,0,2,0,0,0,0
HG03499,ESN,AFR,female,NG102,0,0,female,0,2,1,0,0,1,1,0,0,0,0,0,2,0,0,0,2,0,1,1,0,1,0,1,0,0,0,0,0,0,0,0,0,1,0,0,0,1,0,0,1,1,2,0,1,1,1,2,0,0,1,2,0,0,1,0,1,1,0,1,0,1,0,0,0,0,0,0,1,1,0,0,0,0,0,1,0,0,0,0,1,0,1,0,0,0,0,0,0,0,0,0,2,0,0,2,0,0,0,0
HG03511,ESN,AFR,female,NG106,0,0,female,0,2,1,0,0,1,2,0,0,0,1,1,2,0,1,1,2,1,0,0,0,2,0,1,0,0,0,0,0,0,0,0,0,0,2,0,0,2,0,0,0,1,1,0,0,0,0,2,1,1,0,2,0,0,0,0,0,1,0,0,1,0,0,0,0,0,0,0,2,0,1,1,0,1,1,1,0,0,0,2,1,0,0,0,1,0,0,0,0,0,1,0,2,0,0,1,0,1,0,0
HG03514,ESN,AFR,female,NG107,0,0,female,0,2,0,0,0,1,2,0,0,0,0,0,2,0,0,2,1,2,0,0,0,2,0,1,0,0,0,0,0,0,0,0,0,1,0,0,0,1,0,0,1,1,2,0,0,0,1,2,2,0,1,1,0,0,0,0,0,0,0,0,0,1,0,1,0,0,0,0,1,1,0,0,0,1,1,1,0,0,0,1,0,0,1,0,1,0,0,0,0,1,0,1,2,0,0,2,0,1,0,0
HG03515,ESN,AFR,male,NG107,0,0,male,1,0,0,0,0,0,2,0,0,0,0,0,2,0,0,1,1,0,0,1,0,2,0,0,0,0,0,0,0,0,0,1,0,0,0,1,1,2,0,0,0,1,1,0,1,1,0,0,1,0,0,2,0,0,0,0,0,0,0,0,0,0,0,0,0,0,0,0,1,2,0,0,0,1,1,0,0,0,0,0,0,0,0,0,0,0,0,0,0,0,0,0,2,0,0,2,0,1,0,0
HG03517,ESN,AFR,female,NG108,0,0,female,0,2,1,0,0,0,2,0,0,0,0,2,2,0,0,0,2,0,1,1,0,2,0,0,0,0,0,0,0,0,0,1,0,0,0,0,0,1,0,0,0,1,1,0,1,0,1,2,0,0,0,2,0,0,0,0,0,1,0,0,0,0,0,0,0,0,0,0,0,0,0,0,0,2,1,2,0,0,0,2,0,0,1,0,1,0,0,0,0,0,0,0,2,0,0,2,0,0,0,0
HG03518,ESN,AFR,male,NG108,0,0,male,0,2,0,0,0,1,2,1,0,0,0,0,2,0,0,0,2,1,0,2,0,2,1,1,0,0,0,0,0,0,0,2,0,0,1,0,0,2,0,1,2,1,1,0,0,0,1,1,1,0,1,1,0,0,0,0,0,1,0,0,0,0,0,0,0,0,0,0,0,0,0,0,0,2,1,2,0,1,0,1,0,0,1,0,1,0,0,0,0,0,0,0,2,0,0,0,0,0,0,0
HG03520,ESN,AFR,female,NG109,0,0,female,0,2,2,1,0,0,2,0,0,0,0,1,2,0,0,0,0,0,0,0,0,1,0,0,0,0,0,0,0,0,0,0,0,0,1,1,1,2,0,0,0,2,0,0,0,0,2,1,1,1,0,2,0,0,0,0,0,1,1,0,0,0,0,0,0,0,0,0,0,0,0,1,0,2,1,2,0,0,0,2,1,0,2,0,0,0,0,0,0,0,0,0,2,0,0,1,0,1,0,0
HG03521,ESN,AFR,male,NG109,0,0,male,0,1,0,0,0,0,2,0,0,0,0,0,2,1,1,0,1,0,0,1,1,2,0,1,0,0,0,0,0,0,0,0,0,1,0,1,0,2,0,0,0,1,1,0,0,1,1,1,0,0,1,1,0,0,0,1,0,2,0,0,0,0,0,0,0,1,0,0,1,0,0,1,0,1,1,2,0,0,0,1,1,0,0,0,0,0,0,0,0,0,0,0,2,0,0,1,0,0,0,0
HG03538,GWD,AFR,male,GB125,0,0,male,0,2,2,1,0,0,2,0,0,0,0,2,2,0,0,1,0,0,0,0,1,2,0,0,0,0,0,0,0,0,0,0,0,1,1,1,0,2,0,0,1,0,2,0,0,0,1,2,0,0,0,2,0,0,0,1,0,2,0,0,0,0,0,0,1,0,1,0,1,0,0,0,0,2,2,2,0,0,0,1,0,0,1,0,0,0,0,0,0,1,0,1,1,0,0,2,1,0,0,0
HG03539,GWD,AFR,female,GB125,0,0,female,0,2,2,0,0,1,2,0,0,0,0,1,2,0,0,0,1,2,0,0,0,2,0,0,0,0,0,0,0,0,0,0,1,1,2,1,0,2,0,0,0,1,0,0,0,0,1,1,1,0,0,2,0,0,0,1,0,1,0,0,1,0,0,0,0,0,0,0,1,0,1,0,0,2,0,0,0,0,0,2,1,0,1,0,0,0,0,0,0,0,0,0,2,0,0,2,1,0,0,0
HG03547,MSL,AFR,male,HG03547,0,0,male,0,2,0,0,0,0,2,0,0,0,0,0,2,0,0,0,1,1,0,2,0,2,0,0,0,0,0,0,0,0,0,0,1,1,0,1,0,2,0,1,1,0,2,0,0,0,2,2,1,0,2,1,0,0,0,0,0,1,0,0,0,0,0,0,1,0,1,0,0,0,0,0,0,2,0,2,0,0,0,1,0,0,2,0,1,0,0,0,0,0,0,0,2,0,0,1,0,0,0,0
HG03548,MSL,AFR,female,HG03548,0,0,female,0,0,0,0,0,2,2,0,0,0,0,2,2,0,0,0,2,0,0,1,0,2,1,1,0,1,0,0,0,0,0,0,1,2,0,0,0,2,0,1,1,0,1,0,0,0,1,1,2,0,1,1,0,1,0,0,0,1,0,1,0,0,1,0,0,1,0,1,1,1,0,0,0,2,0,0,0,0,0,1,2,0,2,0,0,0,0,0,0,0,0,0,2,0,0,2,0,0,0,0
HG03556,MSL,AFR,male,HG03556,0,0,male,0,2,1,0,0,0,2,0,0,0,0,0,1,0,0,1,2,1,0,2,1,2,0,1,0,0,0,0,0,0,0,0,1,0,0,0,0,1,0,0,2,0,2,0,0,0,2,2,0,0,0,2,0,1,0,0,0,1,1,0,0,1,0,0,0,0,0,0,1,1,0,0,1,2,2,1,0,1,0,2,0,0,1,0,1,0,0,0,0,0,0,0,2,1,0,2,0,0,0,0
HG03557,MSL,AFR,female,HG03557,0,0,female,1,0,1,1,0,0,2,0,0,0,0,0,2,0,0,0,0,1,0,1,1,2,0,0,0,0,0,0,0,0,0,0,0,0,0,0,0,0,0,0,1,1,1,0,0,0,1,2,1,0,1,2,0,0,0,0,0,2,0,0,0,1,0,0,0,0,0,0,1,0,0,0,0,0,0,0,0,0,1,0,0,0,0,0,1,0,0,0,0,0,0,0,2,0,0,1,0,0,0,0
HG03558,MSL,AFR,female,HG03558,0,0,female,0,2,1,0,0,0,1,0,0,0,0,0,2,0,0,0,0,0,0,1,1,1,1,1,0,0,0,0,0,0,0,0,0,1,1,0,1,1,0,1,1,1,1,0,0,0,1,2,0,0,1,2,0,0,0,0,0,1,0,0,1,1,0,0,0,0,0,0,2,2,0,1,0,0,1,1,0,0,0,1,1,0,2,0,1,0,0,0,0,0,0,1,2,0,0,1,0,0,0,0
HG03559,MSL,AFR,male,SL66,0,0,male,0,1,1,0,0,0,2,0,0,0,0,1,2,0,0,0,1,1,0,1,0,2,0,1,0,0,0,0,1,0,0,1,0,1,1,0,0,2,0,0,2,2,1,0,0,0,2,2,0,0,0,2,0,0,0,0,0,2,0,1,0,0,0,0,0,1,0,0,1,0,0,0,0,1,1,1,0,0,0,2,1,0,1,0,0,0,0,0,0,0,0,0,2,0,0,1,0,0,0,0
HG03563,MSL,AFR,female,SL67,0,0,female,0,2,2,0,0,0,2,0,0,0,0,1,2,0,0,0,0,0,0,2,0,2,0,1,0,0,0,0,1,0,0,0,0,0,1,1,0,2,0,0,1,0,2,0,1,0,1,2,2,0,1,2,0,1,0,0,0,1,0,0,0,0,0,0,0,0,0,0,0,0,0,0,0,1,1,2,0,0,0,1,1,0,2,0,0,0,0,0,0,1,0,0,2,0,0,1,1,0,1,0
HG03565,MSL,AFR,male,HG03565,0,0,male,1,1,1,0,0,0,2,1,0,0,0,2,2,1,2,1,2,1,1,0,1,2,0,0,0,0,0,0,0,0,0,1,0,2,0,0,1,2,0,0,2,2,2,0,0,0,1,2,0,2,0,1,0,0,0,0,0,1,0,0,0,0,1,0,0,0,0,0,1,1,0,0,0,0,2,0,0,0,0,1,2,0,0,0,1,0,0,0,0,0,0,0,2,0,0,0,0,0,1,0
HG03567,MSL,AFR,female,HG03567,0,0,female,0,0,1,1,0,0,1,0,0,0,0,0,2,0,0,0,2,1,0,0,0,2,0,0,0,0,0,0,0,0,0,0,0,1,1,1,0,2,0,0,0,0,2,0,0,0,1,2,1,0,0,1,0,0,0,0,0,2,0,0,0,0,0,0,2,0,0,0,1,0,0,0,0,1,1,2,0,1,0,2,1,0,0,0,0,0,0,0,0,0,0,0,2,1,0,1,1,1,0,0
HG03571,MSL,AFR,male,SL70,0,0,male,0,1,1,0,0,0,2,0,0,1,0,0,2,0,0,1,2,0,0,1,0,1,0,1,0,0,0,0,0,0,0,0,1,1,0,0,0,2,0,0,1,1,1,0,0,0,1,2,1,0,1,2,0,1,0,1,0,1,0,0,0,1,0,0,0,1,0,0,1,0,0,0,0,1,2,1,0,0,0,2,0,0,1,0,1,0,0,0,0,0,0,0,2,1,0,1,0,1,0,0
HG03572,MSL,AFR,female,SL70,0,0,female,0,1,0,1,0,1,2,0,0,0,0,0,2,0,1,0,1,0,0,2,0,2,0,1,0,0,0,0,0,0,0,0,0,2,0,0,1,2,0,0,0,1,2,0,0,1,2,2,1,0,0,2,0,0,1,1,0,2,0,0,0,0,0,0,1,0,0,0,1,2,0,0,0,2,2,2,0,0,1,1,1,0,0,0,1,0,0,0,0,0,0,1,2,1,0,1,1,2,0,0
HG03577,MSL,AFR,male,SL72,0,0,male,0,1,0,0,0,0,2,0,0,0,1,2,2,0,1,0,2,0,0,1,1,2,0,0,0,0,0,0,0,0,0,0,0,1,0,0,0,2,0,0,1,0,2,0,0,1,1,2,2,0,1,2,0,0,0,0,0,1,2,1,0,0,0,0,0,0,0,0,0,1,0,0,0,0,0,2,0,0,0,2,0,1,2,0,1,0,1,0,0,0,1,1,2,0,0,2,0,1,0,0
HG03578,MSL,AFR,female,SL72,0,0,female,0,1,0,1,0,0,2,0,0,1,1,1,2,0,1,2,0,1,0,1,0,1,1,0,0,0,0,0,0,0,0,0,0,0,0,0,0,2,0,0,1,0,1,0,0,0,2,2,0,1,1,1,0,0,0,0,0,0,0,0,0,1,0,0,0,0,0,0,1,1,0,0,0,0,1,2,0,0,1,2,0,0,1,0,0,0,0,0,0,0,1,0,0,0,0,2,0,0,0,0
HG03583,MSL,AFR,female,SL73,0,0,female,0,0,0,1,0,1,2,0,0,1,1,1,2,0,1,1,1,0,0,2,0,2,0,1,0,0,0,0,0,0,0,0,1,1,0,0,0,0,0,0,1,1,0,0,0,0,1,1,1,0,0,2,0,0,0,0,0,1,0,0,0,0,0,0,0,0,0,0,1,1,0,0,0,2,1,2,0,0,1,1,1,0,2,0,0,0,0,0,0,0,0,0,1,0,0,2,0,0,0,0
HG03585,BEB,SAS,male,BD4,0,0,male,0,2,2,0,0,0,2,0,0,0,1,0,1,0,0,0,1,1,0,0,1,2,0,0,0,0,0,0,0,0,0,0,0,0,1,0,0,0,0,0,2,0,1,0,1,0,1,1,0,0,0,2,1,0,0,0,0,1,0,0,1,0,0,0,0,0,0,2,1,2,0,0,0,1,0,1,0,0,0,2,0,1,1,0,1,1,1,0,0,1,0,0,2,0,0,2,0,0,0,0
HG03589,BEB,SAS,female,BD05,0,0,female,0,1,2,0,0,0,2,0,1,0,0,1,2,0,0,0,2,0,0,0,0,2,0,0,0,0,1,0,1,0,0,0,0,1,1,0,0,0,0,0,0,0,1,0,1,0,0,1,0,0,0,2,1,0,0,0,0,1,0,0,2,0,0,0,0,0,0,2,0,1,0,0,0,1,1,1,0,1,0,1,0,0,0,0,0,0,1,0,0,0,0,0,2,0,0,2,0,0,0,0
HG03593,BEB,SAS,male,BD6,0,0,male,0,1,1,0,0,0,2,0,0,0,1,0,2,0,0,0,2,1,0,0,0,2,0,0,0,0,0,0,0,0,0,0,0,0,0,0,0,0,0,0,1,1,1,0,0,0,1,1,0,0,0,1,0,0,0,0,0,1,0,0,2,0,0,0,0,0,0,0,0,0,0,0,0,1,1,1,0,2,0,2,0,1,0,0,0,0,0,0,0,0,0,0,2,0,0,2,0,0,0,0
HG03594,BEB,SAS,male,BD7,0,0,male,0,2,1,0,0,0,2,0,1,0,0,1,2,0,0,0,2,0,0,0,0,2,0,0,0,0,1,0,0,0,0,0,0,0,1,0,0,0,0,0,0,0,0,0,0,0,1,1,0,0,0,2,0,0,0,0,0,1,0,0,1,0,0,0,0,0,0,2,2,2,0,0,0,1,0,2,0,1,0,2,0,0,1,0,0,0,0,0,0,1,0,0,2,0,0,1,0,0,0,0
HG03595,BEB,SAS,female,BD7,0,0,female,0,1,1,0,0,1,2,0,0,0,0,1,2,0,0,0,2,1,0,1,0,2,0,0,0,0,0,0,0,0,0,0,0,0,0,0,0,0,0,0,0,0,1,0,0,0,1,1,0,0,0,2,0,0,0,0,0,0,0,0,1,0,0,1,0,0,0,2,1,2,0,0,0,0,2,2,0,1,0,2,0,0,0,0,0,1,0,0,0,2,0,0,2,0,0,1,0,0,0,1
HG03598,BEB,SAS,female,BD8,0,0,female,0,1,0,0,0,0,2,0,0,0,0,1,1,0,0,0,2,0,0,0,1,2,0,0,0,0,2,0,0,0,0,0,0,0,1,0,0,0,0,0,0,0,0,0,0,0,1,2,0,0,1,2,0,0,0,0,0,0,0,0,2,0,0,0,0,0,0,1,2,2,0,0,0,1,0,1,0,0,0,2,0,1,1,0,0,0,1,0,0,1,0,0,2,0,0,0,0,0,0,0
HG03600,BEB,SAS,male,BD09,0,0,male,0,1,1,0,0,0,2,0,1,0,0,1,2,0,0,0,2,1,0,1,0,2,0,0,0,0,0,0,0,0,0,0,0,0,0,0,0,0,0,0,2,0,2,0,1,0,1,1,0,0,0,2,0,0,1,1,1,0,0,0,1,0,0,1,1,0,0,1,2,2,0,0,0,2,1,0,0,1,0,1,0,1,0,1,0,0,0,0,0,0,0,0,2,0,0,2,0,0,0,0
HG03603,BEB,SAS,male,BD10,0,0,male,0,2,0,0,0,0,2,0,1,0,1,0,2,0,0,0,1,0,0,1,0,2,0,1,1,0,0,0,0,0,0,0,0,1,0,0,0,1,0,0,2,0,1,0,0,0,2,1,0,0,0,2,0,0,0,0,0,0,0,0,1,0,0,0,1,0,0,2,1,2,0,0,0,1,1,1,0,1,0,1,0,0,0,0,1,0,0,0,1,0,0,0,2,0,0,1,0,0,0,0
HG03604,BEB,SAS,female,BD10,0,0,female,0,1,1,0,0,0,2,0,0,0,0,2,2,1,0,0,2,0,0,0,0,2,0,0,0,0,0,0,0,0,0,0,0,0,1,0,0,1,0,0,0,0,1,0,1,0,2,2,0,0,0,1,0,0,0,0,1,1,0,0,2,0,0,1,0,0,0,1,1,1,0,0,0,1,1,1,0,1,0,2,0,0,0,0,0,0,1,0,0,1,0,0,2,0,0,1,0,0,0,0
HG03607,BEB,SAS,female,BD11,0,0,female,0,0,0,0,0,1,2,0,0,0,0,0,2,0,0,0,1,0,0,0,0,2,0,0,0,0,1,0,0,0,0,0,0,0,0,0,0,0,0,0,1,0,1,0,1,0,1,2,0,0,1,2,0,0,0,0,0,2,0,0,1,0,0,1,0,0,0,0,1,1,0,0,0,2,2,0,0,0,0,2,0,0,0,0,0,0,1,0,1,2,0,0,2,0,0,1,0,0,0,0
HG03611,BEB,SAS,female,BD12,0,0,female,0,1,1,0,0,1,2,0,0,0,0,2,2,0,0,0,2,0,0,0,0,2,0,0,0,0,0,0,0,0,1,0,0,1,1,0,0,0,0,0,0,0,1,0,2,0,0,1,0,0,1,2,1,0,0,1,0,1,0,0,0,0,0,0,0,0,0,1,1,2,0,0,0,2,1,2,0,1,0,1,0,0,1,0,0,0,0,0,0,0,0,0,2,0,0,2,0,0,0,0
HG03615,BEB,SAS,male,BD14,0,0,male,0,2,0,0,0,0,2,0,1,0,0,0,2,0,0,0,2,2,0,1,0,2,0,0,0,0,2,0,0,0,0,0,0,0,0,0,0,0,0,0,1,0,1,0,0,0,1,2,1,0,1,2,0,0,0,0,0,0,0,0,1,0,0,0,0,0,0,1,1,0,0,0,0,2,1,1,0,1,0,1,0,1,1,0,0,0,0,0,0,0,0,0,2,0,0,1,0,0,0,0
HG03616,BEB,SAS,female,BD14,0,0,female,0,2,2,0,0,0,2,0,0,0,0,0,2,0,0,0,2,0,0,0,0,2,0,1,1,0,1,0,0,0,0,0,0,0,1,1,0,0,0,0,0,0,1,0,0,0,2,1,0,0,1,1,1,0,0,0,0,0,0,0,2,0,0,1,0,0,0,0,1,2,0,0,0,2,1,2,0,1,0,1,0,0,0,0,0,0,1,0,0,0,0,0,2,0,0,2,0,0,0,0
HG03619,PJL,SAS,female,PK44,0,0,female,0,0,0,0,0,0,2,0,0,0,1,1,2,0,0,0,2,0,0,1,0,2,0,0,0,0,0,0,0,0,0,0,0,1,0,0,0,0,0,0,0,0,0,0,1,0,0,1,0,0,0,2,0,0,0,0,0,2,0,0,2,0,0,0,0,0,0,0,1,1,0,0,0,1,2,1,0,1,0,1,0,0,0,0,0,0,0,1,0,1,0,0,2,0,0,2,0,0,0,0
HG03624,PJL,SAS,male,PK46,0,0,male,0,1,1,0,0,0,2,0,0,0,1,1,2,0,2,0,1,0,0,1,0,2,0,0,0,0,0,0,0,0,2,0,0,0,0,0,0,0,0,0,0,0,0,0,0,0,0,1,2,0,0,2,0,0,0,0,0,0,0,0,0,0,0,0,0,0,0,0,2,2,0,0,0,2,1,2,0,0,0,2,0,1,0,0,0,0,1,0,1,0,0,0,1,0,0,1,0,0,1,0
HG03625,PJL,SAS,female,PK46,0,0,female,0,1,1,0,0,0,2,0,1,0,0,2,2,0,0,0,2,1,0,1,0,2,0,0,0,0,1,0,0,0,1,0,0,1,0,0,0,0,0,0,0,0,1,0,1,0,0,1,1,0,1,2,1,0,0,0,0,0,0,0,1,0,0,0,0,0,0,1,1,1,0,0,0,1,1,0,0,0,0,2,0,1,0,0,0,0,2,0,0,1,0,0,2,0,0,2,1,0,0,0
HG03629,PJL,SAS,male,PK47,0,0,male,0,2,0,0,0,0,2,0,1,0,1,0,2,2,0,0,2,1,0,0,0,2,0,0,0,0,2,0,0,0,0,0,0,0,0,0,0,0,0,0,1,0,1,0,0,0,2,2,1,0,0,2,0,0,0,0,0,1,0,0,1,0,0,0,0,0,0,1,1,2,0,0,0,0,1,1,0,0,0,2,0,2,0,0,1,1,1,0,1,0,0,0,2,0,0,1,0,0,0,0
HG03631,PJL,SAS,female,PK48,0,0,female,0,0,0,0,0,1,2,0,0,0,0,0,2,1,0,0,1,0,0,0,0,2,0,0,0,0,1,0,0,0,0,0,0,1,0,0,0,1,0,0,0,0,1,0,0,0,0,2,0,0,0,2,0,0,0,1,0,1,0,0,2,0,0,1,1,0,0,2,2,2,0,0,0,1,0,1,0,1,0,2,0,1,0,0,0,0,0,0,0,1,0,0,1,0,0,2,0,0,0,0
HG03634,PJL,SAS,female,PK49,0,0,female,0,1,1,0,0,0,2,0,1,0,0,0,2,0,0,0,2,0,1,0,1,2,0,0,0,0,0,0,0,0,0,0,0,0,0,1,0,1,1,0,1,0,1,0,0,0,1,1,0,1,0,2,0,0,0,1,0,0,0,0,2,0,0,0,1,0,0,0,1,1,0,0,0,2,1,2,1,2,0,2,0,0,1,0,0,0,1,0,0,0,0,0,2,0,0,2,0,0,0,0
HG03636,PJL,SAS,male,PK50,0,0,male,0,1,1,0,0,0,2,0,0,0,0,0,2,1,0,0,2,0,0,1,0,2,0,0,0,0,0,0,0,0,0,0,0,0,1,0,0,0,0,0,1,0,1,0,0,0,1,2,0,0,0,2,0,0,0,0,0,0,0,0,2,0,0,0,0,0,0,2,0,2,0,0,0,0,0,0,0,0,0,2,0,0,0,0,0,0,1,1,1,1,0,0,2,0,0,1,0,0,0,0
HG03640,PJL,SAS,female,PK51,0,0,female,0,0,0,0,0,0,2,0,1,0,0,1,2,2,0,0,0,0,0,0,0,2,0,0,0,0,1,0,0,0,0,0,0,0,0,1,0,0,0,0,1,0,1,0,0,0,0,2,0,0,0,2,2,0,0,0,0,0,0,0,2,0,0,0,1,0,0,0,1,1,0,0,0,1,1,0,0,1,0,1,0,0,0,0,0,0,0,0,0,0,0,0,2,0,0,2,0,0,0,0
HG03642,STU,SAS,female,ST006,0,0,female,0,0,2,0,0,0,2,0,0,0,0,1,2,2,0,0,2,1,0,1,0,2,0,1,1,0,1,0,0,0,0,0,1,1,1,0,0,0,0,0,1,1,0,0,0,0,2,1,0,0,0,1,0,0,0,0,0,2,0,0,1,0,0,0,0,0,0,1,2,2,0,0,0,0,0,2,0,0,0,1,0,0,1,0,0,0,1,0,0,0,0,0,2,0,0,2,0,0,0,0
HG03643,STU,SAS,female,ST004,0,0,female,0,1,0,0,0,0,2,0,1,0,0,2,2,0,0,0,2,0,0,0,1,2,0,0,0,0,0,0,1,1,1,0,0,0,0,0,0,0,0,0,0,1,2,0,0,0,2,2,1,0,0,2,0,0,0,0,0,1,0,0,1,0,0,0,0,0,0,0,2,1,0,0,0,1,1,2,0,2,0,1,0,0,0,0,0,0,1,0,0,0,0,0,2,0,0,2,0,0,0,0
HG03644,STU,SAS,male,ST004,0,0,male,0,1,0,0,0,0,2,0,0,0,0,0,2,0,0,0,2,0,0,0,0,2,0,1,1,0,2,0,0,0,1,0,0,1,0,0,0,0,0,0,1,1,0,0,0,0,0,2,0,0,1,2,0,0,0,0,0,1,0,0,2,0,0,0,0,0,0,0,2,2,0,0,0,2,1,1,0,1,0,0,0,0,1,0,0,0,0,0,0,0,0,0,2,0,0,2,0,0,0,0
HG03645,STU,SAS,female,ST002,0,0,female,0,1,1,0,0,0,2,0,1,0,1,0,1,0,0,0,2,1,0,0,0,2,0,0,0,0,0,0,0,0,1,0,0,0,1,0,0,0,0,0,0,1,1,0,0,0,2,2,0,0,1,2,0,0,0,0,0,1,0,0,1,0,0,0,0,0,0,1,1,2,0,0,0,2,1,1,0,0,0,2,0,0,0,0,0,0,1,0,0,1,0,0,2,0,0,2,0,0,0,0
HG03646,STU,SAS,male,ST001,0,0,male,0,1,2,0,0,1,2,0,0,0,0,0,2,0,0,0,1,0,0,0,0,2,0,0,0,0,2,0,0,0,0,0,0,0,1,0,0,0,0,0,0,0,1,0,0,0,0,1,0,0,0,2,0,0,0,0,0,1,0,0,1,0,0,0,1,0,0,1,1,1,0,0,0,1,0,1,0,1,0,1,0,0,1,0,0,0,1,0,0,0,0,0,2,0,0,1,0,0,1,0
HG03649,PJL,SAS,male,PK52,0,0,male,0,1,0,0,0,0,2,0,1,0,0,1,1,2,0,0,2,0,0,0,0,2,0,0,0,0,0,0,0,0,0,0,0,1,0,0,0,0,0,0,0,0,2,0,0,0,1,1,0,0,0,2,0,0,0,0,0,2,0,0,0,0,0,0,0,0,0,0,1,1,0,0,0,0,1,1,0,1,0,2,0,1,0,0,2,0,1,0,0,1,0,0,2,0,0,1,0,0,0,0
HG03652,PJL,SAS,male,PK53,0,0,male,0,2,0,0,0,0,2,0,0,0,0,0,2,0,0,0,2,0,0,0,1,2,0,0,0,0,0,0,0,0,0,0,0,0,0,0,0,0,0,0,0,0,1,0,1,0,2,2,0,0,0,2,0,0,0,0,0,0,0,0,2,0,0,0,0,0,0,0,1,2,0,0,0,0,0,1,0,1,0,1,0,1,0,0,0,0,0,0,0,1,0,0,1,0,0,2,0,0,0,0
HG03653,PJL,SAS,female,PK53,0,0,female,0,1,1,0,0,0,2,0,0,0,0,1,1,2,0,0,2,1,0,0,1,2,0,0,0,0,1,0,0,0,0,0,0,0,0,0,0,0,0,0,1,1,2,0,0,0,0,2,1,0,1,1,1,0,0,0,0,1,0,0,1,0,0,0,0,0,0,1,2,1,0,0,0,2,2,1,0,0,0,1,0,0,0,0,0,0,0,0,0,1,0,0,2,0,0,2,0,0,0,0
HG03660,PJL,SAS,male,PK55,0,0,male,0,0,0,0,0,0,2,0,1,0,0,2,2,0,0,0,2,0,0,0,0,2,0,0,0,0,2,0,0,0,1,0,0,0,0,0,0,0,0,0,1,0,2,0,0,0,1,2,0,0,1,1,0,0,0,0,0,1,0,0,0,0,0,0,1,0,0,2,2,2,0,0,0,0,1,2,0,0,0,1,0,0,0,0,1,0,2,0,0,0,0,0,2,0,0,2,0,0,0,0
HG03663,PJL,SAS,male,PK56,0,0,male,0,1,0,0,0,0,2,0,1,0,1,0,2,0,0,0,1,0,0,0,0,2,0,0,0,0,1,0,0,0,0,0,1,1,0,1,0,0,0,0,1,0,2,0,1,0,2,1,0,0,1,2,0,0,0,0,0,0,0,0,2,0,0,0,0,0,0,1,1,2,0,0,0,2,0,0,0,0,0,2,0,0,0,0,0,0,0,0,0,1,0,0,2,0,0,1,0,0,0,0
HG03667,PJL,SAS,male,PK58,0,0,male,0,2,0,0,0,0,2,0,0,0,0,0,1,2,0,0,1,0,0,1,0,2,0,0,0,0,1,0,0,0,0,0,0,0,1,0,0,0,0,0,0,1,0,0,0,0,1,1,0,0,1,2,1,0,0,0,0,0,0,0,1,0,0,0,0,0,0,2,2,2,0,0,0,1,1,2,0,0,0,1,0,0,0,0,0,0,1,0,0,0,0,0,2,0,0,2,0,0,1,0
HG03668,PJL,SAS,female,PK58,0,0,female,0,0,1,0,0,1,2,0,1,0,0,0,2,0,0,0,2,1,0,0,0,2,0,0,0,0,0,0,0,0,0,0,0,1,1,0,0,0,0,0,0,0,1,0,0,0,1,2,0,0,1,2,1,0,0,1,0,0,0,0,1,0,0,0,0,0,0,0,2,2,0,0,0,2,0,2,0,1,0,0,0,0,0,0,0,0,0,0,0,0,0,0,2,0,0,0,0,0,0,0
HG03672,STU,SAS,male,ST008,0,0,male,0,1,1,0,0,0,2,0,1,0,0,1,2,1,0,0,1,0,0,1,0,2,0,0,0,0,2,0,0,0,0,0,0,0,0,0,0,0,0,0,2,0,1,0,0,0,2,2,0,0,0,2,0,0,0,0,0,0,0,0,2,0,0,0,0,0,0,0,1,1,0,0,0,1,1,1,0,2,0,2,0,0,0,0,0,0,0,0,0,0,0,0,2,0,0,2,0,0,0,0
HG03673,STU,SAS,female,ST010,0,0,female,0,1,1,0,0,1,2,0,0,0,0,1,2,0,0,0,1,1,0,0,0,2,0,0,0,0,0,0,0,0,0,0,0,0,0,0,0,0,0,0,1,0,1,0,0,0,1,2,0,0,1,2,0,0,0,1,0,2,0,0,2,0,0,0,2,0,0,1,0,0,0,0,0,1,0,1,0,0,0,1,0,1,1,0,0,1,1,0,0,0,0,0,2,0,0,1,0,0,0,0
HG03679,STU,SAS,male,ST006,0,0,male,0,1,0,0,0,0,2,0,1,0,1,0,2,2,0,0,2,0,0,1,1,2,0,0,0,0,1,0,0,0,0,0,0,0,1,0,0,0,0,0,1,0,2,0,0,0,1,0,0,0,0,1,0,0,0,0,0,1,0,0,2,0,0,0,0,0,0,0,1,1,0,0,0,0,0,0,0,1,0,2,0,0,0,0,1,0,1,0,0,0,0,0,2,0,0,1,0,0,0,0
HG03680,STU,SAS,male,ST009,0,0,male,0,1,0,0,0,1,2,0,0,0,0,0,1,2,0,0,2,0,0,0,0,2,0,0,0,0,0,0,0,0,0,0,0,0,1,0,0,1,0,0,1,0,1,0,0,0,0,1,0,0,0,1,0,0,0,0,0,0,0,0,2,0,0,0,0,0,0,1,0,1,0,0,0,0,1,2,0,1,0,2,0,0,0,0,0,0,1,0,1,1,0,0,2,0,0,1,0,0,0,0
HG03681,STU,SAS,male,ST011,0,0,male,0,1,0,0,0,0,2,0,0,0,0,0,2,0,0,0,2,0,0,1,0,2,0,0,0,0,1,0,0,0,0,0,0,1,0,0,0,0,0,0,0,0,1,0,0,0,1,0,0,0,0,1,0,0,0,0,0,0,0,0,1,0,0,0,0,0,0,2,1,1,0,0,0,1,1,1,0,0,0,1,0,1,0,0,0,1,1,0,0,1,0,0,2,0,0,2,0,0,0,0
HG03684,STU,SAS,female,ST012,0,0,female,0,2,1,0,0,0,2,0,0,0,0,0,2,0,0,0,2,0,0,0,0,2,0,0,0,0,1,0,0,0,0,0,0,0,0,0,0,1,0,0,0,0,2,0,1,0,1,0,0,0,0,1,1,0,0,0,0,0,0,0,1,0,0,0,0,0,0,2,1,1,0,0,0,1,1,2,0,1,0,2,0,0,0,0,0,0,0,0,0,1,0,0,2,0,0,1,0,0,0,0
HG03685,STU,SAS,male,ST013,0,0,male,0,0,1,0,0,0,2,0,1,0,0,1,2,0,0,0,2,1,0,1,0,2,0,0,0,0,1,0,0,0,0,0,0,0,0,1,0,1,0,0,1,0,1,0,0,0,1,1,0,0,0,0,0,0,0,0,0,0,0,0,2,0,0,0,0,0,0,1,1,2,0,0,0,0,0,1,0,2,0,1,0,0,1,0,1,0,0,0,1,0,0,0,2,0,0,2,0,0,1,0
HG03686,STU,SAS,male,ST014,0,0,male,0,2,1,0,0,0,2,0,0,0,0,0,2,0,0,0,2,1,0,0,0,2,0,0,0,0,1,0,0,0,0,0,0,1,1,0,0,0,0,0,0,0,2,0,1,0,1,0,0,0,1,2,0,0,0,0,0,0,0,0,2,0,0,0,0,0,0,1,0,1,0,0,0,0,2,1,0,0,0,2,0,0,0,0,0,0,1,0,1,1,0,0,2,0,0,2,0,0,0,0
HG03687,STU,SAS,male,ST015,0,0,male,0,1,2,0,0,1,2,0,0,0,0,0,0,0,0,0,2,0,0,0,0,2,0,0,0,0,0,0,0,0,0,0,0,0,0,0,0,0,0,0,0,1,0,0,0,0,0,1,0,0,0,1,0,0,0,0,0,1,0,0,1,0,0,1,0,0,0,1,1,0,0,0,0,2,2,1,0,0,0,1,0,0,1,0,1,0,2,0,1,1,0,0,2,0,0,2,0,0,0,0
HG03689,STU,SAS,female,ST017,0,0,female,0,1,0,0,0,2,2,0,0,0,0,2,2,0,0,0,1,1,0,0,0,2,0,0,0,0,1,0,0,0,0,0,0,0,0,0,0,0,0,0,1,0,1,0,0,0,2,2,0,0,1,2,0,0,0,1,0,0,0,0,1,0,0,0,1,0,0,1,1,2,0,0,0,1,2,0,0,1,0,2,0,0,0,0,1,0,2,0,0,0,0,0,2,0,0,1,0,0,0,0
HG03690,STU,SAS,female,ST018,0,0,female,0,0,0,0,0,0,2,0,0,0,0,0,2,0,0,0,2,0,0,0,0,2,0,0,0,0,2,0,0,0,0,0,1,1,0,0,0,0,0,0,1,0,2,0,0,0,2,0,0,0,0,2,0,0,0,0,0,0,0,0,0,0,0,0,0,0,0,1,1,2,0,0,0,1,1,1,0,1,0,0,0,0,1,0,0,0,1,0,0,1,0,0,2,0,0,1,0,0,0,0
HG03691,STU,SAS,male,ST019,0,0,male,0,2,0,0,0,0,2,0,0,0,0,0,2,1,0,0,1,1,0,0,0,2,0,0,0,0,0,0,0,0,0,0,0,0,2,1,0,0,0,0,0,0,1,0,0,0,2,2,0,0,0,1,1,0,0,0,1,1,0,0,2,0,0,0,0,0,0,0,1,2,0,0,0,2,2,2,0,1,0,1,0,0,0,0,0,0,0,0,0,1,0,0,2,0,0,2,0,0,0,0
HG03692,STU,SAS,female,ST020,0,0,female,0,1,0,0,0,0,2,0,0,0,0,1,2,0,0,0,1,1,0,0,0,2,0,0,0,0,2,0,0,0,0,0,0,0,0,0,0,1,0,0,0,1,0,0,0,0,1,1,0,0,1,2,0,0,0,0,0,0,0,0,1,0,0,0,0,0,0,0,1,1,0,0,0,0,2,2,0,0,0,2,0,1,1,0,1,0,1,0,2,0,0,0,2,0,0,2,0,0,0,0
HG03693,STU,SAS,male,ST021,0,0,male,0,0,0,0,0,0,2,0,0,0,0,0,2,0,0,0,2,0,0,0,0,2,0,0,0,0,0,0,0,0,0,0,0,0,1,0,0,0,0,0,2,0,2,0,0,0,1,1,0,0,0,2,0,0,0,0,0,1,0,0,1,0,0,0,0,0,0,1,2,2,0,0,0,1,0,1,0,1,0,2,0,1,1,0,1,0,1,0,1,0,0,0,2,0,0,2,0,0,0,0
HG03694,STU,SAS,male,ST022,0,0,male,0,1,1,0,0,0,2,0,1,0,0,1,2,0,0,0,2,1,0,0,1,2,0,1,0,0,2,0,0,0,0,0,0,1,0,0,0,0,0,0,1,0,1,0,0,0,1,1,0,0,0,2,1,0,0,0,0,1,0,0,2,0,0,0,1,0,0,1,1,2,0,0,0,0,0,2,0,0,0,1,0,1,0,0,1,0,2,0,0,1,0,0,2,0,0,2,0,0,0,0
HG03695,STU,SAS,male,ST023,0,0,male,0,2,0,0,0,1,2,0,1,0,0,0,2,0,0,0,2,1,0,0,0,2,0,0,0,0,0,0,0,0,0,0,0,0,0,1,0,0,0,0,1,0,2,0,0,0,2,2,1,0,1,2,0,0,0,1,0,1,0,0,2,0,0,0,0,0,0,1,0,0,0,0,0,2,0,0,0,2,0,0,0,0,0,0,0,0,2,0,1,1,0,0,2,0,0,2,0,0,0,0
HG03696,STU,SAS,male,ST024,0,0,male,0,1,1,0,0,0,2,0,1,0,0,0,2,0,0,0,2,0,0,0,0,2,0,0,0,0,0,0,0,0,1,0,0,1,0,0,0,0,0,0,0,0,0,0,0,0,1,1,0,0,0,2,0,0,0,0,0,0,0,0,1,0,0,0,0,0,0,0,1,2,0,0,0,2,2,1,0,1,0,2,0,0,0,0,0,0,0,0,0,1,0,0,2,0,0,1,0,0,0,0
HG03697,STU,SAS,male,ST025,0,0,male,0,2,0,0,0,0,2,0,2,0,1,0,1,1,0,0,1,1,0,0,0,2,0,0,0,0,1,0,0,0,0,0,0,1,0,0,0,0,0,0,0,2,1,0,1,0,1,1,0,0,1,2,0,0,0,0,0,1,0,0,1,0,0,0,1,0,0,1,2,1,0,0,0,2,1,1,0,0,0,2,0,0,1,0,1,0,0,0,0,1,0,0,2,0,0,2,0,0,0,0
HG03698,STU,SAS,female,ST026,0,0,female,0,1,0,0,1,0,2,0,0,0,0,2,2,0,0,0,2,0,0,1,0,2,0,0,0,0,2,0,0,0,0,0,0,1,1,0,0,0,0,0,0,0,2,0,0,0,1,2,0,0,0,2,1,0,0,0,0,0,0,0,2,0,0,0,0,0,0,1,2,2,0,0,0,0,1,1,0,2,0,2,0,0,1,0,0,0,0,0,0,0,0,0,2,0,0,2,0,0,0,0
HG03702,PJL,SAS,male,PK60,0,0,male,0,1,1,0,0,0,2,0,0,0,0,0,1,0,0,0,1,0,0,0,0,2,0,1,1,0,1,0,0,0,0,0,0,0,0,0,0,0,0,0,0,0,2,0,0,0,2,1,0,0,0,2,0,0,0,0,0,0,0,0,2,0,0,1,0,0,0,2,1,1,0,0,0,2,2,2,0,1,0,0,0,0,0,0,1,0,0,0,1,2,0,0,2,0,0,2,0,0,0,0
HG03703,PJL,SAS,female,PK60,0,0,female,0,0,2,0,0,2,2,0,0,0,1,1,1,0,0,0,0,0,0,0,0,2,0,0,0,0,1,0,0,0,0,0,0,0,1,0,0,0,0,0,2,1,1,0,1,0,2,2,0,0,0,2,0,0,0,0,0,0,0,0,1,0,0,0,1,0,0,2,1,2,0,0,0,1,1,1,0,1,0,1,0,0,0,0,0,0,1,0,0,1,0,0,2,0,0,1,0,0,0,0
HG03705,PJL,SAS,male,PK61,0,0,male,0,1,0,0,0,0,2,0,0,0,0,0,2,1,0,0,2,0,0,0,0,2,0,0,0,0,1,0,0,0,0,0,0,1,0,0,0,0,0,0,1,0,2,0,0,0,1,2,0,0,0,2,2,0,0,0,0,1,0,0,1,0,0,1,0,0,0,0,0,1,0,0,0,2,2,2,0,1,0,2,0,0,0,0,0,0,0,0,0,1,0,0,2,0,0,2,0,0,1,0
HG03706,PJL,SAS,female,PK61,0,0,female,0,1,1,0,1,0,2,0,1,0,0,1,2,1,0,0,2,0,0,0,0,2,0,0,0,0,1,0,0,0,0,0,1,1,1,0,0,0,0,0,1,2,1,0,1,0,0,2,0,0,1,2,1,0,0,1,0,1,0,0,0,0,0,0,1,0,0,2,1,1,0,0,0,0,1,1,0,1,0,2,0,0,0,0,0,0,2,0,0,0,0,0,2,0,0,2,0,0,0,0
HG03708,PJL,SAS,male,PK62,0,0,male,0,1,1,0,0,0,2,0,0,0,0,0,2,0,0,0,2,0,0,0,0,2,0,0,0,0,0,0,0,0,1,0,0,0,0,0,0,1,0,0,0,0,2,0,0,0,2,2,0,0,1,2,0,0,0,0,0,1,0,0,2,0,0,0,0,0,0,0,1,1,0,0,0,1,1,1,0,0,0,1,0,0,0,0,0,0,0,0,0,0,0,0,2,0,0,1,0,0,0,0
HG03709,PJL,SAS,female,PK62,0,0,female,0,0,0,0,0,0,2,0,1,0,0,0,2,0,0,0,2,0,0,0,0,2,0,0,0,0,1,0,0,0,0,0,0,0,0,0,0,1,1,0,0,0,0,0,0,0,1,1,0,0,0,2,0,0,0,0,0,1,0,0,0,0,0,0,0,0,0,1,1,1,0,0,0,1,1,2,0,0,0,0,0,0,0,0,1,0,0,0,0,1,0,0,2,0,0,1,0,0,0,0
HG03711,STU,SAS,male,ST027,0,0,male,0,0,0,0,0,1,2,0,1,0,0,0,0,0,0,0,2,1,0,1,0,2,0,0,0,0,0,0,0,0,0,0,0,0,0,0,0,0,0,0,2,0,1,0,0,0,1,2,0,0,2,2,0,0,0,1,0,1,0,0,2,0,0,0,0,0,0,1,2,2,0,0,0,2,1,0,0,1,0,1,0,1,0,0,0,0,0,0,0,1,0,0,2,0,0,2,0,0,0,0
HG03713,ITU,SAS,male,IT001,0,0,male,0,0,0,0,0,0,2,0,0,0,1,0,1,0,0,0,1,0,0,1,1,2,0,1,1,0,1,0,0,0,0,0,0,0,1,0,0,0,0,0,1,0,1,0,2,0,2,2,0,0,0,2,0,0,0,2,0,0,0,0,0,0,0,0,0,0,0,2,1,2,0,0,0,2,0,1,0,0,0,2,0,1,0,0,0,0,0,0,0,0,0,0,2,0,0,2,0,0,1,0
HG03716,ITU,SAS,male,IT009,0,0,male,0,0,1,0,0,1,2,0,1,0,0,1,2,0,0,0,2,0,0,0,0,2,0,0,0,0,0,0,0,0,0,0,0,0,0,0,0,0,0,0,1,0,1,1,0,0,1,2,0,0,0,2,0,0,0,1,0,0,0,0,1,0,0,0,0,0,0,0,1,2,0,0,0,0,0,0,0,1,0,1,0,0,0,0,0,0,0,0,1,1,0,0,2,0,0,2,0,0,0,0
HG03717,ITU,SAS,female,IT010,0,0,female,0,2,1,0,0,0,2,0,1,0,0,0,0,0,0,0,2,1,0,0,0,2,0,0,0,0,2,0,0,0,0,0,0,0,0,0,0,0,0,0,1,1,1,0,1,0,2,2,0,0,0,2,0,0,0,1,0,1,0,0,1,0,0,0,1,0,0,1,1,2,0,0,0,1,1,1,0,0,0,2,0,1,0,0,0,1,1,0,0,2,0,0,2,0,0,2,0,0,0,0
HG03718,ITU,SAS,male,IT010,0,0,male,0,1,2,0,0,0,2,0,1,0,0,0,2,0,0,0,2,1,0,0,1,2,0,1,0,0,1,0,0,0,0,0,0,0,0,0,0,0,0,0,0,0,1,0,1,0,2,2,0,0,0,2,0,0,0,0,0,2,0,0,2,0,0,0,0,0,0,1,0,1,0,0,0,1,2,1,0,2,0,1,0,0,0,0,0,0,1,0,0,1,0,0,1,0,0,2,0,0,0,0
HG03720,ITU,SAS,male,IT052,0,0,male,0,1,1,0,0,0,2,0,0,0,1,2,1,1,0,0,2,0,0,0,0,2,0,0,0,0,2,0,0,0,0,0,0,0,0,0,0,0,0,0,1,0,1,0,0,0,1,1,0,0,2,2,0,0,0,0,0,0,0,0,1,0,0,0,0,0,0,0,1,2,0,0,0,1,2,2,0,1,0,1,0,1,1,0,1,0,0,0,0,0,0,0,2,0,0,1,0,0,0,0
HG03722,ITU,SAS,female,IT002,0,0,female,0,0,1,0,0,0,2,0,1,0,0,1,2,0,0,0,2,0,0,2,0,2,0,0,0,0,1,0,0,0,0,0,0,2,0,0,0,0,0,0,0,0,2,0,0,0,2,2,0,0,0,2,0,0,0,0,0,0,0,0,2,0,0,0,1,0,0,2,1,1,0,0,0,0,2,1,0,1,0,2,0,1,0,0,0,0,1,0,1,1,0,0,2,0,0,1,0,0,0,0
HG03727,ITU,SAS,male,IT003,0,0,male,0,0,0,0,0,0,2,0,0,0,0,0,1,0,0,0,2,0,0,0,0,2,0,0,0,0,1,0,0,0,0,0,0,0,1,1,0,0,0,0,1,1,1,0,0,0,2,2,0,0,1,2,0,0,0,0,0,1,0,0,1,0,0,0,0,0,0,2,1,0,0,0,0,1,2,1,0,0,0,2,0,0,0,0,0,0,0,0,1,0,0,0,2,0,0,1,0,0,0,0
HG03729,ITU,SAS,male,IT013,0,0,male,0,0,1,0,0,0,2,0,0,0,0,1,1,0,0,0,2,0,0,0,0,2,0,0,0,0,1,0,0,0,0,0,0,0,0,0,0,0,0,0,2,0,2,0,0,0,2,0,0,0,0,2,0,0,0,0,0,1,0,0,1,0,0,0,0,0,0,2,1,1,0,0,0,0,1,1,0,0,0,2,0,1,0,0,0,0,1,0,1,0,0,0,2,0,0,2,0,0,0,0
HG03730,ITU,SAS,female,IT011,0,0,female,0,0,0,0,0,0,2,0,1,0,1,0,2,1,1,0,2,0,0,0,0,2,0,0,0,0,1,0,0,0,0,0,0,0,1,0,0,0,0,0,1,1,1,0,0,0,1,2,0,0,0,2,0,0,0,0,1,0,0,0,1,0,0,0,0,0,0,2,2,2,0,0,0,1,0,1,0,0,0,1,0,0,0,0,1,0,1,0,1,1,0,0,2,0,0,2,0,0,0,0
HG03731,ITU,SAS,female,IT013,0,0,female,0,1,0,0,0,0,2,0,0,0,0,1,2,0,0,0,2,1,0,0,1,2,0,1,0,0,0,0,0,0,0,0,0,1,0,0,0,0,0,0,0,0,1,0,0,0,1,2,0,0,0,2,0,0,0,0,0,2,0,0,2,0,0,0,0,0,0,2,2,2,0,0,0,1,2,1,0,2,0,0,0,0,0,0,0,0,0,0,0,1,0,0,2,0,0,1,0,0,0,0
HG03733,STU,SAS,female,ST041,0,0,female,0,2,0,0,0,0,2,0,1,0,0,2,2,0,0,0,2,0,0,1,0,2,0,0,0,0,1,0,0,0,0,0,0,0,1,1,0,0,0,0,1,0,1,0,0,0,1,1,0,0,0,2,0,0,0,0,0,0,0,0,2,0,0,1,0,0,0,1,1,1,0,0,0,1,0,2,0,1,0,2,0,0,1,0,0,0,0,0,0,1,0,0,2,0,0,2,0,0,0,0
HG03736,STU,SAS,female,ST043,0,0,female,0,0,0,0,0,0,2,0,0,0,0,1,1,2,0,0,2,0,0,0,0,2,0,0,0,0,1,0,0,0,1,0,0,1,0,0,0,0,0,0,1,0,1,0,2,0,1,2,0,0,1,1,0,0,0,0,0,2,0,0,2,0,0,0,0,0,0,2,0,1,0,0,0,1,2,1,0,0,0,1,0,1,1,0,0,0,0,0,0,1,0,0,2,0,0,2,0,0,0,0
HG03738,STU,SAS,male,ST044,0,0,male,0,1,0,0,0,1,2,0,0,0,0,1,2,0,0,0,2,0,0,0,0,2,0,0,0,0,1,0,0,0,0,0,0,1,0,0,0,1,0,0,1,0,1,0,0,0,2,1,0,0,1,2,0,0,0,0,0,1,0,0,0,0,0,0,0,0,0,1,2,2,0,0,0,0,1,2,0,2,0,2,0,1,1,0,0,0,1,0,0,1,0,0,2,0,0,2,0,0,0,0
HG03740,STU,SAS,male,ST038,0,0,male,0,2,1,0,0,0,2,0,0,0,0,0,2,1,0,0,2,0,0,0,0,2,0,0,0,0,0,0,0,0,0,0,0,0,0,0,0,0,0,0,0,0,0,0,0,0,2,1,0,0,0,2,0,0,0,0,0,1,0,0,0,0,0,0,1,0,0,1,1,1,0,0,0,1,0,1,0,1,0,2,0,1,0,1,0,0,0,0,0,0,0,0,2,0,0,2,0,0,0,0
HG03741,STU,SAS,female,ST038,0,0,female,0,1,1,0,0,0,2,0,1,0,0,1,2,0,0,0,0,1,0,0,1,2,0,0,0,0,1,0,0,0,0,0,0,0,0,0,0,0,0,0,2,0,1,0,0,0,1,2,0,0,0,2,0,0,0,0,0,0,0,0,1,0,0,0,0,0,0,0,0,1,0,0,0,0,2,1,0,1,0,2,0,0,0,0,0,1,1,0,0,0,0,0,2,0,0,2,0,0,0,0
HG03742,ITU,SAS,male,IT015,0,0,male,0,0,0,0,0,0,2,0,0,0,0,0,1,1,0,0,1,0,0,0,0,2,0,0,0,0,0,0,0,0,0,0,0,0,1,0,0,0,0,0,2,0,1,0,0,0,1,1,0,0,0,1,0,0,0,0,0,1,0,0,2,0,0,0,0,0,0,2,1,1,0,0,0,0,2,1,0,1,0,2,0,0,0,0,0,0,1,0,0,1,0,0,1,0,0,2,0,0,0,0
HG03743,STU,SAS,male,ST046,0,0,male,0,0,0,0,0,0,2,0,0,0,0,0,0,1,0,0,2,0,0,0,0,2,0,0,0,0,0,0,0,0,0,0,0,1,1,1,0,1,0,0,0,0,0,0,0,0,1,1,0,0,0,1,0,0,0,0,0,2,0,0,2,0,0,1,0,0,0,2,1,1,0,0,0,1,1,1,0,1,0,1,0,1,1,0,1,1,2,0,0,0,0,0,2,0,0,1,0,0,0,0
HG03744,STU,SAS,male,ST047,0,0,male,0,2,2,0,0,0,2,0,0,0,0,0,2,0,1,0,1,0,0,0,0,2,0,0,0,0,2,0,0,0,0,0,0,1,0,0,0,0,0,0,0,0,1,0,1,0,1,2,0,0,0,2,0,0,0,1,0,0,0,0,2,0,0,0,0,0,0,1,1,1,0,0,0,1,1,1,0,2,0,2,0,1,0,0,0,0,0,0,0,0,0,0,2,0,0,2,0,0,0,0
HG03745,STU,SAS,male,ST049,0,0,male,0,2,2,0,0,0,2,0,0,0,0,1,2,0,0,0,2,0,0,1,0,2,0,0,0,0,0,0,1,1,1,0,0,0,0,0,0,0,0,0,1,0,1,0,1,0,1,1,0,0,0,2,0,0,0,0,0,1,0,0,1,0,0,0,0,0,0,1,0,0,0,0,0,2,2,1,0,2,0,2,0,0,0,0,0,0,1,0,0,0,0,0,2,0,0,2,0,0,1,0
HG03746,STU,SAS,male,ST050,0,0,male,0,0,0,0,0,0,2,0,0,0,0,1,2,0,0,0,2,0,0,0,0,2,0,0,0,0,0,0,0,0,0,0,0,0,0,0,0,0,0,0,0,0,1,0,1,0,0,2,1,0,1,2,0,0,0,1,0,1,0,0,1,0,0,1,0,0,0,1,1,1,0,0,0,0,0,1,0,2,0,0,0,1,0,0,0,0,0,0,0,0,0,0,2,0,0,1,0,0,0,0
HG03750,STU,SAS,male,ST051,0,0,male,0,0,1,0,0,0,2,0,1,0,0,0,2,0,1,0,2,0,0,1,0,2,0,1,1,0,0,0,0,0,0,0,0,0,0,0,0,1,0,0,0,0,1,0,0,0,1,1,0,0,0,2,0,0,0,0,0,1,0,0,1,0,0,1,0,0,0,1,1,1,0,0,0,1,1,1,0,0,0,1,0,0,0,0,0,1,0,0,0,1,0,0,2,0,0,2,0,0,0,0
HG03752,STU,SAS,female,ST053,0,0,female,0,0,0,0,0,2,2,0,0,0,0,0,2,2,0,0,2,0,0,0,0,2,0,0,0,0,0,0,0,0,0,0,0,1,1,0,0,0,0,0,0,0,1,0,0,0,1,2,1,0,0,2,0,0,0,0,1,0,0,0,1,0,0,1,0,0,0,0,2,2,0,0,0,2,1,0,0,2,0,2,0,0,0,0,0,0,1,0,0,2,0,0,2,0,0,2,0,0,0,0
HG03753,STU,SAS,male,ST054,0,0,male,0,1,0,0,0,1,2,0,1,0,0,0,2,2,0,0,2,0,0,0,0,2,0,0,0,0,2,0,0,0,0,0,0,1,0,1,0,0,0,0,0,0,2,0,0,0,1,2,0,0,0,2,0,0,0,0,0,2,0,0,2,0,0,0,1,0,0,2,0,0,0,0,0,1,1,0,0,1,0,1,0,1,0,0,0,0,0,0,2,1,0,0,2,0,0,0,0,0,0,0
HG03754,STU,SAS,female,ST051,0,0,female,0,1,1,0,0,1,2,0,1,0,0,1,2,0,0,0,2,0,0,1,0,2,0,0,0,0,1,0,0,0,0,0,0,0,0,0,0,0,0,0,1,1,1,0,0,0,1,0,0,0,0,2,0,0,0,0,1,1,0,0,1,0,0,1,0,0,0,1,2,2,0,0,0,0,2,1,0,0,0,2,0,0,0,0,1,0,0,0,0,1,0,0,2,0,0,2,0,0,0,0
HG03755,STU,SAS,male,ST052,0,0,male,0,1,1,0,0,0,2,0,0,0,0,0,2,0,0,0,2,0,0,1,0,2,0,0,0,0,1,0,0,0,0,0,0,0,0,0,0,0,0,0,0,0,1,0,0,0,1,1,0,0,0,2,0,0,0,0,0,1,0,0,1,0,0,0,0,0,0,2,0,1,0,0,0,0,1,1,0,0,0,2,0,0,0,0,0,0,1,0,0,0,0,0,2,0,0,2,0,0,0,0
HG03756,STU,SAS,female,ST052,0,0,female,0,2,2,0,0,0,2,0,0,0,0,2,2,0,0,0,2,0,0,0,0,2,0,0,0,0,2,0,0,0,0,0,0,0,1,0,0,0,0,0,0,0,2,0,0,0,0,1,0,0,2,1,0,0,0,0,0,1,0,0,0,0,0,0,0,0,0,1,1,1,0,0,0,1,2,1,0,0,0,1,0,1,0,0,0,0,0,0,0,0,0,0,2,0,0,1,0,0,0,0
HG03757,STU,SAS,female,ST046,0,0,female,0,1,0,0,0,0,2,0,1,0,1,0,0,1,0,0,1,1,0,0,0,2,0,0,0,0,1,0,0,0,1,0,0,0,1,0,0,1,0,0,0,1,1,0,1,0,2,1,0,0,1,2,0,0,0,0,0,0,0,0,2,0,0,0,0,0,0,1,2,2,0,0,0,1,2,1,0,1,0,2,0,0,0,0,0,0,1,0,1,1,0,0,1,0,0,1,0,0,0,0
HG03760,STU,SAS,female,ST058,0,0,female,0,0,0,0,0,1,2,0,1,0,0,1,2,0,0,0,2,0,0,0,0,2,0,0,0,0,0,0,1,0,1,0,0,0,0,0,0,0,0,0,1,0,2,0,1,0,2,1,0,0,1,1,1,0,0,0,0,0,0,0,2,0,0,0,0,0,0,0,1,1,0,0,0,1,1,1,0,1,0,2,0,1,1,0,0,1,2,0,1,0,0,0,2,0,0,2,0,0,0,0
HG03762,PJL,SAS,female,PK63,0,0,female,0,1,0,0,0,1,2,0,0,0,0,1,2,1,0,0,2,0,0,0,0,2,0,0,0,0,1,0,0,0,0,0,0,0,0,0,0,0,0,0,1,0,2,0,1,0,1,1,0,0,1,2,0,0,0,0,0,1,0,0,1,0,0,0,0,0,0,1,0,0,0,0,0,1,2,2,0,0,0,2,0,0,1,0,0,0,1,0,1,1,0,0,2,0,0,0,0,0,0,0
HG03765,PJL,SAS,female,PK64,0,0,female,0,1,1,0,0,0,2,0,0,0,0,0,2,0,0,0,2,0,0,0,0,2,0,0,0,0,1,0,0,0,0,0,0,0,1,0,0,0,0,0,1,0,1,0,0,0,1,2,0,0,0,2,0,0,0,0,0,0,0,0,1,0,0,0,1,0,0,0,2,2,0,0,0,1,1,1,0,1,0,1,0,0,0,0,0,0,0,0,0,0,0,0,1,0,0,1,0,0,0,0
HG03767,PJL,SAS,male,PK65,0,0,male,0,1,0,0,0,0,2,0,1,0,0,1,1,0,0,0,2,1,0,0,0,2,0,0,0,0,1,0,0,0,2,0,0,1,0,1,0,0,0,0,0,0,2,0,0,0,0,2,0,0,1,2,0,0,0,0,0,1,0,0,2,0,0,1,0,0,0,0,1,2,0,0,0,0,0,2,0,1,0,2,0,0,0,0,0,0,0,0,0,1,0,0,2,0,0,1,0,0,0,0
HG03770,ITU,SAS,female,IT016,0,0,female,0,0,1,0,0,0,2,0,0,0,0,0,0,0,0,0,2,1,0,0,0,2,0,0,0,0,1,0,0,0,1,0,0,0,0,0,0,0,0,0,0,0,2,0,1,0,2,2,0,0,0,2,0,0,0,0,0,0,0,0,1,0,0,1,0,0,0,1,1,2,0,0,0,1,0,1,0,2,0,2,1,0,0,0,1,0,2,0,0,1,0,0,2,0,0,2,0,1,0,1
HG03771,ITU,SAS,male,IT016,0,0,male,0,2,0,1,0,1,2,0,1,0,0,0,0,2,0,0,2,0,0,1,1,2,0,0,0,0,2,0,0,0,0,0,0,0,0,0,0,0,0,0,0,0,1,0,0,0,1,2,0,0,1,2,0,0,0,0,0,1,0,0,0,0,0,1,0,0,0,1,1,1,0,0,0,0,2,1,0,1,0,1,0,0,0,0,0,0,1,0,0,0,0,0,2,0,0,2,0,0,0,0
HG03772,ITU,SAS,female,IT004,0,0,female,0,1,1,0,0,0,2,0,0,0,0,0,2,0,0,0,2,1,0,1,0,2,0,0,0,0,2,0,0,0,0,0,0,2,0,2,0,0,0,0,1,0,1,0,0,0,1,2,0,0,0,2,1,0,0,0,0,1,0,0,1,0,0,0,0,0,0,1,1,2,0,0,0,1,1,1,0,0,0,2,0,1,2,0,0,0,1,0,0,0,0,0,2,0,0,2,0,0,0,0
HG03773,ITU,SAS,male,IT004,0,0,male,0,1,1,0,0,0,2,0,0,0,0,2,2,0,0,0,2,0,0,0,0,2,0,1,1,0,1,0,0,0,0,0,0,0,1,0,0,0,0,0,1,0,1,0,0,0,2,1,0,0,0,2,0,0,0,0,0,1,0,0,1,0,0,0,0,0,0,0,1,1,0,0,0,2,0,2,0,0,0,1,0,1,0,0,0,0,1,0,0,0,0,0,2,0,0,2,0,0,0,0
HG03774,ITU,SAS,female,IT020,0,0,female,0,1,1,0,0,0,2,0,1,0,0,0,2,0,0,0,2,1,0,0,0,2,0,0,0,0,2,0,1,1,1,0,0,0,1,0,0,0,0,0,1,0,2,0,1,0,1,0,0,0,0,2,0,0,0,0,0,0,0,0,1,0,0,0,0,0,0,2,2,2,0,0,0,1,1,1,0,0,0,1,0,0,0,0,0,1,1,0,0,1,0,0,2,0,0,1,0,0,0,0
HG03775,ITU,SAS,male,IT020,0,0,male,0,1,0,0,0,0,2,0,0,0,0,0,1,0,0,0,2,1,0,0,0,2,0,0,0,0,2,0,0,0,0,0,0,0,0,0,0,0,0,0,0,1,1,0,1,0,1,1,0,0,0,2,0,0,0,0,0,0,0,0,0,0,0,0,0,0,0,1,1,2,0,0,0,1,2,2,0,1,0,1,0,1,0,0,0,0,0,0,1,0,0,0,2,0,0,2,0,0,0,0
HG03777,ITU,SAS,male,IT022,0,0,male,0,1,2,1,0,0,2,0,0,0,0,0,2,2,0,0,2,1,0,0,0,2,0,0,0,0,1,0,0,0,0,0,0,0,0,0,0,0,0,0,1,0,2,0,0,0,1,2,0,0,0,1,2,0,0,0,0,1,0,0,2,0,0,0,0,0,0,2,1,2,0,0,0,2,0,0,0,1,0,2,0,0,0,0,1,1,2,0,1,1,0,0,1,0,0,2,0,0,0,0
HG03778,ITU,SAS,male,IT21,0,0,male,0,1,1,0,0,0,2,0,0,0,0,1,2,1,1,0,2,0,0,0,0,2,0,0,0,0,1,0,0,0,0,0,0,0,1,0,0,0,0,0,1,0,0,0,0,0,1,1,0,0,1,2,0,0,0,0,0,1,0,0,1,0,0,1,0,0,0,1,1,1,0,0,0,0,1,2,0,2,0,1,0,0,1,0,1,0,0,0,0,1,0,0,2,0,0,1,0,0,0,0
HG03779,ITU,SAS,male,IT019,0,0,male,0,1,2,0,0,0,2,0,0,0,0,1,2,0,0,0,1,1,0,0,0,2,0,0,0,0,2,0,0,0,0,0,0,0,0,0,0,0,0,0,0,0,1,0,0,0,1,2,1,0,0,2,0,0,0,0,0,0,0,0,2,0,0,0,0,0,0,2,1,2,0,0,0,1,0,2,0,1,0,2,0,1,0,0,0,0,0,0,0,1,0,0,2,0,0,2,0,0,0,0
HG03780,ITU,SAS,female,IT039,0,0,female,0,1,0,0,0,1,2,0,0,0,2,0,1,0,0,0,2,1,0,0,0,2,0,1,1,0,0,0,0,0,0,0,0,1,0,0,0,0,0,0,1,1,1,0,0,0,2,2,0,0,1,2,0,0,0,0,0,1,0,0,1,0,0,1,0,0,0,0,1,1,0,0,0,1,0,2,0,1,0,2,0,0,1,0,0,0,1,0,0,0,0,0,2,0,0,0,0,0,0,0
HG03781,ITU,SAS,female,IT018,0,0,female,0,1,1,0,0,1,2,0,0,0,0,1,2,0,0,0,2,0,0,0,0,2,0,0,0,0,1,0,0,0,0,0,0,1,0,0,0,0,0,0,0,0,2,0,1,0,2,1,0,0,1,1,0,0,0,0,0,2,0,0,0,0,0,0,0,0,0,1,1,1,0,0,0,2,1,1,0,1,0,1,0,0,1,0,0,0,1,0,0,0,0,0,2,0,0,1,0,0,1,1
HG03782,ITU,SAS,female,IT029,0,0,female,0,1,1,0,0,1,2,0,0,0,0,2,2,0,0,0,2,0,0,1,0,2,0,0,0,0,2,0,0,0,0,0,0,1,0,0,0,0,0,0,1,0,2,0,0,0,1,1,0,0,0,2,0,0,0,0,0,0,0,0,2,0,0,1,0,0,0,1,1,1,0,0,0,0,1,2,0,1,0,1,0,1,0,0,0,0,0,0,1,1,0,0,2,0,0,2,0,0,0,0
HG03784,ITU,SAS,female,IT023,0,0,female,0,2,2,0,0,0,2,0,1,0,0,0,0,0,0,0,2,1,0,0,1,2,0,1,0,0,1,0,0,0,0,0,0,1,0,0,0,0,0,0,1,0,2,0,0,0,2,0,0,0,0,2,1,0,0,0,0,1,0,0,1,0,0,0,0,0,0,1,0,1,0,0,0,0,0,2,0,1,0,1,0,0,0,0,0,0,1,0,1,0,0,0,2,0,0,1,0,0,0,0
HG03785,ITU,SAS,male,IT024,0,0,male,0,1,1,0,0,0,2,0,0,0,0,1,1,0,0,0,1,0,0,0,0,2,0,0,0,0,1,0,0,0,1,0,0,1,0,0,0,0,0,0,1,1,0,0,0,0,1,2,0,0,1,2,0,0,0,0,0,1,0,0,2,0,0,0,0,0,0,1,0,0,0,0,0,1,1,2,0,1,0,1,0,2,2,0,0,1,1,0,1,1,0,0,2,0,0,2,0,0,0,0
HG03786,ITU,SAS,male,IT023,0,0,male,0,2,2,0,0,0,2,0,0,0,1,0,2,0,0,0,2,1,0,0,0,2,0,0,0,0,2,0,0,0,0,0,0,1,0,0,0,0,0,0,0,0,0,0,0,0,0,0,0,0,0,2,0,0,0,0,0,1,0,0,2,0,0,0,1,0,0,2,0,2,0,0,0,2,2,1,0,1,0,2,0,0,1,0,1,0,0,0,0,1,0,0,2,0,0,1,0,0,0,0
HG03787,ITU,SAS,female,IT027,0,0,female,0,1,1,0,0,0,2,0,0,0,0,1,2,2,0,0,2,0,0,0,0,2,0,0,0,0,1,0,0,0,0,0,0,0,1,0,0,0,0,0,0,0,0,0,0,0,2,2,0,0,1,2,0,0,0,0,0,0,0,0,2,0,0,0,0,0,0,1,2,1,0,0,0,0,1,1,0,0,0,1,0,1,0,0,0,1,1,0,1,1,0,0,2,0,0,2,0,0,0,0
HG03788,ITU,SAS,male,IT028,0,0,male,0,0,0,0,0,0,2,0,0,0,0,0,2,0,1,0,1,0,0,0,0,2,0,0,0,0,0,0,0,0,0,0,0,1,2,0,0,0,0,0,1,0,2,0,0,0,2,1,0,0,2,1,0,0,0,0,0,1,0,0,2,0,0,0,1,0,0,1,2,2,0,0,0,1,2,1,0,0,0,2,0,1,2,0,1,0,0,0,0,0,0,0,2,0,0,1,0,0,0,0
HG03789,ITU,SAS,female,IT028,0,0,female,0,1,1,0,0,0,2,0,0,0,0,0,2,0,1,0,2,0,0,1,0,2,0,0,0,0,0,0,0,0,0,0,1,1,0,1,0,0,0,0,1,0,1,0,0,0,0,1,0,0,0,2,0,0,0,1,0,1,0,0,0,0,0,0,0,0,0,2,1,1,0,0,0,1,1,1,0,1,0,1,0,0,0,0,0,0,0,0,0,1,0,0,1,0,0,1,0,1,0,0
HG03790,ITU,SAS,male,IT025,0,0,male,0,0,0,0,0,0,2,0,1,0,0,0,2,1,0,0,2,1,0,0,0,2,0,1,1,0,1,0,0,0,0,0,0,0,0,0,0,0,0,0,1,0,2,0,0,0,0,1,0,0,1,2,0,0,0,0,1,1,0,0,1,0,0,0,0,0,0,2,0,0,0,0,0,1,1,2,0,2,0,0,0,1,0,0,1,0,0,0,0,0,0,0,2,0,0,2,0,0,0,0
HG03792,ITU,SAS,male,IT026,0,0,male,0,1,2,0,0,0,2,0,1,0,0,1,2,0,0,0,2,0,0,0,0,2,0,0,0,0,1,0,1,1,1,0,0,0,0,1,0,0,0,0,0,0,1,0,1,0,1,1,0,0,0,1,1,0,0,0,0,0,0,0,2,0,0,0,0,0,0,1,1,2,0,0,0,2,0,0,0,2,0,2,0,0,0,0,1,0,1,0,0,0,0,0,2,0,0,2,0,0,0,1
HG03793,BEB,SAS,female,BD15,0,0,female,0,0,0,0,0,1,2,0,0,0,0,0,2,0,0,0,1,0,0,1,1,2,0,0,0,0,1,0,0,0,1,0,0,2,0,1,0,0,0,0,0,0,1,0,0,0,0,1,0,0,0,2,0,0,0,0,0,0,0,0,1,0,0,0,0,0,0,1,0,1,0,0,0,2,1,1,0,1,0,2,0,1,0,0,2,0,1,0,0,0,0,0,2,0,0,2,0,0,0,0
HG03796,BEB,SAS,female,BD16,0,0,female,0,1,0,0,0,0,2,0,0,0,0,1,2,0,0,0,2,0,0,1,0,2,0,1,1,0,1,0,0,0,1,0,0,0,0,0,0,0,0,0,1,0,1,0,1,0,0,1,0,0,1,2,0,0,0,1,0,2,0,0,1,0,0,0,0,0,0,2,1,2,0,0,0,0,2,2,0,0,0,2,0,0,0,0,0,0,1,0,1,0,0,0,2,0,0,1,0,0,0,0
HG03800,BEB,SAS,male,BD17,0,0,male,0,1,1,0,0,0,2,0,0,0,1,1,2,0,0,0,1,0,0,0,0,2,0,0,0,0,0,0,0,0,0,0,0,0,1,0,0,0,0,0,0,0,1,0,0,0,2,2,0,0,0,2,0,0,0,1,0,0,0,0,1,0,0,0,0,0,0,2,2,2,0,0,0,0,2,1,0,1,0,1,0,1,1,0,0,0,0,0,0,0,0,0,2,0,0,0,0,0,0,0
HG03802,BEB,SAS,female,BD18,0,0,female,0,0,1,0,0,1,2,0,0,0,1,1,2,0,0,0,2,0,0,1,0,2,0,1,1,0,2,0,0,0,0,0,0,1,0,0,0,0,0,0,1,0,2,0,0,0,1,0,0,0,0,2,2,0,0,0,0,1,0,0,1,0,0,0,0,0,0,2,1,2,0,0,0,2,0,0,0,1,0,0,0,1,0,0,0,0,1,0,2,1,0,0,1,0,0,2,0,0,0,0
HG03803,BEB,SAS,male,BD18,0,0,male,0,1,1,0,0,1,2,0,0,0,0,0,2,0,0,0,2,1,0,1,0,2,0,0,0,0,0,0,0,0,1,0,0,1,0,0,0,0,0,0,0,1,0,0,2,0,2,2,0,0,0,2,1,0,0,0,0,2,0,0,1,0,0,0,0,0,0,2,2,2,0,0,0,2,0,1,0,0,0,0,0,0,0,0,0,0,2,0,0,1,0,0,1,0,0,2,0,0,0,0
HG03805,BEB,SAS,female,BD19,0,0,female,0,1,1,0,0,0,2,0,0,0,0,0,2,0,0,0,2,1,0,0,0,2,0,0,0,0,1,0,0,0,0,0,0,1,1,0,0,0,0,0,2,0,1,0,0,0,0,2,0,0,1,2,0,0,0,0,0,1,0,0,1,0,0,0,0,0,0,1,0,0,0,0,0,0,0,1,1,1,0,1,0,0,1,0,0,0,0,0,0,0,0,0,1,0,0,2,0,0,0,0
HG03808,BEB,SAS,female,BD20,0,0,female,0,1,0,0,0,0,2,0,0,0,0,0,0,0,0,0,1,1,0,0,0,2,0,0,0,0,1,0,0,0,0,0,0,1,0,0,0,0,0,0,1,0,1,0,1,0,1,2,0,0,0,2,0,0,0,0,0,2,0,0,1,0,0,0,0,0,0,2,0,1,0,0,0,0,0,1,0,0,0,2,0,1,0,0,0,0,1,0,0,1,0,0,2,0,0,1,0,0,0,0
HG03809,BEB,SAS,male,BD20,0,0,male,0,2,0,0,0,0,2,0,0,0,0,1,2,0,0,0,0,0,0,0,0,2,0,0,0,0,0,0,0,0,0,0,1,1,0,0,0,0,0,0,0,0,0,0,0,0,1,2,0,0,0,2,0,0,0,0,0,0,0,0,0,0,0,0,0,0,0,2,0,0,0,0,0,0,1,2,0,0,0,2,0,0,0,0,0,0,1,0,1,0,0,0,1,0,0,2,0,0,0,0
HG03812,BEB,SAS,male,HG03812,0,0,male,0,0,0,0,0,0,2,0,0,0,2,0,0,0,1,0,2,0,0,0,0,2,0,0,0,0,2,0,0,0,0,0,0,0,1,0,0,1,0,0,1,0,1,0,0,0,1,2,0,0,1,2,0,0,0,1,0,1,0,0,1,0,0,0,0,0,0,1,1,1,0,0,1,1,1,0,0,1,0,2,0,0,0,0,0,0,0,0,2,0,0,0,2,0,0,1,0,0,0,0
HG03814,BEB,SAS,female,BD22,0,0,female,0,1,0,0,0,0,2,0,0,0,0,1,1,0,0,0,2,1,0,0,0,2,0,1,1,0,0,0,0,0,0,0,0,0,0,0,0,0,0,0,2,0,0,0,1,0,1,2,0,0,1,2,0,0,0,0,0,1,0,0,0,0,0,0,0,0,0,2,1,1,0,0,0,1,0,2,0,0,0,2,0,0,1,0,1,0,1,0,0,1,0,0,1,0,0,0,0,0,0,0
HG03815,BEB,SAS,male,BD22,0,0,male,0,2,0,0,0,1,2,0,1,0,0,0,1,0,0,0,2,1,0,0,0,2,0,0,0,0,1,0,0,0,0,0,0,0,0,0,0,0,0,0,0,0,2,0,0,0,1,1,0,0,1,1,0,0,0,0,0,1,0,0,0,0,0,0,0,0,0,2,0,0,0,0,0,2,1,2,0,0,0,0,0,0,1,0,0,0,1,0,0,0,0,0,2,0,0,0,0,0,0,1
HG03817,BEB,SAS,female,BD23,0,0,female,0,0,0,0,0,0,2,0,1,0,0,1,2,0,0,0,1,1,0,1,1,2,0,0,0,0,0,0,0,0,0,0,0,0,0,0,0,0,0,0,0,1,1,0,1,0,1,1,0,0,1,1,0,0,0,0,0,0,0,0,0,0,0,0,0,0,0,1,1,2,0,0,0,1,1,2,0,0,0,1,0,1,0,0,0,1,2,0,0,1,0,0,2,0,0,1,0,0,0,0
HG03821,BEB,SAS,male,BD24,0,0,male,0,0,0,0,0,0,2,0,0,0,0,0,1,0,0,0,2,0,0,1,1,2,0,0,0,0,0,0,0,0,1,0,0,0,0,0,0,0,0,0,0,0,0,0,0,0,1,0,0,0,0,2,0,0,0,0,0,1,0,0,1,0,0,0,0,0,0,2,1,0,0,0,0,2,2,2,0,2,0,1,0,0,0,0,1,0,1,0,0,1,0,0,2,0,0,2,0,0,0,0
HG03824,BEB,SAS,male,BD25,0,0,male,0,1,1,0,0,0,2,0,0,0,0,0,2,0,0,0,2,0,0,0,0,2,0,0,0,0,0,0,0,0,0,0,0,0,0,0,0,0,0,0,1,0,2,0,0,0,1,2,0,0,0,2,0,0,0,0,1,0,0,0,1,0,0,0,0,0,0,2,0,1,0,0,0,1,0,2,0,0,0,1,0,0,0,0,0,0,0,0,0,0,0,0,2,0,0,2,0,0,0,0
HG03826,BEB,SAS,female,BD26,0,0,female,0,1,0,0,0,0,2,0,1,0,0,1,1,0,0,0,2,1,0,1,0,2,0,0,0,0,0,0,0,0,0,0,0,0,0,0,0,0,0,0,1,0,0,0,1,0,1,2,0,0,0,2,0,0,0,0,0,1,0,0,0,0,0,0,0,0,0,1,0,0,0,0,0,1,1,0,0,1,0,1,0,1,0,0,0,0,0,0,0,0,0,0,2,0,0,0,0,0,0,0
HG03829,BEB,SAS,female,BD27,0,0,female,0,0,0,0,0,0,2,0,1,0,0,0,2,0,0,0,2,1,0,1,0,2,0,0,0,0,0,0,0,0,0,0,0,2,0,0,0,0,0,0,0,1,1,0,0,0,1,0,0,0,0,2,0,0,0,0,0,0,0,0,2,0,0,0,0,0,0,1,1,1,0,0,0,0,1,2,0,0,0,1,0,0,1,0,0,1,1,0,0,0,0,0,2,0,0,2,0,0,0,0
HG03830,BEB,SAS,male,BD27,0,0,male,0,1,1,0,0,0,2,0,1,0,0,2,2,0,0,0,2,0,0,1,0,2,0,1,1,0,0,0,0,0,0,0,0,0,1,1,0,0,0,0,0,0,1,0,1,0,1,1,1,0,1,2,0,0,0,0,0,0,0,0,1,0,0,2,0,0,0,2,1,0,0,0,0,2,1,1,0,0,0,2,0,1,0,0,1,1,1,0,1,1,0,0,2,0,0,2,0,0,0,1
HG03832,BEB,SAS,female,BD28,0,0,female,0,1,0,0,0,1,2,0,0,0,0,1,2,1,0,0,2,1,0,0,0,2,0,0,0,0,0,0,0,0,0,0,0,1,0,1,0,0,0,0,1,1,0,0,0,0,1,1,1,0,1,2,0,0,0,1,0,1,0,0,1,0,0,0,0,0,0,0,2,1,0,0,0,2,1,2,0,0,0,1,0,1,0,0,0,1,0,0,0,0,0,0,1,0,0,1,0,0,0,0
HG03833,BEB,SAS,male,BD28,0,0,male,0,2,0,0,0,0,2,0,0,0,0,0,2,0,0,0,2,0,0,0,0,2,0,0,0,0,0,0,0,0,0,0,0,0,0,0,0,0,0,0,0,1,1,0,0,0,1,0,0,0,0,0,0,0,0,0,0,2,0,0,1,0,0,1,1,0,0,2,1,1,0,0,0,0,0,1,0,0,0,1,0,0,0,0,0,0,0,0,0,0,0,0,2,0,0,1,0,0,0,0
HG03836,STU,SAS,female,ST074,0,0,female,0,2,1,0,0,0,2,0,0,0,0,0,0,0,0,0,1,1,0,0,0,2,0,1,1,0,1,0,0,0,0,0,0,0,0,0,0,0,0,0,0,0,0,0,0,0,2,2,1,0,0,2,0,0,0,0,0,0,0,0,1,0,0,0,1,0,0,0,0,0,0,0,0,1,1,2,0,1,0,1,0,0,0,0,0,0,1,0,0,0,0,0,2,0,0,2,0,0,0,0
HG03837,STU,SAS,male,ST079,0,0,male,0,2,1,0,0,0,2,0,0,0,0,0,2,0,0,0,1,0,0,0,0,2,0,0,0,0,1,0,0,0,1,0,0,1,0,0,0,0,0,0,0,0,0,0,0,0,2,2,0,0,0,2,0,0,0,0,0,1,0,0,2,0,0,0,0,0,0,2,0,1,0,0,0,2,2,2,0,2,0,0,0,0,0,0,1,0,0,0,0,1,0,0,1,0,0,2,0,0,0,0
HG03838,STU,SAS,female,ST078,0,0,female,0,2,0,0,0,0,2,0,0,0,0,0,2,0,0,0,2,0,0,0,0,2,0,0,0,0,1,0,0,0,1,0,0,0,1,1,0,0,0,0,1,0,1,0,0,0,2,2,1,0,0,1,1,0,0,0,0,0,0,0,0,0,0,0,0,0,0,2,0,2,0,0,0,1,1,2,0,1,0,2,0,0,0,0,0,0,0,0,0,0,0,0,1,0,0,1,0,0,0,0
HG03844,STU,SAS,male,ST075,0,0,male,0,0,0,0,0,0,2,0,0,0,1,0,2,0,0,0,2,1,0,1,0,2,0,0,0,0,1,0,0,0,0,0,0,2,0,0,0,0,0,0,1,0,2,0,0,0,1,1,0,0,1,2,0,0,0,0,0,0,0,0,2,0,0,0,1,0,0,1,1,1,0,0,0,0,2,2,0,1,0,1,0,0,1,0,0,0,2,0,0,0,0,0,2,0,0,2,0,0,0,0
HG03846,STU,SAS,male,ST080,0,0,male,0,1,0,0,0,1,2,0,0,0,0,1,2,2,0,0,2,0,0,0,0,2,0,0,0,0,1,0,0,0,0,0,0,0,0,0,0,0,0,0,1,0,1,0,0,0,1,1,0,0,0,2,0,0,0,1,0,1,0,0,1,0,0,0,0,0,0,2,1,2,0,0,0,2,1,2,0,2,0,2,0,1,1,0,1,0,1,0,0,0,0,0,2,0,0,1,0,1,0,0
HG03848,STU,SAS,male,ST084,0,0,male,0,0,2,0,0,0,2,0,0,0,0,0,2,0,0,0,2,0,0,0,0,2,0,0,0,0,2,0,0,0,0,0,0,0,0,0,0,0,0,0,0,0,0,0,1,0,1,2,0,0,0,1,0,0,0,0,0,1,0,0,1,0,0,0,0,0,0,1,2,2,0,0,0,2,1,0,1,2,0,2,0,0,0,0,0,0,0,0,0,0,0,0,2,0,0,2,0,0,0,0
HG03849,STU,SAS,female,ST082,0,0,female,0,1,1,0,0,1,2,0,0,0,0,0,2,0,0,0,2,0,0,1,0,2,0,1,1,0,1,0,0,0,1,0,0,0,1,0,0,0,0,0,0,0,1,0,0,0,2,2,0,0,0,2,0,0,0,0,0,0,0,0,1,0,0,1,0,0,0,0,2,1,0,0,0,0,1,1,0,0,0,1,0,0,0,0,0,0,1,0,0,1,0,0,2,0,0,1,0,0,0,0
HG03850,STU,SAS,male,ST082,0,0,male,0,0,1,0,0,1,2,0,1,0,0,0,0,1,0,0,2,0,0,0,0,2,0,0,0,0,1,0,0,0,1,0,0,0,1,1,0,0,0,0,0,0,1,0,1,0,0,1,0,0,0,2,0,0,0,0,0,1,0,0,1,0,0,1,0,0,0,2,0,1,0,0,0,2,1,2,0,2,0,2,0,0,0,0,0,0,0,0,0,1,0,0,2,0,0,2,0,0,0,0
HG03851,STU,SAS,male,ST089,0,0,male,0,1,1,0,0,0,2,0,1,0,0,0,2,0,0,0,1,0,0,1,0,2,0,0,0,0,1,0,0,0,0,0,0,0,1,0,0,0,0,0,1,0,1,0,0,0,1,2,0,1,0,2,0,0,0,0,0,0,0,0,1,0,0,1,0,0,0,0,1,0,0,0,0,1,0,0,0,1,0,2,0,0,0,0,0,0,0,0,0,0,0,0,2,0,0,2,0,0,0,0
HG03854,STU,SAS,male,ST094,0,0,male,0,2,0,0,0,0,2,0,1,0,0,0,1,0,0,0,2,0,0,0,0,2,0,1,1,0,1,0,1,1,1,0,0,1,1,1,0,0,0,0,1,1,1,0,1,0,1,1,0,0,1,2,0,0,0,1,0,0,0,0,0,0,0,0,0,0,0,2,2,2,0,0,0,0,0,2,0,2,0,2,0,0,0,0,0,0,2,0,0,1,0,0,2,0,0,2,0,0,0,0
HG03856,STU,SAS,male,ST092,0,0,male,0,1,0,1,1,1,2,0,0,0,1,2,2,2,0,0,2,1,0,1,0,2,0,1,1,0,1,0,0,0,0,0,0,0,0,1,0,1,0,0,0,0,1,0,1,0,1,2,0,0,0,2,0,0,0,0,0,1,0,0,2,0,0,0,0,0,0,1,1,1,0,0,0,2,1,0,0,0,0,2,0,1,0,0,0,0,0,0,0,1,0,0,2,0,0,1,0,0,0,0
HG03857,STU,SAS,female,ST091,0,0,female,0,1,1,0,0,0,2,0,0,0,0,1,2,0,0,0,1,0,0,0,0,2,0,0,0,0,1,0,0,0,0,0,0,1,0,0,0,0,0,0,1,0,1,0,0,0,2,1,0,0,1,2,0,0,0,0,0,0,0,0,1,0,0,1,0,0,0,1,1,1,0,0,0,2,0,1,0,0,0,2,0,0,0,0,0,0,0,0,0,1,0,0,2,0,0,2,0,0,0,1
HG03858,STU,SAS,female,ST090,0,0,female,0,2,0,0,0,0,2,0,0,0,0,0,0,0,0,0,1,0,0,0,0,2,0,0,0,0,1,0,0,0,0,0,0,0,1,0,0,0,0,0,1,0,1,0,0,0,1,2,0,0,0,2,0,0,0,0,0,1,0,0,1,0,0,0,1,0,0,1,1,1,0,0,0,1,0,0,0,1,0,2,0,0,1,0,0,0,2,0,0,1,0,0,2,0,0,0,0,0,0,0
HG03861,ITU,SAS,female,IT032,0,0,female,0,1,1,0,0,0,2,0,1,0,0,0,2,0,0,0,2,0,0,1,0,2,0,0,0,0,2,0,1,1,1,0,0,0,1,0,0,0,0,0,0,0,2,0,0,0,1,1,0,0,0,2,0,0,0,1,0,2,0,0,2,0,0,0,0,0,0,1,1,2,0,0,0,1,0,0,0,1,0,1,0,1,0,0,0,0,0,0,1,1,0,0,2,0,0,2,0,0,0,0
HG03862,ITU,SAS,female,IT035,0,0,female,0,0,1,0,0,1,2,0,1,0,0,1,1,1,0,0,2,0,0,0,0,2,0,0,0,0,2,0,0,0,0,0,0,0,0,0,0,0,0,0,1,0,2,0,0,0,1,2,0,0,1,2,0,0,0,0,1,1,0,0,2,0,0,0,1,0,0,1,1,1,0,0,0,1,2,2,0,0,0,2,0,0,0,0,0,0,0,0,0,1,0,0,2,0,0,2,0,0,0,0
HG03863,ITU,SAS,female,IT033,0,0,female,0,0,1,0,0,1,2,0,1,0,1,0,2,0,0,0,2,2,0,0,0,2,0,0,0,0,2,0,0,0,1,0,0,1,0,0,0,0,0,0,0,0,2,0,0,0,2,1,1,0,0,2,0,0,0,0,0,0,0,0,1,0,0,0,0,0,0,2,0,1,0,0,0,2,1,2,0,1,0,2,0,1,0,0,0,0,1,0,0,1,0,0,2,0,0,1,0,0,0,0
HG03864,ITU,SAS,male,IT034,0,0,male,0,0,1,1,0,1,2,0,1,0,1,0,2,1,0,0,2,1,1,0,0,2,0,0,0,0,1,0,0,0,0,0,0,0,0,0,0,0,0,0,1,0,0,0,1,0,1,1,0,0,1,2,0,0,0,0,0,1,0,0,0,0,0,0,0,0,0,1,1,1,0,0,0,2,0,1,0,0,0,2,0,1,0,0,0,0,0,0,0,2,0,0,2,0,0,2,0,0,0,0
HG03866,ITU,SAS,male,IT030,0,0,male,0,1,0,0,0,0,2,0,1,0,0,0,1,1,0,0,2,1,0,0,0,2,0,0,0,0,1,0,0,0,0,0,0,0,0,0,0,0,0,0,0,0,0,0,1,0,2,1,0,0,0,2,0,0,0,1,1,1,0,0,2,0,0,0,1,0,0,1,1,1,0,0,0,1,1,1,0,1,0,2,0,0,0,0,0,0,0,0,1,1,0,0,2,0,0,1,0,0,0,0
HG03867,ITU,SAS,male,IT038,0,0,male,0,0,1,0,0,0,2,0,1,0,0,1,2,0,0,0,1,0,0,1,0,2,0,0,0,0,2,0,0,0,0,0,0,1,0,0,0,0,0,0,1,0,1,0,1,0,2,2,0,0,0,2,0,0,0,0,0,0,0,0,1,0,0,0,0,0,0,1,2,2,0,0,0,0,0,2,0,1,0,1,0,0,0,0,0,0,1,0,0,0,0,0,2,0,0,2,0,0,0,0
HG03868,ITU,SAS,female,IT5,0,0,female,0,0,1,0,0,0,2,0,1,0,0,0,1,1,0,0,2,0,0,2,0,2,0,0,0,0,0,0,0,0,1,0,0,0,0,0,0,1,1,0,1,0,0,0,1,0,2,2,0,0,0,2,1,0,0,0,0,1,0,0,1,0,0,0,0,0,0,1,0,1,0,0,0,1,0,0,0,1,0,2,0,1,0,0,0,0,2,0,0,0,0,0,2,0,0,2,0,0,0,0
HG03869,ITU,SAS,male,IT035,0,0,male,0,2,1,0,0,0,2,0,1,0,1,1,2,0,0,0,2,0,0,0,0,2,0,0,0,0,1,0,0,0,0,0,0,0,0,0,0,0,0,0,0,0,1,0,0,0,1,2,0,0,1,1,0,0,0,0,0,1,0,0,1,0,0,0,0,0,0,2,2,2,0,0,0,1,0,2,0,1,0,1,0,0,0,0,1,0,0,0,0,0,0,0,2,0,0,2,0,0,0,0
HG03870,ITU,SAS,male,IT037,0,0,male,0,1,1,0,0,0,2,0,2,0,1,0,1,0,0,0,2,1,0,0,0,2,0,1,1,0,0,0,0,0,0,0,0,0,1,0,0,0,0,0,2,0,0,0,0,0,1,2,1,0,2,2,0,0,0,0,0,2,0,0,1,0,0,0,0,0,0,0,1,0,0,0,0,1,0,0,0,1,0,2,0,0,0,1,1,0,1,0,1,1,0,0,2,0,0,1,0,0,0,1
HG03871,ITU,SAS,male,HG03871,0,0,male,0,1,2,0,0,1,2,0,0,0,1,0,2,2,0,0,1,0,0,0,0,2,0,0,0,0,1,0,0,0,0,0,0,0,1,0,0,0,0,0,1,0,0,0,0,0,2,0,0,0,1,1,0,0,0,1,0,0,0,0,1,0,0,1,0,0,0,1,0,1,0,0,0,1,0,2,0,1,0,2,0,0,0,0,0,0,1,0,0,0,0,0,2,0,0,1,0,0,0,0
HG03872,ITU,SAS,male,IT036,0,0,male,0,1,1,0,0,1,2,0,2,0,0,2,2,2,0,0,2,0,0,1,0,2,0,0,0,0,0,0,0,0,0,0,0,1,0,0,0,0,0,0,1,2,1,0,0,0,1,2,0,0,0,1,0,0,0,2,0,0,0,0,1,0,0,0,1,0,0,1,1,1,0,0,0,2,1,1,0,0,0,2,0,1,0,0,1,0,1,0,0,0,0,0,2,0,0,0,0,0,1,0
HG03873,ITU,SAS,female,IT030,0,0,female,0,1,0,0,0,0,2,0,1,0,0,0,1,0,0,0,2,0,0,0,0,2,0,0,0,0,0,0,0,0,1,0,0,1,0,0,0,0,0,0,1,0,0,0,1,0,1,0,0,0,0,2,0,0,0,0,0,1,0,0,1,0,0,0,1,0,0,2,1,1,0,0,0,1,0,1,0,0,0,2,0,1,0,0,0,0,0,0,0,0,0,0,1,0,0,1,0,0,1,0
HG03874,ITU,SAS,female,IT006,0,0,female,0,0,0,0,0,0,2,0,1,0,1,1,2,0,0,0,1,0,0,0,0,2,0,0,0,0,1,0,0,0,0,0,0,1,0,0,0,0,0,0,2,1,0,0,0,0,0,1,0,0,1,2,0,0,0,0,0,0,0,0,2,0,0,1,1,0,0,2,1,2,0,0,0,1,0,1,0,0,0,1,0,0,0,0,0,0,2,0,0,0,0,0,2,0,0,2,0,1,0,0
HG03875,ITU,SAS,male,IT40,0,0,male,0,0,0,0,0,1,2,0,0,0,0,0,2,2,0,0,2,0,0,0,0,2,0,0,0,0,0,0,1,0,0,0,0,0,0,0,0,0,0,0,0,0,2,0,0,0,0,2,0,0,0,2,0,0,0,1,0,2,0,0,2,0,0,0,0,0,0,0,1,1,0,0,0,2,0,2,0,1,0,0,0,0,1,0,1,0,0,0,0,0,0,0,2,0,0,2,0,0,0,0
HG03882,ITU,SAS,female,IT039a,0,0,female,0,2,1,0,0,0,2,0,2,0,0,0,2,0,0,0,2,0,1,1,0,2,0,0,0,0,1,0,0,0,0,0,0,0,0,0,0,0,0,0,1,0,2,0,0,0,1,2,0,0,0,2,1,0,0,0,0,0,0,0,0,0,0,0,0,0,0,2,0,0,0,0,0,1,1,2,0,1,0,2,0,1,0,0,1,0,1,0,1,0,0,0,2,0,0,1,0,0,1,0
HG03884,STU,SAS,female,ST039,0,0,female,0,1,0,0,0,0,2,0,0,0,0,1,2,2,0,0,1,0,0,0,0,2,0,0,0,0,0,0,0,0,0,0,0,1,0,1,0,1,0,0,0,0,1,0,1,0,1,2,0,0,0,2,0,0,0,0,0,1,0,0,1,0,0,0,0,0,0,1,1,0,0,0,0,0,1,2,0,1,0,2,0,0,0,0,1,0,1,0,0,0,0,0,2,0,0,1,0,0,0,0
HG03885,STU,SAS,male,ST016,0,0,male,0,2,0,0,0,1,2,0,0,0,0,1,2,0,0,0,1,0,0,0,0,2,0,0,0,0,0,0,0,0,0,0,0,0,1,0,0,0,0,0,0,0,2,0,1,0,2,1,0,0,1,2,0,0,0,0,0,0,0,0,1,0,0,0,0,0,0,2,1,2,0,0,0,1,0,0,0,0,0,2,0,1,0,0,0,0,2,0,0,1,0,0,1,0,0,2,0,0,0,0
HG03886,STU,SAS,female,ST016,0,0,female,0,1,0,0,0,1,2,0,0,0,0,0,1,1,0,0,1,0,0,1,0,2,0,0,0,0,1,0,0,0,0,0,0,0,0,1,0,0,0,0,0,0,0,0,0,0,2,2,0,0,0,2,0,0,0,0,0,0,0,0,0,0,0,0,0,0,0,0,1,1,0,0,0,1,1,1,0,1,0,2,0,0,1,0,0,0,1,0,0,1,0,0,2,0,0,2,0,0,0,0
HG03887,STU,SAS,male,ST106,0,0,male,0,0,1,0,0,1,2,0,1,0,0,0,1,0,1,0,2,0,0,0,0,2,0,1,1,0,1,0,0,0,0,0,0,0,0,0,0,0,0,0,0,0,0,0,1,0,1,2,0,0,1,2,0,0,0,0,0,0,0,0,1,0,0,0,0,0,0,2,0,1,0,0,0,0,0,2,0,1,0,2,0,1,0,0,0,0,1,0,0,1,0,0,2,0,0,1,0,0,0,0
HG03888,STU,SAS,female,ST050,0,0,female,0,1,1,0,0,0,2,0,2,0,0,1,2,0,0,0,2,2,0,0,0,2,0,0,0,0,1,0,1,1,0,0,0,1,1,1,0,1,0,0,0,0,1,0,0,0,0,2,0,0,0,2,0,0,0,0,0,0,0,0,2,0,0,0,1,0,0,1,2,2,0,0,0,1,1,0,0,0,0,1,0,1,1,0,0,0,1,0,0,0,0,0,2,0,0,2,0,0,1,0
HG03890,STU,SAS,male,ST110,0,0,male,0,1,0,0,0,1,2,0,1,0,0,1,2,0,0,0,2,1,0,0,0,2,0,1,1,0,0,0,0,0,2,0,0,0,1,0,0,0,0,0,0,0,0,0,1,0,1,2,0,0,0,2,1,0,0,0,0,1,0,0,2,0,0,0,1,0,0,1,1,1,0,0,0,0,1,2,0,1,0,1,0,0,0,0,0,0,1,0,1,0,0,0,1,0,0,1,0,0,0,0
HG03894,STU,SAS,female,ST111,0,0,female,0,1,0,0,0,1,2,0,2,0,2,1,2,0,0,0,2,0,0,1,0,2,0,0,0,0,1,0,0,0,0,0,0,0,1,0,0,0,0,0,0,0,1,0,0,0,1,1,0,0,0,1,0,0,0,0,1,1,0,0,2,0,0,1,0,0,0,2,0,2,0,0,0,2,0,2,0,1,0,0,0,0,1,0,0,0,0,0,0,0,0,0,2,0,0,2,1,0,0,0
HG03895,STU,SAS,female,ST107,0,0,female,0,1,2,0,0,1,2,0,0,0,0,1,2,2,0,0,2,0,0,0,0,2,0,0,0,0,0,0,0,0,0,0,1,1,0,0,0,1,1,0,0,0,1,0,0,0,1,0,0,0,1,0,0,0,0,0,0,1,0,0,1,0,0,0,0,0,0,0,0,1,0,0,0,1,1,1,0,0,0,1,0,0,0,0,0,0,2,0,0,0,0,0,2,0,0,2,0,0,0,0
HG03896,STU,SAS,male,ST111,0,0,male,0,1,1,0,0,0,2,0,0,0,0,0,2,0,0,0,2,0,0,1,0,2,0,0,0,0,1,0,0,0,0,0,0,0,2,0,0,0,0,0,0,0,1,0,1,0,2,0,1,0,0,2,0,0,0,0,0,0,0,0,1,0,0,0,0,0,0,2,0,1,0,0,0,2,1,1,0,2,0,1,0,1,0,0,0,0,2,0,0,1,0,0,2,0,0,0,0,0,0,0
HG03897,STU,SAS,female,ST115,0,0,female,0,1,0,0,0,0,2,0,0,0,1,2,1,0,0,0,2,0,0,1,0,2,0,0,0,0,0,0,0,0,1,0,0,1,0,0,0,0,0,0,0,0,1,0,0,0,2,2,1,0,1,2,1,0,0,1,0,1,0,0,0,0,0,0,0,0,0,0,2,2,0,0,0,0,0,0,0,2,0,2,0,0,1,0,1,0,0,0,1,1,0,0,2,0,0,2,0,0,0,0
HG03898,STU,SAS,female,ST114,0,0,female,0,1,1,0,0,0,2,0,0,0,0,0,2,0,0,0,2,2,0,0,0,2,0,1,1,0,1,0,0,0,0,0,0,0,1,0,0,0,0,0,0,2,0,0,0,0,2,2,0,0,0,2,0,0,0,0,0,2,0,0,2,0,0,2,0,0,0,2,0,1,0,0,0,2,0,1,0,0,0,2,0,1,1,0,0,0,1,0,1,0,0,0,2,0,0,2,1,0,0,1
HG03899,STU,SAS,male,ST114,0,0,male,0,2,1,0,0,0,2,0,2,0,0,2,2,1,0,0,2,1,0,0,0,2,0,0,0,0,0,0,0,0,1,0,0,1,1,1,0,0,0,0,1,0,1,0,0,0,1,1,0,0,0,2,0,0,0,0,0,0,0,0,1,0,0,0,0,0,0,1,1,2,0,0,0,1,1,2,0,1,0,2,0,1,0,0,0,0,0,0,0,1,0,0,2,0,0,2,0,0,0,0
HG03900,STU,SAS,male,ST115,0,0,male,0,1,0,0,0,1,2,0,0,0,0,1,2,0,0,0,2,0,0,0,0,2,0,0,0,0,0,0,0,0,0,0,0,1,0,1,0,0,0,0,0,0,1,0,0,0,0,1,0,0,0,1,0,0,0,2,0,0,0,0,0,0,0,0,0,0,0,0,1,1,0,0,0,1,2,1,0,0,0,0,0,1,1,0,0,0,0,0,0,0,0,0,2,0,0,2,0,0,0,0
HG03902,BEB,SAS,male,HG03902,0,0,male,0,1,0,0,0,0,2,0,0,0,0,1,0,0,0,0,2,0,0,0,0,2,0,0,0,0,1,0,0,0,1,0,0,1,0,0,0,0,0,0,0,1,0,0,0,0,1,2,0,0,1,2,0,0,0,0,0,1,0,0,2,0,0,0,0,0,0,1,2,2,0,0,0,1,2,2,0,0,0,1,0,1,0,0,0,0,1,0,0,1,0,0,2,0,0,2,0,0,0,0
HG03905,BEB,SAS,male,BD30,0,0,male,0,2,1,0,0,0,2,0,0,0,0,0,1,0,0,0,1,0,0,0,0,2,0,0,0,0,0,0,0,0,0,0,0,0,1,0,0,0,0,0,1,0,2,0,1,0,1,1,0,0,0,2,0,0,0,1,1,1,0,0,1,0,0,0,1,0,0,1,1,2,0,0,0,2,0,0,0,0,0,2,0,0,0,0,0,0,1,0,0,0,0,0,2,0,0,0,0,0,0,0
HG03907,BEB,SAS,female,BD31,0,0,female,0,1,1,0,0,0,2,0,1,0,1,0,2,0,0,0,2,1,0,1,0,2,0,0,0,0,0,0,0,0,0,0,0,0,0,0,0,0,0,0,1,0,1,0,0,0,2,1,0,0,0,2,0,0,0,0,0,0,0,0,2,0,0,0,0,0,0,0,1,1,0,0,0,1,2,2,0,1,0,2,0,2,0,0,0,1,0,0,0,1,0,0,2,0,0,1,0,0,0,0
HG03908,BEB,SAS,male,BD31,0,0,male,0,0,0,0,0,0,2,0,0,0,0,0,2,0,0,0,2,0,0,0,1,2,0,0,0,0,1,0,0,0,0,0,0,0,0,0,0,0,0,0,1,0,1,0,0,0,1,2,0,0,1,2,1,0,0,0,0,1,0,0,2,0,0,0,0,0,0,2,0,1,0,0,0,0,1,0,0,1,0,1,0,0,0,0,0,0,1,0,1,0,0,0,2,0,0,2,0,0,0,0
HG03910,BEB,SAS,female,BD32,0,0,female,0,0,0,0,1,1,2,0,0,0,0,1,2,0,0,0,1,0,0,1,0,2,0,0,0,0,1,0,1,1,2,0,0,0,1,0,0,0,0,0,1,0,1,0,0,0,0,1,0,0,0,2,0,0,0,0,0,1,0,0,1,0,0,0,0,0,0,2,0,1,0,0,0,1,0,1,0,2,0,0,0,0,0,0,0,0,1,0,0,0,0,0,2,0,0,2,0,0,0,0
HG03911,BEB,SAS,male,BD32,0,0,male,0,1,1,0,0,0,2,0,0,0,0,0,2,2,0,0,2,1,0,1,0,2,0,0,0,0,1,0,0,0,1,0,0,0,1,0,0,0,0,0,0,0,1,0,0,0,2,2,0,0,0,2,0,0,0,0,0,0,0,0,1,0,0,0,1,0,0,1,1,1,0,0,0,1,1,0,0,2,0,1,0,0,1,0,0,0,1,0,1,0,0,0,2,0,0,2,0,0,1,0
HG03914,BEB,SAS,male,BD33,0,0,male,0,1,1,0,0,0,2,0,0,0,0,0,2,0,0,0,2,0,0,0,0,2,0,0,0,0,0,0,0,0,0,0,0,0,1,0,0,0,0,0,0,0,1,0,0,0,1,2,0,0,0,2,0,0,0,0,0,0,0,0,1,0,0,0,0,0,0,0,1,0,0,0,0,1,1,2,0,2,0,1,0,1,1,0,1,0,1,0,0,1,0,0,2,0,0,2,0,0,1,0
HG03916,BEB,SAS,female,HG03916,0,0,female,0,2,0,0,0,1,2,0,0,0,0,0,2,0,0,0,2,0,0,0,0,2,0,0,0,0,1,0,0,0,0,0,0,1,0,0,0,0,0,0,1,1,2,0,1,0,0,2,0,0,0,2,0,0,0,0,0,1,0,0,1,0,0,0,0,0,0,2,2,2,0,0,0,1,1,2,0,1,0,1,0,0,0,0,0,0,0,1,1,0,0,0,2,0,0,1,0,0,0,1
HG03917,BEB,SAS,male,BD34,0,0,male,0,2,1,0,0,0,2,0,0,0,0,1,2,2,0,0,2,0,0,0,0,2,0,0,0,0,0,0,0,0,0,0,0,0,0,0,0,0,0,0,1,0,1,0,0,0,2,2,0,0,0,2,0,0,0,0,0,1,0,0,0,0,0,0,1,0,0,0,0,1,0,0,0,1,0,1,0,1,0,1,1,0,0,0,0,0,1,0,1,1,0,0,1,0,0,1,0,0,0,0
HG03919,BEB,SAS,female,BD35,0,0,female,0,2,1,0,0,1,2,0,1,0,0,0,1,2,0,0,2,0,0,2,0,2,0,0,0,0,0,0,0,0,0,0,0,0,0,0,0,0,0,0,0,0,2,0,0,0,1,0,0,1,0,1,0,0,0,0,0,0,0,0,0,0,0,0,0,0,0,0,2,1,0,0,0,1,1,1,0,1,0,2,0,1,0,0,0,0,0,0,0,1,0,0,2,0,0,1,0,0,0,0
HG03920,BEB,SAS,male,BD35,0,0,male,0,1,0,0,0,0,2,0,1,0,1,0,1,0,0,0,1,0,0,1,0,2,0,1,1,0,0,0,0,0,1,0,0,1,0,0,0,1,0,0,1,1,1,0,0,0,1,2,0,0,1,0,1,0,0,0,0,1,0,0,1,0,0,0,0,0,0,0,0,0,0,0,0,1,1,2,0,1,0,2,0,1,0,0,0,0,2,0,2,1,0,0,2,0,0,2,0,0,0,1
HG03922,BEB,SAS,female,BD36,0,0,female,0,0,2,0,0,0,2,0,1,0,0,0,2,0,0,0,2,0,1,0,0,2,0,0,0,0,0,0,0,0,0,0,0,0,0,0,0,0,0,0,1,1,1,0,0,0,1,1,0,0,0,2,0,0,0,0,0,0,0,0,1,0,0,0,0,0,0,1,2,2,0,0,0,1,0,0,0,1,0,2,0,1,0,0,0,0,1,0,0,1,0,0,2,0,0,2,0,0,0,0
HG03925,BEB,SAS,female,BD37,0,0,female,0,1,1,0,0,0,2,0,1,0,0,1,2,0,0,0,2,0,0,0,0,2,0,0,0,0,0,0,0,0,0,0,0,0,1,0,0,0,0,0,0,0,1,0,1,0,1,2,0,0,1,2,0,0,0,0,0,0,0,0,0,0,0,0,0,0,0,2,0,1,0,0,0,1,2,1,0,1,0,2,0,0,1,0,0,0,0,0,0,1,0,0,2,0,0,2,0,0,0,0
HG03926,BEB,SAS,male,BD37,0,0,male,0,0,0,0,0,0,2,0,0,0,0,1,2,0,0,0,2,0,0,0,0,2,0,0,0,0,1,0,0,0,1,0,0,1,0,0,0,0,0,0,0,0,1,0,0,0,1,0,0,0,0,2,0,0,0,0,0,0,0,0,0,0,0,1,0,0,0,0,1,1,0,0,0,1,0,1,0,2,0,2,0,0,0,0,0,0,0,0,1,1,0,0,1,0,0,1,0,0,0,0
HG03928,BEB,SAS,female,BD38,0,0,female,0,0,0,0,0,1,2,0,0,0,1,0,1,0,0,0,2,1,0,0,0,2,0,0,0,0,0,0,1,1,1,0,0,0,0,0,0,0,0,0,1,0,1,0,0,0,1,2,0,0,0,1,0,0,0,0,0,0,0,0,0,0,0,0,1,0,0,1,0,0,0,0,0,0,1,1,0,1,0,1,0,0,1,0,0,0,0,0,0,0,0,0,2,0,0,1,0,0,0,1
HG03931,BEB,SAS,female,BD39,0,0,female,0,0,0,0,0,0,2,0,0,0,0,1,2,0,0,0,1,0,0,1,1,2,0,0,0,0,1,0,0,0,0,0,0,0,0,0,0,0,0,0,1,1,1,0,0,0,1,2,0,0,1,2,0,0,0,1,0,0,0,0,1,0,0,0,0,0,0,0,1,2,0,0,0,2,1,0,0,0,0,1,0,2,0,0,0,0,0,0,0,0,0,0,1,0,0,1,0,0,0,0
HG03934,BEB,SAS,female,BD40,0,0,female,0,1,1,0,0,0,2,0,1,0,0,0,1,0,1,0,1,2,0,0,0,2,0,0,0,0,2,0,0,0,0,0,0,0,0,0,0,1,1,0,1,0,2,0,0,0,1,0,0,0,0,1,0,0,0,0,0,1,0,0,2,0,0,0,0,0,0,1,0,1,0,0,0,0,0,1,0,0,0,1,0,1,0,0,0,0,1,0,0,1,0,0,2,0,0,1,0,0,0,0
HG03937,BEB,SAS,female,BD41,0,0,female,0,1,0,0,0,0,2,0,1,0,0,1,2,0,0,0,1,0,0,1,0,2,0,0,0,0,1,0,1,1,1,0,1,1,0,0,0,1,0,0,1,1,1,0,0,0,1,2,1,0,0,2,0,0,0,1,0,0,0,0,2,0,0,0,0,0,0,1,0,0,0,0,0,1,1,1,0,1,0,2,0,1,0,0,0,0,1,0,0,0,0,0,2,0,0,2,0,0,1,0
HG03941,BEB,SAS,male,BD42,0,0,male,0,2,2,0,0,0,2,0,0,0,0,1,2,0,0,0,2,2,0,1,0,2,0,0,0,0,2,0,0,0,0,0,0,0,1,0,0,0,0,0,0,1,1,0,1,0,1,1,0,0,0,1,1,0,0,0,0,1,0,0,1,0,0,0,0,0,0,2,1,1,0,0,0,1,2,2,0,0,0,2,0,1,0,0,0,0,0,0,0,1,0,0,2,0,0,0,0,0,0,1
HG03943,STU,SAS,male,ST116,0,0,male,0,0,0,0,0,1,2,0,1,0,0,0,2,0,0,0,2,1,0,0,0,2,0,0,0,0,1,0,0,0,0,0,0,0,1,0,0,0,0,0,1,0,1,0,0,0,2,0,0,0,1,2,0,0,0,0,0,1,0,0,1,0,0,0,0,0,0,2,2,1,0,0,0,2,1,1,0,1,0,0,0,0,1,0,2,1,1,0,0,0,0,0,2,0,0,2,0,0,0,0
HG03944,STU,SAS,female,ST116,0,HG04067,female,0,1,1,0,0,0,2,0,1,0,0,0,2,1,0,0,1,1,0,1,0,2,0,0,0,0,1,0,0,0,0,0,0,0,0,0,0,0,0,0,1,0,1,0,0,0,2,2,0,0,1,2,0,0,0,1,0,1,0,0,1,0,0,0,0,0,0,2,0,1,0,0,0,2,1,1,0,1,0,1,0,0,0,0,0,1,0,0,1,0,0,0,2,0,0,2,0,0,0,0
HG03945,STU,SAS,female,ST117,0,0,female,0,1,0,0,0,1,2,0,0,0,0,0,2,0,0,0,1,0,0,0,0,2,0,0,0,0,1,0,0,0,0,0,0,0,0,0,0,0,0,0,0,0,2,0,1,0,1,1,0,0,0,1,1,0,0,0,0,0,0,0,1,0,0,1,0,0,0,1,2,0,0,0,0,1,0,2,0,2,0,1,0,0,1,0,0,0,1,0,0,1,0,0,2,0,0,0,0,0,0,0
HG03947,STU,SAS,female,ST118,0,0,female,0,2,0,0,0,0,2,0,0,0,0,0,1,0,0,0,2,0,0,1,0,2,0,0,0,0,1,0,0,0,0,0,0,1,1,0,0,1,0,0,0,0,1,0,0,0,2,2,0,0,0,2,0,0,0,0,0,1,0,0,2,0,0,1,0,0,0,1,1,1,0,0,0,2,0,1,0,0,0,2,0,0,0,0,1,0,0,0,0,1,0,0,2,0,0,2,0,0,0,0
HG03949,STU,SAS,female,ST123,0,0,female,0,2,1,0,0,0,2,0,1,0,0,1,1,0,0,0,1,0,0,0,2,2,0,0,0,0,2,0,0,0,0,0,0,0,0,0,0,0,0,0,1,0,0,0,1,0,0,1,0,0,0,2,0,0,0,0,0,2,0,0,2,0,0,0,0,0,0,0,2,2,0,0,0,1,0,0,0,1,0,1,0,1,0,0,0,0,1,0,1,1,0,0,1,0,0,2,0,0,0,0
HG03950,STU,SAS,male,ST090,0,0,male,0,1,0,0,0,0,2,0,0,0,0,0,0,0,0,0,2,1,0,0,0,2,0,0,0,0,0,0,0,0,0,0,0,0,0,0,0,0,0,0,0,0,0,0,1,0,0,2,0,0,1,1,0,0,0,0,0,0,0,0,2,0,0,1,0,0,0,1,1,1,0,0,0,1,0,2,0,2,0,1,0,0,0,0,0,0,1,0,0,1,0,0,2,0,0,1,0,0,0,0
HG03951,STU,SAS,female,ST013,0,0,female,0,0,0,1,0,1,2,0,0,0,1,1,0,2,0,0,2,0,0,0,1,2,0,0,0,0,2,0,0,0,0,0,0,0,0,0,0,0,0,0,1,0,2,0,1,0,2,1,0,1,1,1,0,0,0,0,0,0,0,0,2,0,0,0,0,0,0,0,0,1,0,0,0,0,0,2,0,2,0,1,0,0,0,0,0,0,0,0,0,0,0,0,2,0,0,2,0,0,0,0
HG03953,STU,SAS,male,ST122,0,0,male,0,1,1,0,0,0,2,0,0,0,0,1,2,0,0,0,1,1,0,0,0,2,0,1,1,0,0,0,1,1,1,0,0,0,0,0,0,0,0,0,0,0,2,0,0,0,1,2,0,0,1,1,0,0,0,1,0,1,0,0,1,0,0,0,1,0,0,1,2,2,0,0,0,0,1,1,0,1,0,2,0,0,0,0,1,0,2,0,1,1,0,0,2,0,0,1,0,0,0,0
HG03955,STU,SAS,female,ST119,0,0,female,0,2,1,0,0,1,2,0,0,0,1,1,2,0,0,0,2,1,0,2,0,2,0,1,1,0,0,0,0,0,0,0,0,0,0,0,0,0,0,0,0,1,1,0,0,0,2,1,0,0,0,2,0,0,0,0,0,1,0,0,1,0,0,0,0,0,0,1,0,1,0,0,0,1,1,2,0,1,0,2,0,0,1,0,0,0,0,0,0,0,0,0,2,0,0,1,0,0,0,1
HG03960,ITU,SAS,male,IT044,0,0,male,0,1,1,0,0,1,2,0,1,0,0,2,2,0,0,0,2,0,0,1,0,2,0,0,0,0,0,0,0,0,0,0,0,0,0,0,0,0,0,0,1,0,2,0,0,0,1,0,0,0,0,1,0,0,0,0,0,1,0,0,1,0,0,0,0,0,0,1,1,0,0,0,0,1,1,1,0,1,0,1,0,1,0,0,0,1,2,0,0,0,0,0,2,0,0,2,0,0,0,0
HG03963,ITU,SAS,male,IT042,0,0,male,0,0,1,0,0,0,2,0,0,0,0,0,2,0,0,0,2,2,0,0,0,2,0,0,0,0,0,0,0,0,0,0,0,1,1,0,0,1,1,0,0,0,1,0,1,0,2,2,0,0,1,1,0,0,0,0,0,1,0,0,1,0,0,1,0,0,0,1,0,0,0,0,0,0,1,1,0,1,0,0,0,0,0,0,1,0,2,0,0,1,0,0,2,0,0,2,0,0,0,0
HG03965,ITU,SAS,male,IT45,0,0,male,0,2,2,0,0,0,2,0,0,0,0,0,1,0,0,0,1,0,0,0,0,2,0,1,1,0,1,0,0,0,0,0,0,0,0,0,0,0,0,0,1,0,2,0,0,0,2,0,0,0,0,2,0,0,0,0,0,1,0,0,2,0,0,0,1,0,0,1,0,0,0,0,0,0,1,2,0,2,0,0,0,0,1,0,0,0,1,0,1,1,0,0,2,0,0,2,0,0,0,0
HG03967,ITU,SAS,male,IT51,0,0,male,0,1,0,0,0,0,2,0,1,0,0,0,2,0,0,0,2,1,0,0,0,2,0,0,0,0,1,0,0,0,0,0,0,0,0,0,0,0,0,0,0,0,2,0,0,0,1,1,1,0,0,2,0,0,0,0,0,1,0,0,2,0,0,1,0,0,0,1,1,0,0,0,0,1,0,1,0,0,0,1,0,2,0,0,0,0,0,0,0,1,0,0,2,0,0,2,0,0,0,0
HG03968,ITU,SAS,female,IT046,0,0,female,0,0,0,0,0,1,2,0,1,0,0,2,2,0,0,0,2,2,0,0,0,2,0,0,0,0,0,0,0,0,0,0,0,0,0,0,0,0,0,0,0,0,1,0,0,0,1,0,0,0,0,2,0,0,0,0,0,1,0,0,2,0,0,0,0,0,0,0,1,2,0,0,0,0,1,0,0,1,0,1,0,0,0,0,0,1,2,0,0,0,0,0,1,0,0,2,0,0,0,0
HG03969,ITU,SAS,male,IT046,0,0,male,0,2,1,0,0,0,2,0,1,0,0,0,0,2,0,0,2,0,0,1,0,2,0,0,0,0,2,0,0,0,0,0,0,0,0,0,0,0,0,0,1,0,1,0,0,0,1,0,0,0,1,2,0,0,0,1,0,1,0,0,2,0,0,0,0,0,0,1,1,1,0,0,0,1,1,1,0,0,0,2,0,1,0,0,1,0,1,0,2,0,0,0,2,0,0,1,0,0,0,0
HG03971,ITU,SAS,male,IT048,0,0,male,0,1,0,0,0,0,2,0,0,0,0,2,2,0,1,0,2,0,0,0,0,2,0,0,0,0,0,0,0,0,0,0,0,0,1,0,0,0,0,0,0,0,1,0,1,0,2,0,0,0,1,2,0,0,0,0,0,0,0,0,0,0,0,0,0,0,0,1,2,2,0,0,0,1,1,1,0,0,0,2,0,1,1,0,1,0,1,0,0,1,0,0,2,0,0,1,0,0,0,1
HG03973,ITU,SAS,female,IT050,0,0,female,0,2,1,0,0,0,2,0,0,0,0,0,1,0,0,0,1,1,0,0,0,2,0,1,0,0,0,0,0,0,0,0,0,1,0,0,0,0,0,0,0,0,0,0,0,0,2,2,0,0,1,2,2,0,0,0,0,1,0,0,1,0,0,0,0,0,0,1,1,2,0,0,0,1,1,0,0,0,0,1,0,1,1,0,0,0,0,0,0,1,0,0,2,0,0,1,0,0,0,0
HG03974,ITU,SAS,male,IT049,0,0,male,0,2,0,0,0,0,2,0,0,0,0,2,2,2,0,0,2,1,0,0,1,2,0,0,0,0,0,0,0,0,0,0,0,1,0,0,0,0,0,0,1,0,1,0,0,0,1,2,1,0,1,2,0,0,0,0,0,1,0,0,2,0,0,1,0,0,0,1,1,2,0,0,0,0,1,2,0,1,0,1,0,0,0,0,1,0,0,0,2,0,0,0,2,0,0,1,1,0,0,0
HG03976,ITU,SAS,male,IT050,0,0,male,0,1,1,0,0,0,2,0,0,0,0,0,2,0,1,0,1,0,0,1,0,2,0,0,0,0,1,0,1,1,1,0,0,0,1,0,0,0,0,0,0,1,1,0,0,0,2,1,0,0,1,2,1,0,0,0,0,0,0,0,1,0,0,0,0,0,0,0,1,2,0,0,0,1,0,0,0,1,0,2,0,0,0,0,0,0,0,0,0,0,0,0,2,0,0,2,0,0,0,0
HG03977,ITU,SAS,female,IT047,0,0,female,0,2,1,1,0,0,2,0,0,0,0,0,1,0,0,0,2,0,0,2,0,2,0,1,1,0,1,0,0,0,0,0,0,0,0,0,0,0,0,0,1,1,0,0,1,0,1,1,0,0,1,2,0,0,0,0,0,1,0,0,1,0,0,0,0,0,0,2,1,2,0,0,0,0,1,2,0,0,0,1,0,0,1,0,0,0,1,0,1,0,0,0,1,0,0,2,0,0,0,0
HG03978,ITU,SAS,male,IT047,0,0,male,0,2,0,0,0,1,2,0,0,0,1,1,2,0,0,0,1,0,0,1,0,2,0,0,0,0,0,0,0,0,1,0,0,0,2,0,0,0,0,0,1,0,1,0,0,0,2,1,0,0,0,2,0,0,0,0,0,0,0,0,1,0,0,1,0,0,0,0,2,2,0,0,0,0,2,1,0,0,0,2,0,0,0,0,0,1,1,0,0,0,0,0,2,0,0,2,0,0,1,0
HG03985,STU,SAS,male,ST144,0,0,male,0,0,0,0,0,1,2,0,0,0,1,1,2,0,1,0,2,0,0,0,0,2,0,0,0,0,0,0,0,0,0,0,0,1,0,1,0,0,1,0,0,0,1,0,0,0,1,2,0,0,0,2,0,0,0,0,0,0,0,0,2,0,0,0,0,0,0,0,1,1,0,0,0,1,0,0,0,1,0,2,0,1,0,0,0,0,0,0,0,0,0,0,2,0,0,2,0,0,0,0
HG03986,STU,SAS,female,ST106,0,0,female,0,1,1,0,0,2,2,0,0,0,0,0,2,2,0,0,2,0,0,0,0,2,0,0,0,0,1,0,1,1,1,0,0,0,0,0,0,0,0,0,0,0,2,0,0,0,2,2,0,0,1,2,0,0,0,0,0,2,0,0,1,0,0,0,0,0,0,1,1,0,0,0,0,2,1,1,0,1,0,2,0,0,0,0,0,0,2,0,0,1,0,0,2,0,0,2,0,0,0,0
HG03989,STU,SAS,female,ST145,0,0,female,0,0,1,0,0,1,2,0,0,0,0,1,2,0,0,0,2,0,0,1,1,2,0,0,0,0,2,0,0,0,0,0,0,1,1,0,0,0,0,0,0,1,1,0,0,0,2,2,0,0,1,2,0,0,0,1,0,0,0,0,2,0,0,0,0,0,0,0,1,0,0,0,0,2,1,1,0,1,0,2,0,1,0,0,0,0,0,0,0,0,0,0,2,0,0,2,0,0,0,0
HG03990,STU,SAS,male,ST142,0,0,male,0,1,1,0,0,1,2,0,0,0,0,0,2,2,0,0,2,0,0,0,0,2,0,0,0,0,2,0,0,0,0,0,0,0,1,0,0,1,1,0,1,0,1,0,0,0,0,1,0,0,0,1,0,0,0,1,0,1,0,0,1,0,0,0,0,0,0,0,1,0,0,0,0,2,0,1,0,0,0,1,0,0,1,0,1,1,1,0,0,1,0,0,2,0,0,2,0,0,0,0
HG03991,STU,SAS,male,ST143,0,0,male,0,1,1,0,0,0,2,0,0,0,0,0,2,2,0,0,2,0,0,2,0,2,0,1,1,0,2,0,1,1,1,0,0,2,1,0,0,0,0,0,1,0,1,0,0,0,1,1,0,0,0,2,0,0,0,0,0,0,0,0,2,0,0,0,0,0,0,1,0,0,0,0,0,1,1,2,0,2,0,1,0,2,0,1,0,0,1,0,0,1,0,0,2,0,0,2,0,0,0,0
HG03998,STU,SAS,male,ST147,0,0,male,0,1,0,0,0,1,2,0,0,0,0,0,1,0,0,0,2,0,0,0,0,2,0,0,0,0,0,0,0,0,1,0,0,1,0,0,0,0,0,0,1,0,0,0,1,0,1,1,0,0,0,2,0,0,0,0,0,2,0,0,1,0,0,0,0,0,0,1,2,2,0,0,0,2,1,1,0,1,0,2,0,0,0,0,0,0,0,0,1,1,0,0,1,0,0,0,0,0,1,0
HG03999,STU,SAS,male,ST007,0,0,male,0,1,1,0,0,0,2,0,0,0,0,2,2,0,1,0,2,0,0,0,0,2,0,2,1,0,0,0,0,0,0,0,1,1,1,0,0,1,0,0,0,1,1,0,1,0,1,2,0,0,0,2,0,0,0,1,0,1,0,0,0,0,0,0,0,0,0,1,2,2,0,0,0,2,2,2,0,0,0,2,0,1,1,0,0,0,0,0,1,0,0,0,2,0,0,0,0,0,0,0
HG04001,ITU,SAS,female,IT053,0,0,female,0,1,0,0,0,1,2,0,0,0,0,0,1,0,0,0,1,0,0,1,0,2,0,1,1,0,1,0,2,2,2,0,0,1,0,0,0,0,0,0,1,0,2,0,0,0,2,2,0,0,0,2,1,0,0,0,0,0,0,0,1,0,0,0,0,0,0,1,2,2,0,0,0,2,0,1,0,1,0,2,0,2,0,0,0,0,1,0,0,0,0,0,2,0,0,2,0,0,0,0
HG04002,ITU,SAS,male,IT053,0,0,male,0,2,0,0,0,0,2,0,1,0,0,1,2,0,0,0,2,1,0,0,0,2,0,0,0,0,1,0,0,0,1,0,0,0,1,0,0,0,0,0,1,0,2,0,1,0,1,1,0,0,0,1,0,0,0,0,0,1,0,0,2,0,0,0,0,0,0,1,1,2,0,0,0,1,2,2,0,1,0,2,0,1,0,0,0,0,2,0,0,0,0,0,2,0,0,1,0,0,0,0
HG04003,STU,SAS,male,ST152,0,0,male,0,1,0,0,0,1,2,0,0,0,0,0,2,0,0,0,2,0,0,0,0,2,0,0,0,0,1,0,1,1,1,0,0,1,0,0,0,0,0,0,0,0,0,0,0,0,0,2,0,1,0,2,0,0,0,1,0,1,0,0,0,0,0,0,0,0,0,1,1,1,0,0,0,0,0,1,0,1,0,2,0,0,0,0,0,0,0,0,0,1,0,0,2,0,0,1,0,0,0,0
HG04006,STU,SAS,male,ST078,0,0,male,0,2,1,0,0,0,2,0,1,0,0,1,2,0,0,0,1,1,0,0,0,2,0,0,0,0,0,0,0,0,0,0,0,0,0,0,0,0,0,0,2,1,0,0,1,0,1,2,0,0,0,2,0,0,0,0,0,0,0,0,2,0,0,2,0,0,0,1,0,0,0,0,0,2,1,1,0,2,0,2,0,0,0,0,0,0,0,0,2,1,0,0,2,0,0,1,0,0,0,0
HG04014,ITU,SAS,female,IT059,0,0,female,0,0,1,0,1,2,2,0,1,0,0,0,1,1,0,0,2,0,0,0,0,2,0,0,0,0,1,0,0,0,0,0,0,0,0,1,0,0,0,0,0,0,1,0,1,0,1,1,0,0,0,2,0,0,0,0,0,0,0,0,0,0,0,0,1,0,0,0,2,1,0,0,0,0,1,0,0,1,0,1,0,0,1,0,0,0,0,0,1,0,0,0,1,0,0,0,0,0,0,0
HG04015,ITU,SAS,male,IT060,0,0,male,0,0,0,1,0,0,2,0,1,0,0,0,2,0,0,0,2,0,0,0,0,2,0,0,0,0,1,0,0,0,0,0,0,1,0,0,0,0,1,0,0,1,1,0,0,0,2,2,0,0,0,2,0,0,0,0,0,0,0,0,2,0,0,0,0,0,0,1,1,1,0,0,0,0,0,0,0,1,0,1,0,0,0,0,0,0,0,0,0,1,0,0,2,0,0,1,0,0,0,0
HG04017,ITU,SAS,male,IT061,0,0,male,0,2,2,0,0,0,2,0,0,0,1,0,1,0,0,0,2,0,0,0,2,2,0,1,0,0,1,0,0,0,0,0,0,0,0,0,0,0,0,0,0,0,2,0,0,0,2,1,0,0,0,2,0,0,0,0,0,1,0,0,1,0,0,0,1,0,0,1,1,1,0,0,0,1,2,2,0,1,0,1,0,1,0,0,0,0,1,0,0,1,0,0,2,0,0,1,0,0,1,0
HG04018,ITU,SAS,female,IT007,0,0,female,0,2,2,0,0,0,2,0,1,0,0,0,1,0,0,0,2,0,0,0,0,2,0,0,0,0,1,0,0,0,0,0,0,0,0,1,0,0,0,0,0,0,1,0,0,0,1,1,0,0,0,2,0,0,0,0,0,1,0,0,0,0,0,1,0,0,0,2,2,2,0,0,0,2,1,0,0,1,0,2,0,1,0,0,0,1,1,0,1,1,0,0,2,0,0,2,0,0,0,0
HG04019,ITU,SAS,male,IT056,0,0,male,0,1,1,0,0,0,2,0,0,0,0,0,0,0,0,0,1,1,0,1,0,2,0,0,0,0,1,0,1,1,2,0,0,1,0,1,0,0,0,0,1,0,1,0,0,0,2,2,0,0,0,2,0,0,0,0,0,1,0,0,0,0,0,0,0,0,0,2,1,1,0,0,0,2,1,2,0,1,0,2,0,1,0,0,0,0,1,0,0,1,0,0,2,0,0,1,0,0,0,0
HG04020,ITU,SAS,male,IT059,0,0,male,0,1,1,0,0,1,2,0,1,0,0,1,2,0,0,0,2,0,0,0,0,2,0,0,0,0,1,0,1,0,0,0,0,1,0,0,0,0,0,0,0,0,2,0,1,0,0,1,0,0,0,2,0,0,0,1,0,1,0,0,1,0,0,0,0,0,0,0,1,1,0,0,0,2,2,1,0,0,0,1,0,1,0,0,0,0,1,0,1,1,0,0,2,0,0,1,0,0,0,0
HG04022,ITU,SAS,male,IT062,0,0,male,0,0,1,0,0,0,2,0,0,0,0,1,1,2,1,0,2,0,0,2,0,2,0,0,0,0,1,0,0,0,0,0,0,1,0,0,0,0,0,0,0,0,1,0,1,0,1,0,0,0,0,2,0,0,0,0,0,0,0,0,1,0,0,0,0,0,0,2,0,1,0,0,0,0,2,1,0,1,0,1,0,0,0,0,0,0,0,0,0,1,0,0,2,0,0,1,0,0,0,0
HG04025,ITU,SAS,female,IT058,0,0,female,0,2,1,0,0,1,2,0,1,0,0,0,0,1,0,0,2,1,0,1,1,2,0,1,0,0,0,0,0,0,0,0,0,0,0,0,0,0,0,0,0,0,1,0,1,0,1,1,1,0,2,1,1,0,0,0,0,0,0,0,1,0,0,1,0,0,0,2,0,1,0,0,0,1,0,0,0,0,0,2,0,1,0,0,1,0,2,0,0,0,0,0,2,0,0,1,0,0,0,0
HG04026,ITU,SAS,female,IT061,0,0,female,0,2,2,0,0,1,2,0,0,0,1,0,2,0,0,0,2,0,0,0,0,2,0,0,0,0,1,0,0,0,0,0,0,1,0,0,0,0,0,0,0,1,1,0,0,0,2,1,0,0,0,2,0,0,0,0,0,1,0,0,1,0,0,0,0,0,0,1,1,1,0,0,0,2,1,0,0,0,0,2,0,1,0,0,0,0,1,0,0,1,0,0,1,0,0,1,0,0,0,0
HG04029,STU,SAS,female,ST154,0,0,female,0,0,0,0,0,2,2,0,1,0,0,0,2,0,0,0,1,0,0,0,1,2,0,0,0,0,0,0,0,0,0,0,1,1,0,0,0,0,0,0,2,0,0,0,0,0,2,2,0,0,0,2,2,0,0,0,0,0,0,0,1,0,0,0,0,0,0,0,0,0,0,0,0,1,2,1,0,0,0,1,0,0,0,0,0,1,1,0,0,2,0,0,2,0,0,2,0,0,0,0
HG04033,STU,SAS,male,ST076,0,0,male,0,2,0,0,0,0,2,0,0,0,1,1,2,2,0,0,1,1,0,0,1,2,0,0,0,0,1,0,0,0,1,0,0,1,0,0,0,1,0,0,1,0,1,0,1,0,1,2,1,0,0,2,0,0,0,1,0,0,0,0,2,0,0,1,0,0,0,1,0,1,0,0,0,1,0,1,0,1,0,2,0,0,0,0,0,0,1,0,0,0,0,0,1,0,0,2,1,0,0,0
HG04035,STU,SAS,female,ST094,0,0,female,0,0,1,0,0,0,2,0,0,0,0,0,2,0,0,0,2,1,0,1,0,2,0,1,1,0,2,0,1,1,1,0,0,1,1,0,0,0,1,0,1,0,1,0,0,0,2,2,0,0,0,2,0,0,0,0,0,2,0,0,1,0,0,0,0,0,0,2,0,1,0,0,0,2,0,2,0,1,0,0,0,0,1,0,0,0,0,0,0,1,0,0,2,0,0,1,0,0,0,0
HG04038,STU,SAS,female,ST170,0,0,female,0,1,1,0,0,1,2,0,2,0,0,1,2,1,0,0,2,1,0,0,0,2,0,0,0,0,0,0,0,0,1,0,0,0,0,0,0,0,0,0,0,1,1,0,0,0,1,2,0,0,1,2,1,0,0,0,0,0,0,0,2,0,0,0,0,0,0,1,0,0,0,0,0,2,2,1,0,1,0,2,0,0,0,0,1,0,0,0,0,1,0,0,2,0,0,2,0,0,1,0
HG04039,STU,SAS,male,ST172,0,0,male,0,1,0,0,0,0,2,0,1,0,0,1,1,2,1,0,2,0,0,0,0,2,0,0,0,0,0,0,0,0,0,0,0,0,0,0,0,0,0,0,2,0,2,0,0,0,1,1,0,0,0,2,1,0,0,0,0,0,0,0,2,0,0,0,0,0,0,2,0,2,0,0,0,1,2,0,0,0,0,2,0,0,0,0,0,0,2,0,1,0,0,0,2,0,0,2,0,0,0,0
HG04042,STU,SAS,female,ST171,0,0,female,0,0,1,0,0,1,2,0,0,0,0,2,2,0,0,0,2,0,0,0,0,2,0,0,0,0,1,0,0,0,0,0,0,0,1,0,0,0,0,0,0,0,1,0,0,0,0,1,0,0,0,2,0,0,0,0,0,0,0,0,2,0,0,0,0,0,0,2,1,2,0,0,0,0,0,1,0,1,0,0,0,0,0,0,0,0,1,0,0,1,0,0,2,0,0,2,0,0,0,0
HG04047,STU,SAS,female,ST173,0,0,female,0,1,1,0,0,0,2,0,0,0,0,1,1,0,0,0,2,0,0,1,0,2,0,0,0,0,1,0,0,0,0,0,0,0,1,1,0,0,0,0,0,0,2,0,2,0,2,1,0,0,0,2,0,0,0,0,0,0,0,0,2,0,0,0,0,0,0,1,2,1,0,0,0,1,0,1,0,0,0,2,0,0,0,0,0,1,0,0,0,1,0,0,2,0,0,2,0,0,0,0
HG04054,ITU,SAS,female,IT180,0,0,female,0,2,2,0,0,1,2,0,1,0,1,0,1,0,0,0,2,1,0,0,0,2,0,0,0,0,2,0,0,0,1,0,0,1,0,0,0,0,0,0,1,0,1,0,0,0,0,1,0,0,0,2,1,0,0,0,0,1,0,0,2,0,0,0,0,0,0,2,1,2,0,0,0,1,2,0,0,0,0,2,0,0,1,0,0,0,2,0,0,0,0,0,1,0,0,2,0,0,0,0
HG04056,ITU,SAS,male,IT180,0,0,male,0,1,0,0,0,0,2,0,1,0,1,0,1,0,0,0,2,1,0,0,0,2,0,0,0,0,2,0,0,0,0,0,0,0,0,0,0,0,0,0,1,0,1,0,0,0,2,2,0,0,0,2,0,0,0,0,0,0,0,0,1,0,0,0,1,0,0,1,1,2,0,0,0,2,2,1,0,0,0,1,0,1,0,0,0,1,1,0,0,1,0,0,1,0,0,2,0,0,0,0
HG04059,ITU,SAS,female,IT184,0,0,female,0,0,1,0,0,0,2,0,0,0,0,0,2,0,0,0,2,0,0,1,0,2,0,0,0,0,0,0,0,0,0,0,0,0,1,0,0,0,0,0,1,0,1,0,1,0,2,1,0,0,1,2,0,0,0,0,0,1,0,0,2,0,0,0,1,0,0,1,1,2,0,0,0,1,0,1,0,1,0,1,0,1,0,0,0,0,0,0,0,1,0,0,2,0,0,2,0,0,0,1
HG04060,ITU,SAS,male,IT183,0,0,male,0,1,0,0,0,0,2,0,0,0,0,2,2,0,0,0,2,1,0,1,0,2,0,0,0,0,1,0,0,0,1,0,0,0,0,1,0,0,0,0,1,0,1,0,0,0,1,1,1,0,0,2,0,0,0,0,0,0,0,0,1,0,0,0,0,0,0,1,1,2,0,0,0,1,2,1,0,1,0,2,0,1,1,0,0,0,0,0,0,0,0,0,2,0,0,1,0,0,0,0
HG04061,ITU,SAS,male,IT182,0,0,male,0,0,1,0,0,1,2,0,0,0,0,1,2,0,0,0,2,1,0,0,1,2,0,0,0,0,0,0,0,0,0,0,0,0,2,0,0,0,0,0,1,0,1,0,0,0,2,1,1,0,1,2,1,0,0,0,0,2,0,0,1,0,0,0,1,0,0,2,1,2,0,0,0,1,1,1,0,0,0,2,0,0,0,0,0,0,2,0,0,1,0,0,2,0,0,2,0,0,0,0
HG04062,ITU,SAS,female,IT182,0,0,female,0,1,2,0,0,0,2,0,1,0,0,1,1,1,1,0,2,0,0,0,0,2,0,0,0,0,0,0,1,1,1,0,0,1,1,0,0,0,0,0,0,2,0,0,0,0,1,0,0,0,0,2,0,0,0,1,0,1,0,0,0,0,0,0,1,0,0,1,0,1,0,0,0,2,2,2,0,0,0,2,0,0,1,0,0,0,0,0,0,1,0,0,2,0,0,1,0,0,0,0
HG04063,ITU,SAS,female,IT183,0,0,female,0,1,0,0,0,0,2,0,2,0,0,0,1,0,0,0,2,0,0,1,1,2,0,1,0,0,1,0,0,0,0,0,0,1,0,0,0,0,0,0,0,1,0,0,1,0,2,1,0,0,1,1,0,0,0,0,0,0,0,0,1,0,0,0,0,0,0,1,1,2,0,0,0,1,2,1,0,1,0,2,0,0,1,0,1,0,0,0,0,1,0,0,2,0,0,1,0,0,0,0
HG04070,ITU,SAS,female,IT45,0,0,female,0,1,2,1,0,0,2,0,0,0,0,2,1,0,0,0,2,1,0,0,0,2,0,0,0,0,1,0,0,0,0,0,0,0,0,0,0,0,0,0,0,1,1,0,0,0,2,2,0,0,1,1,0,0,0,0,0,0,0,0,0,0,0,0,0,0,0,1,2,2,0,0,0,2,1,2,0,0,0,2,0,2,0,0,0,0,2,0,0,0,0,0,2,0,0,2,0,0,0,0
HG04075,STU,SAS,female,ST190,0,0,female,0,1,0,0,0,1,2,0,1,0,0,1,2,0,0,0,2,0,0,1,0,2,0,0,0,0,0,0,0,0,0,0,0,0,1,0,0,0,0,0,1,0,1,0,0,0,1,1,0,0,0,2,0,0,0,0,0,0,0,0,1,0,0,0,0,0,0,2,1,2,0,0,0,1,1,0,0,1,0,2,0,0,0,1,1,0,0,0,0,0,0,0,2,0,0,2,0,0,0,0
HG04076,ITU,SAS,female,IT191,0,0,female,0,0,0,0,0,0,2,0,2,0,0,0,2,1,0,0,2,0,0,1,0,2,0,1,1,0,2,0,0,0,0,0,0,0,0,0,0,0,0,0,0,0,2,0,0,0,1,0,0,0,0,2,0,0,0,0,0,1,0,0,0,0,0,0,1,0,0,1,2,2,0,0,0,0,1,0,0,1,0,1,0,0,0,0,0,0,0,0,0,1,0,0,2,0,0,2,0,0,0,0
HG04080,ITU,SAS,male,IT194,0,0,male,0,0,0,0,0,0,2,0,1,0,0,1,2,0,0,0,1,0,0,1,0,2,0,0,0,0,2,0,0,0,1,0,0,0,1,0,0,0,0,0,0,0,1,0,0,0,2,1,0,0,0,2,0,0,0,1,0,0,0,0,1,0,0,0,0,0,0,2,1,2,0,0,0,2,1,1,0,0,0,2,0,0,0,0,1,0,0,0,0,0,0,0,2,0,0,2,0,0,1,0
HG04090,ITU,SAS,female,IT199,0,0,female,0,1,1,0,0,0,2,0,0,0,0,0,0,0,0,0,2,1,0,1,0,2,0,0,1,0,2,0,0,0,1,0,0,1,0,0,0,0,0,0,2,0,0,0,0,0,2,2,0,0,1,2,0,0,0,0,0,0,0,0,0,0,0,0,0,0,0,2,1,1,0,0,0,0,0,2,0,1,0,1,0,0,0,0,0,0,0,0,0,1,0,0,2,0,0,2,0,0,0,0
HG04093,ITU,SAS,male,IT199,0,0,male,0,1,0,0,0,0,2,0,1,0,0,1,2,0,0,0,2,0,1,1,0,2,0,0,0,0,0,0,0,0,1,0,0,2,1,0,0,0,0,0,0,0,0,0,0,0,1,1,0,0,2,2,0,0,0,0,0,0,0,0,0,0,0,0,0,0,0,1,2,1,0,0,0,1,0,1,0,0,0,2,0,1,0,0,0,0,0,0,0,0,0,0,1,0,0,1,0,0,0,0
HG04094,ITU,SAS,male,IT201,0,0,male,0,0,0,0,0,1,2,0,0,0,0,0,2,0,0,0,1,0,0,0,0,2,0,0,0,0,1,0,0,0,0,0,1,1,0,0,0,0,0,0,2,0,2,0,0,0,2,1,0,0,0,2,0,0,0,0,0,1,0,0,1,0,0,0,0,0,0,0,2,2,0,0,0,0,0,1,0,0,0,1,0,1,1,0,0,0,1,0,0,1,0,0,2,0,0,2,0,0,0,0
HG04096,ITU,SAS,male,IT202,0,0,male,0,0,0,0,0,0,2,0,1,0,0,0,1,0,0,0,2,1,0,0,2,2,0,0,0,0,2,0,0,0,0,0,0,0,0,0,0,0,0,0,0,0,1,0,0,0,2,2,0,0,0,2,1,0,0,0,0,1,0,0,1,0,0,1,0,0,0,2,1,1,0,0,0,1,1,1,0,1,0,2,0,2,1,0,0,1,1,0,1,0,0,0,1,0,0,2,0,0,0,0
HG04098,ITU,SAS,male,IT205,0,0,male,0,0,0,0,0,0,2,0,0,0,0,1,2,0,0,0,1,2,0,1,1,2,0,0,0,0,2,0,0,0,0,0,0,0,1,0,0,0,0,0,0,0,2,0,0,0,2,2,0,1,0,2,0,0,0,0,0,1,0,0,1,0,0,1,1,0,0,1,0,1,0,0,0,2,2,1,0,1,0,1,0,0,1,0,0,0,0,0,0,0,0,0,2,0,0,2,1,0,0,0
HG04099,STU,SAS,female,ST203,0,0,female,0,2,0,0,1,0,2,0,1,0,0,0,0,1,0,0,1,0,0,0,0,2,0,0,0,0,0,0,0,0,0,0,0,1,1,0,0,0,0,0,0,0,1,0,0,0,0,2,0,0,0,0,1,0,0,1,0,0,0,0,0,0,0,0,0,0,0,0,0,0,0,0,0,0,1,1,0,0,0,1,0,2,1,0,0,0,0,0,0,0,0,0,2,0,0,2,0,0,0,0
HG04100,STU,SAS,male,ST203,0,0,male,0,2,1,0,0,1,2,0,0,0,0,1,2,0,0,0,2,1,0,0,0,2,0,0,0,0,0,0,0,0,0,0,0,0,1,0,0,0,0,0,1,1,1,0,0,0,1,1,0,0,0,2,1,0,0,1,0,1,0,0,1,0,0,1,0,0,0,1,1,1,0,0,0,0,2,1,0,1,0,2,0,0,0,0,1,0,2,0,0,0,0,0,2,0,0,2,0,0,0,0
HG04106,STU,SAS,female,ST176,0,0,female,0,1,1,0,0,0,2,0,1,0,1,0,2,2,0,0,2,1,0,0,0,2,0,0,0,0,2,0,0,0,0,0,0,1,1,0,0,0,0,0,2,0,0,0,0,0,2,1,0,0,0,2,0,0,0,1,0,2,0,0,0,0,0,0,2,0,0,0,0,1,0,0,0,1,2,1,0,1,0,1,0,0,0,0,0,0,2,0,0,0,0,0,2,0,0,2,0,0,0,0
HG04107,STU,SAS,male,ST176,0,0,male,0,1,1,0,0,1,2,0,0,0,0,0,2,0,1,0,2,1,0,2,0,2,0,0,0,0,0,0,0,0,0,0,0,0,0,0,0,0,0,0,1,0,2,0,0,0,2,0,0,0,0,2,0,0,0,1,0,2,0,0,1,0,0,0,1,0,0,1,0,0,0,0,0,2,1,2,0,0,0,1,0,1,0,0,1,0,1,0,1,0,0,0,2,0,0,1,0,0,0,0
HG04118,ITU,SAS,female,IT214,0,0,female,0,2,2,0,0,0,2,0,2,0,0,1,2,0,0,0,2,1,0,0,1,2,0,0,0,0,1,0,0,0,0,0,1,1,0,0,0,0,0,0,1,0,0,0,0,0,1,2,0,1,2,2,0,0,0,0,0,1,0,0,1,0,0,0,0,0,0,1,1,2,0,0,0,0,0,1,0,0,0,1,0,0,1,0,0,0,1,0,0,0,0,0,2,0,0,2,0,0,0,0
HG04131,BEB,SAS,male,BD44,0,0,male,0,1,1,0,0,0,2,0,0,0,0,0,2,0,0,0,2,0,0,0,0,2,0,0,0,0,1,0,0,0,0,0,0,0,0,0,0,0,0,0,0,0,1,0,0,0,2,1,0,0,1,2,0,0,0,0,0,1,0,0,2,0,0,0,0,0,0,1,0,2,0,0,0,1,1,1,0,2,0,1,0,2,0,0,0,0,0,0,0,0,0,0,2,0,0,2,0,0,0,0
HG04134,BEB,SAS,male,BD45,0,0,male,0,1,0,0,0,0,2,0,0,0,0,1,1,0,0,0,2,0,0,1,1,2,0,1,1,0,0,0,0,0,0,0,1,1,1,0,0,0,0,0,1,0,1,0,0,0,0,2,0,0,0,2,0,0,0,0,0,0,0,0,1,0,0,0,0,0,0,2,1,1,0,0,0,1,1,1,0,1,0,1,1,0,1,0,0,0,0,0,1,1,0,0,2,0,0,2,0,0,0,0
HG04140,BEB,SAS,male,BD47,0,0,male,0,2,1,0,0,0,2,0,0,0,0,1,1,2,0,0,2,1,1,0,0,2,0,1,1,0,0,0,0,0,0,0,0,0,1,0,0,0,0,0,0,1,1,0,0,0,2,2,0,0,0,2,1,0,0,0,0,0,0,0,0,0,0,0,2,0,0,1,1,2,0,0,0,2,0,2,0,1,0,1,0,0,0,0,0,0,0,0,0,1,0,0,2,0,0,2,0,0,0,0
HG04141,BEB,SAS,female,BD47,0,0,female,0,0,0,0,0,0,2,0,1,0,0,1,2,0,0,0,2,2,0,1,0,2,0,1,0,0,1,0,0,0,0,0,0,0,0,0,0,0,0,0,1,0,2,0,0,0,2,1,0,0,1,2,0,0,0,1,2,0,0,0,0,0,0,0,0,0,0,0,1,1,0,0,0,2,2,2,0,1,0,2,0,2,0,0,0,0,1,0,0,1,0,0,2,0,0,2,0,0,0,0
HG04144,BEB,SAS,female,BD48,0,0,female,0,0,0,0,0,0,2,0,1,0,0,1,1,2,0,0,1,0,0,0,0,2,0,0,0,0,1,0,0,0,0,0,0,1,0,0,0,0,0,0,1,0,1,0,0,0,2,2,0,0,1,2,0,0,0,0,0,0,0,0,1,0,0,1,0,0,0,1,1,1,0,0,0,1,1,1,0,1,0,2,0,1,2,0,0,0,0,0,1,1,0,0,2,0,0,1,0,0,0,0
HG04146,BEB,SAS,male,BD49,0,0,male,0,1,0,0,0,1,2,0,0,0,0,0,1,0,0,0,2,0,0,1,0,2,0,0,0,0,0,0,0,0,0,0,1,1,0,0,0,0,0,0,0,0,1,0,0,0,1,2,0,0,0,2,0,0,0,1,0,1,0,0,1,0,0,0,0,0,0,1,1,0,0,0,0,1,2,1,0,1,0,1,0,0,0,0,1,0,1,0,0,1,0,0,2,0,0,2,0,0,0,0
HG04152,BEB,SAS,male,BD51,0,0,male,0,2,1,0,0,0,2,0,2,0,0,1,2,2,1,0,2,0,0,2,0,2,0,0,0,0,1,0,0,0,1,0,0,0,0,0,0,0,0,0,0,0,2,0,1,0,1,1,0,0,2,1,0,0,0,0,0,2,0,0,1,0,0,0,0,0,0,1,1,1,0,0,0,1,0,1,0,1,0,2,0,0,0,0,0,0,1,0,0,0,0,0,2,0,0,2,0,0,0,1
HG04153,BEB,SAS,female,BD51,0,0,female,0,2,0,0,0,1,2,0,0,0,0,1,2,0,0,0,2,0,0,1,0,2,0,0,0,0,0,0,0,0,0,0,0,1,0,1,0,0,0,0,0,0,1,0,0,0,2,2,0,0,0,2,0,0,0,0,0,1,0,0,1,0,0,1,0,0,0,1,1,2,0,0,0,0,1,2,0,0,0,1,0,1,0,0,1,0,1,0,0,0,0,0,2,0,0,2,0,1,0,0
HG04155,BEB,SAS,male,BD52,0,0,male,0,2,2,0,0,1,2,0,0,0,0,0,2,0,0,0,2,1,0,0,1,2,0,0,0,0,1,0,0,0,0,0,0,0,0,0,0,0,0,0,1,1,0,0,0,0,1,2,0,0,0,1,0,0,0,0,0,0,0,0,2,0,0,0,1,0,0,2,0,1,0,0,0,1,0,2,0,1,0,1,0,1,0,0,0,0,0,0,0,0,0,0,2,0,0,2,0,0,1,0
HG04156,BEB,SAS,female,BD52,0,0,female,0,1,1,0,0,0,2,0,0,0,1,0,2,0,0,0,1,1,0,0,0,2,0,0,0,0,0,0,0,0,1,0,0,1,0,0,0,0,0,0,2,0,1,0,1,0,1,1,0,0,1,2,1,0,1,1,0,0,0,0,2,0,0,0,0,0,0,2,0,1,0,0,0,0,1,1,0,1,0,1,0,1,1,0,0,0,0,0,0,1,0,0,2,0,0,1,0,0,0,0
HG04158,BEB,SAS,male,BD53,0,0,male,0,0,1,0,0,0,2,0,0,0,0,2,1,0,0,0,2,1,0,0,0,2,0,0,0,0,0,0,1,1,1,0,0,0,0,0,0,0,0,0,1,0,2,0,0,0,0,1,0,0,0,1,0,0,0,0,0,1,0,0,2,0,0,1,0,0,0,2,1,2,0,0,0,1,2,1,0,0,0,2,0,0,0,0,0,0,2,0,0,0,0,0,2,0,0,2,0,0,0,0
HG04159,BEB,SAS,female,BD53,0,0,female,0,1,0,0,0,0,2,0,1,0,0,0,1,0,0,0,2,1,0,1,1,2,0,0,0,0,1,0,0,0,0,0,0,0,1,1,0,0,0,0,1,0,1,0,0,0,2,2,1,0,0,2,1,0,0,0,0,0,0,0,0,0,0,0,0,0,0,1,0,0,0,0,0,0,2,1,0,1,0,1,0,0,1,0,0,0,0,0,1,1,0,0,2,0,0,2,0,0,0,0
HG04161,BEB,SAS,male,BD54,0,0,male,0,2,0,0,0,1,2,0,2,0,0,0,2,0,0,0,2,0,0,2,0,2,0,0,0,0,1,0,0,0,0,0,0,0,0,0,0,0,0,0,0,0,0,0,1,0,1,2,0,0,0,2,0,0,0,1,0,1,0,0,2,0,0,0,0,0,0,0,0,0,0,0,0,2,1,1,0,0,0,2,0,1,0,0,0,0,2,0,0,1,0,0,2,0,0,2,0,0,0,1
HG04162,BEB,SAS,female,BD54,0,0,female,0,2,1,0,0,0,2,0,1,0,0,0,2,0,0,0,2,1,0,1,0,2,0,0,0,0,0,0,0,0,0,0,0,1,0,1,0,0,0,0,2,0,1,0,0,0,2,2,0,0,0,2,0,0,0,0,0,1,0,0,1,0,0,0,0,0,0,2,1,1,0,0,0,0,1,1,0,0,0,1,0,1,1,0,0,0,1,0,0,1,0,0,2,0,0,2,0,0,0,1
HG04164,BEB,SAS,male,BD55,0,0,male,0,1,0,0,0,0,2,0,0,0,0,1,2,0,1,0,2,0,0,0,1,2,0,0,0,0,0,0,0,0,0,0,0,0,1,0,0,0,0,0,2,0,1,0,0,0,2,1,0,0,0,2,0,0,0,0,0,1,0,0,2,0,0,0,1,0,0,2,0,1,0,0,0,0,2,2,0,1,0,0,0,0,0,0,0,0,2,1,0,1,0,0,1,0,0,1,0,0,0,0
HG04171,BEB,SAS,female,BD57,0,0,female,0,2,1,0,0,0,2,0,0,0,0,0,2,0,0,0,2,1,0,0,0,2,0,0,0,0,2,0,0,0,0,0,1,0,0,0,0,0,0,0,1,0,1,0,1,0,2,2,0,0,0,2,0,0,0,0,0,1,0,0,2,0,0,0,0,0,0,1,1,1,0,0,0,1,1,2,0,0,0,2,0,1,0,0,0,0,1,0,0,1,0,0,2,0,0,2,0,0,0,0
HG04173,BEB,SAS,male,BD58,0,0,male,0,0,0,0,0,1,2,0,0,0,0,0,2,1,0,0,1,0,0,1,0,2,0,0,0,0,2,0,0,0,0,0,0,0,0,0,0,0,0,0,0,0,1,0,1,0,1,2,0,0,1,2,1,0,0,0,1,0,0,0,0,0,0,0,0,0,0,2,2,2,0,0,0,2,0,0,0,0,0,1,0,1,0,0,0,2,0,0,0,0,0,0,2,0,0,2,1,0,0,0
HG04176,BEB,SAS,male,BD59,0,0,male,0,0,1,0,0,0,2,0,1,0,0,1,2,1,0,0,2,0,0,0,0,2,0,0,0,0,0,0,0,0,0,0,0,0,0,0,0,0,0,0,0,1,1,0,0,0,0,1,0,0,0,1,0,0,0,1,0,2,0,0,0,0,0,0,0,0,0,0,1,1,0,0,0,2,2,0,0,1,0,1,0,1,0,0,0,0,2,0,0,1,0,0,2,0,0,2,0,0,0,0
HG04177,BEB,SAS,female,BD59,0,0,female,0,2,0,0,0,0,2,0,0,0,0,1,2,1,0,0,1,2,0,0,0,2,0,0,0,0,1,0,0,0,0,0,0,0,1,0,0,0,0,0,0,0,1,0,0,0,1,2,1,0,0,2,0,0,0,0,1,0,0,0,1,0,0,1,0,0,0,0,1,0,0,0,0,0,2,2,0,1,0,1,0,1,0,0,0,1,1,0,0,0,0,0,2,0,0,2,0,0,0,0
HG04180,BEB,SAS,female,BD60,0,0,female,0,1,2,0,0,0,2,0,0,0,0,2,2,0,0,0,2,0,0,1,0,2,0,0,0,0,0,0,0,0,0,0,0,0,1,1,0,0,0,0,1,1,1,0,0,0,1,1,0,0,1,1,0,0,0,1,0,2,0,0,1,0,0,0,0,0,0,1,0,0,0,0,0,1,0,1,0,1,0,2,0,0,0,0,0,0,2,0,0,1,0,0,2,0,0,2,0,0,0,0
HG04182,BEB,SAS,male,BD61,0,0,male,0,0,0,0,0,0,2,0,0,0,1,0,1,1,0,0,1,0,0,1,0,2,0,0,0,0,1,0,0,0,0,0,0,1,0,0,0,0,0,0,1,1,2,0,0,0,0,1,0,0,0,2,0,0,0,0,0,2,0,0,0,0,0,0,1,0,0,0,1,0,0,0,0,0,1,2,0,1,0,0,0,1,0,0,0,0,0,0,0,0,0,0,2,0,0,2,0,0,0,0
HG04183,BEB,SAS,female,BD61,0,0,female,0,0,0,0,0,0,2,0,1,0,0,1,1,2,0,0,2,1,0,0,0,2,0,0,0,0,1,0,0,0,0,0,0,0,0,0,0,0,0,0,0,0,2,0,0,0,0,2,0,0,0,2,0,0,0,1,0,1,0,0,1,0,0,0,0,0,0,2,2,2,0,0,0,2,0,1,0,1,0,2,0,1,0,0,0,0,1,0,0,1,0,0,1,0,0,1,0,0,0,0
HG04185,BEB,SAS,male,BD62,0,0,male,0,1,1,0,0,1,2,0,0,0,0,0,2,1,0,0,2,0,0,0,0,2,0,0,0,0,2,0,0,0,0,0,0,1,0,0,0,0,0,0,0,1,0,0,1,0,1,1,0,0,0,2,0,0,0,0,0,0,0,0,1,0,0,0,0,0,0,2,1,0,0,0,0,2,0,2,0,0,0,0,0,1,0,0,0,0,1,0,0,0,0,0,2,0,0,1,0,0,0,0
HG04186,BEB,SAS,female,BD62,0,0,female,0,2,0,0,0,1,2,0,2,0,0,2,1,0,0,0,1,1,0,0,0,2,0,0,0,0,0,0,0,0,0,0,0,1,0,0,0,0,0,0,0,0,2,0,0,0,1,2,0,0,0,1,0,0,0,0,0,0,0,0,2,0,0,0,0,0,0,2,0,0,0,0,0,0,0,0,0,2,0,1,0,1,0,0,0,0,1,0,1,1,0,0,2,0,0,1,0,0,0,0
HG04188,BEB,SAS,male,BD63,0,0,male,0,0,1,0,0,0,2,0,0,0,0,0,2,0,0,0,1,0,0,0,0,2,0,0,0,0,0,0,0,0,0,0,0,0,0,0,0,0,0,0,0,0,1,0,0,0,2,1,0,0,0,2,0,0,0,0,0,1,0,0,2,0,0,0,0,0,0,1,2,2,0,0,0,0,1,0,0,0,0,1,0,1,0,0,0,0,0,0,0,1,0,0,0,0,0,1,0,0,0,0
HG04189,BEB,SAS,female,BD63,0,0,female,0,1,1,0,0,0,2,0,0,0,0,0,2,1,0,0,2,0,0,1,0,2,0,0,0,0,1,0,0,0,0,0,0,0,1,0,0,0,0,0,0,0,1,0,1,0,2,1,0,0,1,2,0,0,0,0,0,0,0,0,2,0,0,0,1,0,0,1,1,1,0,0,0,0,1,0,0,0,0,1,0,1,1,0,0,0,0,0,0,0,0,0,2,0,0,1,0,0,0,0
HG04194,BEB,SAS,male,BD65,0,0,male,0,1,1,0,0,0,2,0,0,0,0,1,2,0,1,0,1,1,0,0,0,2,0,0,0,0,1,0,0,0,1,0,1,1,0,0,0,0,0,0,1,0,2,0,0,0,1,2,0,0,1,2,1,0,0,0,0,1,0,0,1,0,0,0,0,0,0,2,0,0,0,0,0,1,1,0,0,0,0,1,0,0,0,0,0,0,1,0,0,0,0,0,2,0,0,2,0,0,0,0
HG04195,BEB,SAS,female,BD65,0,0,female,0,1,1,0,0,0,2,0,0,0,0,2,1,0,0,0,2,1,0,0,0,2,0,0,0,0,0,0,0,0,0,0,0,0,1,0,0,0,0,0,0,1,1,0,1,0,1,1,0,0,0,2,0,0,0,0,0,1,0,0,1,0,0,1,0,0,0,1,1,1,0,0,0,0,1,2,1,1,0,0,0,1,0,0,0,0,1,0,1,0,0,0,2,0,0,2,0,0,0,0
HG04198,ITU,SAS,male,IT220,0,0,male,0,1,1,0,0,1,2,0,0,0,0,0,2,0,1,0,2,1,0,0,0,2,0,0,0,0,1,0,0,0,0,0,0,0,0,0,0,1,1,0,1,0,0,0,1,0,1,1,0,0,0,2,0,0,0,1,0,0,0,0,2,0,0,1,0,0,0,1,0,1,0,0,0,0,0,1,0,0,0,2,0,0,0,0,0,0,1,0,2,1,0,0,2,0,0,1,0,0,1,0
HG04200,ITU,SAS,female,IT220,0,0,female,0,1,1,1,0,0,2,0,0,0,0,0,2,0,0,0,1,1,0,1,0,2,0,0,0,0,0,0,0,0,1,0,0,1,0,0,0,0,0,0,1,0,2,0,0,0,2,1,0,0,0,2,0,0,0,0,0,1,0,0,2,0,0,0,0,0,0,2,1,1,0,0,0,1,2,1,0,1,0,1,0,0,0,0,0,0,1,0,0,1,0,0,0,0,0,2,0,0,0,0
HG04202,ITU,SAS,female,IT222,0,0,female,0,0,0,0,0,0,2,0,2,0,0,0,1,0,0,0,2,1,0,0,1,2,0,0,0,0,1,0,0,0,0,0,0,1,1,1,0,0,0,0,1,0,0,0,0,0,1,2,0,0,1,2,0,0,0,0,0,2,0,0,1,0,0,0,1,0,0,0,1,1,0,0,0,1,1,2,0,0,0,2,0,0,0,0,0,0,0,0,0,0,0,0,1,0,0,1,0,0,1,0
HG04206,ITU,SAS,male,HG04206,0,0,male,0,1,1,0,0,0,2,0,0,0,1,0,2,1,0,0,2,0,0,0,0,2,0,0,0,0,2,0,0,0,0,0,0,0,0,1,0,0,0,0,2,0,1,0,0,0,2,2,0,0,1,2,0,0,0,1,0,2,0,0,0,0,0,0,0,0,0,0,2,2,0,0,0,2,2,2,0,0,0,2,0,0,0,0,0,0,0,0,2,0,0,0,2,0,0,1,0,0,0,0
HG04209,ITU,SAS,female,IT217,0,0,female,0,1,0,1,0,0,2,0,0,0,0,0,2,0,0,0,2,0,0,0,0,2,0,0,0,0,0,0,0,0,1,0,0,0,0,0,0,0,0,0,0,0,1,0,0,0,2,2,0,0,1,1,0,0,0,0,0,1,0,0,0,0,0,0,0,0,0,0,2,2,0,0,0,2,2,0,1,2,0,2,0,1,0,0,0,0,2,0,1,1,0,0,2,0,0,1,0,0,0,0
HG04210,STU,SAS,male,ST186,0,0,male,0,1,2,0,0,0,2,0,0,0,0,1,1,0,0,0,2,0,0,1,0,2,0,0,0,0,1,0,0,0,0,0,0,0,1,0,0,0,0,0,0,0,1,0,0,0,1,0,0,0,0,2,0,0,0,0,0,1,0,0,1,0,0,0,1,0,0,1,2,2,0,0,0,1,1,1,0,0,0,2,0,0,0,0,0,0,1,0,0,0,0,0,2,0,0,2,0,0,0,0
HG04211,ITU,SAS,male,IT223,0,0,male,0,1,2,0,0,0,2,0,0,0,0,0,2,2,0,0,2,0,0,0,0,2,0,1,1,0,1,0,0,0,0,0,1,1,0,0,0,0,0,0,0,0,1,0,0,0,1,1,0,0,0,2,0,0,0,0,0,1,0,0,0,0,0,2,0,0,0,2,0,0,0,0,0,2,2,2,0,0,0,0,0,0,0,0,0,0,0,0,2,1,0,0,2,0,0,0,0,0,0,0
HG04212,ITU,SAS,female,IT223,0,0,female,0,1,1,0,0,0,2,0,1,0,0,1,1,2,0,0,2,0,0,0,1,2,0,0,0,0,1,0,0,0,0,0,0,0,0,1,0,0,0,0,1,0,1,0,1,0,2,2,0,0,1,2,0,0,0,0,0,2,0,0,1,0,0,0,0,0,0,1,0,0,0,0,0,1,1,1,0,1,0,1,0,1,1,0,0,0,0,0,0,1,0,0,1,0,0,2,0,0,0,0
HG04214,ITU,SAS,female,IT226,0,0,female,0,2,0,0,0,0,2,0,1,0,0,0,1,2,0,0,1,0,0,1,0,2,0,0,0,0,0,0,0,0,1,0,0,0,0,0,0,1,1,0,1,1,1,0,0,0,1,2,0,0,0,2,0,0,0,0,0,0,0,0,1,0,0,1,0,0,0,2,2,2,0,0,0,1,1,2,0,1,0,1,0,0,0,0,0,1,1,0,0,1,0,0,2,0,0,1,0,0,0,0
HG04216,ITU,SAS,female,IT227,0,0,female,0,1,1,0,1,0,2,0,1,0,0,1,1,0,0,0,2,0,0,0,0,2,0,0,0,0,1,0,0,0,1,0,0,0,0,0,0,1,0,0,0,0,2,0,1,0,1,1,0,0,0,2,0,0,0,1,0,0,0,0,2,0,0,1,0,0,0,0,1,1,0,0,0,0,1,1,0,0,0,0,0,0,0,0,0,0,1,0,0,1,0,0,2,0,0,2,0,0,0,0
HG04219,ITU,SAS,male,IT228,0,0,male,0,1,1,0,0,0,2,0,2,0,0,1,2,0,0,0,2,0,0,0,1,2,0,0,0,0,1,0,0,0,0,0,1,0,0,0,0,0,0,0,2,1,1,0,0,0,1,2,0,0,1,2,0,0,0,0,0,1,0,0,0,0,0,0,0,0,0,2,1,1,0,0,0,0,1,2,0,0,0,2,0,1,0,0,0,0,1,0,0,0,0,0,2,0,0,2,0,0,0,0
HG04222,ITU,SAS,male,IT225,0,0,male,0,1,0,0,0,1,2,0,0,0,1,0,1,0,0,0,2,1,0,1,0,2,0,0,0,0,1,0,0,0,0,0,0,0,1,0,0,0,0,0,0,0,1,0,1,0,1,1,0,0,0,1,0,0,0,0,0,1,0,0,0,0,0,0,0,0,0,2,1,2,0,0,0,1,0,1,0,1,0,2,1,1,1,0,1,0,0,0,1,0,0,0,1,0,0,2,0,0,1,0
HG04225,ITU,SAS,male,IT231,0,0,male,0,1,1,0,0,0,2,0,1,0,0,0,1,2,0,0,1,1,0,0,0,2,0,0,0,0,0,0,0,0,0,0,0,0,1,0,0,0,0,0,0,0,2,0,0,0,2,2,0,0,1,1,0,0,0,0,0,1,0,0,2,0,0,0,0,0,0,2,0,1,0,0,0,2,1,0,0,0,0,2,0,0,1,0,0,0,2,0,0,0,0,0,2,0,0,1,0,0,0,1
HG04227,STU,SAS,female,ST232,0,0,female,0,1,2,0,0,0,2,0,0,0,0,1,2,2,0,0,1,0,0,0,0,2,0,0,0,0,0,0,1,1,1,0,0,0,0,0,0,0,0,0,1,0,1,0,0,0,2,1,0,0,0,2,0,0,0,1,0,1,0,0,2,0,0,0,0,0,0,0,1,2,0,0,0,2,0,0,0,1,0,2,0,0,0,0,0,0,1,0,0,1,0,0,2,0,0,2,0,0,0,0
HG04229,STU,SAS,male,ST232,0,0,male,0,1,1,0,0,1,2,0,0,0,0,0,1,0,0,0,1,0,0,0,0,2,0,0,0,0,2,0,0,0,0,0,0,0,0,0,0,0,0,0,0,0,2,0,1,0,0,1,1,0,1,2,0,0,0,1,0,1,0,0,0,0,0,0,0,0,0,1,0,0,0,0,0,1,0,2,0,0,0,2,0,0,0,0,1,0,0,0,0,1,0,0,2,0,0,1,0,0,0,0
HG04235,ITU,SAS,male,IT237,0,0,male,0,2,1,0,0,0,2,0,0,0,0,1,2,2,0,0,2,1,0,0,0,2,0,0,0,0,0,0,0,0,0,0,0,0,1,0,0,0,0,0,1,0,0,0,0,0,0,0,0,0,0,2,0,0,0,0,0,2,0,0,2,0,0,0,0,0,0,2,0,0,0,0,0,1,1,1,0,1,0,2,0,0,0,0,0,0,0,0,0,1,0,0,2,0,0,1,0,0,0,0
HG04238,ITU,SAS,male,IT240,0,0,male,0,1,2,0,0,0,2,0,0,0,0,1,1,0,0,0,1,0,0,0,0,2,0,0,0,0,1,0,0,0,0,0,0,1,1,0,0,0,0,0,1,0,1,0,1,0,1,1,0,0,0,2,0,0,0,0,0,0,0,0,2,0,0,0,0,0,0,1,2,2,0,0,0,1,0,2,0,1,0,2,0,0,1,0,0,0,1,0,0,1,0,0,2,0,0,2,0,0,0,0
HG04239,ITU,SAS,male,HG04239,0,0,male,0,2,1,0,0,1,2,0,0,0,1,0,2,0,0,0,2,0,0,0,0,2,0,0,0,0,1,0,0,0,0,0,1,1,0,0,0,0,0,0,0,0,1,0,0,0,2,2,0,0,1,1,0,0,0,0,0,0,0,0,2,0,0,0,1,0,0,1,2,2,0,0,0,0,1,2,0,2,0,2,0,1,0,0,1,0,0,0,0,0,0,0,2,0,0,2,0,0,0,0
NA06984,CEU,EUR,male,1328,0,0,male,0,1,1,0,0,0,2,0,0,0,0,1,2,0,0,0,2,1,0,1,1,2,0,0,0,0,0,0,0,0,0,0,1,1,0,0,0,0,0,0,0,0,0,0,0,0,0,2,1,0,1,2,0,0,0,0,0,0,0,0,1,0,0,0,0,0,0,2,1,1,0,0,0,0,1,1,0,0,0,0,0,0,0,0,0,0,0,0,0,0,0,0,2,0,0,2,0,0,0,0
NA06985,CEU,EUR,female,1341,0,0,female,0,1,0,0,0,0,2,0,1,0,0,0,2,0,0,0,2,0,0,1,0,2,0,0,0,0,0,0,0,0,0,0,0,0,0,0,0,0,0,0,1,1,0,0,0,0,2,2,0,0,0,2,0,0,0,0,0,1,0,0,1,0,0,0,0,0,0,1,2,1,0,0,0,1,1,2,0,0,0,0,1,1,0,0,0,2,0,0,0,1,0,0,2,0,0,1,0,0,1,0
NA06986,CEU,EUR,male,13291,0,0,male,0,0,0,0,0,0,2,0,1,0,0,0,1,0,0,0,2,0,0,0,0,2,0,0,0,0,1,0,0,0,1,0,0,2,0,0,0,0,0,0,1,0,2,0,0,0,2,2,0,1,0,2,0,0,0,0,2,0,0,0,2,0,0,0,0,0,0,1,1,1,0,0,0,1,2,2,0,1,0,1,1,1,0,0,0,1,0,0,0,0,0,0,2,0,0,1,0,0,0,0
NA06989,CEU,EUR,female,1328,0,0,female,0,0,0,0,0,0,2,0,0,0,0,0,2,0,0,0,1,1,0,1,0,2,0,0,0,0,1,0,0,0,1,0,0,0,0,0,0,0,1,0,0,0,2,0,0,0,1,2,0,0,1,2,0,0,0,0,0,0,0,0,2,0,0,0,0,0,0,0,2,2,0,0,0,1,1,1,0,1,0,0,1,0,0,0,0,1,0,0,0,1,0,0,2,0,0,1,0,0,0,0
NA06994,CEU,EUR,male,1340,0,0,male,0,1,0,0,0,0,2,0,2,0,0,0,2,2,0,0,2,2,0,0,0,2,0,0,0,0,0,0,1,0,0,0,0,0,0,0,0,0,0,0,0,0,2,0,0,0,1,1,0,0,1,2,0,0,0,0,0,0,0,0,1,0,0,0,0,0,0,1,2,2,0,0,0,1,2,2,0,1,0,2,2,1,0,0,0,0,0,0,0,1,0,0,2,0,0,2,0,0,0,0
NA07000,CEU,EUR,female,1340,0,0,female,0,2,0,0,0,0,2,0,0,0,0,0,2,0,0,0,0,1,0,1,0,2,0,0,0,0,1,0,0,0,0,0,1,2,0,1,0,0,0,0,2,0,1,0,0,0,1,2,0,0,0,2,0,0,0,0,0,0,0,0,0,0,0,0,0,0,0,0,1,2,0,0,0,1,1,2,1,1,0,1,0,0,0,1,0,1,0,0,0,0,0,0,2,0,0,2,0,0,0,0
NA07037,CEU,EUR,female,13291,0,0,female,0,2,0,0,0,0,2,0,0,0,0,1,2,0,0,0,1,0,0,2,0,2,0,0,0,0,0,0,0,0,0,0,0,1,0,0,0,0,0,0,0,0,1,0,0,0,2,2,1,0,0,2,0,0,0,1,0,0,0,0,1,0,0,1,0,0,0,0,2,1,0,0,0,2,1,2,0,0,0,2,0,1,0,1,0,1,1,0,0,1,0,0,2,0,0,2,0,0,0,0
NA07048,CEU,EUR,male,1341,NA07034,NA07055,male,0,0,0,0,0,0,2,0,0,0,0,1,2,0,0,0,1,0,0,0,0,2,0,0,0,0,0,0,0,0,0,0,0,0,0,0,0,0,0,0,1,0,1,0,0,0,2,2,0,0,0,2,0,0,0,1,0,1,0,0,1,0,0,0,0,0,0,1,2,2,0,0,0,1,0,2,0,2,0,2,0,0,0,0,0,1,1,0,0,0,0,0,2,0,0,1,0,0,0,0
NA07051,CEU,EUR,male,13292,0,0,male,0,2,0,0,0,0,2,0,1,0,0,1,1,0,0,0,2,0,0,1,0,2,0,0,0,0,0,0,0,0,1,0,0,0,0,0,0,0,0,0,0,0,2,0,0,0,1,2,0,0,2,2,0,0,0,0,0,0,0,0,0,0,0,0,0,0,0,1,2,2,0,0,0,1,2,1,0,0,0,1,1,0,0,0,0,0,0,0,0,0,0,0,2,0,0,2,0,0,1,0
NA07056,CEU,EUR,female,1340,0,0,female,0,1,0,0,0,0,2,0,1,0,0,1,2,0,0,0,1,0,0,0,0,2,0,0,0,0,0,0,0,0,0,0,0,0,1,0,0,1,0,0,0,0,1,0,0,0,0,0,0,0,0,2,0,0,0,0,0,1,0,0,2,0,0,0,0,0,0,0,2,2,0,0,0,2,1,1,0,0,0,0,0,1,0,0,0,0,0,0,0,1,0,0,2,0,0,2,0,0,0,0
NA07347,CEU,EUR,male,1345,0,0,male,0,2,1,0,0,0,2,0,0,0,0,1,0,0,0,0,1,1,0,1,1,2,0,0,0,0,0,0,0,0,1,0,0,1,1,0,0,0,0,0,0,0,1,0,0,0,0,2,0,0,1,2,0,0,0,1,0,1,0,0,1,0,0,0,0,0,0,2,1,1,0,0,0,2,0,1,0,1,0,1,0,0,0,0,0,1,0,0,0,1,0,0,2,0,0,2,0,0,0,0
NA07357,CEU,EUR,male,1345,0,0,male,0,1,0,0,0,0,2,0,0,0,0,1,2,0,0,0,2,1,0,0,0,2,0,0,0,0,0,0,0,0,0,0,0,1,0,0,0,0,1,0,1,0,1,0,0,0,2,2,0,0,0,2,0,0,0,1,0,2,0,0,0,0,0,2,0,0,0,0,2,1,0,0,0,1,1,2,0,0,0,1,0,2,0,0,0,1,0,0,0,0,0,0,2,0,0,2,0,0,0,0
NA10847,CEU,EUR,female,1334,NA12146,NA12239,female,0,2,1,0,0,0,2,0,0,0,0,0,2,1,0,0,2,1,0,0,1,2,0,0,0,0,0,0,0,0,0,0,0,1,0,0,0,0,0,0,0,0,2,0,0,0,0,2,0,0,1,2,0,0,0,0,0,1,0,0,0,0,0,1,0,0,0,0,1,1,0,0,0,1,1,1,0,2,0,2,0,0,0,0,0,0,0,0,0,1,0,0,2,0,0,0,1,0,0,0
NA10851,CEU,EUR,male,1344,NA12056,NA12057,male,0,0,0,0,0,0,2,0,1,0,0,1,1,2,0,0,2,1,0,1,0,2,0,0,0,0,1,0,0,0,0,0,0,1,0,1,0,0,0,0,0,0,1,0,0,0,1,2,0,0,1,2,0,0,0,0,0,2,0,0,0,0,0,0,0,0,0,0,1,1,0,0,0,1,0,1,0,1,0,0,0,0,0,0,1,0,0,0,0,0,0,0,2,0,0,1,0,0,0,0
NA11829,CEU,EUR,male,1350,0,0,male,0,1,0,0,0,0,2,0,0,0,0,0,1,0,0,0,2,0,0,1,0,2,0,0,0,0,0,0,0,0,0,0,0,0,1,0,0,0,0,0,0,0,2,0,0,0,0,2,0,1,1,2,0,0,0,0,2,1,0,0,1,0,0,1,0,0,0,0,2,2,0,0,0,1,1,2,0,1,0,1,0,1,0,0,0,2,0,1,1,0,0,0,2,0,0,0,0,0,0,0
NA11830,CEU,EUR,female,1350,0,0,female,0,0,0,0,0,0,2,0,1,0,0,1,2,0,0,0,2,0,0,1,1,2,0,0,0,0,0,0,0,0,0,0,0,0,0,0,0,0,0,0,1,0,1,0,0,0,0,2,0,0,1,2,0,0,0,0,0,0,0,0,2,0,0,0,0,0,0,0,2,1,0,0,0,1,0,1,0,0,0,1,0,0,0,0,0,1,1,0,1,0,0,0,2,0,0,2,0,0,0,0
NA11831,CEU,EUR,male,1350,0,0,male,0,1,0,0,0,0,2,0,0,0,0,0,2,0,0,0,2,0,0,0,0,2,0,0,0,0,0,0,0,0,0,0,0,1,1,0,0,0,0,0,0,0,1,0,0,0,0,2,0,0,1,2,0,0,0,0,0,1,0,0,1,0,0,1,0,0,0,0,2,1,0,0,0,1,1,1,0,0,0,2,0,0,0,0,1,0,1,0,0,0,0,0,2,0,0,2,0,0,0,0
NA11832,CEU,EUR,female,1350,0,0,female,0,1,1,0,0,0,2,0,0,0,0,1,0,1,0,0,1,0,0,1,1,2,0,0,0,0,0,0,0,0,0,0,0,1,0,0,0,0,1,0,0,0,1,0,0,0,1,2,0,0,0,2,0,0,0,0,0,2,0,0,2,0,0,0,1,0,0,2,1,1,0,0,0,1,2,1,0,2,0,1,0,0,0,0,1,0,1,0,0,1,0,0,2,0,0,2,0,0,0,0
NA11840,CEU,EUR,female,1349,0,0,female,0,2,0,0,0,0,2,0,0,0,0,1,2,0,0,0,2,0,0,1,0,2,0,0,0,0,0,0,0,0,0,0,0,0,0,0,0,1,1,0,0,0,2,0,0,0,0,1,0,0,0,2,0,0,0,1,0,0,0,0,2,0,0,1,1,0,0,0,2,2,0,0,0,1,1,1,0,0,0,2,0,0,0,0,1,1,0,0,0,0,0,0,2,0,0,2,0,0,0,0
NA11843,CEU,EUR,male,1349,0,0,male,0,2,0,0,0,0,2,0,0,0,0,0,2,0,0,0,1,0,0,0,0,2,0,0,0,0,0,0,0,0,0,0,0,0,0,0,0,1,1,0,0,0,1,0,2,0,2,2,0,0,1,2,0,0,0,0,0,1,0,0,2,0,0,1,0,0,0,0,1,2,0,0,0,1,0,2,0,1,0,1,0,0,0,0,0,0,0,0,0,1,0,0,2,0,0,2,0,0,0,0
NA11881,CEU,EUR,male,1347,0,0,male,0,0,0,0,0,0,2,0,0,0,0,2,1,0,0,0,1,1,0,1,0,2,0,0,0,0,0,0,0,0,0,0,0,0,0,0,0,0,1,0,1,0,1,0,0,0,2,2,0,0,0,2,0,0,0,0,0,0,0,0,1,0,0,1,0,0,0,0,2,2,0,0,0,1,0,1,0,2,0,1,0,0,0,1,0,0,1,0,0,0,0,0,2,0,0,1,1,0,0,0
NA11892,CEU,EUR,female,1377,0,0,female,0,0,1,0,0,0,2,0,0,0,0,0,1,0,0,0,2,0,0,1,0,2,0,1,1,0,0,0,0,0,0,0,0,0,0,0,0,1,1,0,0,0,1,0,0,0,2,2,0,0,1,2,0,0,0,0,0,1,0,0,1,0,0,0,0,0,0,1,2,2,0,0,0,2,0,2,0,1,0,1,0,0,0,0,1,1,1,0,0,1,0,0,1,0,0,1,1,0,0,0
NA11893,CEU,EUR,male,1377,0,0,male,0,1,0,0,0,0,2,0,0,0,0,1,1,0,0,0,1,1,0,1,0,2,0,1,1,0,0,0,1,0,0,0,0,0,0,0,0,1,1,0,1,0,0,0,0,0,1,1,0,0,0,2,0,0,0,0,0,1,0,0,2,0,0,1,0,0,0,1,2,2,0,0,0,2,0,2,0,1,0,1,1,0,0,1,0,0,0,0,0,0,0,0,2,0,0,2,0,0,0,0
NA11894,CEU,EUR,female,1377,0,0,female,0,0,0,0,0,0,2,0,0,0,0,1,2,0,0,0,1,0,0,1,0,2,0,0,0,0,0,0,0,0,0,0,0,0,0,0,0,1,0,0,0,0,2,0,1,0,1,2,0,0,0,2,0,0,0,0,0,1,0,0,0,0,0,0,0,0,0,1,2,2,0,0,0,0,1,1,0,0,0,0,0,1,0,0,1,0,0,0,0,1,0,0,2,0,0,1,1,0,0,0
NA11918,CEU,EUR,female,1423,0,0,female,0,1,1,0,0,0,2,0,1,0,0,0,2,0,0,0,1,0,0,2,1,2,0,0,0,0,0,0,0,0,0,0,0,1,0,0,0,0,0,0,0,0,1,0,0,0,1,1,0,0,2,2,0,0,0,0,1,0,0,0,1,0,0,0,0,0,0,0,2,2,0,0,0,2,0,1,1,0,0,0,0,0,1,0,0,0,0,1,0,1,0,0,2,0,0,2,0,0,0,0
NA11919,CEU,EUR,male,1423,0,0,male,0,2,0,0,0,0,2,0,0,0,0,0,2,0,0,0,2,0,0,1,1,2,0,0,0,0,0,0,0,0,1,0,0,0,0,0,0,0,0,0,1,0,1,0,0,0,1,2,0,0,0,2,0,0,0,0,0,2,0,0,1,0,0,0,0,0,0,0,1,1,0,0,0,1,1,1,0,0,0,1,0,0,0,0,0,0,0,0,0,0,0,0,2,0,0,1,0,0,0,0
NA11920,CEU,EUR,female,1423,0,0,female,0,2,0,0,0,0,2,0,0,0,0,1,2,0,0,0,2,1,0,2,0,2,0,0,0,0,0,0,1,0,0,0,0,0,0,0,0,0,0,0,2,0,1,0,1,0,1,2,0,0,0,2,0,0,0,1,0,0,0,0,0,0,0,1,0,0,0,0,2,1,0,0,0,2,1,1,0,0,0,1,0,0,0,0,0,1,0,0,0,0,0,0,2,0,0,2,0,0,0,0
NA11930,CEU,EUR,male,1424,0,0,male,0,1,0,0,0,0,2,0,1,0,0,1,2,0,0,0,2,1,0,1,1,2,0,0,0,0,0,0,0,0,0,0,0,0,0,0,0,0,0,0,0,1,0,0,1,0,1,0,0,1,0,2,0,0,0,1,1,0,0,0,2,0,0,1,1,0,0,0,1,0,0,0,0,0,0,2,0,0,0,1,0,0,0,0,0,0,1,0,0,0,0,0,2,0,0,2,0,0,0,0
NA11931,CEU,EUR,female,1424,0,0,female,0,1,1,0,0,0,2,0,1,0,0,1,2,0,0,0,1,0,0,1,0,2,0,0,0,0,0,0,0,0,1,0,0,1,0,0,0,0,0,0,0,1,0,0,0,0,1,2,0,0,1,2,1,0,0,0,0,0,0,0,2,0,0,0,0,0,0,0,2,1,0,0,0,1,0,2,0,1,0,2,0,0,0,0,0,1,0,0,0,0,0,0,2,0,0,1,0,0,0,0
NA11932,CEU,EUR,male,1424a,0,0,male,0,1,0,0,0,0,2,0,0,0,0,0,2,0,0,0,1,0,0,2,0,2,0,0,0,0,0,0,0,0,1,0,0,0,0,0,0,0,0,0,0,0,2,0,0,0,2,2,0,0,1,2,0,0,0,0,1,2,0,0,1,0,0,1,0,0,0,0,2,1,0,0,0,1,1,2,0,1,0,1,0,0,0,0,0,0,0,0,1,1,0,0,2,0,0,2,0,0,0,0
NA11933,CEU,EUR,female,1424a,0,0,female,0,1,0,0,0,1,2,0,0,0,0,2,1,0,0,0,2,1,0,1,0,2,0,0,0,0,0,0,0,0,0,0,0,0,0,0,0,0,0,0,0,0,2,0,1,0,0,2,0,0,1,2,0,0,0,1,0,1,0,0,1,0,0,1,0,0,0,0,2,2,0,0,0,0,1,1,0,1,0,1,0,0,0,0,0,1,0,0,0,0,0,0,2,0,0,2,0,0,0,0
NA11992,CEU,EUR,male,1362,0,0,male,0,2,0,0,0,0,2,0,2,0,0,1,2,2,0,0,2,0,0,1,0,2,0,0,0,0,0,0,0,0,1,0,0,0,1,0,0,0,0,0,1,0,1,0,1,0,2,2,0,0,0,2,0,0,0,0,0,1,0,0,2,0,0,0,0,0,0,0,0,0,0,0,0,2,0,2,0,0,0,2,0,0,0,1,0,1,0,0,0,1,0,0,2,0,0,2,0,0,0,0
NA11994,CEU,EUR,male,1362,0,0,male,0,1,0,0,0,0,2,0,0,0,0,1,2,0,0,0,1,0,0,1,0,2,0,2,2,0,0,0,0,0,0,0,0,1,0,1,0,0,0,0,0,0,2,0,0,0,0,1,0,0,0,2,0,0,0,0,0,0,0,0,2,0,0,0,0,0,0,1,2,2,0,0,0,1,1,1,0,0,0,2,1,0,0,0,0,0,0,1,0,0,0,0,2,0,0,1,0,0,0,0
NA11995,CEU,EUR,female,1362,0,0,female,0,1,0,0,0,0,2,0,0,0,0,2,2,0,0,0,2,0,0,2,0,2,0,0,0,0,0,0,0,0,0,0,0,1,0,0,0,0,0,0,0,0,1,0,0,0,2,2,0,0,0,2,0,0,0,0,0,0,0,0,1,0,0,0,0,0,0,2,2,1,0,0,0,0,1,2,0,1,0,0,0,0,0,0,0,0,1,0,0,1,0,0,2,0,0,2,0,0,0,0
NA12003,CEU,EUR,male,1420,0,0,male,1,1,1,0,0,0,2,0,0,0,0,1,2,0,0,0,2,0,0,0,0,2,0,1,1,0,0,0,0,0,2,0,0,2,0,0,0,0,0,0,1,0,2,0,0,0,1,1,0,0,0,1,0,0,0,0,0,2,0,0,0,0,0,1,0,0,0,0,2,2,0,0,0,1,1,1,0,0,0,0,1,1,0,0,0,0,2,0,0,0,0,0,2,0,0,2,0,0,0,0
NA12004,CEU,EUR,female,1420,0,0,female,0,1,0,0,0,0,2,0,0,0,0,0,2,2,0,0,1,0,0,2,0,2,0,0,1,0,0,0,0,0,0,0,0,1,0,0,0,0,1,0,1,0,0,0,0,0,2,2,0,0,0,2,0,0,0,0,0,1,0,0,0,0,0,2,0,0,0,0,1,2,0,0,0,0,0,2,0,1,0,2,0,1,0,0,0,0,1,0,0,0,0,0,2,0,0,2,0,0,0,0
NA12005,CEU,EUR,male,1420,0,0,male,0,2,0,0,0,0,2,0,0,0,0,0,1,0,0,0,2,1,0,2,0,2,0,0,0,0,0,0,0,0,0,0,0,1,0,0,0,0,0,0,1,0,1,0,0,0,2,2,0,0,0,2,0,0,0,1,0,1,0,0,2,0,0,0,0,0,0,1,1,0,0,0,0,2,2,2,0,2,0,0,0,1,0,0,0,1,0,0,0,0,0,0,2,0,0,1,0,0,0,0
NA12006,CEU,EUR,female,1420,0,0,female,0,1,0,0,0,0,2,0,0,0,0,1,2,0,0,0,2,0,0,1,0,2,0,0,0,0,0,0,0,0,0,0,0,0,1,0,0,0,0,0,1,1,2,0,0,0,0,2,0,0,0,1,0,0,0,0,0,1,0,0,2,0,0,2,0,0,0,0,2,1,0,0,0,2,1,2,1,1,0,1,0,0,0,0,0,0,0,0,0,1,0,0,2,0,0,2,0,0,0,0
NA12043,CEU,EUR,male,1346,0,0,male,0,1,0,0,0,0,2,0,1,0,0,1,2,0,0,0,1,0,0,1,0,2,0,0,0,0,1,0,0,0,0,0,0,0,0,0,0,0,0,0,1,0,2,0,0,0,0,2,0,0,1,2,0,0,0,0,0,1,0,0,2,0,0,0,0,0,0,0,2,2,0,0,0,0,0,2,0,0,0,0,0,1,0,1,1,0,1,0,0,0,0,0,2,0,0,2,0,0,0,0
NA12044,CEU,EUR,female,1346,0,0,female,0,1,0,0,0,0,2,0,0,0,0,0,0,2,0,0,1,0,0,0,0,2,0,0,0,0,2,0,0,0,0,0,0,0,0,0,0,1,0,0,1,1,1,0,0,0,2,1,0,0,1,2,0,0,0,0,0,0,0,0,1,0,0,0,0,0,0,1,2,2,0,0,0,1,1,1,0,1,0,0,0,1,0,0,0,0,2,0,0,1,0,0,1,0,0,2,0,0,0,0
NA12045,CEU,EUR,male,1346,0,0,male,0,1,0,0,0,0,2,0,1,0,0,2,1,0,0,0,2,2,0,1,0,2,0,0,0,0,0,0,0,0,0,0,0,0,0,0,0,0,0,0,0,0,1,0,0,0,1,1,0,0,0,2,0,0,0,0,1,1,0,0,1,0,0,1,0,0,0,0,2,1,0,0,0,0,0,2,0,0,0,0,0,0,0,0,0,1,0,0,0,0,0,0,2,0,0,1,0,0,0,0
NA12046,CEU,EUR,female,1346,0,0,female,0,1,1,0,0,0,2,0,0,0,0,2,2,0,0,0,1,0,0,2,0,2,0,0,0,0,0,0,0,0,0,0,0,0,0,0,0,1,0,0,1,0,0,0,1,0,1,2,0,0,1,2,0,0,0,0,0,0,0,0,1,0,0,1,0,0,0,2,2,2,0,0,0,1,0,2,0,0,0,1,0,0,0,0,0,0,0,0,0,1,0,0,2,0,0,2,0,0,0,0
NA12058,CEU,EUR,female,1344,0,0,female,0,1,0,0,0,0,2,0,1,0,0,0,2,0,0,0,2,1,0,0,0,2,0,0,0,0,0,0,1,0,0,0,0,0,0,0,0,0,0,0,1,0,1,0,0,0,1,2,0,0,0,2,0,0,0,0,0,2,0,0,1,0,0,1,0,0,0,1,1,1,0,0,0,0,1,2,0,0,0,1,0,0,0,0,0,0,1,0,0,2,0,0,2,0,0,2,0,0,0,0
NA12144,CEU,EUR,male,1334,0,0,male,0,1,0,0,0,0,2,0,0,0,0,0,2,2,0,0,2,0,0,2,0,2,0,0,0,0,0,0,0,0,1,0,0,0,0,0,0,0,0,0,1,0,1,0,0,0,1,2,0,0,0,2,0,0,0,0,0,1,0,0,1,0,0,1,0,0,0,0,2,1,0,0,0,2,1,2,0,0,0,1,0,0,0,0,0,0,1,0,0,0,0,0,2,0,0,1,1,0,0,0
NA12154,CEU,EUR,male,1408,0,0,male,0,0,1,0,0,0,2,0,0,0,0,1,2,0,0,0,2,1,0,2,0,2,0,0,0,0,0,0,0,0,0,0,0,0,1,0,0,0,0,0,1,0,1,0,0,0,1,1,0,0,0,1,0,0,0,0,0,1,0,0,2,0,0,0,0,0,0,0,2,2,0,0,0,1,1,2,0,0,0,2,0,2,0,0,0,0,2,0,0,1,0,0,2,0,0,1,0,0,0,0
NA12155,CEU,EUR,male,1408,0,0,male,0,1,0,0,0,0,2,0,1,0,0,2,1,0,0,0,2,0,0,1,0,2,0,0,0,0,0,0,0,0,1,0,0,0,0,1,0,0,0,0,0,0,0,0,1,0,1,1,0,0,1,2,0,0,0,0,0,0,0,0,2,0,0,1,0,0,0,1,2,2,0,0,0,1,0,1,0,1,0,2,0,0,0,0,0,0,0,0,0,1,0,0,2,0,0,2,0,0,0,0
NA12156,CEU,EUR,female,1408,0,0,female,0,0,0,0,0,0,2,0,1,0,0,0,2,0,0,0,2,0,0,0,0,2,0,0,0,0,0,0,0,0,0,0,0,1,0,0,0,0,0,0,2,1,1,0,0,0,0,2,1,0,0,2,0,0,0,0,0,1,0,0,1,0,0,0,0,0,0,0,2,2,0,0,0,1,0,2,0,0,0,1,0,0,1,0,2,1,0,1,0,0,0,0,2,0,0,1,0,0,0,0
NA12234,CEU,EUR,female,1375,0,0,female,0,0,0,0,0,0,2,0,1,0,0,0,2,1,0,0,2,1,0,1,0,2,0,0,0,0,1,0,0,0,0,0,0,1,0,0,0,1,0,0,1,1,1,0,0,0,2,2,0,0,0,2,0,0,0,0,0,1,0,0,1,0,0,2,0,0,0,1,2,0,0,0,0,1,2,1,0,1,0,1,0,0,0,0,0,0,0,0,0,1,0,0,2,0,0,2,0,0,0,0
NA12249,CEU,EUR,female,1416,0,0,female,0,1,0,0,0,0,2,0,0,0,0,0,2,1,0,0,1,1,0,0,0,2,0,1,1,0,1,0,0,0,1,0,0,0,0,0,0,0,0,0,0,0,1,0,0,0,0,1,0,0,0,2,0,0,0,0,0,0,0,0,2,0,0,0,0,0,0,1,0,1,0,0,0,2,0,1,0,0,0,1,0,1,0,0,0,1,0,0,0,1,0,0,2,0,0,1,0,0,0,0
NA12272,CEU,EUR,male,1418,0,0,male,0,2,2,0,0,0,2,0,0,0,0,1,2,0,0,0,0,0,0,1,0,2,0,0,0,0,0,0,0,0,1,0,0,0,0,0,0,0,1,0,1,1,1,0,1,0,1,2,0,0,0,2,0,0,0,0,0,2,0,0,2,0,0,0,0,0,0,2,0,0,0,0,0,0,1,1,1,1,0,1,1,0,0,1,0,0,0,0,0,1,0,0,2,0,0,1,0,0,0,0
NA12273,CEU,EUR,female,1418,0,0,female,0,1,0,0,0,0,2,0,0,0,0,1,2,0,0,0,2,0,0,1,1,2,0,0,0,0,0,0,0,0,0,0,0,0,0,0,0,0,0,0,1,1,1,0,1,0,2,2,0,0,1,2,0,0,0,0,0,1,0,0,0,0,0,0,0,0,0,0,2,2,0,0,0,2,0,2,0,0,0,1,0,1,0,1,0,1,2,1,0,0,0,0,2,0,0,2,0,0,0,0
NA12275,CEU,EUR,female,1418,0,0,female,0,2,0,0,1,0,2,0,0,0,0,1,2,0,0,0,2,0,0,1,0,2,0,0,0,0,0,0,1,0,0,0,1,1,0,0,0,1,1,0,0,0,0,0,0,0,0,2,0,0,0,2,0,0,0,1,0,1,0,0,2,0,0,0,0,0,0,0,2,1,0,0,0,2,0,2,1,1,0,2,0,0,0,0,0,1,0,0,0,0,0,0,2,0,0,2,0,0,1,0
NA12282,CEU,EUR,male,1421a,0,0,male,0,1,1,0,0,0,2,0,1,0,0,0,2,1,0,0,1,0,0,1,0,2,0,0,0,0,0,0,0,0,1,0,0,0,0,0,0,0,0,0,0,0,2,0,1,0,1,2,0,0,1,2,0,0,0,2,0,1,0,0,1,0,0,1,0,0,0,1,2,1,0,0,0,1,0,2,1,2,0,1,0,0,0,0,0,1,2,0,1,1,0,0,2,0,0,2,0,0,0,0
NA12283,CEU,EUR,female,1421a,0,0,female,0,0,0,0,1,0,2,0,0,0,0,2,1,0,0,0,1,0,0,0,0,2,0,0,0,0,0,0,0,0,0,0,0,0,0,0,0,1,1,0,1,0,2,0,0,0,1,1,0,0,0,2,0,0,0,0,0,1,0,0,1,0,1,1,0,0,0,1,2,2,0,0,0,1,1,1,0,1,0,1,0,0,0,1,1,1,0,0,1,0,0,0,2,0,0,2,0,0,0,0
NA12286,CEU,EUR,male,1421,0,0,male,0,1,2,0,0,0,2,0,0,0,0,0,2,0,0,0,2,0,0,1,0,2,0,1,1,0,0,0,0,0,1,0,0,1,0,0,0,0,0,0,1,0,2,0,0,0,0,2,0,0,0,2,0,0,0,1,0,1,0,0,1,0,0,0,0,0,0,1,0,0,0,0,0,2,1,2,1,1,0,1,0,0,0,1,0,0,2,0,0,0,0,0,2,0,0,2,0,0,0,0
NA12287,CEU,EUR,female,1421,0,0,female,0,1,0,0,0,0,2,0,0,0,0,1,0,0,0,0,2,1,0,1,0,2,0,0,0,0,0,0,0,0,0,0,0,1,0,0,0,0,0,0,1,0,1,0,0,0,1,1,0,0,0,2,0,0,0,1,0,1,0,0,1,0,0,1,0,0,0,1,2,2,0,0,0,1,0,1,0,1,0,2,0,0,0,0,0,0,0,0,0,0,0,0,2,0,0,2,0,0,0,0
NA12340,CEU,EUR,male,1330,0,0,male,0,1,0,0,0,0,2,0,1,0,0,1,2,0,0,0,1,0,0,2,0,2,0,0,0,0,0,0,0,0,0,0,0,0,1,0,0,0,0,0,0,0,1,0,0,0,2,2,0,0,1,2,0,0,0,0,0,1,0,0,0,0,0,0,0,0,0,1,2,0,0,0,0,2,2,2,0,0,0,2,0,0,0,0,1,0,1,0,0,1,0,0,2,0,0,2,0,0,0,0
NA12341,CEU,EUR,female,1330,0,0,female,0,2,1,0,0,0,2,0,0,0,0,0,2,0,0,0,2,0,0,2,1,2,0,0,0,0,0,0,0,0,0,0,0,0,0,0,0,0,0,0,0,1,1,0,1,0,2,2,0,0,0,2,0,0,0,1,0,0,0,0,2,0,0,0,0,0,0,1,2,1,0,0,0,1,0,2,0,2,0,1,0,0,0,0,1,0,0,0,1,0,0,0,2,0,0,2,0,0,0,0
NA12342,CEU,EUR,male,1330,0,0,male,0,1,0,0,0,0,2,0,0,0,0,0,2,0,0,0,2,0,0,1,0,2,0,0,0,0,0,0,0,0,1,0,0,0,0,0,0,0,0,0,0,1,1,0,0,0,2,2,0,0,2,2,0,0,0,0,0,1,0,0,2,0,0,0,0,0,0,1,2,2,0,0,0,2,1,1,0,1,0,1,0,2,0,0,0,0,0,0,0,1,0,0,2,0,0,2,0,0,0,0
NA12347,CEU,EUR,male,13281,0,0,male,0,1,0,0,0,0,2,0,0,0,1,2,2,0,0,0,2,0,0,1,0,2,0,1,1,0,0,0,0,0,1,0,0,0,0,0,0,0,0,0,1,1,1,0,0,0,1,2,0,0,0,2,0,0,0,1,1,1,0,0,2,0,0,0,0,0,0,1,2,1,0,0,0,0,1,2,0,1,0,0,0,0,0,0,0,0,0,0,0,0,0,0,2,0,0,2,0,0,0,0
NA12348,CEU,EUR,female,13281,0,0,female,0,1,0,0,0,0,2,0,0,0,0,1,1,1,0,0,1,1,0,1,0,2,0,0,0,0,1,0,0,0,0,0,1,2,0,0,0,0,0,0,0,0,2,0,0,0,1,2,0,0,1,2,0,0,0,0,0,1,0,0,2,0,0,0,0,0,0,1,2,2,0,0,0,1,2,0,0,1,0,1,0,0,0,0,0,0,1,0,1,0,0,0,2,0,0,2,0,0,0,0
NA12383,CEU,EUR,female,1353,0,0,female,0,1,0,0,0,0,2,0,2,0,0,1,2,0,0,0,2,0,0,0,0,2,0,0,0,0,0,0,0,0,0,0,0,1,0,0,0,0,0,0,0,0,1,0,0,0,1,2,0,0,0,2,0,0,0,0,0,1,0,0,2,0,0,0,0,0,0,2,2,2,0,0,0,1,1,1,0,1,0,2,1,0,0,0,0,0,0,0,0,1,0,0,2,0,0,1,0,0,0,0
NA12399,CEU,EUR,male,1354,0,0,male,0,0,0,0,0,0,2,0,0,0,0,0,2,0,0,0,2,0,0,0,0,2,0,1,1,0,0,0,0,0,0,0,0,0,0,0,0,0,0,0,0,0,2,0,0,0,1,1,0,0,0,2,0,0,0,1,0,1,0,0,1,0,0,0,0,0,0,1,1,1,0,0,0,1,0,2,0,0,0,2,0,0,0,0,0,0,0,0,0,1,0,0,2,0,0,1,0,0,0,0
NA12400,CEU,EUR,female,1354,0,0,female,0,1,0,0,0,0,2,0,1,0,0,0,2,1,0,0,0,0,0,0,0,2,0,0,0,0,1,0,0,0,1,0,0,1,0,0,0,0,0,0,2,1,0,0,1,0,1,2,0,0,0,2,0,0,0,0,0,2,0,0,2,0,0,0,0,0,0,0,2,2,0,0,0,0,1,2,0,1,0,1,0,1,0,0,0,1,2,0,0,0,0,0,2,0,0,2,0,0,0,0
NA12413,CEU,EUR,male,1355,0,0,male,0,1,1,0,0,1,2,0,0,0,0,1,2,0,0,0,1,1,0,0,1,2,0,0,0,0,0,0,0,0,0,0,1,2,0,0,0,0,0,0,1,0,1,0,0,0,1,2,0,0,1,2,0,0,0,0,0,1,0,0,1,0,0,1,0,0,0,2,2,2,0,0,0,1,1,1,0,0,0,1,0,0,0,0,1,0,0,0,0,0,0,0,2,0,0,1,0,0,0,1
NA12414,CEU,EUR,female,1355,0,0,female,0,2,0,0,0,0,2,0,0,0,0,1,2,0,0,0,1,1,0,0,0,2,0,0,0,0,0,0,0,0,1,0,0,0,1,0,0,0,0,0,0,0,1,0,0,0,1,2,0,0,0,2,0,0,0,0,2,1,0,0,2,0,0,0,0,0,0,1,2,0,0,0,0,0,2,1,0,0,0,0,0,0,0,0,0,0,1,0,0,0,0,0,2,0,0,2,0,0,0,0
NA12489,CEU,EUR,female,1353,0,0,female,0,1,0,0,0,0,2,0,1,0,0,1,2,0,0,0,2,1,0,0,0,2,0,0,0,0,0,0,0,0,1,0,0,1,1,0,0,0,0,0,1,0,2,0,0,0,2,2,1,0,0,2,0,0,0,0,0,2,0,0,1,0,0,1,0,0,0,0,1,1,0,0,0,0,0,2,0,1,0,1,0,1,0,0,0,0,0,0,0,0,0,0,2,0,0,1,0,0,0,0
NA12546,CEU,EUR,male,1353,0,0,male,0,2,0,0,0,0,2,0,0,0,0,1,2,0,0,0,2,0,0,1,0,2,0,0,0,0,0,0,0,0,0,0,0,0,0,0,0,1,1,0,1,1,1,0,0,0,1,1,0,0,1,2,0,0,0,0,0,2,0,0,0,0,0,0,0,0,0,1,2,2,0,0,0,0,0,2,0,0,0,1,0,0,0,0,0,1,0,1,0,0,0,0,2,0,0,1,0,0,0,1
NA12716,CEU,EUR,male,1358,0,0,male,0,1,1,0,0,0,2,0,0,0,0,2,2,0,0,0,2,0,0,1,1,2,0,0,0,0,1,0,0,0,0,0,1,2,0,0,0,0,0,0,1,0,0,0,0,0,0,1,0,0,0,2,0,0,0,1,0,1,0,0,2,0,0,0,0,0,0,0,2,2,0,0,0,1,0,2,0,0,0,2,0,0,0,0,0,0,1,0,0,0,0,0,2,0,0,2,0,0,0,0
NA12717,CEU,EUR,female,1358,0,0,female,0,1,0,0,0,0,2,0,1,0,0,0,2,1,0,0,2,1,0,2,0,2,0,0,0,0,0,0,0,0,0,0,0,1,0,0,0,0,0,0,1,0,1,0,0,0,2,2,0,0,0,2,0,0,0,1,0,0,0,0,1,0,0,1,0,0,0,1,2,1,0,0,0,1,2,1,0,1,0,1,0,0,0,0,0,0,1,0,0,0,0,0,2,0,0,1,0,0,0,0
NA12718,CEU,EUR,female,1358,0,0,female,0,2,1,0,0,0,2,0,0,0,0,0,2,0,0,0,2,0,0,1,0,2,0,0,0,0,0,0,0,0,0,0,0,2,0,0,0,2,1,0,1,0,0,0,0,0,0,2,0,0,1,2,0,0,0,1,0,0,0,0,1,0,0,0,0,0,0,2,2,1,0,0,0,2,2,1,1,1,0,0,0,0,0,0,0,0,0,0,0,1,0,0,2,0,0,2,0,0,0,0
NA12748,CEU,EUR,male,1444,0,0,male,0,1,0,0,0,0,2,0,1,0,0,0,2,0,0,0,0,0,0,2,0,2,0,0,0,0,0,0,0,0,0,0,0,0,0,0,0,0,0,0,0,0,0,0,1,0,0,2,0,0,0,2,0,0,0,0,0,0,0,0,2,0,0,0,0,0,0,1,2,2,0,0,0,0,0,1,0,0,0,1,0,1,0,0,0,0,0,0,0,1,0,0,2,0,0,2,0,0,0,0
NA12749,CEU,EUR,female,1444,0,0,female,0,2,1,0,0,0,2,0,0,0,0,0,1,0,0,0,2,0,0,0,0,2,0,0,0,0,0,0,0,0,1,0,0,0,0,0,0,0,0,0,0,0,1,0,0,0,1,2,0,0,0,2,0,0,0,1,1,0,0,0,0,0,0,0,0,0,0,0,1,2,0,0,0,2,0,1,1,0,0,1,0,0,0,0,0,0,0,0,0,1,0,0,2,1,0,1,0,0,0,0
NA12750,CEU,EUR,male,1444,0,0,male,0,2,1,0,0,0,2,0,0,0,0,0,1,1,0,0,2,1,0,1,1,2,0,1,1,0,0,0,0,0,0,0,0,0,0,0,0,0,0,0,0,0,1,0,0,0,0,1,0,0,1,2,0,0,0,0,0,1,0,0,2,0,0,1,0,0,0,0,2,2,0,0,0,0,2,0,0,0,0,1,0,0,1,0,0,0,2,0,0,1,0,0,1,0,0,2,0,0,0,0
NA12751,CEU,EUR,female,1444,0,0,female,0,1,1,0,0,0,2,0,0,0,0,0,2,0,0,0,2,0,0,2,0,2,0,0,0,0,0,0,0,0,0,0,0,0,0,0,0,0,0,0,0,0,1,0,0,0,2,2,1,0,0,2,0,0,0,0,0,1,0,0,1,0,0,1,0,0,0,0,2,1,0,0,0,0,0,1,0,1,0,1,0,1,0,0,0,1,0,0,0,1,0,0,2,0,0,1,0,0,0,0
NA12760,CEU,EUR,male,1447,0,0,male,0,2,1,0,1,0,2,0,1,0,0,0,1,0,0,0,1,0,0,0,0,2,0,0,0,0,0,0,0,0,0,0,0,0,0,0,0,0,0,0,0,0,1,0,1,0,1,0,0,0,0,2,0,0,0,0,1,1,0,0,2,0,0,1,0,0,0,1,2,2,0,0,0,0,2,2,0,0,0,1,0,1,0,0,0,0,0,0,0,0,0,0,2,0,0,2,0,0,0,0
NA12761,CEU,EUR,female,1447,0,0,female,0,0,1,0,0,0,2,0,1,0,0,0,2,0,0,0,2,1,0,1,0,2,0,0,0,0,0,0,0,0,0,0,0,0,0,1,0,0,0,0,1,0,1,0,0,0,1,1,0,0,1,2,0,0,0,0,0,2,0,0,1,0,0,0,0,0,0,1,2,1,0,0,0,0,0,2,0,2,0,2,1,1,0,0,0,0,0,0,0,0,0,0,2,0,0,2,0,0,0,0
NA12762,CEU,EUR,male,1447,0,0,male,0,0,0,0,0,0,2,0,0,0,0,1,1,2,0,0,2,1,0,0,1,2,0,0,0,0,0,0,0,0,0,0,0,0,0,1,0,0,0,0,0,0,1,0,1,0,2,2,0,0,0,2,0,0,0,1,1,1,0,0,1,0,0,1,0,0,0,0,2,1,0,0,0,2,1,2,0,0,0,0,0,0,1,0,2,0,0,0,0,0,0,0,2,1,0,1,0,0,0,0
NA12763,CEU,EUR,female,1447,0,0,female,0,1,1,0,0,0,2,0,1,0,0,1,2,0,0,0,1,0,0,1,0,2,0,1,1,0,0,0,0,0,0,0,0,0,0,0,0,0,0,0,1,0,1,0,1,0,0,0,0,0,0,2,0,0,0,1,1,2,0,0,1,0,0,0,0,0,0,0,2,2,0,0,0,0,0,1,0,1,0,0,0,1,0,0,0,0,1,0,0,0,0,0,2,0,0,0,0,0,0,0
NA12775,CEU,EUR,male,1451,0,0,male,0,1,1,0,0,0,2,0,0,0,0,0,2,0,0,0,1,0,0,1,0,2,0,0,0,0,0,0,1,0,0,0,0,0,0,0,0,0,0,0,1,0,1,0,0,0,1,2,1,0,0,2,0,0,0,0,0,1,0,0,2,0,0,0,0,0,0,1,1,1,0,0,0,0,1,2,0,0,0,1,0,1,0,0,0,0,1,0,0,1,0,0,2,0,0,1,0,0,0,0
NA12776,CEU,EUR,female,1451,0,0,female,0,1,1,0,0,0,2,0,1,0,0,2,2,1,0,0,2,0,0,2,0,2,0,0,0,0,0,0,1,0,0,0,0,0,0,0,0,0,0,0,0,0,2,0,1,0,0,2,0,0,0,2,0,0,0,0,1,1,0,0,0,0,0,0,0,0,0,1,1,1,0,0,0,1,2,2,0,1,0,1,0,0,0,0,0,1,1,0,0,1,0,0,1,0,0,2,0,0,0,1
NA12777,CEU,EUR,male,1451,0,0,male,0,1,1,0,0,0,2,0,1,0,0,2,2,0,0,0,2,1,0,1,0,2,0,0,0,0,0,0,0,0,0,0,0,1,0,0,0,0,0,0,1,0,0,0,0,0,1,2,0,0,0,2,0,0,0,1,0,2,0,0,1,0,0,1,0,0,0,0,2,2,0,0,0,2,2,0,0,0,0,1,0,0,0,0,0,0,0,1,0,0,0,0,2,0,0,1,0,0,0,1
NA12778,CEU,EUR,female,1451,0,0,female,0,1,0,0,0,0,2,0,1,0,0,0,2,0,0,0,2,0,0,0,0,2,0,0,0,0,1,0,0,0,0,0,0,0,0,0,0,0,0,0,0,0,1,0,0,0,1,1,0,1,0,2,0,0,0,0,0,1,0,0,0,0,0,0,0,0,0,0,1,2,0,0,0,1,1,2,1,1,0,2,0,1,0,0,0,0,2,0,0,0,0,0,2,0,0,2,0,0,0,0
NA12812,CEU,EUR,male,1454,0,0,male,0,0,0,0,0,0,2,0,0,0,0,1,1,0,0,0,1,0,0,2,0,2,0,0,0,0,0,0,0,0,0,0,0,0,0,0,0,1,0,0,1,0,1,0,0,0,2,2,0,0,0,2,0,0,0,0,0,1,0,0,2,0,0,1,0,0,0,2,2,1,0,0,0,2,2,2,0,0,0,2,0,0,0,0,0,0,0,0,0,1,0,0,2,0,0,1,0,0,0,0
NA12813,CEU,EUR,female,1454,0,0,female,0,0,1,0,0,0,2,0,1,0,0,1,1,0,0,0,2,0,0,1,0,2,0,0,0,0,0,0,0,0,1,0,0,1,0,1,0,1,0,0,1,0,2,0,0,0,1,2,0,0,1,2,1,0,0,0,0,2,0,0,2,0,0,1,0,0,0,1,2,1,0,0,0,2,1,2,0,1,0,0,0,1,0,0,0,0,1,0,0,1,0,0,2,0,0,2,0,0,0,0
NA12814,CEU,EUR,male,1454,0,0,male,0,0,0,0,0,0,2,0,1,0,0,1,2,0,0,0,1,1,0,0,0,2,0,0,0,0,0,0,0,0,0,0,0,0,0,0,0,0,1,0,0,0,1,0,1,0,1,2,0,0,1,2,0,0,0,0,0,0,0,0,0,0,0,0,0,0,0,0,1,0,0,0,0,2,1,2,0,0,0,2,0,0,0,0,0,0,0,0,0,0,0,0,2,0,0,2,0,0,0,0
NA12815,CEU,EUR,female,1454,0,0,female,0,2,0,0,0,0,2,0,1,0,0,1,2,0,0,0,2,0,0,2,0,2,0,1,1,0,1,0,0,0,0,0,0,0,0,0,0,0,0,0,1,1,1,0,1,0,1,1,0,0,0,2,0,0,0,0,1,0,0,0,1,0,0,0,0,0,0,0,2,1,0,0,0,2,2,2,0,1,0,1,0,0,0,0,0,0,0,0,0,0,0,0,2,0,0,2,0,0,0,0
NA12828,CEU,EUR,female,1456,0,0,female,1,1,0,0,0,0,2,0,0,0,0,1,0,1,0,0,2,1,0,2,0,2,0,0,0,0,0,0,0,0,1,0,0,0,0,0,0,1,0,0,0,0,1,0,0,0,1,2,0,0,0,2,0,0,0,1,0,1,0,0,1,0,0,0,0,0,0,0,2,1,0,0,0,2,1,2,0,0,0,2,0,0,0,0,0,1,0,0,1,0,0,0,2,0,0,2,0,0,0,0
NA12829,CEU,EUR,male,1456,0,0,male,0,2,0,0,0,0,2,0,1,0,0,0,2,0,0,0,2,0,0,1,0,2,0,0,0,0,0,0,0,0,0,0,0,1,1,0,0,1,0,0,2,0,1,0,1,0,2,2,0,0,0,2,0,0,0,0,0,1,0,0,2,0,0,0,0,0,0,0,2,2,0,0,0,1,1,2,0,0,0,2,0,0,0,0,0,1,1,0,0,0,0,0,2,0,0,1,0,0,0,0
NA12830,CEU,EUR,female,1456,0,0,female,0,2,0,0,0,0,2,0,1,0,0,0,1,0,0,0,1,0,0,1,0,2,0,0,0,0,0,0,0,0,0,0,0,0,0,0,0,2,1,0,1,0,1,0,1,0,1,2,0,0,0,2,0,0,0,0,0,0,0,0,1,0,0,0,0,0,0,1,2,1,0,0,0,2,1,2,0,0,0,0,0,1,0,0,0,0,1,0,0,1,0,0,2,0,0,2,0,0,0,0
NA12842,CEU,EUR,male,1458,0,0,male,0,1,1,0,0,0,2,0,1,0,0,0,2,0,0,0,1,0,0,1,0,2,0,1,1,0,0,0,0,0,0,0,0,0,0,0,0,0,0,0,0,0,2,0,0,0,1,2,1,0,1,2,0,0,0,0,0,0,0,0,1,0,0,1,0,0,0,1,1,1,0,0,0,0,1,2,0,1,0,0,1,0,0,0,0,1,0,0,0,1,0,0,2,0,0,2,0,0,0,0
NA12843,CEU,EUR,female,1458,0,0,female,0,2,0,0,0,0,2,0,0,0,0,1,1,0,0,0,1,0,0,1,1,2,0,0,0,0,0,0,0,0,0,0,0,0,0,0,0,0,0,0,0,0,1,0,0,0,1,1,0,0,0,2,0,0,0,0,0,2,0,0,1,0,0,1,0,0,0,0,1,2,0,0,0,1,0,1,0,1,0,0,0,0,0,0,0,1,0,0,1,1,0,0,2,0,0,2,0,0,0,0
NA12872,CEU,EUR,male,1459,0,0,male,0,0,0,0,0,0,2,0,1,0,0,0,2,0,0,0,1,1,0,0,0,2,0,0,0,0,0,0,0,0,0,0,0,0,0,0,0,1,1,0,0,0,1,0,0,0,2,2,0,0,2,2,0,0,0,0,0,2,0,0,1,0,0,1,0,0,0,0,2,2,0,0,0,1,1,1,0,2,0,1,0,0,0,0,0,0,0,0,0,0,0,0,2,0,0,1,0,0,0,0
NA12873,CEU,EUR,female,1459,0,0,female,0,1,0,0,0,0,2,0,1,0,1,1,1,1,0,0,1,0,0,0,0,2,0,0,0,0,0,0,0,0,0,0,1,1,0,0,0,0,0,0,1,0,1,0,0,0,2,2,0,0,0,2,0,0,0,0,1,1,0,0,1,0,0,0,0,0,0,0,2,2,0,0,0,0,1,2,1,0,0,1,0,0,0,0,0,0,0,0,0,0,0,0,2,0,0,2,0,0,0,0
NA12878,CEU,EUR,female,1463,NA12891,NA12892,female,0,1,1,0,0,0,2,0,1,0,0,1,0,0,0,0,1,0,0,1,0,2,0,0,0,0,0,0,0,0,0,0,0,0,0,0,0,0,0,0,0,0,2,0,0,0,1,2,0,0,0,2,0,0,0,0,0,0,0,0,1,0,0,1,0,0,0,1,1,1,0,0,0,1,0,1,0,1,0,0,0,1,0,0,0,0,0,0,0,0,0,0,2,0,0,2,0,0,0,1
NA12889,CEU,EUR,male,1463,0,0,male,0,1,1,0,0,0,2,0,1,0,0,0,2,0,0,0,2,0,0,1,0,2,0,1,1,0,0,0,0,0,0,0,0,0,0,0,0,0,0,0,1,0,1,0,0,0,1,1,0,0,1,2,0,0,0,0,0,2,0,0,1,0,0,1,0,0,0,1,2,2,0,0,0,1,1,2,0,2,0,1,1,1,0,0,0,1,0,0,0,0,0,0,2,0,0,2,0,0,0,1
NA12890,CEU,EUR,female,1463,0,0,female,0,0,0,0,0,0,2,0,0,0,0,2,1,0,0,0,1,0,0,1,0,2,0,0,0,0,0,0,0,0,0,0,0,0,0,0,0,2,1,0,0,0,1,0,0,0,1,2,0,0,1,2,0,0,0,0,0,1,0,0,1,0,0,0,0,0,0,1,2,2,0,0,0,0,0,0,0,1,0,0,0,1,0,0,0,0,1,0,0,1,0,0,2,0,0,1,0,0,0,0
NA18486,YRI,AFR,male,Y001,0,0,male,0,1,1,0,0,0,2,0,0,0,0,1,2,0,2,0,1,1,1,2,1,1,0,0,0,0,0,0,0,0,0,0,0,0,1,1,0,2,0,1,1,1,1,0,1,0,1,2,0,0,0,2,0,0,0,0,1,1,0,0,0,2,0,1,1,0,0,0,2,1,0,0,0,1,1,1,0,0,1,1,1,0,1,0,1,0,0,0,0,0,0,0,2,0,1,2,0,1,1,0
NA18489,YRI,AFR,female,Y002,0,0,female,0,2,1,1,0,0,2,0,0,0,1,1,2,0,0,0,1,1,0,0,0,2,0,1,0,0,0,0,0,0,0,0,1,0,0,0,0,2,0,0,1,0,2,0,0,0,0,1,1,0,1,2,0,0,0,0,0,1,0,0,0,0,1,0,0,0,0,0,1,1,0,0,0,1,1,0,0,0,0,1,1,0,0,0,1,0,0,0,0,0,0,0,2,0,0,2,0,0,0,0
NA18498,YRI,AFR,male,Y003,0,0,male,0,2,2,0,0,0,2,0,0,0,0,0,2,1,0,0,1,1,0,2,0,2,0,0,0,0,0,0,0,0,0,0,0,1,0,0,0,2,0,0,1,2,1,0,0,1,0,2,1,0,1,2,1,0,1,1,0,0,0,0,0,0,0,0,1,0,0,0,0,0,0,0,0,0,1,0,0,0,0,1,1,0,0,0,0,0,0,0,0,0,0,0,2,0,0,2,0,0,1,0
NA18499,YRI,AFR,female,Y003,0,0,female,1,2,1,0,0,0,2,0,0,0,0,1,2,0,0,0,2,1,0,1,2,2,0,1,0,0,0,0,0,0,0,0,0,1,1,1,0,2,0,0,0,1,1,0,0,0,1,2,1,0,0,1,0,0,0,0,0,0,1,0,0,0,0,0,1,0,0,0,1,1,0,0,1,2,0,1,0,0,0,1,0,0,2,0,0,0,0,0,0,0,0,0,2,0,0,1,0,0,0,0
NA18501,YRI,AFR,male,Y004,0,0,male,1,2,1,0,0,1,2,0,0,0,1,0,2,0,0,1,1,0,0,1,2,2,0,1,0,1,0,0,0,0,0,0,1,0,0,1,0,0,0,1,0,1,1,0,0,0,2,2,0,0,2,1,0,1,0,0,0,1,0,0,1,0,0,0,0,0,0,0,2,0,0,0,0,1,0,1,0,1,0,1,0,0,1,0,1,0,0,0,0,0,0,0,2,0,0,1,1,0,0,0
NA18502,YRI,AFR,female,Y004,0,0,female,0,2,1,1,0,1,2,0,0,0,0,0,2,0,0,0,1,1,0,0,1,1,0,0,0,1,0,0,1,0,0,0,1,0,0,1,0,2,0,0,2,0,2,0,1,0,2,2,1,0,1,2,0,0,0,0,0,1,0,0,0,1,0,0,0,0,0,0,1,0,0,0,0,1,0,1,0,0,0,1,2,0,2,0,0,0,1,0,0,0,1,0,1,1,0,2,0,1,1,0
NA18504,YRI,AFR,male,Y005,0,0,male,0,1,1,0,0,0,2,0,0,1,0,0,2,0,1,0,2,2,0,1,2,2,0,1,0,0,0,0,0,0,0,0,0,0,0,0,0,2,0,1,1,1,2,0,0,0,1,1,1,0,1,2,0,0,1,1,0,1,0,0,0,0,0,0,0,0,0,0,2,2,0,0,0,1,0,1,0,1,0,1,1,1,0,0,0,0,0,0,0,0,0,1,2,0,0,2,0,0,1,0
NA18505,YRI,AFR,female,Y005,0,0,female,0,2,0,0,0,1,2,0,0,0,0,0,2,0,1,0,1,1,0,1,0,1,0,0,0,0,0,0,0,0,0,0,1,1,2,0,0,1,0,0,2,1,1,0,0,0,2,0,0,0,0,1,0,0,1,0,0,1,1,0,1,0,0,0,0,0,0,0,1,0,0,0,1,2,2,1,0,0,0,1,1,0,1,0,1,0,0,0,0,0,0,0,2,0,0,1,0,0,0,0
NA18507,YRI,AFR,male,Y009,0,0,male,0,0,1,0,0,0,2,0,0,0,1,0,2,1,0,0,1,0,0,1,0,2,1,1,0,1,0,0,0,0,0,0,0,1,0,0,0,2,0,0,1,1,1,0,0,1,2,2,2,0,0,2,0,0,0,0,0,1,0,0,0,0,0,0,0,1,0,0,2,2,0,0,0,1,0,2,0,0,0,2,1,0,0,0,1,0,0,0,0,0,0,0,2,0,0,1,0,0,0,0
NA18508,YRI,AFR,female,Y009,0,0,female,0,2,0,1,0,0,2,0,0,1,0,0,2,0,0,0,1,1,0,0,0,1,0,1,0,0,0,0,0,0,0,0,0,0,2,2,1,1,0,0,1,1,1,0,0,0,1,1,1,1,0,2,0,0,0,0,1,0,0,0,0,0,0,0,0,0,0,0,2,1,1,1,0,2,1,0,0,0,0,2,0,0,1,0,0,0,0,0,0,0,1,0,2,0,0,2,0,0,0,0
NA18510,YRI,AFR,male,Y010a,0,0,male,0,2,0,1,0,0,2,0,0,0,0,1,2,0,1,0,1,1,0,1,1,1,0,1,0,0,0,0,0,0,0,0,0,0,0,2,1,1,0,0,0,1,1,0,0,0,1,1,0,0,1,2,0,0,0,0,1,0,0,0,0,0,0,0,0,0,1,0,1,1,0,0,0,1,2,2,0,0,1,1,0,0,2,0,0,0,0,0,0,0,0,1,2,0,1,2,0,0,0,0
NA18511,YRI,AFR,female,Y010,0,0,female,0,1,1,0,0,0,1,1,0,0,0,2,2,0,0,1,1,1,0,1,1,2,1,0,0,1,0,0,0,0,0,0,0,0,0,1,0,2,0,0,1,1,2,0,0,0,1,1,2,0,1,1,0,0,0,0,0,1,0,0,0,1,0,0,0,0,0,0,1,1,0,0,0,0,2,1,0,0,1,1,1,0,1,0,0,0,0,0,0,0,0,0,2,0,0,1,0,1,0,0
NA18516,YRI,AFR,male,Y013,0,0,male,0,1,1,0,0,1,2,0,0,0,0,1,2,0,0,0,0,0,1,1,0,2,0,0,0,0,0,0,0,0,0,1,0,0,0,1,0,2,0,0,0,2,1,0,0,0,2,1,2,1,0,2,0,0,0,0,0,1,0,1,0,0,0,0,0,0,1,0,0,0,0,0,0,1,1,1,0,0,0,1,0,0,0,0,0,0,0,0,0,0,0,0,2,0,0,1,0,0,1,0
NA18517,YRI,AFR,female,Y013,0,0,female,0,2,2,0,0,0,1,0,0,0,0,1,2,0,0,1,1,0,0,2,0,2,0,2,0,0,0,0,0,0,0,0,1,0,0,0,0,2,0,0,2,1,1,0,0,1,1,1,1,0,0,2,1,0,0,1,0,1,0,0,0,0,0,1,0,0,0,0,1,0,0,0,0,1,1,1,0,1,1,1,0,0,1,0,1,0,0,0,0,0,0,0,2,1,0,2,0,0,1,0
NA18519,YRI,AFR,male,Y014,0,0,male,0,2,1,0,0,1,2,1,0,0,0,1,2,0,0,0,0,1,0,2,1,2,0,1,0,0,0,0,0,0,0,1,1,0,2,0,0,2,0,0,1,1,0,0,0,1,1,1,1,0,1,1,0,0,0,0,0,1,0,0,0,0,1,0,0,0,0,0,1,1,0,0,0,1,1,1,0,0,0,1,0,0,1,0,0,0,0,0,0,0,0,0,2,0,0,2,1,0,0,0
NA18520,YRI,AFR,female,Y014,0,0,female,0,1,1,0,0,0,1,0,0,0,2,0,2,1,0,0,1,0,0,1,0,2,0,0,0,1,0,0,0,0,0,0,1,1,2,1,0,2,0,1,0,1,2,0,1,0,0,2,0,0,0,2,0,0,0,0,0,1,0,0,1,0,0,0,0,0,0,0,0,0,0,1,0,2,0,1,0,1,0,0,0,0,2,0,1,0,0,0,0,0,0,0,1,1,0,1,0,0,0,0
NA18522,YRI,AFR,male,Y016,0,0,male,0,1,0,1,0,1,2,1,0,1,1,0,2,0,0,0,1,1,0,1,0,1,0,0,0,0,0,0,1,0,0,0,0,1,1,1,0,2,0,0,2,1,2,0,0,0,2,0,2,0,1,2,0,0,0,1,0,2,0,0,0,0,0,0,0,0,0,0,2,1,0,0,0,2,1,1,0,0,0,1,1,0,1,0,1,0,2,0,0,0,1,0,1,0,0,1,0,0,0,0
NA18523,YRI,AFR,female,Y016,0,0,female,0,0,0,0,0,1,1,0,0,1,1,0,2,1,0,0,2,0,0,1,0,2,0,1,0,0,0,0,1,0,0,0,0,0,1,1,0,2,0,0,0,1,1,0,1,0,2,1,1,0,1,2,0,0,0,1,0,2,0,0,0,1,0,0,0,0,0,0,0,0,0,0,1,2,1,1,0,1,0,1,0,0,2,0,1,0,0,0,0,0,0,0,2,0,0,2,0,0,0,0
NA18525,CHB,EAS,female,NA18525,0,0,female,0,1,1,0,0,0,2,0,0,0,0,1,2,0,0,0,1,1,0,0,0,2,0,0,0,0,1,0,1,1,1,0,0,2,0,0,0,0,0,0,1,0,1,0,1,0,0,2,0,0,1,1,0,0,0,0,0,1,0,0,1,0,0,0,0,0,0,0,1,0,0,0,0,2,0,1,0,1,0,1,0,1,0,0,1,0,2,0,1,1,0,0,2,0,0,2,0,0,0,0
NA18526,CHB,EAS,female,NA18526,0,0,female,0,1,1,0,0,0,2,0,0,0,0,0,2,0,0,0,2,2,0,0,0,2,0,0,0,0,1,0,0,0,0,0,1,1,1,0,0,0,0,0,0,0,1,0,1,0,0,1,0,0,0,0,0,0,0,0,0,0,0,0,1,0,0,0,0,0,0,0,1,1,0,0,0,2,0,1,0,2,0,0,0,1,0,0,1,1,1,0,0,1,0,0,1,0,0,2,0,0,0,0
NA18528,CHB,EAS,female,NA18528,0,0,female,0,1,1,0,0,0,2,0,0,0,0,1,1,0,0,0,2,0,0,1,0,2,0,0,0,0,2,0,1,1,1,0,1,1,1,0,0,0,0,0,0,0,2,1,0,0,2,0,0,0,0,1,0,0,0,0,0,1,0,0,0,0,0,0,0,0,0,1,1,2,0,0,0,2,0,2,0,1,0,2,0,2,0,0,0,2,2,0,0,1,0,0,2,0,0,2,0,0,0,0
NA18530,CHB,EAS,male,NA18530,0,0,male,0,2,2,0,0,0,2,0,1,0,0,1,2,0,0,0,2,0,0,1,0,2,0,1,1,0,2,0,0,0,0,0,0,1,1,0,0,0,0,0,0,0,0,0,1,0,1,1,0,0,0,2,0,0,0,0,0,2,0,0,1,0,0,0,0,0,0,0,0,0,0,0,0,1,1,1,0,2,0,1,0,2,0,0,0,0,1,0,0,1,0,0,2,0,0,2,0,0,0,0
NA18531,CHB,EAS,female,NA18531,0,0,female,0,0,1,0,0,0,2,0,0,0,0,0,2,0,0,0,0,0,0,2,0,2,0,0,0,0,0,0,0,0,0,0,0,0,2,0,0,0,0,0,1,0,2,0,0,0,0,2,0,0,1,2,0,0,0,0,0,0,0,0,1,0,0,0,0,0,0,2,1,1,0,0,0,2,1,2,0,1,0,2,0,1,0,0,2,0,0,0,0,0,0,0,2,0,0,1,0,0,0,0
NA18532,CHB,EAS,female,NA18532,0,0,female,0,0,1,0,0,0,2,0,1,0,0,0,1,0,0,0,0,1,0,1,0,2,0,0,0,0,0,0,0,0,0,0,0,0,1,0,0,0,0,0,0,0,1,0,0,0,2,2,0,0,0,1,0,0,0,0,0,0,0,0,0,0,0,0,0,0,0,1,1,2,0,0,0,2,0,1,0,1,0,1,0,1,0,0,1,0,1,0,0,0,0,0,2,0,0,2,0,0,0,0
NA18533,CHB,EAS,female,NA18533,0,0,female,0,1,0,0,0,0,2,0,0,0,0,1,2,0,0,0,1,0,0,1,0,2,0,0,0,0,0,0,0,0,1,0,1,1,1,0,0,0,0,0,1,1,2,0,0,0,0,2,0,0,0,1,0,0,0,0,0,1,0,0,0,0,0,0,0,0,0,0,1,1,0,0,0,2,0,1,0,1,0,0,0,1,0,0,1,1,1,0,0,0,0,0,2,0,0,2,0,0,0,0
NA18534,CHB,EAS,male,NA18534,0,0,male,0,1,1,0,0,0,2,0,1,0,0,1,2,0,0,0,1,2,0,1,0,2,0,0,0,0,0,0,0,0,0,0,0,0,0,0,0,1,0,0,1,0,1,0,1,0,1,2,1,0,0,1,0,0,0,0,0,1,0,0,2,0,0,0,0,0,0,1,1,2,0,0,1,1,2,1,0,0,0,0,0,1,0,0,0,0,2,0,0,1,0,0,1,0,0,2,0,0,0,0
NA18535,CHB,EAS,female,NA18535,0,0,female,0,1,1,0,0,0,2,0,1,0,0,2,2,0,0,0,1,0,0,0,0,2,0,1,1,0,1,0,0,0,0,0,0,0,2,0,0,0,0,0,0,0,2,0,0,0,0,1,0,0,1,1,0,0,0,0,0,1,0,0,2,0,0,0,0,0,0,0,0,0,0,0,0,1,2,2,0,1,0,0,0,1,0,0,0,0,1,0,0,1,0,0,1,0,0,1,0,0,0,0
NA18536,CHB,EAS,male,NA18536,0,0,male,0,0,0,0,0,0,2,0,0,0,0,1,1,0,0,0,1,0,0,1,0,2,0,0,0,0,0,0,1,0,0,0,0,0,0,0,0,0,0,0,1,0,2,1,0,0,1,2,0,0,0,1,0,0,0,0,1,0,0,0,1,0,0,1,0,0,0,1,1,1,0,0,0,2,0,0,0,1,0,1,0,1,0,0,0,1,1,0,1,1,0,0,2,0,0,1,0,0,0,0
NA18537,CHB,EAS,female,NA18537,0,0,female,0,0,0,0,0,0,2,0,0,0,0,1,2,0,0,0,1,2,0,1,0,2,0,0,0,0,0,0,1,1,1,0,0,0,0,0,0,0,0,0,1,1,1,0,0,0,1,2,0,0,1,2,0,0,0,0,0,0,0,0,2,0,0,1,0,0,0,1,1,1,0,0,0,1,0,2,0,0,0,1,0,0,0,0,1,0,1,0,0,0,0,0,0,0,0,2,0,0,0,0
NA18538,CHB,EAS,female,NA18538,0,0,female,0,2,1,0,0,0,2,0,1,0,0,1,0,0,0,0,2,0,0,1,0,2,0,0,0,0,0,0,0,0,0,0,1,2,0,0,0,0,0,0,0,0,1,0,0,0,1,2,0,0,1,2,0,0,0,0,1,0,0,0,2,0,0,0,0,0,0,1,1,2,0,0,1,2,2,0,0,1,0,2,0,1,0,0,0,0,1,0,0,1,0,0,2,0,0,1,0,0,0,0
NA18539,CHB,EAS,female,NA18539,0,0,female,0,0,0,0,0,0,2,0,0,0,0,2,2,0,0,0,2,0,0,0,1,2,0,0,0,0,0,0,0,0,0,0,2,2,1,0,0,0,0,0,1,0,2,0,1,0,1,2,0,0,1,1,0,0,0,0,0,1,0,0,0,0,0,0,0,0,0,2,2,2,0,0,0,1,1,2,0,1,0,2,0,2,0,0,1,0,1,0,0,0,0,0,2,0,0,2,0,0,0,0
NA18541,CHB,EAS,female,NA18541,0,0,female,0,0,0,0,0,0,2,0,1,0,0,0,1,0,0,0,2,0,0,1,0,2,0,0,0,0,1,0,0,0,0,0,0,0,0,0,0,0,0,0,2,1,2,0,0,0,1,2,0,0,0,2,0,0,0,0,0,1,0,0,2,0,0,1,0,0,0,2,1,1,0,0,0,1,1,2,0,1,0,0,1,1,0,0,0,0,1,0,0,1,0,0,2,0,0,2,0,0,0,0
NA18542,CHB,EAS,female,NA18542,0,0,female,0,0,1,0,0,0,2,0,0,0,0,1,1,0,0,0,2,1,0,2,0,2,0,0,0,0,0,0,0,0,0,0,0,1,1,0,0,1,0,0,1,0,2,0,0,0,1,2,0,0,0,1,0,0,0,0,0,0,0,0,1,0,0,0,0,0,0,0,1,1,0,0,0,1,2,1,0,1,0,1,0,0,0,0,1,0,1,0,0,1,0,0,2,0,0,2,0,0,0,0
NA18543,CHB,EAS,male,NA18543,0,0,male,0,0,1,0,0,1,2,0,0,0,0,0,1,1,0,0,2,0,0,0,0,2,0,0,0,0,0,0,0,0,0,0,0,0,0,0,0,0,0,0,1,1,0,0,0,0,1,2,0,0,0,1,0,0,0,0,0,1,0,0,1,0,0,1,0,0,0,1,1,1,0,0,0,1,0,2,0,1,0,1,0,0,1,0,0,0,1,0,0,1,0,0,2,0,0,2,0,0,0,0
NA18544,CHB,EAS,male,NA18544,0,0,male,0,1,1,0,0,0,2,0,1,0,0,0,2,0,0,0,2,0,0,0,0,2,0,0,0,0,0,0,0,0,1,0,0,0,1,0,0,0,0,0,1,0,1,0,1,0,1,2,0,0,1,2,0,0,0,0,0,0,0,0,1,0,0,0,1,0,0,1,0,1,0,0,0,1,1,1,0,0,0,0,0,1,0,0,0,1,0,0,1,0,0,0,2,0,0,2,0,0,0,0
NA18545,CHB,EAS,female,NA18545,0,0,female,0,1,0,0,0,1,2,0,0,0,0,0,1,0,0,0,1,0,0,1,0,2,0,0,0,0,2,0,0,0,0,0,0,0,2,0,0,0,0,0,0,0,2,0,0,0,1,0,0,0,1,2,0,0,0,0,0,0,0,0,2,0,0,1,0,0,0,0,0,1,0,0,0,0,0,1,0,2,0,1,0,1,0,0,1,1,1,0,0,1,0,0,2,0,0,2,0,0,0,0
NA18546,CHB,EAS,male,NA18546,0,0,male,0,0,1,0,0,0,2,0,0,0,0,1,2,1,0,0,0,1,0,0,0,2,0,0,0,0,0,0,0,0,0,0,0,0,1,0,0,0,0,0,1,0,2,0,0,0,1,2,0,0,2,2,0,0,0,0,0,2,0,0,1,0,0,1,0,0,0,1,1,1,0,0,0,2,1,1,0,1,0,1,0,2,1,0,1,0,1,0,0,0,0,0,1,0,0,1,0,0,0,0
NA18547,CHB,EAS,female,NA18547,0,0,female,0,0,0,0,0,0,2,0,0,0,0,1,2,0,0,0,1,1,0,2,0,2,0,0,0,0,0,0,0,0,0,0,0,0,2,0,0,0,0,0,1,0,2,0,1,0,0,2,0,0,1,2,0,0,0,0,0,1,0,0,0,0,0,0,0,0,0,0,0,0,0,0,0,1,1,2,0,0,0,2,0,1,0,0,0,0,0,0,0,1,0,0,1,0,0,2,0,0,0,0
NA18548,CHB,EAS,male,NA18548,0,0,male,0,0,0,0,0,0,2,0,0,0,0,1,2,0,0,0,2,1,0,0,0,2,0,0,0,0,0,0,0,0,1,0,0,0,0,0,0,1,0,0,0,0,2,0,0,0,1,2,0,0,0,2,0,0,0,0,0,2,0,0,2,0,0,0,0,0,0,1,1,2,0,0,0,2,1,1,0,1,0,2,0,1,0,0,2,2,1,0,0,0,0,0,1,0,0,2,0,0,0,0
NA18549,CHB,EAS,male,NA18549,0,0,male,0,2,2,0,0,0,2,0,0,0,0,1,2,0,0,0,1,0,0,1,0,2,0,0,0,0,1,0,0,0,1,0,0,0,0,0,0,0,0,0,2,0,1,0,0,0,0,1,0,0,0,2,0,0,0,0,0,1,0,0,1,0,0,0,1,0,0,0,1,1,0,0,0,2,1,2,0,0,0,2,0,1,0,0,1,1,1,0,1,0,0,0,1,0,0,1,0,0,0,0
NA18550,CHB,EAS,female,NA18550,0,0,female,0,1,0,0,0,0,2,0,0,0,0,2,1,0,0,0,1,1,0,1,0,2,0,0,0,0,0,0,0,0,0,0,1,1,2,0,0,0,0,0,0,0,2,0,0,0,2,2,0,0,0,1,0,0,0,0,0,1,0,0,1,0,0,0,0,0,0,0,2,1,0,0,1,1,1,1,0,0,0,2,0,1,0,0,1,0,1,0,0,1,0,0,1,0,0,1,0,0,0,0
NA18552,CHB,EAS,female,NA18552,0,0,female,0,0,0,0,0,1,2,0,0,0,0,0,2,0,0,0,1,0,0,0,0,2,0,0,0,0,1,0,1,1,1,0,1,1,1,0,0,0,0,0,2,0,2,1,0,0,0,2,0,0,2,2,0,0,0,0,0,1,0,0,1,0,0,0,0,0,0,0,1,1,0,0,1,1,1,0,0,2,0,1,0,1,0,0,1,0,0,0,0,0,0,0,2,0,0,2,0,0,0,0
NA18553,CHB,EAS,female,NA18553,0,0,female,0,0,0,0,0,0,2,0,0,0,0,2,2,0,0,0,1,0,0,1,0,2,0,0,0,0,1,0,0,0,0,0,0,0,1,0,0,0,0,0,1,0,2,2,0,0,0,2,0,0,1,2,0,0,0,0,1,2,0,0,0,0,0,1,0,0,0,0,1,1,0,0,0,2,0,0,0,1,0,2,0,2,0,0,0,0,0,0,0,0,0,0,2,0,0,2,0,0,0,0
NA18555,CHB,EAS,female,NA18555,0,0,female,0,2,1,0,0,0,2,0,1,0,0,0,2,1,0,0,2,0,0,1,0,2,0,0,0,0,0,0,1,1,1,0,0,1,0,0,0,0,0,0,0,0,2,1,0,0,2,2,0,0,1,2,0,0,0,0,0,0,0,0,1,0,0,1,0,0,0,0,2,1,0,0,0,2,1,1,0,1,0,0,0,0,0,0,1,1,0,0,0,0,0,0,2,0,0,1,0,0,0,0
NA18557,CHB,EAS,male,NA18557,0,0,male,0,1,0,0,0,0,2,0,1,0,0,1,2,0,0,0,2,0,0,1,0,2,0,0,0,0,0,0,0,0,0,0,0,0,1,0,0,0,0,0,0,0,1,0,1,0,2,1,0,0,0,2,0,0,0,0,0,1,0,0,2,0,0,0,0,0,0,1,1,0,0,0,0,1,1,0,0,2,0,1,0,1,1,0,1,0,2,0,0,0,0,0,1,0,0,0,0,0,0,0
NA18558,CHB,EAS,male,NA18558,0,0,male,0,2,2,0,0,0,2,0,0,0,0,1,2,0,0,0,2,0,0,0,0,2,0,0,0,0,0,0,0,0,0,0,1,2,2,0,0,0,0,0,1,0,1,0,0,0,1,1,0,0,2,2,0,0,0,0,0,1,0,0,2,0,0,0,0,0,0,1,1,2,0,0,0,2,0,1,0,0,0,2,0,1,0,0,0,1,1,0,0,0,0,0,2,0,0,2,0,0,0,0
NA18559,CHB,EAS,male,NA18559,0,0,male,0,0,0,0,0,0,2,0,1,0,0,1,2,0,0,0,2,0,0,0,0,2,0,0,0,0,0,0,0,0,0,0,0,0,1,0,0,1,0,0,0,0,1,0,0,0,0,2,0,0,1,2,0,0,0,0,0,1,0,0,1,0,0,1,0,0,0,1,1,2,0,0,0,1,0,0,0,0,0,2,0,1,0,0,0,1,1,0,0,1,0,0,2,0,0,0,0,0,0,0
NA18560,CHB,EAS,female,NA18560,0,0,female,0,1,0,0,0,0,2,0,0,0,0,2,1,0,0,0,1,0,0,0,0,2,0,0,0,0,0,0,0,0,0,0,0,0,1,0,0,0,0,0,1,0,1,0,2,0,0,2,0,0,2,2,0,0,1,0,0,1,0,0,1,0,0,0,0,0,0,1,0,0,0,0,0,2,0,1,0,1,0,2,0,1,0,0,0,2,0,0,0,0,0,0,1,0,0,2,0,0,0,0
NA18561,CHB,EAS,male,NA18561,0,0,male,0,0,1,0,0,1,2,0,0,0,0,1,1,0,0,0,2,0,0,0,0,2,0,1,1,0,1,0,0,0,0,0,0,0,1,0,0,0,0,0,1,1,1,0,0,0,1,2,0,0,1,2,0,0,0,0,0,1,0,0,0,0,0,0,0,0,0,1,1,1,0,0,0,1,0,1,0,1,0,1,0,1,0,0,0,0,1,0,0,0,0,0,2,0,0,1,0,0,0,0
NA18562,CHB,EAS,male,NA18562,0,0,male,0,0,0,0,0,1,2,0,0,0,0,0,2,0,0,0,2,0,0,0,1,2,0,0,0,0,0,0,0,0,0,0,0,0,0,0,0,0,0,0,1,0,2,0,0,0,2,1,0,0,0,2,0,0,0,0,0,1,0,0,2,0,0,0,0,0,0,1,1,0,0,0,0,2,0,1,0,0,0,2,0,2,0,0,1,2,1,0,0,0,0,0,1,0,0,1,0,0,0,0
NA18563,CHB,EAS,male,NA18563,0,0,male,0,1,2,0,0,0,2,0,0,0,0,2,2,0,0,0,2,0,0,0,0,2,0,0,0,0,1,0,1,1,1,0,1,0,1,0,0,0,0,0,0,0,1,0,0,0,0,2,0,0,0,2,0,0,0,0,0,0,0,0,1,0,0,1,0,0,0,2,1,1,0,0,0,2,1,2,0,1,0,0,0,2,0,0,0,0,0,0,0,1,0,0,2,0,0,2,0,0,0,0
NA18564,CHB,EAS,female,NA18564,0,0,female,0,1,1,0,0,0,2,0,0,0,0,0,1,0,0,0,2,1,0,2,0,2,0,0,0,0,0,0,0,0,0,0,1,0,0,0,0,0,0,0,1,0,1,0,0,0,1,2,0,0,0,2,0,0,0,0,0,1,0,0,2,0,0,0,0,0,0,0,1,2,0,0,0,0,0,0,0,1,0,2,0,2,0,0,0,0,2,0,1,0,0,0,2,0,0,2,0,0,0,0
NA18565,CHB,EAS,female,NA18565,0,0,female,0,1,0,0,0,0,2,0,0,0,0,1,2,0,0,0,2,1,0,2,0,2,0,0,0,0,1,0,1,1,2,0,0,0,0,0,0,0,0,0,0,1,1,0,0,0,2,1,0,0,0,1,0,0,0,0,0,1,0,0,2,0,0,0,1,0,0,0,0,2,0,0,0,0,1,2,0,0,0,1,0,1,0,0,0,1,1,0,0,1,0,0,1,0,0,2,0,0,0,0
NA18566,CHB,EAS,female,NA18566,0,0,female,0,2,1,0,0,0,2,0,0,0,0,0,2,0,0,0,2,0,0,1,1,2,0,0,0,0,1,1,0,0,0,0,0,0,0,0,0,0,0,0,1,0,1,0,0,0,1,1,0,0,1,2,0,0,0,0,0,0,0,0,0,0,0,0,0,0,0,2,2,2,0,0,0,1,1,1,0,1,0,1,0,1,0,0,1,0,1,0,0,0,0,0,1,0,0,2,0,0,0,0
NA18567,CHB,EAS,female,NA18567,0,0,female,0,0,0,0,0,2,2,0,0,0,0,0,2,2,0,0,2,0,0,0,0,2,0,0,0,0,1,0,0,0,0,0,1,0,2,0,0,0,0,0,0,0,1,0,0,0,1,2,0,0,0,2,0,0,0,0,0,1,0,0,1,0,0,0,0,0,0,1,1,0,0,0,0,2,1,2,0,1,0,2,0,1,0,0,0,1,0,0,0,0,0,0,2,0,0,1,0,0,0,0
NA18571,CHB,EAS,female,NA18571,0,0,female,0,0,0,0,0,0,2,0,0,0,0,1,1,0,0,0,2,0,0,1,0,2,0,0,0,0,0,0,0,0,0,0,1,1,1,0,0,0,0,0,1,0,2,0,0,0,1,2,0,0,0,0,0,0,0,0,0,1,0,0,1,0,0,0,0,0,0,1,0,0,0,0,0,1,1,2,0,2,0,1,0,1,1,0,1,0,1,0,0,1,0,0,1,0,0,2,0,0,0,0
NA18572,CHB,EAS,male,NA18572,0,0,male,0,1,1,0,0,1,2,0,0,0,0,1,1,0,0,0,2,0,0,1,0,2,0,1,1,0,0,0,0,0,0,0,1,1,0,0,0,0,0,0,1,0,2,0,0,0,1,1,0,0,0,1,0,0,1,0,0,1,0,0,1,0,0,0,0,0,0,1,2,0,0,0,0,0,2,2,0,0,0,2,0,2,0,0,0,0,0,0,0,1,0,0,1,0,0,2,0,0,0,0
NA18573,CHB,EAS,female,NA18573,0,0,female,0,0,0,0,0,0,2,0,0,0,0,1,2,0,0,0,1,0,0,0,0,2,0,0,0,0,1,0,1,1,1,0,1,1,0,0,0,0,0,0,1,0,2,1,0,0,0,2,0,0,0,2,0,0,0,0,0,2,0,0,1,0,0,0,1,0,0,2,0,0,0,0,0,1,2,1,0,1,0,2,0,2,0,0,0,0,1,0,0,0,0,0,0,0,0,2,0,0,0,0
NA18574,CHB,EAS,female,NA18574,0,0,female,0,0,1,0,0,0,2,0,1,0,0,0,2,0,0,0,2,0,0,1,0,2,0,0,0,0,0,0,0,0,2,0,0,0,0,0,0,0,0,0,1,0,1,0,0,0,1,2,0,0,1,1,1,0,0,0,0,2,0,0,1,0,0,0,0,0,0,0,0,1,0,0,0,2,2,0,0,0,0,1,0,0,0,0,1,0,2,0,1,1,0,0,2,0,0,1,0,0,0,0
NA18577,CHB,EAS,female,NA18577,0,0,female,0,1,1,0,0,0,2,0,0,0,0,0,1,0,0,0,1,0,0,1,0,2,0,0,0,0,0,0,1,1,1,0,0,0,0,0,0,0,0,0,1,0,1,0,1,0,1,2,0,0,0,2,0,0,0,0,0,0,0,0,2,0,0,0,0,0,0,0,1,1,0,0,0,1,2,1,0,1,0,1,0,0,0,0,2,0,1,0,0,0,0,0,2,0,0,1,0,0,0,0
NA18579,CHB,EAS,female,NA18579,0,0,female,0,0,1,0,0,0,2,0,0,0,0,2,2,0,0,0,1,0,0,0,0,2,0,1,1,0,0,0,0,0,1,0,0,0,0,0,0,0,0,0,0,0,2,0,0,0,0,2,0,0,1,1,1,0,0,0,0,0,0,0,1,0,0,1,0,0,0,2,2,2,0,0,0,2,1,1,0,1,0,1,0,0,0,0,0,0,2,0,0,0,0,0,2,0,0,2,0,0,0,0
NA18582,CHB,EAS,female,NA18582,0,0,female,0,1,1,0,0,0,2,0,0,0,0,1,0,0,0,0,1,0,0,0,0,2,0,0,0,0,1,0,1,1,1,0,1,1,0,0,0,0,0,0,0,0,2,0,0,0,1,2,0,0,0,2,0,0,0,0,0,2,0,0,2,0,0,0,0,0,0,1,1,1,0,0,0,0,1,0,0,0,0,1,0,1,0,0,1,1,1,0,0,0,0,0,2,0,0,2,0,0,0,0
NA18591,CHB,EAS,female,NA18591,0,0,female,0,0,0,0,0,0,2,0,0,0,0,1,2,0,0,0,2,0,0,1,1,2,0,1,1,0,1,0,0,0,0,0,0,1,1,0,0,0,0,0,0,1,1,0,1,0,1,2,0,0,1,1,0,0,0,0,0,0,0,0,1,0,0,0,0,0,0,1,1,0,0,0,0,1,2,1,0,1,0,1,0,1,1,0,1,0,0,0,0,0,0,0,1,0,0,2,0,0,0,0
NA18592,CHB,EAS,female,NA18592,0,0,female,0,0,0,0,0,0,2,0,1,0,0,1,2,0,0,0,2,0,0,0,0,2,0,0,0,0,0,0,0,0,0,0,0,0,0,0,0,0,0,0,0,0,2,0,0,0,0,2,0,0,0,2,0,0,0,0,1,1,0,0,0,0,0,0,0,0,0,1,2,2,0,0,0,2,2,1,0,1,0,2,0,0,0,0,0,1,1,0,0,1,0,0,2,0,0,1,0,0,0,0
NA18593,CHB,EAS,female,NA18593,0,0,female,0,0,0,0,0,0,2,0,0,0,0,1,2,0,0,0,2,0,0,0,1,2,0,0,0,0,1,0,0,0,0,0,1,0,0,0,0,0,0,0,1,0,1,0,1,0,1,2,0,0,1,2,0,0,0,0,0,2,0,0,1,0,0,0,1,0,0,2,0,0,0,0,0,1,1,1,0,1,0,2,0,1,0,0,0,2,2,0,0,1,0,0,2,0,0,2,0,0,0,0
NA18595,CHB,EAS,female,NA18595,0,0,female,0,1,1,0,0,1,2,0,1,0,0,1,2,0,0,0,2,0,0,0,0,2,0,0,0,0,0,0,0,0,0,0,2,2,2,0,0,0,0,0,1,1,1,0,0,0,1,2,0,0,1,2,0,0,0,0,0,1,0,0,2,0,0,0,0,0,0,0,0,0,0,0,0,1,1,1,0,0,0,1,0,2,0,0,0,1,1,0,0,0,0,0,2,0,0,2,0,0,0,0
NA18596,CHB,EAS,female,NA18596,0,0,female,0,0,0,0,0,0,2,0,0,0,0,1,2,0,0,0,1,0,0,0,0,2,0,0,0,0,0,0,0,0,0,0,0,0,0,0,0,0,0,0,0,0,0,0,0,0,2,2,0,0,2,1,0,0,1,0,0,2,0,0,2,0,0,1,0,0,0,0,0,0,0,0,0,2,1,1,0,0,0,1,0,1,0,0,0,1,2,0,0,0,0,0,1,0,0,2,0,0,0,0
NA18597,CHB,EAS,female,NA18597,0,0,female,0,1,1,0,0,0,2,0,0,0,0,1,1,0,0,0,1,0,0,1,0,2,0,0,0,0,1,0,0,0,1,0,0,1,0,0,0,0,0,0,0,0,1,0,1,0,0,1,0,0,1,2,0,0,0,0,0,1,0,0,1,0,0,1,0,0,0,1,1,0,0,0,1,2,0,1,0,0,0,1,0,1,1,0,1,1,0,0,0,1,0,0,2,0,0,2,0,0,0,0
NA18599,CHB,EAS,female,NA18599,0,0,female,0,0,2,0,0,0,2,0,1,0,0,0,1,0,0,0,2,0,0,1,0,2,0,1,1,0,0,1,0,0,0,0,0,0,0,0,0,0,0,0,1,2,2,0,0,0,2,2,0,0,1,2,0,0,0,0,0,0,0,0,1,0,0,0,0,0,0,0,1,2,0,0,0,1,1,2,0,1,0,0,0,2,0,0,0,0,2,0,0,0,0,0,1,0,0,2,0,0,0,0
NA18602,CHB,EAS,female,NA18602,0,0,female,0,0,1,0,0,1,2,0,0,0,0,2,1,0,0,0,1,1,0,2,0,2,0,0,0,0,1,0,0,0,0,0,0,2,1,0,0,0,0,0,0,0,2,0,0,0,1,1,0,0,0,1,0,0,0,0,0,1,0,0,1,0,0,0,0,0,0,0,1,2,0,0,0,1,1,1,0,2,0,1,0,1,1,0,1,0,1,0,0,1,0,0,2,0,0,1,0,0,0,0
NA18603,CHB,EAS,male,NA18603,0,0,male,0,1,1,0,0,0,2,0,0,0,0,0,2,2,0,0,2,0,0,1,0,2,0,0,0,0,0,0,0,0,0,0,1,1,0,0,0,0,0,0,0,0,2,0,0,0,2,2,0,0,0,1,0,0,0,0,0,2,0,0,1,0,0,0,0,0,0,0,0,1,0,0,0,1,0,1,0,0,0,1,0,1,0,0,1,0,1,0,0,0,0,0,0,0,0,1,0,0,0,0
NA18605,CHB,EAS,male,NA18605,0,0,male,0,1,2,0,0,0,2,0,0,0,0,1,2,0,0,0,2,0,0,1,0,2,0,0,0,0,0,0,0,0,1,0,1,2,0,0,0,0,0,0,0,0,1,1,1,0,0,2,0,0,1,2,0,0,0,0,0,0,0,0,0,0,0,1,0,0,0,1,1,1,0,0,0,2,1,2,0,2,0,1,0,1,0,0,0,2,2,0,0,0,0,0,1,0,0,2,0,0,0,0
NA18606,CHB,EAS,male,NA18606,0,0,male,0,0,0,0,0,0,2,0,1,0,0,1,0,0,0,0,2,1,0,1,0,2,0,0,0,0,1,0,1,1,1,0,0,0,0,0,0,0,0,0,1,1,1,0,1,0,0,1,0,0,0,1,0,0,0,0,0,1,0,0,1,0,0,0,0,0,0,1,0,0,0,0,0,2,1,2,0,1,0,1,0,1,0,0,1,2,0,0,0,0,0,0,2,0,0,2,0,0,0,0
NA18608,CHB,EAS,male,NA18608,0,0,male,0,0,2,0,0,0,2,0,0,0,0,1,1,0,0,0,1,0,0,1,0,2,0,0,0,0,0,0,0,0,1,0,1,1,0,0,0,0,0,0,1,1,1,1,0,0,0,2,0,0,0,1,0,0,0,0,0,1,0,0,2,0,0,0,0,0,0,1,0,1,0,0,0,2,0,1,0,2,0,1,0,1,0,0,0,0,1,0,0,1,0,0,2,0,0,2,0,0,0,0
NA18609,CHB,EAS,male,NA18609,0,0,male,0,0,2,0,0,0,2,0,0,0,0,0,2,0,0,0,2,1,0,0,0,2,0,0,0,0,1,0,0,0,0,0,1,0,0,0,0,0,0,0,1,0,2,0,0,0,1,2,0,0,0,1,0,0,0,0,0,1,0,0,2,0,0,1,0,0,0,2,0,0,0,0,0,1,1,1,0,1,0,1,0,1,1,0,1,2,2,0,1,1,0,0,2,0,0,1,0,0,0,0
NA18610,CHB,EAS,female,NA18610,0,0,female,0,1,0,0,0,0,2,0,0,0,0,1,2,0,0,0,2,0,0,0,0,2,0,0,0,0,1,0,1,1,1,0,1,2,0,0,0,0,0,0,1,0,1,0,0,0,1,2,0,0,0,2,0,0,1,0,1,0,0,0,1,0,0,0,0,0,0,0,0,1,0,0,0,1,1,1,0,1,0,1,0,1,0,0,2,1,1,0,1,0,0,0,2,0,0,1,0,0,0,0
NA18611,CHB,EAS,male,NA18611,0,0,male,0,0,1,0,0,0,2,0,0,0,0,1,0,0,0,0,2,0,0,1,0,2,0,0,0,0,0,0,0,0,1,0,2,1,0,0,0,0,0,0,0,0,2,0,0,0,1,2,0,0,2,1,0,0,0,0,0,1,0,0,0,0,0,0,0,0,0,1,2,2,0,0,0,1,1,2,0,1,0,1,0,1,1,0,1,0,0,0,0,0,0,0,2,0,0,1,0,0,0,0
NA18612,CHB,EAS,male,NA18612,0,0,male,0,2,2,0,0,0,2,0,0,0,0,1,2,0,0,0,1,0,0,0,0,2,0,0,0,0,2,0,1,1,1,0,1,0,1,0,0,0,0,0,1,0,1,0,0,0,0,1,0,0,2,2,0,0,0,0,0,1,0,0,0,0,0,0,0,0,0,0,0,0,0,0,0,1,1,1,0,1,0,2,0,0,0,0,1,1,1,0,0,0,0,0,1,0,0,2,0,0,0,0
NA18613,CHB,EAS,male,NA18613,0,0,male,0,1,0,0,0,0,2,0,1,0,0,0,2,0,0,0,2,0,0,0,0,2,0,0,0,0,0,0,0,0,0,0,0,0,1,0,0,0,0,0,2,0,1,0,0,0,0,2,0,0,1,2,0,0,0,0,1,1,0,0,1,0,0,0,0,0,0,1,1,1,0,0,0,2,1,2,0,0,0,1,0,0,0,0,0,0,0,0,0,1,0,0,1,0,0,2,0,0,0,0
NA18614,CHB,EAS,female,NA18614,0,0,female,0,0,1,0,0,0,2,0,0,0,0,0,2,0,0,0,1,1,0,1,0,2,0,1,1,0,1,0,1,0,0,0,0,0,1,0,0,0,0,0,0,0,2,0,0,0,1,2,0,0,0,2,0,0,0,0,0,1,0,0,1,0,0,0,0,0,0,0,0,1,0,0,0,0,1,2,0,2,0,1,0,1,0,0,2,2,1,0,1,1,0,0,2,0,0,1,0,0,0,0
NA18615,CHB,EAS,female,NA18615,0,0,female,0,1,1,0,1,0,2,0,0,0,0,1,2,0,0,0,1,0,0,1,0,2,0,1,1,0,0,0,0,0,0,0,0,1,1,0,0,0,0,0,1,0,2,0,1,0,1,2,0,0,0,1,0,0,0,0,0,1,0,0,2,0,0,0,0,0,0,0,2,1,0,0,0,1,2,1,0,1,0,0,0,0,1,0,1,1,1,0,1,0,0,0,2,0,0,2,0,0,0,0
NA18616,CHB,EAS,female,NA18616,0,0,female,0,0,0,0,0,0,2,0,0,0,0,1,1,0,0,0,2,0,0,1,0,2,0,0,0,0,0,0,0,0,0,0,1,1,0,0,0,0,0,0,0,1,2,1,0,0,1,2,0,0,0,0,0,0,0,0,0,1,0,0,2,0,0,0,0,0,0,2,0,1,0,0,0,1,2,1,0,0,0,0,0,1,1,0,1,0,2,0,0,1,0,0,1,0,0,2,0,0,0,0
NA18617,CHB,EAS,female,NA18617,0,0,female,0,2,2,0,0,0,2,0,0,0,0,0,1,0,0,0,2,0,0,1,0,2,0,0,0,0,1,0,1,1,1,0,0,0,0,0,0,0,0,0,0,0,2,1,0,0,1,2,0,0,1,2,0,0,0,0,0,0,0,0,2,0,0,0,0,0,0,1,1,1,0,0,0,1,2,1,0,0,0,1,0,1,0,0,1,2,0,0,0,1,0,0,2,0,0,1,0,0,1,0
NA18618,CHB,EAS,female,NA18618,0,0,female,0,0,0,0,0,0,2,0,0,0,0,2,2,0,0,0,2,0,0,0,0,2,0,0,0,0,0,0,0,0,0,0,2,1,1,0,0,0,0,0,0,0,1,0,0,0,0,2,0,0,1,2,0,0,1,0,0,0,0,0,0,0,0,0,0,0,0,0,1,0,0,0,0,1,2,1,0,2,0,0,0,2,0,0,0,1,1,0,0,0,0,0,1,0,0,2,0,0,0,0
NA18619,CHB,EAS,female,NA18619,0,0,female,0,0,1,0,0,0,2,0,0,0,0,0,1,0,0,0,2,0,0,1,0,2,0,1,1,0,1,0,0,0,0,0,0,0,2,1,0,0,0,0,1,0,2,2,0,0,0,2,0,0,1,1,0,0,0,0,0,2,0,0,1,0,0,0,0,0,0,0,0,1,0,0,0,1,1,1,0,1,0,2,1,2,0,0,2,0,0,0,0,1,0,0,2,0,0,0,0,0,0,0
NA18620,CHB,EAS,male,NA18620,0,0,male,0,1,0,0,0,0,2,0,0,0,0,0,1,0,0,0,2,0,0,0,0,2,0,0,0,0,1,0,0,0,1,0,1,1,0,0,0,0,0,0,1,0,2,0,0,0,1,1,0,0,1,2,0,0,0,0,0,0,0,0,0,0,0,0,0,0,0,1,1,1,0,0,0,1,1,1,0,0,0,1,0,1,1,0,2,0,2,0,0,1,0,0,1,0,0,0,0,0,0,0
NA18621,CHB,EAS,male,NA18621,0,0,male,0,1,0,0,0,1,2,0,1,0,0,1,2,0,0,0,2,0,0,0,0,2,0,0,0,0,0,0,0,0,0,0,1,2,1,0,0,1,0,0,1,0,1,0,1,0,1,2,0,0,0,2,0,0,0,0,1,0,0,0,1,0,0,0,0,0,0,1,1,2,0,0,0,1,1,1,0,2,0,2,0,2,0,0,1,0,1,0,1,0,0,0,2,0,0,2,0,0,0,0
NA18622,CHB,EAS,male,NA18622,0,0,male,0,0,1,0,0,0,2,0,0,0,0,0,2,0,0,0,1,0,0,2,0,2,0,0,0,0,0,0,0,0,0,0,0,0,2,0,0,1,0,0,1,0,1,0,0,0,1,1,0,0,0,1,0,0,0,0,0,1,0,0,1,0,0,1,0,0,0,1,1,2,0,0,0,1,1,2,0,1,0,2,0,0,0,0,0,0,0,0,0,0,0,0,1,0,0,1,0,0,0,0
NA18623,CHB,EAS,male,NA18623,0,0,male,0,1,1,0,0,0,2,0,0,0,0,0,2,0,0,0,1,0,0,0,0,2,0,0,0,0,0,0,0,0,1,0,0,0,0,0,0,1,0,0,0,0,2,0,0,0,2,1,0,0,1,2,1,0,0,0,0,2,0,0,0,0,0,0,0,0,0,2,1,1,0,0,0,1,1,0,0,0,0,2,0,2,0,0,0,1,0,0,0,1,0,0,1,0,0,2,0,0,0,0
NA18624,CHB,EAS,male,NA18624,0,0,male,0,2,2,0,0,0,2,0,0,0,0,1,0,0,0,0,2,0,0,0,0,2,0,1,1,0,0,0,0,0,1,0,2,1,1,0,0,1,0,0,1,1,2,2,0,0,0,2,0,0,0,0,0,0,0,0,0,2,0,0,2,0,0,0,0,0,0,0,1,1,0,0,0,2,1,1,0,0,0,2,0,2,1,0,0,1,1,0,0,1,0,0,1,0,0,2,0,0,0,0
NA18625,CHB,EAS,female,NA18625,0,0,female,0,2,2,0,0,1,2,0,0,0,0,1,1,0,0,0,2,0,0,0,0,2,0,0,0,0,1,0,0,0,0,0,0,0,2,0,0,0,0,0,1,0,2,0,0,0,0,2,0,0,0,2,0,0,1,0,0,1,0,0,1,0,0,0,0,0,0,1,2,2,0,0,0,2,1,1,0,2,0,0,0,0,0,0,1,1,0,0,0,1,0,0,2,0,0,1,0,0,0,0
NA18626,CHB,EAS,female,NA18626,0,0,female,0,0,0,0,0,0,2,0,0,0,0,0,2,0,0,0,1,0,0,1,1,2,0,1,1,0,0,0,0,0,0,0,0,0,0,0,0,0,0,0,2,0,1,0,1,0,1,2,0,0,0,2,0,0,0,0,0,0,0,0,1,0,0,0,0,0,0,1,0,1,0,0,0,2,1,0,0,1,0,2,0,1,0,0,1,2,2,0,0,0,0,0,1,0,0,1,0,0,0,0
NA18627,CHB,EAS,female,NA18627,0,0,female,0,1,0,0,0,0,2,0,1,0,0,0,2,0,0,0,2,1,0,0,0,2,0,2,2,0,0,0,0,0,0,0,0,2,2,0,0,0,0,0,1,0,1,0,0,0,0,2,0,0,1,1,0,0,0,0,1,1,0,0,2,0,0,0,0,0,0,0,0,1,0,0,0,1,1,2,0,0,0,1,0,1,1,0,0,1,2,0,0,0,0,0,1,0,0,1,0,0,0,0
NA18628,CHB,EAS,female,NA18628,0,0,female,0,1,0,0,0,0,2,0,0,0,0,2,2,0,0,0,1,0,0,1,0,2,0,0,0,0,0,0,1,1,1,0,0,0,0,0,0,0,0,0,1,0,1,0,1,0,1,2,0,0,0,2,0,0,0,0,0,0,0,0,1,0,0,0,0,0,0,0,0,0,0,0,0,0,2,2,0,1,0,2,0,2,0,0,0,0,1,0,0,0,0,0,1,0,0,2,0,0,0,0
NA18629,CHB,EAS,male,NA18629,0,0,male,0,0,0,0,0,1,2,0,0,0,0,2,2,0,0,0,2,0,0,0,0,2,0,0,0,0,1,0,0,0,1,0,1,0,1,0,0,0,0,0,2,0,1,0,0,0,2,1,0,0,1,2,0,0,0,0,0,1,0,0,0,0,0,0,0,0,0,0,1,1,0,0,0,2,1,2,0,2,0,2,0,0,0,0,1,1,1,0,1,1,0,0,2,0,0,2,0,0,0,0
NA18630,CHB,EAS,female,NA18630,0,0,female,0,1,1,0,0,0,2,0,0,0,0,2,2,0,0,0,1,0,0,2,0,2,0,0,0,0,0,0,1,1,1,0,0,0,2,1,0,0,0,0,1,1,1,0,0,0,1,1,0,0,0,0,0,0,0,0,0,1,0,0,1,0,0,0,0,0,0,0,2,2,0,0,1,2,2,1,0,2,0,1,0,1,0,0,2,0,0,0,1,0,0,0,2,0,0,2,0,0,0,0
NA18631,CHB,EAS,female,NA18631,0,0,female,0,0,0,0,0,0,2,0,0,0,0,1,2,0,0,0,2,0,0,0,0,2,0,0,0,0,1,0,0,0,1,0,0,0,0,0,0,2,0,0,2,0,2,0,0,0,1,2,0,0,1,2,0,0,0,0,1,0,0,0,2,0,0,0,1,0,0,1,0,1,0,0,0,1,0,2,0,2,0,0,0,1,0,0,1,1,1,0,0,0,0,0,2,0,0,1,0,0,0,0
NA18632,CHB,EAS,male,NA18632,0,0,male,0,2,1,0,0,0,2,0,0,0,0,1,2,0,0,0,2,0,0,0,0,2,0,1,1,0,2,0,0,0,0,0,0,0,1,0,0,0,0,0,0,1,1,0,0,0,0,2,0,0,1,2,0,0,0,0,0,1,0,0,1,0,0,0,0,0,0,0,2,2,0,0,0,2,2,1,0,0,0,2,0,0,0,0,2,0,1,0,0,1,0,0,2,0,0,2,0,0,0,0
NA18633,CHB,EAS,male,NA18633,0,0,male,0,1,2,0,0,0,2,0,0,0,0,0,2,2,0,0,2,0,0,0,0,2,0,0,0,0,0,0,0,0,0,0,1,1,1,0,0,0,0,0,1,0,1,0,1,0,1,2,0,0,0,1,0,0,0,0,0,1,0,0,0,0,0,0,0,0,0,0,0,1,0,0,0,2,0,2,0,2,0,1,0,0,0,0,0,0,0,0,0,0,0,0,1,0,0,2,0,0,0,0
NA18634,CHB,EAS,female,NA18634,0,0,female,0,1,0,0,0,0,2,0,0,0,0,1,2,0,0,0,2,0,0,1,0,2,0,0,0,0,2,0,0,0,0,0,1,0,0,0,0,0,0,0,1,0,2,0,0,0,1,2,0,0,1,2,0,0,1,0,0,1,0,0,0,0,0,0,0,0,0,1,2,1,0,0,0,1,1,0,0,2,0,1,0,0,0,0,1,0,0,0,0,1,0,0,2,0,0,2,0,0,0,0
NA18635,CHB,EAS,male,NA18635,0,0,male,0,1,0,0,0,0,2,0,1,0,1,1,2,0,0,0,2,0,0,0,0,2,0,1,1,0,1,0,0,0,0,0,1,1,1,0,0,0,0,0,0,0,1,0,0,0,1,2,0,0,0,2,0,0,0,0,0,0,0,0,1,0,0,1,0,0,0,1,1,1,0,0,0,1,1,2,0,1,0,1,0,0,1,0,1,0,1,0,0,0,0,0,2,0,0,2,0,0,0,0
NA18636,CHB,EAS,male,NA18636,0,0,male,0,0,0,0,0,0,2,0,0,0,0,0,2,0,0,0,2,0,0,1,1,2,0,1,1,0,0,0,0,0,0,0,0,0,0,0,0,0,0,0,0,0,2,1,0,0,1,2,0,0,1,2,0,0,0,0,0,0,0,0,1,0,0,1,0,0,0,2,0,1,0,0,0,1,0,2,0,0,0,1,0,0,0,0,0,0,1,0,0,1,0,0,1,0,0,2,0,0,0,0
NA18637,CHB,EAS,male,NA18637,0,0,male,0,0,0,0,0,0,2,0,0,0,0,2,2,0,0,0,2,0,0,1,0,2,0,0,0,0,0,0,0,0,0,0,0,0,1,0,0,0,0,0,1,1,2,0,0,0,1,1,0,0,1,2,0,0,0,0,0,0,0,0,1,0,0,0,0,0,0,0,1,0,0,0,0,1,0,2,0,2,0,0,0,1,0,0,1,0,2,0,0,0,0,0,2,0,0,1,0,0,0,0
NA18638,CHB,EAS,male,NA18638,0,0,male,0,2,2,0,0,1,2,0,0,0,0,0,1,1,0,0,1,0,0,0,0,2,0,0,0,0,1,0,0,0,0,0,0,0,0,0,0,0,0,0,1,0,2,0,0,0,1,2,0,0,1,0,0,0,0,0,0,2,0,0,1,0,0,0,0,0,0,0,0,1,0,0,0,2,0,1,0,0,0,1,0,0,1,0,0,0,2,0,0,1,0,0,1,0,0,2,0,0,0,0
NA18639,CHB,EAS,male,NA18639,0,0,male,0,0,0,0,0,0,2,0,1,0,0,1,2,0,0,0,2,0,0,1,0,2,0,0,0,0,1,0,0,0,0,0,0,0,0,0,0,0,0,0,1,0,2,1,0,0,1,2,0,0,0,2,0,0,0,0,0,1,0,0,1,0,0,0,0,0,0,0,1,1,0,0,0,2,0,1,0,1,0,1,0,2,1,0,0,0,2,0,0,0,0,0,2,0,0,2,0,0,0,0
NA18640,CHB,EAS,female,NA18640,0,0,female,0,1,1,0,0,0,2,0,0,0,0,0,2,0,0,0,2,1,0,0,0,2,0,0,0,0,0,0,0,0,0,0,1,0,1,0,0,0,0,0,0,0,1,0,0,0,1,2,0,0,1,2,0,0,0,0,0,2,0,0,1,0,0,0,0,0,0,1,0,0,0,0,0,2,1,2,0,1,0,0,0,1,0,0,0,0,1,0,0,1,0,0,2,0,0,1,0,0,0,0
NA18641,CHB,EAS,female,NA18641,0,0,female,0,1,1,0,0,0,2,0,0,0,0,0,1,0,0,0,2,0,0,1,0,2,0,0,0,0,1,0,0,0,1,0,1,1,1,0,0,1,0,0,1,0,2,1,0,0,1,2,0,0,1,1,0,0,0,0,0,2,0,0,1,0,0,1,0,0,0,1,2,0,0,0,0,2,0,2,0,0,0,1,0,0,1,0,1,1,1,0,0,0,0,0,1,0,0,2,0,0,0,0
NA18642,CHB,EAS,female,NA18642,0,0,female,0,1,1,0,0,0,2,0,0,0,0,1,1,0,0,0,2,0,0,0,0,2,0,0,0,0,0,0,1,1,1,0,0,0,0,0,0,0,0,0,0,0,2,0,1,0,0,2,0,0,0,2,0,0,0,0,0,2,0,0,2,0,0,0,0,0,0,1,1,1,0,0,0,2,0,0,0,2,0,1,1,0,0,0,0,1,0,0,0,1,0,0,2,0,0,1,0,0,0,0
NA18643,CHB,EAS,male,NA18643,0,0,male,0,2,2,0,0,1,2,0,0,0,0,0,1,0,0,0,2,0,0,1,1,2,0,0,0,0,0,0,1,1,1,0,0,0,0,0,0,1,0,0,1,0,1,0,0,0,0,2,0,0,0,2,1,0,0,0,0,1,0,0,2,0,0,1,0,0,0,0,1,1,0,0,0,1,0,1,0,0,0,0,0,0,0,0,1,0,1,0,0,0,0,0,2,0,0,2,0,0,0,0
NA18644,CHB,EAS,female,NA18644,0,0,female,0,1,1,0,0,0,2,0,1,0,0,1,1,0,0,0,2,0,0,0,0,2,0,0,0,0,2,0,0,0,0,0,0,0,0,0,0,0,0,0,1,0,1,0,0,0,1,2,0,0,2,2,0,0,0,0,0,0,0,0,2,0,0,0,0,0,0,0,0,0,0,0,0,2,1,0,0,2,0,2,0,0,0,0,1,0,1,0,0,0,0,0,1,0,0,2,0,0,0,0
NA18645,CHB,EAS,male,NA18645,0,0,male,0,1,1,0,1,0,2,0,0,0,0,2,0,0,0,0,2,1,0,1,0,2,0,1,1,0,1,0,2,2,2,0,1,1,0,0,0,0,0,0,0,0,1,0,0,0,1,2,0,0,2,2,0,0,0,0,0,2,0,0,0,0,0,1,0,0,0,0,1,2,0,0,0,1,1,1,0,0,0,2,0,1,0,0,1,0,1,0,0,0,0,0,1,0,0,2,0,0,0,0
NA18646,CHB,EAS,female,NA18646,0,0,female,0,0,1,0,0,1,2,0,1,0,0,0,2,0,0,0,1,0,0,1,0,2,0,0,0,0,1,0,1,1,1,0,0,0,0,0,0,0,0,0,1,0,1,0,0,0,1,1,0,0,1,1,0,0,0,0,0,1,0,0,1,0,0,0,0,0,0,0,1,1,0,0,0,1,2,1,0,0,0,1,0,1,0,0,0,1,0,0,0,0,0,0,1,0,0,2,0,0,0,0
NA18647,CHB,EAS,male,NA18647,0,0,male,0,0,0,0,0,0,2,0,0,0,0,0,2,0,0,0,2,0,0,0,0,2,0,0,0,0,0,0,0,0,0,0,0,1,0,0,0,0,0,0,1,0,1,0,0,0,0,1,0,0,1,1,0,0,0,0,0,1,0,0,1,0,0,0,0,0,0,0,0,1,0,0,0,2,0,1,0,1,0,1,0,1,0,0,1,0,0,0,1,0,0,0,2,0,0,2,0,0,0,0
NA18648,CHB,EAS,male,NA18648,0,0,male,0,2,1,0,0,1,2,0,0,0,0,1,2,1,0,0,1,1,0,2,0,2,0,1,1,0,1,0,0,0,0,0,1,1,2,0,0,0,0,0,2,0,2,0,0,0,0,2,0,0,1,2,0,0,0,0,0,0,0,0,1,0,0,0,0,0,0,2,0,0,0,0,0,1,1,1,0,0,0,0,0,0,0,0,1,0,0,0,0,1,0,0,2,0,0,2,0,0,0,0
NA18740,CHB,EAS,male,NA18740,0,0,male,0,1,1,0,0,0,2,0,0,0,1,0,2,0,0,0,2,0,0,0,0,2,0,0,0,0,0,0,0,0,1,0,0,1,0,0,0,0,0,0,1,0,2,1,0,0,1,2,0,0,0,2,0,0,0,0,0,0,0,0,1,0,0,0,0,0,0,0,1,1,0,0,0,1,2,0,0,1,0,2,0,0,0,0,1,1,1,0,0,0,0,0,1,0,0,2,0,0,0,0
NA18745,CHB,EAS,male,NA18745,0,0,male,0,0,0,0,0,0,2,0,0,0,0,1,2,0,0,0,2,1,0,0,0,2,0,0,0,0,1,1,1,1,1,0,0,1,1,0,0,0,0,0,2,0,2,0,0,0,0,1,0,0,0,2,0,0,0,0,1,2,0,0,1,0,0,2,0,0,0,1,0,2,0,0,0,1,1,1,0,1,0,2,0,2,0,0,1,1,1,0,0,1,0,0,1,0,0,1,0,0,0,0
NA18747,CHB,EAS,male,NA18747,0,0,male,0,1,0,0,0,0,2,0,0,0,0,1,2,1,0,0,2,0,0,1,0,2,0,0,0,0,1,0,0,0,1,0,1,1,0,0,0,0,0,0,1,0,1,0,0,0,0,2,0,0,1,2,0,0,0,0,0,0,0,0,2,0,0,0,0,0,0,0,2,2,0,0,0,2,1,0,0,0,0,1,0,1,0,0,1,1,1,0,1,0,0,0,2,0,0,2,0,0,0,0
NA18748,CHB,EAS,male,NA18748,0,0,male,0,1,1,0,0,0,2,0,0,0,0,0,2,0,0,0,2,0,0,0,0,2,0,0,0,0,0,0,0,0,1,0,1,1,1,0,0,0,0,0,1,0,2,0,0,0,0,2,0,0,0,2,0,0,0,0,0,1,0,0,1,0,0,1,0,0,0,0,1,2,0,0,0,2,1,1,0,2,0,2,0,1,0,0,1,0,0,0,0,0,0,0,1,0,0,2,0,0,0,0
NA18749,CHB,EAS,male,NA18749,0,0,male,0,1,2,0,0,0,2,0,0,0,0,1,2,0,0,0,2,0,0,0,0,2,0,0,0,0,0,0,1,1,1,0,0,0,0,0,0,1,0,0,1,0,2,0,0,0,0,0,0,0,0,2,0,0,0,0,0,0,0,0,1,0,0,1,0,0,0,0,1,0,0,0,0,2,1,0,0,2,0,0,0,1,0,0,1,0,1,0,1,1,0,0,1,0,0,2,0,0,0,0
NA18757,CHB,EAS,male,NA18757,0,0,male,0,1,2,0,0,0,2,0,0,0,0,2,2,0,1,0,2,0,0,0,0,2,0,0,0,0,0,0,0,0,0,0,0,0,1,0,0,1,0,0,1,0,0,0,0,0,0,2,0,0,2,2,1,0,0,0,0,1,0,0,0,0,0,0,0,0,0,1,1,2,0,0,0,1,1,0,0,0,0,0,0,0,0,0,0,1,2,0,0,0,0,0,2,0,0,1,0,0,0,0
NA18853,YRI,AFR,male,Y018,0,0,male,0,2,1,0,0,0,2,0,0,0,0,0,2,0,0,0,2,0,0,1,0,1,1,0,0,0,0,0,0,0,0,1,0,1,1,1,0,1,0,1,0,1,1,0,0,0,2,2,1,0,0,2,0,0,0,0,0,1,0,0,0,0,0,0,0,0,0,0,0,0,0,0,0,2,1,0,0,0,0,1,2,0,1,0,0,0,1,0,0,0,0,0,2,0,0,0,0,0,0,0
NA18856,YRI,AFR,male,Y023,0,0,male,0,1,0,0,0,1,2,0,0,0,0,0,2,0,0,0,2,2,0,1,1,2,0,0,0,0,0,0,0,0,0,0,0,0,2,1,0,2,0,0,1,1,2,0,0,0,0,1,1,0,0,2,0,0,0,0,0,0,1,0,0,1,0,1,0,0,0,0,1,1,0,0,0,1,0,0,0,0,0,2,1,0,0,0,1,0,0,0,0,1,1,1,1,0,0,2,0,0,0,0
NA18858,YRI,AFR,female,Y012,0,0,female,0,1,1,1,0,0,2,0,0,0,0,0,2,0,0,0,1,1,0,0,1,2,0,0,0,0,0,0,0,0,0,0,0,0,0,0,0,2,0,1,2,0,1,0,0,0,1,2,1,0,0,2,0,1,0,0,1,2,0,1,0,0,0,0,0,0,0,0,1,0,0,0,0,1,2,2,0,0,0,2,1,0,1,0,1,0,0,0,0,0,0,0,2,0,0,2,0,0,1,0
NA18861,YRI,AFR,female,Y024,0,0,female,0,2,1,0,0,0,2,0,0,0,1,0,2,0,1,1,1,1,0,1,1,2,0,1,0,0,0,0,0,0,0,0,0,0,1,0,0,2,0,0,1,0,2,0,0,0,1,1,0,0,1,2,0,0,0,1,0,0,0,0,1,0,0,0,0,0,1,0,2,2,0,0,0,2,1,0,0,0,0,2,1,0,2,0,1,0,0,0,0,1,0,0,2,0,0,0,0,0,0,0
NA18864,YRI,AFR,female,Y026,0,0,female,0,2,2,0,0,0,2,1,0,1,0,1,2,0,0,0,0,2,0,1,0,1,0,0,0,0,0,0,0,0,0,0,0,1,1,0,0,2,0,0,0,1,1,0,0,0,2,1,0,0,2,1,0,0,0,0,0,2,0,0,1,0,1,0,0,0,0,0,1,0,0,0,0,0,0,2,0,0,0,2,1,0,1,0,1,0,0,0,0,0,0,1,1,0,0,2,0,0,0,0
NA18865,YRI,AFR,male,Y026,0,0,male,0,1,0,0,0,1,2,0,0,0,1,0,2,0,0,0,1,0,0,2,1,2,0,0,0,0,0,0,0,0,0,0,0,1,0,0,0,2,0,0,1,1,2,0,0,0,2,1,1,0,0,1,0,0,0,0,1,1,0,1,0,0,0,0,0,0,0,0,2,1,0,0,0,0,0,1,0,0,0,2,0,0,1,0,0,0,0,0,0,0,1,0,1,0,0,2,1,0,0,0
NA18867,YRI,AFR,female,Y007,0,0,female,0,1,1,0,0,0,2,0,0,0,0,0,2,0,1,0,2,1,0,1,0,2,0,1,0,0,0,0,1,0,0,1,0,2,0,1,0,2,0,0,1,1,2,0,0,1,1,2,1,0,0,2,0,0,0,0,0,0,0,0,0,0,0,0,0,0,0,0,1,0,0,0,0,1,2,0,0,0,0,1,1,0,1,0,0,0,2,0,0,0,0,0,1,0,1,2,0,0,0,0
NA18868,YRI,AFR,male,Y007,0,0,male,0,2,0,0,0,0,2,0,0,0,0,0,0,0,1,0,1,0,0,2,1,2,1,1,0,1,0,0,0,0,0,0,1,0,1,1,0,2,0,0,0,2,1,0,0,0,1,2,1,0,1,1,0,0,0,0,0,1,0,0,1,0,1,0,1,0,0,0,0,1,0,0,0,2,1,1,0,0,0,1,0,0,1,0,0,0,1,0,0,0,0,0,2,0,0,2,1,0,0,0
NA18870,YRI,AFR,female,Y017,0,0,female,0,1,0,0,0,1,2,0,0,0,1,1,2,0,0,1,2,0,0,2,0,2,0,1,0,0,0,0,0,0,0,0,0,0,0,1,0,2,0,0,0,2,0,0,0,0,0,2,1,0,0,1,0,0,0,0,1,1,0,0,0,0,0,0,1,0,0,0,1,1,0,0,0,2,1,0,0,0,0,2,1,0,0,0,0,0,0,0,0,0,0,0,2,0,0,1,1,0,0,0
NA18871,YRI,AFR,male,Y017,0,0,male,0,2,1,0,0,0,2,0,0,0,0,0,2,0,0,0,1,1,0,2,0,1,0,1,1,0,0,0,1,0,0,0,0,0,1,0,0,1,0,0,1,0,1,0,0,0,0,1,1,0,0,2,0,1,0,1,0,1,0,0,0,1,0,0,0,0,0,0,2,2,0,0,0,1,1,0,0,1,0,1,1,0,1,0,0,0,0,0,0,0,0,0,2,0,0,2,0,2,0,0
NA18873,YRI,AFR,female,Y019,0,0,female,0,1,0,0,0,0,2,1,0,0,0,1,2,0,0,0,2,0,0,1,0,2,0,1,0,0,0,0,0,0,0,1,0,2,1,2,0,1,0,0,1,1,2,0,0,0,1,1,1,0,0,2,0,0,0,0,0,1,0,0,0,0,0,0,0,0,1,0,1,1,0,0,0,2,1,2,0,1,0,0,1,1,1,0,0,0,0,0,0,0,0,0,2,0,0,1,0,0,0,0
NA18874,YRI,AFR,male,Y019,0,0,male,0,2,1,0,0,1,2,0,0,0,1,0,2,0,0,1,2,0,0,2,0,2,0,2,1,0,0,0,0,0,0,0,2,0,1,1,0,2,0,0,1,1,1,0,0,0,2,2,1,0,1,2,0,0,0,0,0,1,0,0,0,0,0,0,0,0,0,0,1,1,0,0,0,1,1,1,0,0,1,1,1,0,0,0,1,0,0,0,0,0,0,0,2,0,0,1,0,0,1,0
NA18876,YRI,AFR,female,Y020,0,0,female,0,1,1,0,0,0,2,0,0,0,0,1,2,1,0,0,1,1,1,2,1,2,0,0,0,0,0,0,0,0,0,0,1,2,0,1,0,2,0,0,0,1,1,0,0,0,1,2,2,0,0,2,0,0,0,1,0,2,0,0,0,0,0,0,0,0,0,0,1,1,0,0,0,2,2,1,0,0,0,1,2,0,1,0,0,0,0,0,0,2,0,0,1,0,0,1,1,1,0,0
NA18877,YRI,AFR,male,Y020,0,0,male,0,2,0,0,0,1,2,1,0,1,0,1,2,1,1,0,1,0,0,1,0,2,0,0,0,0,0,0,0,0,0,1,0,2,1,1,1,2,0,0,0,2,0,0,0,0,2,2,1,0,1,2,0,0,0,0,0,1,1,0,0,0,0,0,0,0,0,1,0,0,0,0,0,2,1,1,0,1,0,1,0,0,1,0,1,0,1,0,0,0,0,0,2,1,0,1,0,0,1,0
NA18878,YRI,AFR,female,Y021,0,0,female,0,1,1,1,0,0,2,0,0,0,0,0,1,0,0,0,1,0,0,2,1,2,0,0,0,0,0,0,1,0,0,0,1,0,0,0,1,2,0,0,0,2,0,0,0,0,0,2,0,0,0,2,0,0,1,1,2,2,0,0,0,0,0,0,0,0,0,0,2,1,0,1,0,1,2,1,0,1,0,0,1,0,0,0,1,0,0,0,0,0,0,0,2,0,0,2,1,0,0,0
NA18879,YRI,AFR,male,Y021,0,0,male,0,2,0,0,0,1,2,1,0,1,0,0,1,1,1,1,1,0,1,1,0,1,0,0,0,0,0,0,0,0,0,0,1,0,0,0,1,2,0,0,2,2,1,0,0,0,0,2,1,0,1,2,1,1,0,0,0,1,0,0,0,1,0,1,0,2,0,0,2,1,1,0,0,1,1,2,0,0,0,1,1,1,1,0,1,0,0,0,0,0,0,0,2,0,0,0,0,0,0,0
NA18881,YRI,AFR,female,Y022,0,0,female,0,2,2,0,0,0,2,0,0,0,0,0,2,0,0,0,0,1,0,2,0,2,0,1,0,0,0,0,0,0,0,0,0,0,1,0,0,2,0,0,1,1,1,0,0,0,2,2,1,0,0,2,0,0,0,0,0,1,0,0,1,0,0,0,0,0,0,0,2,1,0,0,0,1,2,1,0,0,0,2,1,0,1,0,1,0,0,0,0,0,0,0,1,0,0,1,0,0,0,0
NA18907,YRI,AFR,female,Y025,0,0,female,1,1,2,0,0,0,2,0,0,0,0,1,2,0,0,1,1,1,0,1,1,2,0,1,0,0,0,0,0,0,0,1,0,0,1,0,0,1,0,0,0,1,2,0,0,0,1,2,1,0,1,1,0,0,0,0,0,0,0,0,0,1,0,0,0,0,0,0,0,0,0,0,0,0,0,1,0,0,0,2,1,0,2,0,0,0,2,0,0,0,0,0,2,0,0,1,0,1,0,0
NA18908,YRI,AFR,male,Y025a,0,0,male,1,2,1,0,0,0,2,0,0,0,0,0,2,0,0,1,1,0,0,0,0,2,1,0,0,0,0,0,0,0,0,0,0,0,0,1,1,1,0,0,0,2,1,0,0,0,0,2,2,0,1,1,0,0,0,0,0,0,0,0,0,0,0,0,0,0,0,0,1,0,0,0,0,1,1,1,0,0,0,2,1,0,1,0,1,0,1,0,0,0,0,0,2,0,0,1,0,0,1,0
NA18909,YRI,AFR,female,Y027,0,0,female,0,1,2,0,0,0,2,1,0,0,0,1,2,0,0,1,1,1,0,2,0,2,0,0,0,0,0,0,0,0,0,0,0,1,1,0,0,2,0,0,0,1,1,0,0,0,1,1,1,0,0,2,0,0,0,0,0,1,0,0,0,0,0,0,0,0,0,0,1,0,0,1,0,1,1,1,0,0,0,2,2,0,2,0,2,0,1,0,0,0,1,1,2,0,0,1,1,1,0,0
NA18910,YRI,AFR,male,Y027,0,0,male,1,0,0,0,0,0,1,1,0,0,0,0,2,0,0,1,1,1,0,2,0,2,0,1,0,0,0,0,1,0,0,0,0,1,0,1,0,2,0,0,1,1,2,0,0,0,2,1,0,0,1,2,0,0,0,0,0,2,0,0,0,0,0,0,0,1,0,0,1,0,0,0,0,1,1,0,0,0,0,2,0,0,1,0,0,0,0,0,0,0,0,0,2,1,0,1,0,0,0,0
NA18912,YRI,AFR,female,Y028,0,0,female,1,2,0,0,0,0,2,0,0,0,0,1,2,0,2,0,2,0,0,2,0,2,0,1,0,0,0,0,0,0,0,1,0,1,1,0,0,1,0,0,2,0,2,0,0,0,1,1,1,1,1,2,0,0,1,0,0,0,0,0,0,0,0,0,0,0,0,0,1,0,0,0,0,2,1,1,0,0,0,2,0,0,0,0,0,0,0,0,0,1,0,0,2,0,0,0,1,1,0,0
NA18915,YRI,AFR,male,Y029,0,0,male,0,2,0,1,0,0,2,0,0,0,0,0,2,0,0,0,1,0,0,1,0,2,1,0,0,1,0,0,0,0,0,1,1,2,1,0,0,1,0,0,1,1,1,0,0,0,2,1,0,0,0,2,0,0,0,0,0,1,0,1,0,0,0,0,1,0,0,0,1,0,0,0,0,2,0,1,0,0,0,1,0,0,0,0,0,0,1,0,0,0,0,0,2,0,0,2,1,0,1,0
NA18916,YRI,AFR,female,Y030,0,0,female,0,2,2,1,0,0,2,0,0,0,2,1,2,0,0,0,1,1,0,0,0,1,0,0,0,0,0,0,0,0,0,0,0,0,0,0,0,2,0,0,1,2,0,0,0,0,1,2,1,0,0,2,0,1,0,0,0,1,0,0,0,1,0,0,0,1,0,0,1,0,1,1,0,2,0,1,0,0,0,1,0,0,1,0,1,0,0,0,0,0,1,0,2,0,0,1,1,0,0,0
NA18917,YRI,AFR,male,Y030,0,0,male,0,2,0,0,0,0,2,0,0,0,0,1,2,0,0,0,1,0,1,2,1,2,0,0,0,0,0,0,0,0,0,1,0,0,0,0,0,1,0,0,1,0,1,0,0,0,1,2,0,0,0,2,0,0,0,0,0,2,0,0,0,0,0,0,0,0,0,0,0,1,0,0,0,1,2,0,0,0,0,1,1,0,2,0,1,0,0,0,0,0,0,0,2,0,0,2,0,0,0,0
NA18923,YRI,AFR,male,Y033,0,0,male,0,1,0,0,0,0,2,1,0,0,1,0,1,0,0,1,1,0,0,1,1,2,0,1,1,0,0,0,0,0,0,0,0,0,0,1,0,1,0,0,1,1,1,0,0,0,2,0,1,0,0,1,0,0,0,0,0,1,0,0,0,1,0,0,0,0,0,0,2,0,0,1,1,1,0,1,0,0,0,1,0,0,2,0,2,0,1,0,0,0,0,0,2,0,0,1,0,0,1,0
NA18924,YRI,AFR,female,Y033,0,0,female,0,2,0,0,0,0,2,0,0,0,0,0,2,0,0,0,0,1,0,2,1,1,0,1,0,0,0,0,0,0,0,1,1,1,1,0,0,2,0,1,1,1,2,0,0,0,0,2,0,0,1,2,0,0,0,0,0,1,0,0,0,0,0,0,0,0,0,0,0,0,0,0,1,2,1,1,0,0,0,1,0,0,2,0,0,0,1,0,0,1,0,0,2,0,0,1,0,1,0,0
NA18933,YRI,AFR,female,Y036,0,0,female,1,2,1,0,0,0,2,0,0,1,1,0,2,1,0,0,2,0,0,2,0,1,0,0,0,0,0,0,0,0,0,0,1,2,1,1,0,2,0,0,0,1,1,0,0,0,1,2,0,0,0,2,0,0,0,0,0,2,0,0,0,1,0,0,0,0,0,0,0,1,0,0,0,0,1,1,0,0,0,1,1,0,2,0,0,0,1,0,0,0,0,1,2,0,0,0,0,1,0,0
NA18934,YRI,AFR,male,Y036,0,0,male,0,2,1,0,0,0,2,1,0,0,0,0,2,0,0,0,2,0,0,0,0,2,0,0,0,0,0,0,0,0,0,0,1,0,2,0,0,2,0,0,1,2,2,0,1,0,2,0,2,0,1,2,0,0,0,0,0,1,0,0,1,0,0,0,1,0,0,0,1,1,0,0,0,1,2,2,0,0,0,2,1,0,1,0,0,0,1,0,0,0,0,1,2,1,0,1,0,1,0,0
NA18939,JPT,EAS,female,NA18939,0,0,female,0,1,1,0,0,1,2,0,0,0,0,1,2,0,0,0,1,1,0,1,0,2,0,0,0,0,0,0,0,0,1,0,1,1,0,0,0,0,0,0,0,0,2,1,0,0,1,2,0,0,1,2,0,0,0,0,0,1,0,0,0,0,0,0,0,0,0,1,0,0,0,0,0,1,1,1,0,1,0,0,0,0,0,0,0,0,2,0,0,0,0,0,2,0,0,1,0,0,0,0
NA18940,JPT,EAS,male,NA18940,0,0,male,0,0,1,0,0,1,2,0,0,0,0,1,2,0,0,0,1,0,0,0,1,2,0,0,0,0,1,0,0,0,1,0,1,0,0,0,0,0,0,0,0,0,2,0,0,0,1,2,0,0,1,1,0,0,0,0,0,2,0,0,1,0,0,0,0,0,0,0,1,1,0,0,0,1,1,2,0,1,0,2,0,0,0,0,1,0,0,0,0,1,0,0,2,0,0,2,0,0,0,0
NA18941,JPT,EAS,female,NA18941,0,0,female,0,1,1,0,0,0,2,0,0,0,0,0,2,0,0,0,2,0,0,0,0,2,0,0,0,0,1,0,0,0,1,0,0,0,1,0,0,0,0,0,0,0,2,0,1,0,0,2,0,0,0,1,0,0,0,0,0,1,0,0,0,0,0,0,0,0,0,0,0,0,0,0,0,2,2,2,0,2,0,2,1,0,0,0,0,0,1,0,0,0,0,0,1,0,0,0,0,0,0,0
NA18942,JPT,EAS,female,NA18942,0,0,female,0,0,0,0,0,0,2,0,0,0,0,1,2,0,0,0,1,0,0,0,0,2,0,0,0,0,0,0,0,0,0,0,0,0,0,0,0,0,0,0,1,0,1,0,1,0,2,1,0,0,1,1,0,0,0,0,0,1,0,0,2,0,0,1,0,0,0,2,1,1,0,0,0,1,1,1,0,0,0,1,1,1,0,0,0,1,2,0,0,0,0,0,2,0,0,1,0,0,0,0
NA18943,JPT,EAS,male,NA18943,0,0,male,0,1,0,0,0,1,2,0,0,0,0,2,1,0,0,0,2,1,0,2,1,2,0,0,0,0,0,0,0,0,0,0,0,1,0,0,0,0,0,0,0,0,2,0,0,0,1,2,0,0,2,2,0,0,0,0,0,2,0,0,0,0,0,0,0,0,0,1,1,2,0,0,0,1,0,0,0,0,0,1,0,0,0,0,0,2,2,0,0,0,0,0,0,0,0,2,0,0,0,0
NA18944,JPT,EAS,male,NA18944,0,0,male,0,0,0,0,0,0,2,0,0,0,0,0,2,0,0,0,2,1,0,1,0,2,0,0,0,0,0,0,0,0,0,0,0,1,0,0,0,0,0,0,1,0,2,1,1,0,1,2,0,0,1,2,0,0,0,0,1,1,0,0,2,0,0,0,0,0,0,0,2,2,0,0,0,2,2,0,0,0,0,1,0,0,0,0,0,1,1,0,0,1,0,0,2,0,0,2,0,0,0,0
NA18945,JPT,EAS,male,NA18945,0,0,male,0,0,0,0,0,0,2,0,0,0,0,1,2,0,0,0,0,1,0,1,1,2,0,0,0,0,0,0,0,0,0,0,2,0,1,0,0,0,0,0,1,0,1,0,1,0,1,2,0,0,1,2,0,0,0,0,0,0,0,0,0,0,0,0,0,0,0,0,2,2,0,0,0,2,2,1,0,2,0,2,0,1,0,0,2,0,0,0,0,0,0,0,2,0,0,1,0,0,0,0
NA18946,JPT,EAS,female,NA18946,0,0,female,0,2,0,0,0,0,2,0,0,0,0,1,2,0,0,0,1,2,0,0,0,2,0,0,0,0,0,0,0,0,0,0,2,1,0,0,0,0,0,0,1,0,1,1,1,0,1,2,0,0,0,2,0,0,0,0,0,1,0,0,0,0,0,0,0,0,0,0,0,0,0,0,0,0,0,2,0,2,0,0,0,0,0,0,1,0,0,0,1,0,0,0,2,0,0,1,0,0,0,0
NA18947,JPT,EAS,female,NA18947,0,0,female,0,0,0,0,0,0,2,0,0,0,1,1,0,0,0,0,1,1,0,0,0,2,0,0,0,0,0,0,0,0,0,0,0,0,0,0,0,0,0,0,0,1,1,0,0,0,1,1,0,0,1,1,0,0,0,0,0,0,0,0,1,0,0,0,1,0,0,1,1,1,0,0,0,0,0,1,0,2,0,2,0,0,0,0,0,0,1,0,0,1,0,0,1,0,0,1,0,0,0,0
NA18948,JPT,EAS,male,NA18948,0,0,male,0,2,1,0,0,0,2,0,0,0,0,1,1,0,0,0,2,0,0,0,0,2,0,0,0,0,0,0,0,0,0,0,1,0,1,1,0,0,0,0,1,1,0,0,0,0,0,2,0,0,0,2,0,0,0,0,0,0,0,0,1,0,0,1,0,0,0,1,1,0,0,0,0,0,0,2,0,1,0,2,0,0,0,0,0,1,1,0,0,0,0,0,2,0,0,1,0,0,0,0
NA18949,JPT,EAS,female,NA18949,0,0,female,0,0,0,0,0,0,2,0,0,0,0,0,2,0,0,0,2,0,0,0,1,2,0,0,0,0,0,0,0,0,1,0,0,0,0,0,0,0,0,0,1,1,1,0,0,0,1,2,0,0,0,0,0,0,0,0,0,1,0,0,0,0,0,0,0,0,0,1,1,1,0,0,0,1,0,1,0,0,0,1,0,0,0,0,1,0,1,0,0,1,0,0,2,0,0,2,0,0,0,0
NA18950,JPT,EAS,female,NA18950,0,0,female,0,1,1,0,0,1,2,0,0,0,0,0,1,0,0,0,1,0,0,1,0,2,0,0,0,0,0,0,0,0,0,0,0,0,1,0,0,0,0,0,0,0,2,0,0,0,0,2,0,0,1,2,0,0,0,0,0,0,0,0,1,0,0,0,0,0,0,1,0,1,0,0,0,1,1,1,0,0,0,1,0,1,0,0,1,1,1,0,0,0,0,0,2,0,0,1,0,0,0,0
NA18951,JPT,EAS,female,NA18951,0,0,female,0,1,1,0,0,0,2,0,0,0,0,1,2,0,0,0,2,0,0,1,0,2,0,0,0,0,1,0,0,0,0,0,0,1,1,0,0,0,0,0,0,0,1,0,0,0,1,2,0,0,0,1,0,0,0,0,0,0,0,0,2,0,0,0,0,0,0,0,2,2,0,0,0,2,1,1,0,0,0,2,0,1,0,0,0,1,0,0,0,0,0,0,2,0,0,2,0,0,0,0
NA18952,JPT,EAS,male,NA18952,0,0,male,0,0,2,0,0,0,2,0,0,0,0,1,1,0,0,0,1,0,0,1,0,2,0,0,0,0,0,0,0,0,0,0,0,1,0,1,0,0,0,0,1,0,2,0,0,0,1,1,0,0,2,2,0,0,0,0,0,0,0,0,0,0,0,0,0,0,0,0,0,1,0,0,0,1,0,2,0,1,0,2,0,1,1,0,0,0,0,0,0,0,0,0,2,0,0,2,0,0,0,0
NA18953,JPT,EAS,male,NA18953,0,0,male,1,0,0,0,0,0,2,0,0,0,0,1,1,0,0,0,1,1,0,0,0,2,0,0,0,0,0,0,0,0,1,0,0,0,1,0,0,0,0,0,1,0,2,0,0,0,0,1,0,0,1,2,0,0,0,0,0,0,0,0,1,0,0,0,0,0,0,1,1,1,0,0,0,2,2,2,0,1,0,0,0,1,1,0,0,0,0,0,0,1,0,0,2,0,0,2,0,0,0,0
NA18954,JPT,EAS,female,NA18954,0,0,female,0,0,0,0,0,0,2,0,0,0,0,1,2,0,0,0,2,0,0,1,0,2,0,0,0,0,0,0,0,0,0,0,1,0,0,0,0,0,0,0,1,0,2,0,1,0,1,1,0,0,1,1,0,0,0,0,0,1,0,0,0,0,0,1,0,0,0,0,0,1,0,0,0,1,1,1,0,1,0,2,0,1,0,0,0,2,0,0,0,1,0,0,2,0,0,2,0,0,0,0
NA18956,JPT,EAS,female,NA18956,0,0,female,0,1,0,0,0,0,2,0,1,0,0,2,2,0,0,0,2,0,0,1,0,2,0,1,1,0,1,0,0,0,0,0,1,2,1,0,0,1,0,0,0,0,1,0,0,0,1,2,0,0,0,1,0,0,0,0,0,2,0,0,1,0,0,1,0,0,0,1,0,1,0,0,0,2,1,1,0,1,0,1,0,1,1,0,1,0,1,0,0,0,0,0,2,0,0,2,0,0,0,0
NA18957,JPT,EAS,female,NA18957,0,0,female,0,0,1,0,0,0,2,0,0,0,0,1,1,0,0,0,2,0,0,1,0,2,0,1,1,0,1,0,0,0,1,0,0,0,0,0,0,0,0,0,1,0,2,0,0,0,0,1,0,0,2,2,0,0,0,0,0,2,0,0,1,0,0,0,0,0,0,0,0,1,0,0,0,1,0,1,0,1,0,2,0,1,0,0,1,1,1,0,0,0,0,0,2,0,0,1,0,0,0,0
NA18959,JPT,EAS,male,NA18959,0,0,male,0,0,1,0,0,0,2,0,0,0,0,0,2,1,0,0,2,0,0,0,1,2,0,0,0,0,1,0,1,0,0,0,0,0,0,0,0,0,0,0,0,0,1,0,1,0,1,1,0,0,1,2,0,0,0,0,0,0,0,0,0,0,0,0,0,0,0,0,1,1,0,0,0,1,0,2,0,0,0,0,0,2,0,0,1,0,0,0,1,1,0,0,0,0,0,2,0,0,0,0
NA18960,JPT,EAS,male,NA18960,0,0,male,0,0,0,0,0,0,2,0,0,0,0,2,2,0,0,0,2,0,0,0,0,2,0,0,0,0,1,0,0,0,0,0,1,0,0,0,0,0,0,0,0,0,2,0,0,0,1,2,0,0,0,2,0,0,0,0,0,2,0,0,1,0,0,1,0,0,0,1,0,0,0,0,0,2,1,0,0,1,0,1,0,1,0,0,0,1,1,0,0,0,0,0,2,0,0,2,0,0,0,0
NA18961,JPT,EAS,male,NA18961,0,0,male,0,0,0,0,0,0,2,0,0,0,0,1,2,0,0,0,2,0,0,0,0,2,0,0,0,0,0,0,0,0,0,0,0,0,0,2,0,0,0,0,1,0,2,0,0,0,0,2,0,0,2,2,0,0,0,0,1,2,0,0,2,0,0,1,0,0,0,0,0,2,0,0,0,2,1,1,0,0,0,1,0,1,0,0,0,1,0,0,0,1,0,0,2,0,0,2,0,0,0,0
NA18962,JPT,EAS,male,NA18962,0,0,male,0,0,0,0,0,0,2,0,0,0,0,0,2,0,0,0,2,0,0,1,1,2,0,0,0,0,0,0,0,0,0,0,1,1,0,0,0,0,0,0,0,1,1,0,0,0,0,1,0,0,1,2,0,0,0,0,0,0,0,0,0,0,0,1,0,0,0,0,0,1,0,0,0,0,1,1,0,0,0,1,0,1,0,0,0,1,1,0,0,0,0,0,2,0,0,2,0,0,0,0
NA18963,JPT,EAS,female,NA18963,0,0,female,0,1,2,0,0,0,2,0,0,0,0,0,2,0,0,0,2,0,0,2,0,2,0,0,0,0,1,0,0,0,0,0,0,0,0,0,0,0,0,0,1,1,1,0,0,0,0,2,0,0,1,2,0,0,0,0,0,0,0,0,1,0,0,0,0,0,0,0,1,1,0,0,0,2,0,0,0,1,0,1,0,0,0,0,0,0,0,0,0,0,0,0,2,0,0,2,0,0,0,0
NA18964,JPT,EAS,female,NA18964,0,0,female,0,1,1,0,0,0,2,0,0,0,0,0,2,0,0,0,0,0,0,0,1,2,0,1,1,0,0,0,0,0,0,0,1,0,0,0,0,0,0,0,1,0,1,0,1,0,1,2,0,0,1,1,0,0,0,0,0,0,0,0,1,0,0,2,1,0,0,1,2,2,0,0,0,0,1,1,0,0,0,1,0,0,0,0,1,0,1,0,0,0,0,0,2,0,0,1,0,0,0,0
NA18965,JPT,EAS,male,NA18965,0,0,male,0,0,0,0,0,0,2,0,0,0,0,1,2,0,0,0,2,0,0,0,1,2,0,0,0,0,1,0,1,1,1,0,0,0,0,0,0,0,0,0,0,0,1,0,1,0,0,2,0,0,1,2,0,0,0,0,0,1,0,0,2,0,0,0,0,0,0,0,1,0,0,0,0,1,1,1,0,2,0,0,0,0,0,0,1,1,1,0,0,0,0,0,1,0,0,1,0,0,0,0
NA18966,JPT,EAS,male,NA18966,0,0,male,0,0,1,0,0,0,2,0,1,0,0,2,2,0,0,0,2,0,0,0,0,2,0,0,0,0,0,0,0,0,0,0,0,0,0,0,0,1,0,0,1,0,2,0,1,0,2,1,0,0,1,1,0,0,0,0,0,1,0,0,0,0,0,0,0,0,0,2,0,1,0,0,0,2,1,1,0,2,0,1,0,0,0,0,0,1,2,0,0,0,0,0,2,0,0,1,0,0,0,0
NA18967,JPT,EAS,male,NA18967,0,0,male,0,1,1,0,0,0,2,0,1,0,0,0,2,0,0,0,1,0,0,0,0,2,0,0,0,0,0,0,0,0,0,0,0,0,0,0,0,0,0,0,1,1,2,1,0,0,0,2,0,0,0,2,0,0,0,0,0,0,0,0,1,0,0,1,0,0,0,1,0,1,0,0,0,2,1,1,0,0,0,0,0,2,1,0,1,1,0,0,0,1,0,0,1,0,0,1,0,0,0,0
NA18968,JPT,EAS,female,NA18968,0,0,female,0,2,2,0,0,0,2,0,0,0,0,1,2,0,0,0,2,1,0,1,0,2,0,0,0,0,0,0,0,0,0,0,1,1,0,0,0,0,0,0,0,0,2,0,0,0,2,2,0,0,0,2,0,0,0,0,0,0,0,0,1,0,0,0,0,0,0,0,2,2,0,0,0,1,1,2,0,1,0,0,0,0,0,0,1,2,0,0,0,0,0,0,1,0,0,1,0,0,0,0
NA18969,JPT,EAS,female,NA18969,0,0,female,0,0,0,0,0,0,2,0,0,0,0,0,2,0,0,0,1,0,0,2,0,2,0,0,0,0,0,0,0,0,0,0,1,0,1,0,0,1,0,0,1,0,2,0,0,0,0,2,0,0,0,1,0,0,0,0,0,1,0,0,2,0,0,1,0,0,0,1,1,1,0,0,0,2,1,1,0,2,0,1,0,1,0,0,1,0,2,0,0,0,0,0,2,0,0,1,0,0,0,0
NA18970,JPT,EAS,male,NA18970,0,0,male,0,2,1,0,0,0,2,0,0,0,0,0,2,2,0,0,2,0,0,2,0,2,0,1,1,0,1,0,0,0,1,0,0,0,0,0,0,0,0,0,0,1,2,0,0,0,0,2,0,0,1,2,0,0,0,0,0,1,0,0,1,0,0,0,0,0,0,0,2,1,0,0,0,1,1,1,0,0,0,2,0,0,0,0,0,0,1,0,0,2,0,0,2,0,0,1,0,0,0,0
NA18971,JPT,EAS,male,NA18971,0,0,male,0,1,1,0,0,0,2,0,0,0,0,0,1,2,0,0,2,0,0,0,1,2,0,0,0,0,0,0,0,0,0,0,1,1,1,1,0,0,0,0,1,0,1,0,0,0,0,2,0,0,1,2,0,0,0,0,0,1,0,0,1,0,0,0,0,0,0,0,1,1,0,0,1,1,2,1,0,1,0,2,0,0,0,0,1,0,1,0,1,1,0,0,2,0,0,0,0,0,0,0
NA18972,JPT,EAS,female,NA18972,0,0,female,0,2,2,0,0,1,2,0,0,0,0,0,2,0,0,0,2,0,0,0,0,2,0,0,0,0,0,0,0,0,0,0,0,0,1,0,0,0,0,0,1,0,1,0,0,0,2,2,0,0,1,2,0,0,1,0,0,0,0,0,2,0,0,0,1,0,0,1,1,1,0,0,0,2,1,2,0,0,0,0,0,2,1,0,2,0,0,0,0,0,0,0,2,0,0,1,0,0,0,0
NA18973,JPT,EAS,female,NA18973,0,0,female,0,0,0,0,0,0,2,0,0,0,0,2,2,0,0,0,1,0,0,0,0,2,0,0,0,0,1,0,1,1,1,0,1,1,0,0,0,1,0,0,0,0,1,0,0,0,0,1,0,0,1,1,1,0,0,0,0,0,0,0,1,0,0,0,0,0,0,0,1,1,0,0,1,2,0,0,0,2,0,2,0,1,1,0,0,0,0,0,0,1,0,0,2,0,0,1,0,0,0,0
NA18974,JPT,EAS,male,NA18974,0,0,male,0,1,1,0,0,0,2,0,0,0,0,1,2,0,0,0,2,0,0,0,0,2,0,0,0,0,0,0,0,0,0,0,0,0,2,0,0,0,0,0,1,0,2,0,0,0,1,1,0,0,1,2,0,0,0,0,0,0,0,0,1,0,0,0,0,0,0,1,0,1,0,0,0,1,1,2,0,1,0,1,0,1,0,0,0,0,2,0,0,0,0,0,1,0,0,1,0,0,0,0
NA18975,JPT,EAS,female,NA18975,0,0,female,0,1,2,0,0,0,2,0,0,0,0,1,1,0,0,0,2,0,0,1,0,2,0,0,0,0,0,0,0,0,0,0,0,0,0,0,0,0,0,0,1,0,2,0,0,0,1,1,0,0,1,2,0,0,0,0,0,1,0,0,2,0,0,0,0,0,0,0,1,1,0,0,0,1,2,1,0,1,0,1,0,2,0,0,1,0,1,0,0,0,0,0,2,0,0,1,0,0,0,0
NA18976,JPT,EAS,female,NA18976,0,0,female,0,2,2,0,0,0,2,0,0,0,0,2,2,0,0,0,2,2,0,0,0,2,0,0,0,0,1,0,0,0,1,0,0,0,1,1,0,0,0,0,1,0,2,0,2,0,0,2,0,0,1,2,0,0,0,0,0,2,0,0,1,0,0,1,0,0,0,0,1,1,0,0,0,1,1,2,0,1,0,2,0,0,0,0,0,0,0,0,0,0,0,0,2,0,0,2,0,0,0,0
NA18977,JPT,EAS,male,NA18977,0,0,male,0,0,0,0,0,0,2,0,0,0,0,0,2,0,0,0,1,1,0,2,0,2,0,0,0,0,0,0,0,0,0,0,0,0,1,1,0,0,0,0,0,0,1,0,0,0,0,2,0,0,1,2,0,0,0,0,0,1,0,0,1,0,0,0,0,0,0,0,0,0,0,0,0,1,0,1,0,0,0,1,0,1,0,0,0,0,1,0,0,1,0,0,2,0,0,2,0,0,0,0
NA18978,JPT,EAS,female,NA18978,0,0,female,0,0,0,0,0,0,2,0,0,0,0,0,2,1,0,0,1,1,0,0,0,2,0,0,0,0,0,0,0,0,0,0,0,0,0,0,0,0,0,0,1,1,1,0,2,0,1,1,0,0,1,2,0,0,0,0,0,0,0,0,1,0,0,1,0,0,0,1,0,1,0,0,0,2,2,1,0,2,0,1,0,1,0,0,0,2,2,0,0,0,0,0,2,0,0,1,0,0,0,0
NA18979,JPT,EAS,female,NA18979,0,0,female,0,0,0,0,0,0,2,0,0,0,0,1,1,2,0,0,2,1,0,2,1,2,0,1,1,0,1,0,0,0,1,0,0,0,0,0,0,0,0,0,2,0,2,0,0,0,1,2,0,0,2,2,0,0,0,0,0,2,0,0,0,0,0,1,0,0,0,1,1,2,0,0,0,1,0,2,0,1,0,1,0,1,0,0,0,2,1,0,0,0,0,0,1,0,0,2,0,0,0,0
NA18980,JPT,EAS,female,NA18980,0,0,female,0,1,1,0,0,0,2,0,0,0,0,0,2,0,0,0,1,0,0,0,0,2,0,0,0,0,1,0,1,1,1,0,0,1,1,0,0,0,0,0,2,1,1,0,1,0,1,2,0,0,1,1,0,0,0,0,0,0,0,0,2,0,0,0,0,0,0,0,0,1,0,0,0,2,1,2,0,1,0,0,0,0,0,0,0,1,0,0,2,0,0,0,1,0,0,2,0,0,0,0
NA18981,JPT,EAS,female,NA18981,0,0,female,0,0,1,0,0,0,2,0,0,0,0,0,2,0,0,0,2,1,0,1,0,2,0,0,0,0,0,0,0,0,0,0,1,2,1,1,0,0,0,0,2,1,1,0,0,0,0,1,0,0,0,2,0,0,0,0,0,0,0,0,1,0,0,0,0,0,0,1,1,2,0,0,0,1,2,0,0,1,0,1,0,2,0,0,1,0,1,0,0,0,0,0,2,0,0,2,0,0,0,0
NA18982,JPT,EAS,male,NA18982,0,0,male,0,1,1,0,0,0,2,0,0,0,0,2,2,0,0,0,1,1,0,0,0,2,0,0,0,0,1,0,1,1,1,0,0,0,0,0,0,0,0,0,0,1,1,1,0,0,1,1,0,0,2,2,0,0,0,0,0,0,0,0,0,0,0,0,0,0,0,0,0,1,0,0,0,2,2,0,0,2,0,0,0,1,0,0,1,1,1,0,0,0,0,0,2,0,0,2,0,0,0,0
NA18983,JPT,EAS,male,NA18983,0,0,male,0,2,1,0,0,0,2,0,0,0,0,0,2,1,0,0,2,0,0,1,0,2,0,0,0,0,0,0,1,1,1,0,1,0,1,0,0,1,0,0,0,1,1,0,0,0,0,1,0,0,1,2,0,0,0,0,0,0,0,0,2,0,0,1,0,0,0,0,1,1,0,0,0,2,1,0,0,2,0,2,0,0,1,0,0,0,2,0,0,0,0,0,2,0,0,2,0,0,0,0
NA18984,JPT,EAS,male,NA18984,0,0,male,0,1,1,0,0,1,2,0,0,0,0,0,1,0,0,0,2,0,0,0,1,2,0,1,1,0,1,0,0,0,0,0,1,2,1,1,0,1,0,0,0,1,2,1,0,0,1,2,0,0,0,2,0,0,0,0,0,1,0,0,2,0,0,0,0,0,0,0,1,2,0,0,0,1,1,1,0,1,0,2,0,1,1,0,0,0,1,0,0,0,0,0,2,0,0,2,0,0,0,0
NA18985,JPT,EAS,male,NA18985,0,0,male,0,0,0,0,0,0,2,0,0,0,0,0,2,2,0,0,2,0,0,2,0,2,0,0,0,0,0,0,1,1,1,0,0,1,1,1,0,0,0,0,2,0,2,0,1,0,0,2,0,0,1,2,0,0,0,0,0,1,0,0,1,0,0,1,0,0,0,0,1,0,0,0,0,1,2,0,0,1,0,1,0,1,0,0,0,1,1,0,1,1,0,0,2,0,0,2,0,0,0,0
NA18986,JPT,EAS,male,NA18986,0,0,male,0,0,1,0,0,0,2,0,0,0,0,0,2,0,0,0,2,0,0,0,0,2,0,0,0,0,0,0,0,0,1,0,1,1,0,0,0,0,0,0,1,0,2,0,0,0,0,2,0,0,0,2,0,0,0,0,0,0,0,0,1,0,0,1,0,0,0,0,0,0,0,0,0,2,1,2,0,2,0,2,0,0,0,0,0,1,1,0,0,1,0,0,2,0,0,2,0,0,0,0
NA18987,JPT,EAS,female,NA18987,0,0,female,0,1,1,0,0,0,2,0,0,0,0,1,1,2,0,0,1,0,0,1,0,2,0,1,1,0,0,0,0,0,0,0,2,1,0,0,0,0,0,0,1,0,0,0,0,0,0,2,0,0,0,1,0,0,0,0,0,1,0,0,1,0,0,0,0,0,0,0,0,0,0,0,0,0,0,1,0,2,0,2,0,1,0,0,1,0,0,0,0,1,0,0,2,0,0,0,0,0,0,0
NA18988,JPT,EAS,male,NA18988,0,0,male,0,0,1,0,0,1,2,0,0,0,0,1,2,0,0,0,1,0,0,0,0,2,0,0,0,0,2,0,0,0,1,0,1,1,2,0,0,0,0,0,1,0,2,0,0,0,1,2,0,0,1,2,0,0,0,0,0,1,0,0,2,0,0,0,0,0,0,1,1,1,0,0,0,1,1,0,0,0,0,0,0,0,0,0,1,1,1,0,0,0,0,0,2,0,0,2,0,0,0,0
NA18989,JPT,EAS,male,NA18989,0,0,male,0,1,1,0,0,0,2,0,0,0,0,0,2,0,0,0,2,0,0,1,0,2,0,0,0,0,0,0,1,0,0,0,0,1,0,0,0,0,0,0,1,0,1,1,0,0,0,1,0,0,2,2,0,0,0,0,0,0,0,0,1,0,0,1,0,0,0,1,1,1,0,0,0,2,2,2,0,0,0,2,0,2,0,0,1,1,1,0,1,0,0,0,1,0,0,2,0,0,0,0
NA18990,JPT,EAS,male,NA18990,0,0,male,0,1,0,0,0,0,2,0,0,0,0,0,2,0,0,0,2,0,0,0,0,2,0,0,0,0,0,0,0,0,0,0,0,0,2,0,0,0,0,0,0,0,2,0,1,0,1,2,0,0,1,2,0,0,0,0,0,1,0,0,1,0,0,0,0,0,0,1,1,1,0,0,1,2,1,1,0,0,0,2,0,0,0,0,0,0,0,0,0,0,0,0,2,0,0,1,0,0,0,0
NA18991,JPT,EAS,female,NA18991,0,0,female,0,1,1,0,0,1,2,0,0,0,0,1,2,0,0,0,1,0,0,0,0,2,0,0,0,0,0,0,0,0,0,0,0,0,1,1,0,0,0,0,1,0,2,0,0,0,0,2,0,0,2,2,0,0,0,0,0,1,0,0,0,0,0,0,0,0,0,1,0,0,0,0,0,0,0,2,0,1,0,0,0,1,0,0,1,1,1,0,0,0,0,0,2,0,0,1,0,0,0,0
NA18992,JPT,EAS,female,NA18992,0,0,female,0,1,1,0,0,0,2,0,1,0,0,1,2,0,0,0,1,0,0,1,0,2,0,0,0,0,0,0,0,0,0,0,1,0,2,0,0,0,0,0,0,0,1,1,0,0,0,2,0,0,1,2,0,0,1,0,0,0,0,0,0,0,0,0,0,0,0,0,0,1,0,0,0,2,0,2,0,1,0,2,0,1,0,0,1,0,1,0,1,1,0,0,2,0,0,2,0,0,0,0
NA18993,JPT,EAS,female,NA18993,0,0,female,0,2,0,0,0,1,2,0,0,0,0,2,2,1,0,0,2,0,0,2,1,2,0,0,0,0,0,0,0,0,0,0,2,1,1,0,0,1,0,0,1,1,0,0,0,0,2,2,0,0,0,0,0,0,0,0,0,2,0,0,0,0,0,1,0,0,0,0,1,2,0,0,0,2,0,2,0,1,0,0,1,2,0,0,1,1,1,0,0,0,0,0,2,0,0,2,0,0,0,0
NA18994,JPT,EAS,male,NA18994,0,0,male,0,2,2,0,0,0,2,0,1,0,0,1,2,0,0,0,2,0,0,1,0,2,0,0,0,0,1,0,2,1,1,0,1,0,0,0,0,0,0,0,1,0,2,1,0,0,1,1,0,0,2,2,0,0,0,0,0,0,0,0,2,0,0,0,0,0,0,1,2,2,0,0,0,1,0,0,0,0,0,1,0,0,0,0,2,0,2,0,0,0,0,0,1,0,0,2,0,0,0,0
NA18995,JPT,EAS,male,NA18995,0,0,male,0,1,0,0,1,0,2,0,1,0,0,0,0,2,0,0,2,1,0,1,0,2,0,0,0,0,0,0,0,0,0,0,0,0,1,0,0,0,0,0,2,0,2,0,0,0,2,2,0,0,0,2,0,0,0,0,1,1,0,0,1,0,0,1,0,0,0,0,0,1,0,0,0,1,0,1,0,2,0,1,0,2,0,0,1,0,1,0,0,0,0,0,2,0,0,2,0,0,0,0
NA18997,JPT,EAS,female,NA18997,0,0,female,0,2,2,0,0,0,2,0,0,0,0,0,2,0,0,0,2,0,0,0,0,2,0,0,0,0,0,0,0,0,0,0,1,0,1,0,0,0,0,0,0,1,1,0,0,0,1,2,0,0,2,2,0,0,1,0,0,0,0,0,2,0,0,0,0,0,0,1,0,1,0,0,0,2,2,0,0,1,0,1,0,2,0,0,1,1,1,0,0,0,0,0,2,0,0,1,0,0,0,0
NA18998,JPT,EAS,female,NA18998,0,0,female,0,1,1,0,0,0,2,0,0,0,0,0,1,0,0,0,2,0,0,1,0,2,0,0,0,0,0,0,0,0,0,0,1,0,0,0,0,0,0,0,0,1,2,0,1,0,0,2,0,0,1,2,0,0,0,0,0,1,0,0,0,0,0,0,0,0,0,0,1,1,0,0,0,1,0,2,0,1,0,1,0,1,0,0,2,0,0,0,0,0,0,0,2,0,0,0,0,0,0,0
NA18999,JPT,EAS,female,NA18999,0,0,female,0,1,0,0,0,0,2,0,0,0,0,1,1,0,0,0,1,0,0,1,0,2,0,0,0,0,1,0,0,0,0,0,1,0,0,0,0,0,0,0,0,1,1,0,0,0,1,2,0,0,1,2,1,0,0,0,0,0,0,0,1,0,0,1,0,0,0,1,1,1,0,0,0,1,2,1,0,1,0,0,0,1,0,0,0,0,0,0,0,1,0,0,2,0,0,1,0,0,0,0
NA19000,JPT,EAS,male,NA19000,0,0,male,0,1,2,0,0,0,2,0,0,0,0,0,2,0,0,0,2,0,0,0,1,2,0,0,0,0,0,0,1,1,1,0,1,0,0,0,0,0,0,0,0,1,1,0,1,0,0,2,0,0,1,2,0,0,0,0,0,1,0,0,1,0,0,0,0,0,0,0,1,1,0,0,0,2,2,1,0,1,0,2,0,2,0,0,0,1,2,0,1,1,0,0,1,0,0,1,0,0,0,0
NA19001,JPT,EAS,female,NA19001,0,0,female,0,2,2,0,0,0,2,0,0,0,0,2,0,0,0,0,1,0,0,1,0,2,0,1,1,0,1,0,1,1,1,0,0,1,2,0,0,0,0,0,2,0,2,1,1,0,0,2,0,0,0,2,0,0,0,0,0,1,0,0,1,0,0,1,0,0,0,1,0,0,0,0,0,0,1,1,0,0,0,0,0,2,0,0,0,1,0,0,0,0,0,0,2,0,0,2,0,0,0,0
NA19002,JPT,EAS,female,NA19002,0,0,female,0,0,0,0,0,0,2,0,0,0,0,2,1,0,0,0,1,1,0,1,0,2,0,1,1,0,0,0,0,0,0,0,0,0,0,0,0,0,0,0,0,0,0,0,0,0,1,1,0,0,2,1,0,0,0,0,0,2,0,0,0,0,0,1,0,0,0,0,2,1,0,0,0,0,0,2,0,1,0,2,0,2,0,0,0,0,0,0,1,0,0,0,1,0,0,2,0,0,0,0
NA19003,JPT,EAS,female,NA19003,0,0,female,0,1,0,0,0,0,2,0,0,0,0,1,2,0,0,0,2,0,0,0,0,2,0,0,0,0,0,1,0,0,0,0,0,0,0,0,0,0,0,0,1,0,2,0,0,0,1,2,0,0,2,2,0,0,0,0,0,1,0,0,1,0,0,1,0,0,0,0,0,2,0,0,1,2,1,1,0,1,0,1,0,1,0,0,0,0,2,0,0,0,0,0,2,0,0,2,0,0,0,0
NA19004,JPT,EAS,male,NA19004,0,0,male,0,1,1,0,0,0,2,0,0,0,0,0,2,2,0,0,2,0,0,0,0,2,0,0,0,0,0,0,0,0,0,0,0,1,1,0,0,0,0,0,1,0,2,0,1,0,0,1,0,0,1,1,0,0,0,0,0,1,0,0,1,0,0,1,0,0,0,0,0,1,0,0,0,1,1,1,0,2,0,0,0,0,0,0,0,1,2,0,0,0,0,0,2,0,0,2,0,0,0,0
NA19005,JPT,EAS,male,NA19005,0,0,male,0,1,1,0,0,0,2,0,1,0,0,0,1,0,0,0,0,0,0,0,1,2,0,0,0,0,1,0,0,0,1,0,0,1,1,0,0,0,0,0,1,0,2,0,0,0,1,2,0,0,0,2,0,0,0,0,0,0,0,0,1,0,0,1,0,0,0,1,1,1,0,0,1,1,2,1,0,1,0,1,1,0,1,0,1,0,1,0,0,0,0,0,2,0,0,0,0,0,0,0
NA19006,JPT,EAS,male,NA19006,0,0,male,0,2,1,0,0,0,2,0,1,0,0,1,1,0,0,0,2,0,0,1,1,2,0,0,0,0,0,0,0,0,0,0,1,0,0,0,0,1,0,0,1,0,0,0,1,0,1,2,0,0,0,0,0,0,0,0,0,0,0,0,0,0,0,1,0,0,0,0,0,1,0,0,0,1,1,0,0,2,0,1,0,2,0,0,1,0,1,0,1,1,0,0,1,0,0,0,0,0,0,0
NA19007,JPT,EAS,male,NA19007,0,0,male,0,0,0,0,0,0,2,0,0,0,0,0,2,1,0,0,2,1,0,2,0,2,0,0,0,0,1,0,0,0,0,0,0,1,0,0,0,0,0,0,1,0,2,0,1,0,0,1,0,0,2,1,0,0,0,0,0,1,0,0,1,0,0,0,0,0,0,1,0,0,0,0,0,1,0,2,0,1,0,1,0,1,0,0,1,0,0,0,0,0,0,0,2,0,0,1,0,0,0,0
NA19009,JPT,EAS,male,NA19009,0,0,male,0,0,0,0,0,0,2,0,0,0,0,0,2,0,0,0,0,0,0,1,0,2,0,0,0,0,0,0,0,0,0,0,1,0,0,0,0,0,0,0,0,2,2,1,1,0,0,0,0,0,0,2,0,0,0,0,0,1,0,0,1,0,0,0,0,0,0,1,0,0,0,0,0,1,1,1,0,2,0,1,0,2,0,0,1,0,1,0,0,0,0,0,2,0,0,2,0,0,0,0
NA19010,JPT,EAS,female,NA19010,0,0,female,0,0,0,0,0,0,2,0,0,0,0,0,2,0,0,0,1,0,0,0,0,2,0,1,1,0,1,0,1,1,1,0,0,1,2,0,0,0,0,0,1,0,1,0,0,0,2,2,0,0,0,1,0,0,0,0,0,0,0,0,2,0,0,0,0,0,0,1,1,2,0,0,0,1,1,1,0,2,0,1,0,2,0,0,0,0,2,0,0,0,0,0,2,0,0,2,0,0,0,0
NA19011,JPT,EAS,female,NA19011,0,0,female,0,1,1,0,1,0,2,0,0,0,0,0,2,2,0,0,2,1,0,0,0,2,0,0,0,0,1,0,0,0,1,0,1,0,0,0,0,0,0,0,2,0,2,0,1,0,1,1,0,0,1,2,0,0,1,0,0,0,0,0,1,0,0,0,0,0,0,1,1,1,0,0,0,0,0,2,0,1,0,2,0,1,0,0,2,0,2,0,1,0,0,0,2,0,0,2,0,0,0,0
NA19012,JPT,EAS,male,NA19012,0,0,male,0,1,1,0,0,0,2,0,0,0,0,0,2,0,0,0,1,0,0,0,0,2,0,0,0,0,0,0,0,0,0,0,1,1,1,0,0,0,0,0,1,0,0,0,1,0,0,1,0,0,1,2,0,0,0,0,0,2,0,0,1,0,0,0,0,0,0,0,2,2,0,0,0,1,0,2,0,1,0,1,0,2,0,0,0,1,1,0,0,0,0,0,2,0,0,1,0,0,0,0
NA19017,LWK,AFR,female,NA19017,0,0,female,0,2,0,0,0,0,1,0,0,1,0,1,2,0,0,1,1,0,0,1,1,2,1,0,0,1,0,0,0,0,0,1,0,0,1,0,0,1,0,0,2,1,2,0,1,0,1,2,1,0,0,2,0,0,0,0,0,1,0,0,0,0,0,0,1,1,0,0,1,0,0,0,0,2,0,2,0,1,0,1,0,0,1,0,2,0,0,0,0,0,0,0,1,0,0,2,1,0,1,0
NA19019,LWK,AFR,female,NA19019,0,0,female,0,2,1,0,0,0,2,0,0,0,1,0,2,0,1,0,1,2,0,1,0,1,0,0,0,0,0,0,0,0,0,0,0,1,0,0,0,1,0,0,1,1,0,0,0,0,1,2,1,0,0,2,0,0,0,0,0,1,1,1,1,0,0,0,0,0,0,0,1,1,0,1,0,0,0,2,0,0,0,2,1,0,1,0,1,0,1,0,0,0,0,0,1,0,0,1,0,0,0,0
NA19020,LWK,AFR,male,NA19020,0,0,male,0,0,0,0,0,0,2,0,0,0,2,0,2,0,0,1,1,1,0,2,1,2,0,0,0,0,0,0,0,0,0,0,0,2,1,0,0,1,0,0,1,1,1,0,0,0,0,2,0,0,2,2,0,0,0,0,0,0,0,0,1,0,0,0,0,0,0,0,1,2,0,0,0,1,0,2,0,0,0,0,0,0,1,0,1,0,0,0,0,0,0,0,2,0,0,0,0,0,1,0
NA19023,LWK,AFR,female,NA19023,0,0,female,0,2,1,0,0,0,2,0,0,1,0,2,2,0,0,0,1,0,0,2,0,2,0,0,0,0,0,0,0,0,0,0,0,0,1,0,0,2,0,0,1,2,1,0,0,0,1,2,0,0,0,1,0,1,0,1,0,1,0,0,0,0,1,0,0,0,0,0,2,1,0,0,0,2,2,1,0,0,0,2,1,0,1,0,1,0,1,0,0,0,0,0,1,0,0,2,0,0,0,0
NA19024,LWK,AFR,female,NA19024,0,0,female,0,1,2,0,0,0,2,0,0,0,0,1,2,0,1,0,1,0,0,1,0,2,0,1,0,0,0,0,0,0,0,1,0,0,1,0,0,2,0,0,1,0,1,0,0,0,1,1,1,0,0,0,0,0,0,0,0,1,0,0,1,0,0,0,0,0,0,0,0,0,0,0,0,1,0,2,0,0,1,2,0,0,2,0,0,0,0,0,0,1,0,1,2,1,0,1,0,0,0,0
NA19025,LWK,AFR,male,NA19025,0,0,male,0,2,1,0,0,1,2,1,0,0,1,0,2,0,1,0,2,0,0,2,0,2,0,2,0,0,0,0,0,0,0,0,0,1,1,1,0,2,0,0,0,1,1,0,0,0,2,2,1,0,0,2,0,0,0,0,1,1,0,0,1,0,0,0,0,0,0,0,2,0,0,0,1,1,0,1,0,0,0,2,0,0,2,0,0,0,0,0,0,0,0,0,1,0,0,1,0,0,0,0
NA19026,LWK,AFR,male,NA19026,0,0,male,0,1,1,0,0,0,2,0,0,0,1,1,2,0,0,0,0,0,0,1,0,2,0,1,0,0,0,0,0,0,0,0,0,2,1,0,0,2,0,0,0,1,2,0,0,0,1,2,0,0,0,1,0,0,0,0,0,0,1,0,0,0,0,0,1,0,0,0,2,1,0,0,0,2,0,2,0,0,1,1,0,0,1,0,2,0,0,0,0,0,1,0,1,0,0,2,0,1,0,0
NA19027,LWK,AFR,male,NA19027,0,0,male,0,1,0,1,0,1,2,0,0,0,2,1,2,0,0,0,2,0,0,1,0,2,1,0,0,1,0,0,0,0,0,1,0,0,0,0,0,2,0,0,2,0,2,0,0,0,0,1,2,0,0,2,0,0,0,0,1,0,0,0,0,1,0,0,0,0,0,0,2,1,0,0,0,0,0,1,0,0,1,1,0,0,1,0,0,0,0,0,0,0,0,0,2,0,0,2,0,0,0,0
NA19028,LWK,AFR,male,NA19028,0,0,male,0,1,1,0,0,0,1,0,0,0,0,1,2,0,1,1,2,0,0,1,0,2,0,0,0,0,0,0,0,0,0,0,1,0,0,1,0,1,0,0,1,0,2,0,0,0,2,1,1,0,0,2,0,0,0,0,0,1,0,0,0,0,0,0,1,0,1,0,1,1,0,0,0,2,0,1,0,1,0,0,0,0,0,0,0,0,1,0,0,0,0,0,2,0,0,1,1,0,0,0
NA19030,LWK,AFR,female,NA19030,0,0,female,0,2,2,1,0,0,2,0,0,0,0,2,2,0,1,1,2,0,0,2,0,1,0,0,0,0,0,0,0,0,0,0,1,1,1,0,0,2,0,0,0,1,1,0,0,0,2,1,0,0,0,2,0,0,0,1,0,0,0,0,0,0,0,0,0,0,0,0,1,0,0,1,0,2,1,1,0,0,0,1,0,0,1,0,1,0,0,0,0,0,0,0,2,1,0,2,0,0,0,0
NA19031,LWK,AFR,male,NA19031,0,0,male,0,0,1,0,1,0,2,0,0,0,1,1,2,0,0,0,1,0,0,1,0,1,0,0,0,0,0,0,0,0,0,0,1,0,0,1,0,2,0,0,1,0,1,0,0,0,2,1,0,0,1,2,0,0,0,0,0,1,1,0,1,0,1,0,0,0,1,0,1,0,0,0,0,1,1,2,0,0,0,2,1,0,0,0,2,0,0,0,0,0,0,0,2,0,1,2,0,0,0,0
NA19035,LWK,AFR,male,NA19035,0,0,male,0,1,0,0,0,0,2,0,0,0,1,0,2,0,0,0,1,0,0,2,1,2,0,1,0,0,0,0,1,0,0,1,0,1,0,0,0,1,0,0,2,2,1,0,0,0,2,2,1,0,0,2,0,0,0,0,0,1,0,0,0,0,0,0,1,0,0,0,2,1,0,0,0,1,0,1,0,1,0,1,1,0,0,0,1,0,0,0,0,1,0,0,2,0,0,1,1,0,0,0
NA19037,LWK,AFR,female,NA19037,0,0,female,0,1,0,0,0,0,2,0,0,0,0,0,2,0,0,0,2,0,0,0,1,2,0,1,0,0,0,0,0,0,0,0,1,0,1,0,0,1,0,0,2,0,1,0,0,0,1,2,1,0,1,2,0,1,0,1,1,0,0,1,0,0,0,0,0,0,0,0,2,2,1,0,0,1,1,2,0,0,0,2,1,0,1,0,1,0,0,0,0,0,0,1,2,0,0,2,0,0,0,0
NA19038,LWK,AFR,female,NA19038,0,0,female,0,1,2,0,0,1,2,1,0,0,0,1,2,0,1,0,2,0,0,2,1,2,0,1,0,0,0,0,0,0,0,0,1,0,1,1,0,1,0,0,0,1,1,0,1,0,2,2,1,0,0,1,0,0,0,0,0,1,0,0,0,0,0,0,0,0,0,0,1,1,0,0,0,1,0,1,0,0,0,2,1,0,2,0,1,0,0,0,0,0,0,0,2,1,0,2,0,0,0,0
NA19041,LWK,AFR,male,NA19041,0,0,male,0,1,0,0,0,0,2,0,0,0,1,0,1,0,1,0,1,1,0,1,1,2,0,0,0,1,0,0,0,0,0,0,1,0,2,1,0,1,0,0,0,2,1,0,1,0,1,2,0,0,0,2,0,0,0,0,0,1,0,0,0,0,0,0,1,0,0,0,2,2,0,0,1,1,0,1,0,1,1,0,0,0,1,0,0,0,0,0,0,1,0,0,1,0,0,1,0,0,0,0
NA19042,LWK,AFR,female,NA19042,0,0,female,0,1,0,0,0,0,2,0,0,1,1,0,2,0,1,0,2,0,0,2,1,2,0,0,0,0,0,0,0,0,0,0,0,1,1,1,0,2,0,0,2,1,2,0,2,0,2,2,0,0,1,1,0,0,0,0,0,1,0,0,0,0,0,0,1,0,0,0,2,2,0,0,0,0,0,2,0,0,0,1,1,0,2,0,1,0,1,0,0,0,0,0,2,0,0,1,0,0,0,0
NA19043,LWK,AFR,male,NA19043,0,0,male,0,1,0,0,0,0,2,0,0,0,0,0,2,0,0,1,2,0,0,2,0,2,0,1,0,0,0,0,0,0,0,0,1,0,2,0,0,2,0,1,1,0,1,0,0,0,2,2,1,0,0,2,0,0,0,0,1,1,0,1,1,0,0,0,1,0,0,0,2,0,0,0,0,2,0,2,0,0,1,1,0,0,2,0,2,0,0,0,0,0,0,0,2,0,0,2,0,0,0,0
NA19054,JPT,EAS,female,NA19054,0,0,female,0,1,2,0,0,0,2,0,0,0,0,2,2,1,0,0,1,0,0,1,0,2,0,0,0,0,1,0,1,1,1,0,0,0,0,0,0,0,0,0,0,0,2,0,0,0,0,1,0,0,1,1,0,0,0,0,0,1,0,0,2,0,0,0,0,0,0,0,0,1,0,0,0,1,1,0,0,2,0,2,0,1,0,0,2,0,0,0,0,0,0,0,2,0,0,1,0,0,0,0
NA19055,JPT,EAS,male,NA19055,0,0,male,0,1,1,0,0,0,2,0,0,0,0,0,2,2,0,0,1,1,0,2,1,2,0,1,1,0,0,0,0,0,0,0,0,0,1,1,0,0,0,0,0,0,2,0,0,0,0,2,0,0,1,1,0,0,0,0,0,1,0,0,1,0,0,0,0,0,0,1,1,1,0,0,0,2,0,1,0,1,0,0,0,0,0,0,0,0,1,0,0,1,0,0,2,0,0,2,0,0,0,0
NA19056,JPT,EAS,male,NA19056,0,0,male,0,0,0,0,0,0,2,0,0,0,0,0,1,0,0,0,1,0,0,0,0,2,0,0,0,0,0,1,0,0,0,0,1,0,0,1,0,1,0,0,1,0,1,0,0,0,0,2,0,0,2,1,0,0,0,0,0,0,0,0,2,0,0,0,0,0,0,0,1,1,0,0,0,0,2,1,0,1,0,1,0,2,0,0,0,0,0,0,0,0,0,0,2,0,0,1,0,0,0,0
NA19057,JPT,EAS,female,NA19057,0,0,female,0,1,1,0,0,0,2,0,0,0,0,0,2,0,0,0,2,0,0,0,0,2,0,0,0,0,1,0,0,0,0,0,0,0,1,0,0,0,0,0,0,1,1,0,1,0,0,2,0,0,1,2,0,0,0,0,1,0,0,0,1,0,0,0,0,0,0,0,1,2,0,0,0,1,0,1,0,1,0,1,0,2,0,0,1,0,2,0,0,0,0,0,1,0,0,2,0,0,0,0
NA19058,JPT,EAS,male,NA19058,0,0,male,0,1,1,0,0,0,2,0,0,0,0,1,1,0,0,0,2,0,0,0,0,2,0,0,0,0,1,0,0,0,1,0,1,1,2,1,0,0,0,0,2,0,1,0,0,0,0,2,0,0,0,2,0,0,0,0,0,0,0,0,2,0,0,0,0,0,0,0,0,0,0,0,0,0,1,1,0,1,0,1,0,1,0,0,0,0,0,0,0,1,0,0,1,0,0,1,0,0,0,0
NA19059,JPT,EAS,female,NA19059,0,0,female,0,0,0,0,0,0,2,0,0,0,0,1,2,0,0,0,2,1,0,1,0,2,0,0,0,0,0,0,0,0,0,0,0,0,1,0,0,0,0,0,0,0,2,0,0,0,0,2,0,0,1,2,0,0,0,0,0,0,0,0,1,0,0,0,0,0,0,1,1,2,0,0,1,2,2,2,0,1,0,1,0,2,0,0,0,2,1,0,0,1,0,0,2,0,0,1,0,0,0,0
NA19060,JPT,EAS,male,NA19060,0,0,male,0,2,2,0,0,0,2,0,0,0,0,1,2,0,0,0,2,0,0,0,0,2,0,1,1,0,1,0,0,0,0,0,2,2,2,0,0,0,0,0,1,1,2,0,0,0,1,2,0,0,1,2,0,0,0,0,0,2,0,0,1,0,0,0,0,0,0,0,1,1,0,0,0,0,1,0,0,1,0,2,0,2,1,0,0,0,0,0,0,0,0,0,2,0,0,2,0,0,0,0
NA19062,JPT,EAS,male,NA19062,0,0,male,0,2,1,0,0,0,2,0,0,0,0,1,2,0,0,0,2,0,0,2,0,2,0,0,0,0,0,0,0,0,1,0,0,0,1,2,0,0,0,0,0,0,2,0,0,0,0,2,0,0,0,1,0,0,0,0,0,1,0,0,1,0,0,1,0,0,0,1,0,0,0,0,0,1,1,1,0,1,0,2,0,0,0,0,2,1,2,0,0,0,0,0,2,0,0,2,0,0,0,0
NA19064,JPT,EAS,female,NA19064,0,0,female,0,0,0,0,0,0,2,0,0,0,0,0,1,0,0,0,1,0,0,1,0,2,0,0,0,0,0,0,0,0,0,0,1,0,2,1,0,1,0,0,1,0,1,0,1,0,1,1,0,0,1,2,0,0,0,0,1,1,0,0,1,0,0,0,0,0,0,1,1,2,0,0,0,2,0,1,0,1,0,1,0,1,0,0,0,0,1,0,0,1,0,0,2,0,0,1,0,0,0,0
NA19065,JPT,EAS,female,NA19065,0,0,female,0,1,0,0,0,0,2,0,0,0,0,0,2,0,0,0,1,0,0,0,0,2,0,0,0,0,1,0,0,0,0,0,1,0,1,0,0,0,0,0,1,0,1,0,0,0,1,2,0,0,1,0,0,0,0,0,0,0,0,0,0,0,0,0,0,0,0,0,1,2,0,0,0,2,2,1,0,0,0,0,1,1,0,0,1,1,2,0,0,0,0,0,2,0,0,2,0,0,0,0
NA19066,JPT,EAS,male,NA19066,0,0,male,0,0,0,0,0,0,2,0,1,0,0,0,2,0,0,0,1,2,0,0,0,2,0,0,0,0,0,0,0,0,0,0,0,0,0,0,0,0,0,0,0,0,1,0,0,0,0,2,0,0,0,1,0,0,0,0,0,1,0,0,2,0,0,0,0,0,0,1,2,1,0,0,0,2,0,0,0,1,0,2,0,2,0,0,1,0,2,0,0,0,0,0,1,0,0,2,0,0,0,0
NA19067,JPT,EAS,male,NA19067,0,0,male,0,1,0,0,0,0,2,0,0,0,0,0,1,1,0,0,2,0,0,0,0,2,0,0,0,0,1,0,0,0,0,0,0,0,0,0,0,1,0,0,0,0,2,0,0,0,0,2,0,0,1,1,0,0,0,0,0,0,0,0,2,0,0,1,0,0,0,0,0,1,0,0,0,1,1,2,0,1,0,2,0,2,0,0,1,1,2,0,0,1,0,0,2,0,0,2,0,0,0,0
NA19068,JPT,EAS,male,NA19068,0,0,male,0,1,0,0,0,0,2,0,0,0,0,0,2,0,0,0,1,1,0,0,0,2,0,0,0,0,0,0,0,0,0,0,0,0,0,0,0,0,0,0,0,1,2,1,1,0,1,2,0,0,2,2,0,0,0,0,0,0,0,0,1,0,0,0,0,0,0,1,0,1,0,0,0,1,1,2,0,0,0,1,0,0,1,0,0,0,1,0,0,1,0,0,2,0,0,1,0,0,0,0
NA19070,JPT,EAS,male,NA19070,0,0,male,0,1,0,0,0,0,2,0,0,0,0,0,1,0,0,0,2,1,0,1,0,2,0,0,0,0,0,0,0,0,0,0,0,0,1,0,0,1,0,0,1,0,1,0,0,0,0,2,0,0,0,2,0,0,0,0,0,0,0,0,1,0,0,1,0,0,0,0,1,1,0,0,0,1,2,1,0,1,0,2,0,2,0,0,0,0,1,0,0,0,0,0,2,0,0,1,0,0,0,0
NA19072,JPT,EAS,male,NA19072,0,0,male,0,2,1,0,0,0,2,0,0,0,0,0,1,0,0,0,1,0,0,0,0,2,0,0,0,0,0,1,0,0,0,0,0,0,0,0,0,0,0,0,1,0,1,0,0,0,0,2,0,0,1,2,0,0,0,0,0,1,0,0,0,0,0,0,0,0,0,0,0,0,0,0,0,2,1,1,0,1,0,2,0,1,0,0,0,0,2,0,0,0,0,0,1,0,0,1,0,0,0,0
NA19074,JPT,EAS,female,NA19074,0,0,female,0,0,1,0,0,0,2,0,0,0,0,1,2,2,0,0,2,0,0,0,0,2,0,1,1,0,0,0,1,1,1,0,0,0,1,0,0,0,0,0,1,0,1,0,0,0,1,2,0,0,1,2,0,0,0,0,0,0,0,0,2,0,0,2,0,0,0,0,0,1,0,0,0,2,2,1,0,1,0,1,0,1,0,0,1,0,1,0,0,0,0,0,2,0,0,2,0,0,0,0
NA19075,JPT,EAS,male,NA19075,0,0,male,0,1,1,0,0,1,2,0,0,0,0,1,1,0,0,0,1,0,0,0,0,2,0,0,0,0,1,0,0,0,0,0,1,1,0,0,0,0,0,0,0,0,2,0,1,0,0,2,0,0,0,2,0,0,0,0,0,1,0,0,1,0,0,0,0,0,0,1,1,2,0,0,0,1,1,1,0,2,0,0,0,2,1,0,0,1,0,0,0,0,0,0,2,0,0,2,0,0,0,0
NA19076,JPT,EAS,male,NA19076,0,0,male,0,0,0,0,0,0,2,0,1,0,0,1,2,0,0,0,1,1,0,1,0,2,0,0,0,0,1,0,0,0,0,0,0,1,1,0,0,0,0,0,1,0,1,0,0,0,1,2,0,0,1,2,1,0,0,0,0,0,0,0,1,0,0,0,0,0,0,0,0,0,0,0,0,2,1,1,0,2,0,1,0,1,0,0,1,0,0,0,0,0,0,0,1,0,0,2,0,0,0,0
NA19077,JPT,EAS,female,NA19077,0,0,female,0,0,0,0,0,0,2,0,0,0,0,1,2,0,0,0,1,1,0,0,0,2,0,0,0,0,1,0,1,1,1,0,0,0,1,0,0,0,0,0,0,0,0,0,0,0,1,1,0,0,2,2,0,0,0,0,0,0,0,0,0,0,0,0,0,0,0,1,1,1,0,0,0,1,1,1,0,0,0,0,0,2,0,0,1,0,0,0,0,1,0,0,1,0,0,2,0,0,0,0
NA19078,JPT,EAS,female,NA19078,0,0,female,1,0,0,0,0,0,2,0,0,0,0,1,2,2,0,0,2,0,0,0,0,2,0,0,0,0,0,0,0,0,0,0,0,1,0,1,0,0,0,0,1,0,2,0,1,0,0,1,0,0,1,2,0,0,0,0,0,0,0,0,0,0,0,0,0,0,0,1,0,1,0,0,1,2,2,2,0,0,0,1,0,0,1,0,1,0,0,0,0,0,0,0,2,0,0,1,0,0,0,0
NA19079,JPT,EAS,male,NA19079,0,0,male,0,1,1,0,0,0,2,0,0,0,0,1,2,0,0,0,2,0,0,1,0,2,0,0,0,0,1,0,0,0,0,0,1,1,1,0,0,0,0,0,0,0,2,1,0,0,2,2,0,0,0,1,0,0,0,0,0,1,0,0,0,0,0,1,0,0,0,0,0,1,0,0,0,1,1,0,0,2,0,1,1,2,0,0,0,0,1,0,0,0,0,0,2,0,0,2,0,0,0,0
NA19080,JPT,EAS,female,NA19080,0,0,female,0,0,0,0,0,0,2,0,0,0,0,1,2,0,0,0,2,0,0,2,0,2,0,0,0,0,0,0,0,0,0,0,0,0,1,0,0,0,0,0,0,1,0,0,1,0,0,2,0,0,2,1,0,0,0,0,0,1,0,0,0,0,0,0,0,0,0,0,0,1,0,0,0,1,1,1,0,0,0,1,0,2,1,0,0,2,2,0,0,1,0,0,2,0,0,1,0,0,0,0
NA19081,JPT,EAS,female,NA19081,0,0,female,0,2,1,0,0,0,2,0,0,0,0,1,2,0,0,0,2,0,0,1,0,2,0,0,0,0,0,0,1,0,0,0,0,0,1,0,0,1,0,0,1,0,1,0,0,0,0,2,0,0,1,2,0,0,0,0,0,1,0,0,2,0,0,0,0,0,0,1,0,0,0,0,0,1,0,1,0,1,0,2,0,1,0,0,0,1,1,0,0,1,0,0,2,0,0,2,0,0,0,0
NA19082,JPT,EAS,male,NA19082,0,0,male,0,1,1,0,0,0,2,0,0,0,0,2,2,0,0,0,2,1,0,1,0,2,0,0,0,0,0,0,1,1,1,0,1,0,0,0,0,0,0,0,0,0,2,1,1,0,0,2,0,0,1,2,0,0,0,0,1,0,0,0,2,0,0,2,0,0,0,1,1,2,0,0,0,2,2,1,0,0,0,1,0,1,0,0,0,0,2,0,0,0,0,0,2,0,0,1,0,0,0,0
NA19083,JPT,EAS,male,NA19083,0,0,male,0,0,0,0,0,0,2,0,0,0,0,0,2,2,0,0,1,0,0,0,0,2,0,0,0,0,2,0,0,0,1,0,0,0,0,0,0,0,0,0,0,0,1,0,0,0,1,2,0,0,1,2,0,0,0,0,0,0,0,0,0,0,0,0,0,0,0,1,1,2,0,0,0,2,2,1,0,1,0,1,0,2,0,0,0,0,1,0,0,0,0,0,2,0,0,1,0,0,0,0
NA19084,JPT,EAS,female,NA19084,0,0,female,0,0,0,0,0,0,2,0,0,0,0,0,2,0,0,0,2,0,0,1,0,2,0,0,0,0,1,0,1,0,1,0,0,0,1,0,0,0,0,0,1,0,2,0,0,0,1,1,0,0,1,2,0,0,0,0,0,0,0,0,1,0,0,0,0,0,0,1,1,1,0,0,0,1,2,2,0,0,0,1,0,1,0,0,0,0,2,0,1,0,0,0,2,0,0,0,0,0,0,0
NA19085,JPT,EAS,male,NA19085,0,0,male,0,2,1,0,0,1,2,0,0,0,0,0,2,0,0,0,2,0,0,0,0,2,0,0,0,0,1,0,0,0,0,0,0,2,1,0,0,0,0,0,0,0,2,0,0,0,2,1,0,0,0,1,0,0,0,0,0,0,0,0,1,0,0,0,0,0,0,1,2,1,0,0,0,1,1,2,0,1,0,1,0,2,0,0,0,1,2,0,0,0,0,0,2,0,0,2,0,0,0,0
NA19086,JPT,EAS,male,NA19086,0,0,male,0,2,2,0,0,0,2,0,0,0,0,0,2,0,0,0,0,0,0,1,0,2,0,0,0,0,0,0,0,0,1,0,1,0,0,0,0,0,0,0,1,0,2,0,0,0,0,2,0,0,0,0,0,0,0,0,0,1,0,0,1,0,0,0,0,0,0,0,1,1,0,0,0,1,0,1,0,2,0,2,0,1,0,0,0,0,1,0,0,1,0,0,2,0,0,2,0,0,0,0
NA19087,JPT,EAS,female,NA19087,0,0,female,0,2,2,0,0,0,2,0,0,0,0,0,2,2,0,0,2,0,0,0,0,2,0,0,0,0,0,0,0,0,0,0,1,0,1,0,0,0,0,0,0,0,2,1,0,0,0,2,0,0,1,1,0,0,0,0,0,0,0,0,2,0,0,1,0,0,0,1,2,2,0,0,0,2,1,2,0,2,0,2,0,1,0,0,0,1,1,0,0,0,0,0,2,0,0,2,0,0,0,0
NA19088,JPT,EAS,male,NA19088,0,0,male,0,0,0,0,0,0,2,0,0,0,0,0,2,0,0,0,0,0,0,0,0,2,0,0,0,0,0,0,0,0,0,0,1,0,0,0,0,0,0,0,1,0,1,0,1,0,0,2,0,0,1,2,1,0,0,0,0,1,0,0,0,0,0,0,0,0,0,0,0,0,0,0,0,0,0,1,0,2,0,1,0,1,0,0,0,2,2,0,0,0,0,0,2,0,0,2,0,0,0,0
NA19089,JPT,EAS,male,NA19089,0,0,male,0,0,0,0,1,0,2,0,0,0,0,0,2,1,0,0,1,0,0,1,0,2,0,0,0,0,1,1,0,0,0,0,0,0,0,0,0,0,0,0,0,0,2,0,0,0,1,2,0,0,1,1,0,0,0,0,0,1,0,0,0,0,0,0,0,0,0,0,1,0,0,0,0,0,0,2,0,1,0,2,0,1,0,0,1,0,1,0,0,0,0,0,2,0,0,2,0,0,0,0
NA19090,JPT,EAS,female,NA19090,0,0,female,0,0,0,0,0,0,2,0,0,0,0,0,2,0,0,0,1,0,0,0,0,2,0,0,0,0,1,0,0,0,0,0,1,0,1,0,0,0,0,0,0,0,1,1,0,0,1,2,0,0,0,2,0,0,0,0,0,0,0,0,1,0,0,1,0,0,0,1,0,1,0,0,0,1,2,1,0,1,0,1,0,1,0,0,0,1,2,0,0,0,0,0,2,0,0,1,0,0,0,0
NA19091,JPT,EAS,male,NA19091,0,0,male,0,1,0,0,0,0,2,0,0,0,0,0,2,1,0,0,2,0,0,1,0,2,0,0,0,0,1,0,0,0,0,0,0,1,2,0,0,0,0,0,0,0,2,0,0,0,0,2,0,0,0,1,0,0,0,0,0,1,0,0,2,0,0,0,0,0,0,0,1,2,0,0,0,2,1,1,0,1,0,1,0,0,0,0,0,1,1,0,0,1,0,0,1,0,0,2,0,0,0,0
NA19092,YRI,AFR,male,Y040,0,0,male,0,2,1,0,0,1,2,0,1,0,0,1,2,0,0,1,2,0,0,1,1,1,0,1,0,0,0,0,0,0,0,2,0,2,0,0,0,2,0,0,0,1,2,0,0,0,1,1,1,0,2,2,0,1,0,1,0,2,0,0,0,0,0,0,0,0,0,0,0,0,0,0,0,1,0,1,0,0,0,0,2,0,1,0,0,0,0,0,0,0,1,1,2,1,0,2,0,1,0,0
NA19093,YRI,AFR,female,Y040,0,0,female,0,1,0,0,0,0,2,1,0,0,1,1,1,0,0,0,2,0,0,1,1,2,0,1,0,0,0,0,0,0,0,1,0,1,1,1,1,2,0,0,0,0,2,0,0,0,2,2,0,0,0,2,0,0,0,0,0,2,0,0,1,0,0,0,0,0,0,0,2,0,0,0,0,2,2,1,0,0,0,0,1,0,2,0,0,0,1,0,0,1,0,0,2,0,0,2,0,0,0,0
NA19095,YRI,AFR,female,Y041,0,0,female,0,1,0,0,0,0,2,0,0,0,0,0,1,0,0,1,1,0,0,2,0,2,0,1,0,0,0,0,0,0,0,0,0,0,1,1,0,2,0,0,0,0,1,0,0,0,1,1,0,0,1,2,0,0,0,0,0,2,0,0,0,0,0,0,1,0,0,0,1,0,0,1,0,2,2,0,0,0,0,1,0,0,2,0,0,0,0,0,0,0,0,0,1,1,0,2,0,1,0,0
NA19096,YRI,AFR,male,Y041,0,0,male,0,1,1,1,0,0,2,0,0,0,1,0,2,0,0,0,1,0,0,2,1,2,1,0,0,1,0,0,0,0,0,1,0,0,1,0,1,2,0,2,0,1,1,0,0,0,2,1,1,0,0,2,0,0,0,0,0,2,0,0,0,0,0,0,0,0,0,0,2,2,0,0,0,0,1,1,0,0,1,1,2,0,2,0,0,0,0,0,0,1,1,0,1,0,0,2,1,0,0,0
NA19098,YRI,AFR,male,Y105,0,0,male,0,1,0,0,0,0,2,0,0,0,0,0,1,0,0,0,1,2,0,2,0,1,0,1,0,0,0,0,1,0,0,1,0,1,0,0,0,2,0,0,1,2,0,0,1,0,1,2,0,0,0,1,0,0,0,0,1,1,0,0,0,0,1,0,0,0,0,0,1,0,0,0,0,1,2,0,0,0,0,1,1,0,1,0,2,0,0,0,0,0,0,0,1,0,0,1,1,0,0,0
NA19099,YRI,AFR,female,Y105,0,0,female,0,2,0,0,0,0,2,0,0,0,1,0,1,0,1,1,1,1,0,1,0,2,0,0,0,0,0,0,0,0,0,0,0,1,0,0,0,2,0,0,0,2,0,0,0,0,2,2,1,0,0,2,0,1,0,0,0,0,0,0,0,1,0,1,0,1,0,0,1,0,0,0,0,1,1,1,0,0,0,2,1,0,1,0,0,0,0,0,0,0,0,0,2,0,0,2,0,0,0,0
NA19102,YRI,AFR,female,Y042,0,0,female,0,1,1,0,0,1,2,1,0,0,0,1,2,0,0,0,2,0,0,1,1,2,0,1,0,0,0,0,0,0,0,0,1,1,0,2,0,2,0,0,0,1,2,0,0,0,1,2,0,0,1,2,0,0,0,1,0,0,0,0,0,1,0,1,0,0,0,0,2,0,0,0,0,2,1,2,0,1,1,1,0,0,2,0,1,0,0,0,0,0,0,0,1,0,0,1,0,0,0,0
NA19107,YRI,AFR,male,Y006,0,0,male,1,2,2,1,0,0,2,0,0,0,0,0,2,0,0,0,1,0,0,2,2,2,0,2,0,0,0,0,0,0,0,0,0,1,0,1,0,1,0,0,1,0,2,0,0,0,1,1,1,0,1,2,0,0,0,0,0,1,0,0,0,0,1,0,1,0,0,0,2,2,0,0,0,2,1,1,0,0,0,1,0,0,0,0,2,0,1,0,0,0,0,0,2,0,0,1,0,0,0,0
NA19108,YRI,AFR,female,Y006,0,0,female,0,1,0,0,0,0,2,0,0,0,0,0,2,0,0,1,2,1,0,2,1,2,0,0,0,1,0,0,0,0,0,0,1,0,1,1,0,1,0,0,1,1,2,0,1,0,1,2,2,0,0,2,0,0,0,0,0,1,0,0,0,0,0,0,0,0,0,0,0,0,0,0,0,1,0,1,0,0,0,2,0,0,1,0,0,0,1,0,0,0,0,1,2,0,0,2,0,0,0,0
NA19113,YRI,AFR,male,Y079,0,0,male,0,0,0,0,0,1,2,1,0,0,0,0,2,1,1,0,0,0,0,0,1,1,0,0,0,1,0,0,0,0,0,0,0,1,1,1,0,1,0,1,1,1,1,0,0,0,1,2,1,0,1,2,0,0,0,0,0,1,0,0,0,0,0,0,0,0,0,0,0,1,0,0,0,2,2,1,0,0,0,2,1,0,1,0,1,0,0,0,0,0,0,0,2,0,0,1,0,0,0,0
NA19114,YRI,AFR,female,Y079,0,0,female,0,1,0,0,0,0,2,0,0,0,1,0,2,0,1,0,2,0,0,2,0,1,0,0,0,0,0,0,0,0,0,0,0,0,0,0,0,2,0,0,2,0,1,0,0,0,0,1,1,0,0,2,0,0,0,0,1,1,1,0,1,0,0,0,0,0,0,0,1,0,0,0,0,1,2,0,0,0,0,1,1,0,1,0,0,0,1,0,0,1,0,0,0,0,1,2,0,1,0,0
NA19116,YRI,AFR,female,Y060,0,0,female,0,1,0,0,0,0,2,0,0,0,0,0,2,0,1,0,1,0,0,1,1,2,0,0,0,0,0,0,0,0,0,0,0,1,0,1,0,2,0,0,0,0,1,0,0,0,1,2,1,0,0,2,0,0,0,0,0,1,0,0,0,0,0,0,1,0,0,1,1,0,0,0,0,1,1,1,0,0,1,0,0,0,2,0,1,0,1,0,0,0,0,0,2,1,1,1,1,0,1,0
NA19117,YRI,AFR,male,Y100,0,0,male,0,2,2,0,0,0,2,0,0,0,1,0,2,0,0,0,2,1,0,2,1,2,0,1,0,0,0,0,0,0,0,1,0,1,2,0,0,2,0,0,1,0,2,0,0,1,2,1,1,0,2,1,0,1,0,0,0,1,0,0,0,0,1,0,0,0,0,0,1,0,0,0,0,2,2,0,0,0,0,2,1,0,2,0,0,0,0,0,0,0,0,0,2,0,0,2,0,0,0,0
NA19118,YRI,AFR,female,Y100,0,0,female,0,2,1,0,0,0,2,0,0,0,1,0,2,0,0,0,1,1,0,2,1,2,0,1,0,0,0,0,1,0,0,0,0,1,0,1,0,2,0,0,2,1,0,0,1,0,2,1,1,0,1,2,0,1,0,1,0,0,0,0,0,0,0,0,0,0,0,0,2,1,0,0,0,1,0,2,0,0,0,1,1,0,2,0,1,0,0,0,0,0,0,0,2,0,0,1,1,0,0,0
NA19119,YRI,AFR,male,Y060,0,0,male,1,2,1,0,0,1,2,0,0,0,0,0,2,0,0,0,2,1,0,0,1,2,0,0,0,0,0,0,0,0,0,0,0,0,1,1,1,2,0,0,0,1,2,0,0,0,1,0,2,0,1,1,0,0,1,0,0,0,0,0,1,0,0,0,1,0,0,0,0,0,0,0,0,2,0,1,0,0,0,1,0,0,1,0,0,0,0,0,0,0,0,0,2,1,0,1,1,0,0,0
NA19121,YRI,AFR,male,Y061,0,0,male,0,2,1,1,0,1,2,0,0,0,1,1,1,0,0,0,1,2,0,1,1,2,0,1,0,0,0,0,0,0,0,0,1,1,0,2,0,1,0,0,0,2,1,0,0,0,0,1,2,0,1,2,0,0,1,0,0,2,0,0,0,0,1,0,0,0,1,0,1,0,0,0,0,0,0,1,0,0,0,1,1,0,1,0,1,0,1,0,0,0,0,0,2,0,1,2,0,1,1,0
NA19129,YRI,AFR,female,Y077,NA19128,NA19127,female,0,2,1,0,0,0,2,0,0,0,0,0,2,0,0,0,2,0,0,2,0,2,0,0,0,0,0,0,0,0,0,0,0,1,1,1,1,1,0,0,2,1,1,0,0,0,2,2,1,0,1,2,0,0,0,0,0,0,0,0,0,1,1,0,0,0,1,0,1,1,0,0,1,2,1,0,0,0,0,0,0,0,2,0,0,0,0,0,0,1,0,1,2,0,0,2,0,0,0,0
NA19130,YRI,AFR,male,Y101,0,0,male,0,2,0,0,0,1,2,0,0,0,1,0,2,0,0,1,1,0,0,2,0,2,0,2,0,0,0,0,0,0,0,1,1,0,2,0,0,1,0,0,2,0,2,0,0,0,1,2,2,0,0,2,0,0,0,0,0,2,0,0,1,0,1,0,0,0,1,0,1,1,0,0,0,2,1,2,0,0,0,2,0,0,0,0,1,0,0,0,0,0,0,1,2,0,0,2,1,1,0,0
NA19131,YRI,AFR,female,Y101,0,0,female,0,1,1,0,0,0,2,0,0,0,0,0,1,0,0,0,1,1,0,1,0,0,0,1,0,0,0,0,0,0,0,0,0,0,0,0,0,2,0,1,1,2,1,0,0,0,1,0,1,1,0,2,0,2,0,1,0,1,1,0,0,0,0,0,0,0,0,1,0,0,0,0,0,2,2,2,0,0,0,2,0,0,1,0,0,0,1,0,0,0,0,0,1,0,1,2,0,0,0,0
NA19137,YRI,AFR,female,Y043,0,0,female,0,0,0,0,0,0,2,0,0,0,0,0,2,1,0,0,2,0,0,1,0,1,0,0,0,0,0,0,0,0,0,0,1,1,1,0,1,1,0,0,1,1,1,0,1,0,1,1,0,0,0,2,0,0,0,1,0,1,0,0,0,0,1,0,0,0,0,0,2,1,0,0,0,2,0,2,0,0,0,1,0,1,1,0,1,0,0,0,0,0,0,0,1,0,0,2,0,0,1,0
NA19138,YRI,AFR,male,Y043,0,0,male,0,2,0,0,0,0,2,0,0,0,0,0,2,0,0,1,0,0,1,2,1,2,0,1,0,0,0,0,0,0,0,0,0,0,0,0,0,1,0,0,0,2,2,0,0,0,1,2,1,0,0,2,0,0,0,0,0,1,1,0,0,0,1,0,0,0,0,0,1,1,0,0,0,1,1,2,0,0,0,1,1,0,1,0,0,0,1,0,0,1,0,0,2,1,0,0,0,0,2,0
NA19141,YRI,AFR,male,Y071,0,0,male,1,1,0,1,0,1,2,0,0,0,1,0,2,0,1,0,1,0,0,1,0,2,0,1,0,0,0,0,0,0,0,1,0,0,1,2,1,2,0,0,1,1,2,0,0,0,1,1,0,0,0,2,0,0,0,0,0,0,0,0,0,0,0,0,0,1,0,0,0,0,0,0,0,2,1,1,0,0,0,2,0,0,0,0,1,0,0,0,0,1,1,0,2,0,0,2,0,0,0,0
NA19143,YRI,AFR,female,Y074,0,0,female,0,1,1,0,0,0,2,0,0,0,1,1,2,0,0,1,0,2,0,1,0,2,0,1,0,0,0,0,0,0,0,0,0,1,0,1,0,1,0,0,1,1,1,0,0,0,2,0,0,0,2,1,0,0,0,1,0,1,0,0,0,0,0,0,0,0,1,1,2,0,0,0,0,2,1,2,0,0,0,2,1,0,1,0,0,0,0,0,0,1,0,0,1,0,0,2,0,0,0,0
NA19144,YRI,AFR,male,Y074,0,0,male,0,2,1,0,0,0,2,0,0,0,0,0,2,2,1,1,1,1,0,2,0,2,0,2,0,0,0,0,0,0,0,1,0,0,0,0,0,2,0,1,1,1,1,0,0,0,1,2,0,0,2,2,0,0,0,0,0,2,0,0,0,2,0,1,0,0,0,0,2,1,0,0,0,1,1,2,0,0,0,1,0,0,1,0,1,0,0,0,0,0,0,0,2,0,0,2,1,0,1,0
NA19146,YRI,AFR,male,Y075,0,0,male,0,2,0,0,0,0,2,0,0,0,0,0,2,1,0,1,1,0,0,1,1,2,0,1,0,0,0,0,0,0,0,1,0,1,2,0,0,2,0,0,1,0,1,0,0,0,2,2,0,0,0,1,0,0,0,0,0,0,0,0,0,0,0,0,1,0,0,0,0,0,0,0,0,1,1,1,0,0,0,2,2,0,2,0,0,0,0,0,0,0,1,0,2,0,0,1,0,0,0,0
NA19147,YRI,AFR,female,Y075,0,0,female,0,1,0,0,0,0,2,0,0,0,0,0,2,0,0,1,1,1,0,1,1,2,0,2,0,0,0,0,0,0,0,0,1,0,0,2,0,2,0,0,2,1,1,0,0,1,1,2,2,0,1,2,0,0,0,0,0,1,0,0,1,0,0,0,0,0,0,0,1,0,0,0,0,2,1,1,0,0,0,2,0,0,2,0,1,0,0,0,0,0,0,0,1,0,1,1,0,0,0,0
NA19149,YRI,AFR,female,Y073,0,0,female,0,1,0,1,0,1,2,0,0,0,0,1,2,0,1,1,1,0,0,2,2,2,0,0,0,0,0,0,0,0,0,0,0,1,0,1,0,2,0,0,0,0,2,0,1,0,2,2,0,0,0,2,0,0,0,0,0,0,0,0,0,1,0,0,0,0,0,0,1,0,0,0,0,2,1,1,0,0,0,2,0,0,1,0,0,0,1,0,0,0,0,0,2,0,0,1,0,0,0,0
NA19152,YRI,AFR,female,Y072,0,0,female,0,1,1,0,0,0,2,0,0,0,0,0,2,0,0,0,2,0,0,2,0,2,0,1,0,0,0,0,0,0,0,0,0,0,0,0,0,2,0,0,1,0,1,0,0,0,1,1,2,0,1,2,0,0,1,0,0,0,0,1,0,0,1,0,0,1,0,1,2,0,0,1,0,1,1,0,0,0,0,1,1,0,1,0,1,0,0,0,0,1,0,1,2,0,0,1,0,0,0,0
NA19153,YRI,AFR,male,Y072,0,0,male,1,1,1,1,0,0,2,0,0,0,1,1,2,0,1,0,1,2,0,1,0,2,1,0,0,1,0,0,0,0,0,0,0,0,1,2,0,1,0,0,0,1,2,0,0,0,2,2,1,0,0,2,0,0,0,0,0,1,0,0,0,2,0,0,0,0,0,0,2,2,0,0,0,1,1,2,0,0,0,1,0,0,1,0,1,0,0,0,0,0,0,0,2,0,0,2,0,0,0,0
NA19159,YRI,AFR,female,Y056,0,0,female,0,0,1,0,0,0,1,0,0,0,0,1,2,0,0,1,0,1,0,2,0,1,0,0,0,0,0,0,0,0,0,0,0,1,0,0,0,2,0,1,2,0,2,0,0,0,2,2,1,0,1,1,0,0,0,1,0,0,0,0,0,0,1,0,0,0,1,0,0,0,0,0,0,1,1,2,0,0,0,1,1,0,1,0,1,0,0,0,0,0,0,0,1,0,0,1,0,1,0,0
NA19160,YRI,AFR,male,Y056,0,0,male,0,0,0,0,0,0,2,0,0,0,0,0,1,0,0,0,2,0,0,1,0,2,0,1,0,0,0,0,0,0,0,0,0,0,0,0,0,2,0,0,1,1,1,0,1,0,0,2,0,0,0,2,0,0,0,0,0,1,0,0,0,1,0,0,1,0,0,0,1,0,2,0,0,0,1,0,0,0,1,0,1,0,2,0,0,0,0,0,0,1,1,0,2,0,0,2,0,0,0,0
NA19171,YRI,AFR,male,Y047,0,0,male,0,1,0,0,0,0,2,0,0,0,0,0,1,0,0,0,1,0,0,2,1,2,0,2,0,0,0,0,0,0,0,1,0,2,1,0,0,2,0,0,2,1,2,0,0,0,2,1,2,0,1,1,0,0,0,0,0,1,0,0,0,0,0,0,0,0,1,0,2,1,0,0,0,2,1,2,0,0,0,1,0,0,0,0,0,0,0,0,0,0,0,0,1,0,0,1,0,1,1,0
NA19172,YRI,AFR,female,Y047,0,0,female,0,2,1,0,0,0,2,0,0,0,0,0,1,0,0,0,2,0,0,0,0,2,0,0,0,0,0,0,1,0,0,0,1,0,2,1,0,2,0,0,2,2,1,0,0,0,0,1,1,1,2,2,0,0,2,0,0,1,0,0,0,0,0,0,0,0,0,0,2,1,0,0,0,2,1,2,0,0,0,2,1,0,1,0,1,0,0,0,0,0,0,0,2,0,0,2,1,0,0,0
NA19175,YRI,AFR,male,Y044,0,0,male,0,1,0,0,0,0,1,0,0,1,1,0,2,0,0,0,1,0,0,1,0,2,0,0,0,0,0,0,0,0,0,0,0,0,2,1,0,2,0,0,2,0,1,0,1,0,2,0,2,0,0,2,0,0,0,1,0,0,0,0,0,0,0,0,0,0,1,0,1,1,1,0,0,0,0,0,0,0,0,1,0,0,1,0,1,0,0,0,0,0,0,0,1,0,0,2,1,1,0,0
NA19184,YRI,AFR,male,Y039,0,0,male,0,2,0,1,0,0,2,0,0,1,0,2,1,0,0,0,1,0,0,2,1,2,0,0,0,1,0,0,0,0,0,0,1,0,2,1,1,1,0,0,1,0,2,0,0,0,2,2,0,0,2,2,0,1,0,0,0,2,0,0,0,0,0,0,0,0,0,0,0,0,0,0,0,2,0,1,0,0,0,2,0,0,1,0,0,0,0,0,0,0,1,0,2,0,0,2,2,0,0,0
NA19185,YRI,AFR,female,Y039,0,0,female,0,2,0,0,0,0,2,0,0,0,1,0,1,0,0,0,1,1,0,2,0,2,0,0,0,1,0,0,1,0,0,1,0,2,2,1,0,2,0,0,2,1,2,0,0,0,2,1,1,0,2,2,0,0,0,1,0,2,0,0,0,0,0,0,0,0,0,0,2,0,0,0,0,1,1,0,0,0,0,2,1,0,1,0,1,0,0,0,0,2,0,0,2,0,0,2,1,1,0,0
NA19189,YRI,AFR,male,Y111,0,0,male,0,1,1,0,0,0,2,1,0,2,0,1,2,0,0,0,2,0,0,1,1,2,1,1,0,1,0,0,0,0,0,1,0,0,0,0,0,2,0,0,1,1,2,0,0,0,1,2,2,0,0,1,0,1,1,0,0,0,0,0,0,0,0,0,0,0,0,0,0,0,0,0,0,0,2,2,0,0,1,1,0,1,1,0,1,0,0,0,0,1,0,0,2,0,0,2,0,0,1,0
NA19190,YRI,AFR,female,Y111,0,0,female,0,2,1,1,0,1,2,0,0,0,0,1,2,0,0,0,2,1,0,1,2,2,0,0,0,0,0,0,0,0,0,0,0,0,2,1,0,0,0,0,1,1,1,0,0,0,2,1,1,0,1,2,0,1,0,0,0,1,0,0,0,1,0,0,0,0,0,0,1,0,0,0,0,1,1,1,0,0,1,1,2,0,2,0,1,0,0,0,0,0,0,1,2,0,0,0,0,0,0,0
NA19197,YRI,AFR,female,Y035,0,0,female,0,2,0,1,0,0,2,0,0,0,2,1,1,0,0,0,1,0,1,1,0,2,0,0,0,0,0,0,0,0,0,0,0,1,0,1,0,1,0,0,2,1,1,0,0,0,0,0,1,0,1,1,0,0,0,0,0,1,0,0,0,0,0,0,0,0,0,0,1,1,0,0,0,1,1,2,0,0,0,1,0,0,0,0,0,0,0,0,0,0,0,0,2,0,0,2,1,1,0,0
NA19198,YRI,AFR,male,Y035,0,0,male,1,2,2,1,0,0,2,0,0,0,0,0,1,0,1,0,1,1,0,1,0,2,0,0,0,0,0,0,0,0,0,0,0,2,1,1,0,1,0,0,1,0,2,0,0,0,2,0,1,0,1,2,0,0,0,0,1,1,0,1,0,0,0,0,0,1,0,0,0,0,0,0,0,2,0,0,0,1,0,1,1,0,2,0,2,0,0,0,0,0,0,0,1,0,0,0,0,0,0,0
NA19200,YRI,AFR,male,Y045,0,0,male,0,2,0,0,0,1,2,0,0,0,1,1,2,0,0,0,1,0,1,2,0,2,0,0,0,0,0,0,1,0,0,0,1,0,0,1,0,2,0,0,1,1,1,0,0,0,1,1,1,0,0,2,0,0,0,0,0,0,0,0,0,1,1,1,0,0,1,0,1,1,1,1,0,2,1,0,0,0,0,2,1,1,1,0,0,0,0,0,0,0,0,0,2,0,0,1,0,0,0,0
NA19201,YRI,AFR,female,Y045,0,0,female,0,0,0,1,0,0,2,0,0,0,0,0,2,0,1,0,2,0,0,1,0,1,0,1,1,0,0,0,0,0,0,0,1,0,0,1,0,2,0,0,2,1,1,0,0,0,1,2,0,0,0,2,0,1,0,0,0,1,0,0,0,1,0,0,0,0,0,0,1,1,0,0,0,2,2,1,0,1,0,1,2,0,0,0,1,0,0,0,0,1,0,0,2,0,0,1,0,0,1,0
NA19204,YRI,AFR,female,Y048,0,0,female,0,2,1,0,0,0,2,0,0,0,0,0,2,0,0,0,1,0,0,0,0,2,0,0,0,0,0,0,0,0,0,0,0,0,1,0,0,2,0,0,0,1,0,0,0,0,2,2,1,1,1,2,0,1,0,1,1,1,0,0,0,0,0,0,0,0,0,0,2,1,0,0,0,0,1,1,0,0,0,1,1,0,0,0,0,0,0,0,0,1,1,0,2,0,0,2,0,0,0,0
NA19206,YRI,AFR,female,Y051,0,0,female,0,0,0,0,0,0,2,0,0,1,0,0,2,0,0,1,1,0,0,2,2,2,0,0,0,0,0,0,1,0,0,0,0,0,0,0,0,2,0,0,0,1,1,0,0,0,1,2,0,0,0,2,0,0,0,0,0,0,0,0,0,0,0,0,0,0,0,0,0,1,0,0,0,2,0,0,0,0,0,0,2,0,1,0,2,0,0,0,0,0,0,0,1,0,0,2,0,0,1,0
NA19207,YRI,AFR,male,Y051,0,0,male,0,2,0,1,0,1,2,0,0,0,0,0,2,1,1,0,1,2,0,1,1,2,0,0,0,0,0,0,1,0,0,0,0,0,0,1,0,2,0,0,0,2,1,0,0,0,0,1,0,0,0,2,0,0,0,0,0,0,0,0,0,0,0,1,0,0,0,1,1,1,0,0,0,2,0,2,0,0,0,0,0,0,2,0,1,0,0,0,0,0,1,1,2,1,1,2,2,1,0,0
NA19209,YRI,AFR,female,Y050,0,0,female,1,1,0,1,0,1,2,1,0,0,1,1,2,0,0,0,2,0,1,2,0,2,0,1,0,0,0,0,0,0,0,0,0,0,1,0,0,2,0,0,1,1,1,0,0,0,0,1,1,1,0,2,0,0,0,0,0,1,0,0,0,0,1,0,0,1,1,0,1,1,0,0,0,2,2,2,0,0,0,1,1,0,1,0,0,0,0,0,0,0,0,0,2,0,0,0,0,1,0,0
NA19210,YRI,AFR,male,Y050,0,0,male,0,2,1,0,0,0,2,0,0,0,0,0,2,0,0,0,1,0,0,2,0,1,0,1,1,0,0,0,0,0,0,0,0,1,1,2,0,2,0,0,0,1,2,0,0,0,0,2,0,0,0,2,0,0,0,0,0,2,0,0,0,2,0,0,0,0,0,0,1,0,0,0,0,2,2,2,0,1,0,2,1,0,1,0,0,0,0,0,0,0,1,0,2,1,0,2,0,1,0,0
NA19213,YRI,AFR,male,Y110,0,0,male,1,2,1,0,0,0,2,0,0,0,1,0,2,0,0,0,0,2,0,1,1,1,0,2,0,0,0,0,0,0,0,1,0,1,1,1,0,1,0,0,2,1,2,0,0,1,2,2,0,0,0,2,0,0,0,0,0,1,0,0,0,0,0,0,1,0,0,0,2,1,1,0,0,1,1,0,0,1,0,0,0,1,2,0,1,0,0,0,0,1,0,0,2,1,0,2,0,0,0,0
NA19214,YRI,AFR,female,Y110,0,0,female,0,1,0,0,0,0,1,0,0,0,0,0,2,0,0,0,2,1,0,1,0,2,0,0,0,0,0,0,0,0,0,0,0,0,1,1,0,0,0,0,2,1,2,0,0,0,1,2,0,0,0,2,0,0,0,1,0,0,0,1,0,1,0,0,0,0,0,0,2,1,0,0,0,1,0,2,0,0,0,2,0,1,0,0,0,0,0,0,0,0,0,0,2,0,0,2,0,1,1,0
NA19222,YRI,AFR,female,Y058,0,0,female,0,1,0,0,0,0,2,0,0,1,0,0,2,0,0,1,1,0,0,2,2,2,0,1,0,0,0,0,0,0,0,1,0,1,0,1,0,2,0,0,1,2,1,0,0,0,1,1,1,0,1,1,0,0,0,0,0,1,1,0,0,0,0,0,0,1,0,0,1,0,0,0,0,1,1,2,0,0,0,1,1,0,1,0,0,0,0,0,0,1,1,0,1,0,0,2,1,0,2,0
NA19225,YRI,AFR,female,Y057,0,0,female,0,1,1,0,0,1,2,0,0,0,0,1,2,0,0,0,0,1,0,1,0,2,0,1,0,0,0,0,0,0,0,0,1,0,0,1,1,2,0,1,1,1,2,0,0,0,2,2,2,0,1,1,0,0,0,0,0,1,0,0,1,0,0,0,0,0,0,0,1,1,0,0,0,1,2,1,0,0,0,0,1,0,1,0,1,0,0,0,0,0,0,0,2,0,0,0,0,0,0,0
NA19235,YRI,AFR,female,Y116,0,0,female,0,1,1,0,0,1,2,0,0,0,0,0,2,0,0,0,1,1,0,2,0,2,0,1,0,0,0,0,0,0,0,0,0,0,1,0,0,2,0,0,0,1,1,0,0,0,1,1,0,1,0,2,0,0,0,0,0,1,0,0,0,0,1,0,0,0,0,0,2,2,0,0,0,1,0,1,0,0,0,1,2,0,1,0,1,0,0,0,0,1,0,0,1,0,0,2,1,0,0,0
NA19236,YRI,AFR,male,Y116,0,0,male,0,2,0,0,0,0,2,0,0,0,0,0,2,2,0,0,2,0,0,2,0,2,0,2,1,0,0,0,0,0,0,1,0,0,0,0,0,1,0,0,0,1,1,0,1,0,2,1,0,0,1,1,0,0,0,0,0,1,0,0,0,0,0,0,0,0,1,0,1,1,0,0,0,1,2,0,0,1,0,2,0,0,0,0,1,0,0,0,0,0,0,1,2,0,0,1,0,0,0,0
NA19238,YRI,AFR,female,Y117,0,0,female,0,1,0,0,0,0,2,1,0,0,0,0,2,1,0,0,1,1,2,1,0,1,0,0,0,0,0,0,0,0,0,0,2,0,0,0,0,2,0,0,1,0,2,0,0,0,2,2,1,0,1,2,0,0,0,0,1,0,0,0,0,1,0,1,0,0,0,0,1,1,0,0,0,0,0,1,0,0,0,1,1,0,2,0,1,0,0,0,0,0,0,0,2,0,0,2,0,1,0,0
NA19239,YRI,AFR,male,Y117,0,0,male,0,2,0,0,0,1,1,0,0,0,0,0,2,0,0,0,0,0,0,1,0,1,0,2,1,0,0,0,0,0,0,0,0,0,1,0,0,0,0,0,1,2,2,0,1,0,0,2,1,0,1,2,0,0,0,0,1,0,0,0,0,0,0,0,0,0,0,0,0,0,0,0,0,1,2,1,0,0,0,1,1,0,2,0,1,0,0,0,0,0,1,1,2,1,0,1,0,0,1,0
NA19247,YRI,AFR,female,Y120,0,0,female,0,2,2,1,0,0,2,0,0,1,0,1,2,1,0,0,0,1,0,0,0,0,0,0,0,0,0,0,0,0,0,0,0,0,1,1,0,2,0,0,1,0,1,0,0,0,1,2,0,1,2,2,0,1,0,0,0,0,1,0,0,0,0,0,0,0,0,1,2,0,0,0,0,1,1,1,0,0,0,1,1,0,1,0,2,0,0,0,0,0,0,0,2,0,1,1,0,0,0,0
NA19248,YRI,AFR,male,Y120,0,0,male,0,1,0,0,0,0,2,0,0,0,0,0,2,0,1,1,1,0,0,2,1,2,0,2,0,0,0,0,0,0,0,1,0,2,2,0,0,2,0,0,1,1,1,0,0,0,1,1,0,0,1,2,0,0,0,0,0,1,0,0,1,0,1,0,1,0,0,0,2,0,0,0,0,1,2,1,0,0,0,1,2,0,1,0,1,0,1,0,0,0,0,0,1,0,0,2,0,0,0,0
NA19256,YRI,AFR,male,Y092,0,0,male,1,1,1,0,0,0,2,0,0,0,0,0,2,0,1,0,0,1,0,1,0,2,0,1,1,0,0,0,0,0,0,0,1,0,1,1,0,1,0,0,1,1,1,0,0,0,1,1,0,0,1,2,0,1,1,1,0,1,0,0,1,0,0,0,1,0,0,0,0,1,0,0,0,1,1,0,0,0,0,1,2,0,1,0,1,0,0,0,0,0,1,0,2,1,0,2,1,0,2,0
NA19257,YRI,AFR,female,Y092,0,0,female,0,1,0,1,0,0,2,0,0,0,2,0,2,0,0,0,2,0,1,1,0,2,0,0,0,0,0,0,0,0,0,0,0,1,0,2,0,2,0,0,1,1,2,0,1,0,1,1,1,1,0,1,0,1,0,0,0,1,0,0,1,0,0,0,0,0,0,0,2,0,0,0,0,2,1,1,0,0,0,1,1,0,2,0,1,0,1,0,0,0,0,0,2,0,0,2,1,0,0,0
NA19307,LWK,AFR,male,NA19307,0,0,male,0,2,1,0,0,0,2,0,0,0,1,2,2,0,0,0,2,0,0,1,0,2,0,0,0,0,0,0,0,0,0,0,0,1,1,2,0,2,0,0,1,0,0,0,0,0,0,2,0,0,1,2,0,0,0,0,0,1,0,0,0,0,0,0,0,0,0,0,2,1,0,0,0,1,2,1,0,0,0,1,1,0,1,0,1,0,0,0,1,0,0,0,2,0,0,1,0,0,0,0
NA19309,LWK,AFR,male,NA19309,0,0,male,0,2,2,0,0,1,2,0,0,0,0,1,2,1,1,0,0,0,0,1,0,2,0,1,0,0,0,0,0,0,0,0,0,0,1,1,1,2,0,0,1,0,2,0,0,0,1,1,1,0,0,2,0,0,0,0,0,2,0,1,0,0,0,0,0,0,0,0,2,1,0,0,0,2,2,2,0,1,0,1,0,0,2,0,0,0,1,0,0,0,0,0,2,0,0,0,0,0,0,0
NA19310,LWK,AFR,female,NA19310,0,0,female,0,2,2,0,0,0,2,0,0,0,1,1,2,0,0,0,2,0,0,0,0,2,0,1,0,0,0,0,0,0,0,0,0,0,1,0,0,1,0,0,1,1,0,0,1,0,2,0,0,0,1,2,0,1,0,0,0,0,0,0,0,0,0,0,0,0,0,0,1,1,0,0,0,1,1,1,0,1,0,1,0,0,0,0,0,0,0,0,0,0,0,0,1,0,0,1,0,2,0,0
NA19312,LWK,AFR,male,NA19312,0,0,male,0,2,1,1,0,0,1,0,0,0,1,0,2,1,1,1,2,0,0,1,1,2,1,0,0,0,0,0,0,0,0,0,0,0,2,0,0,2,0,0,1,0,0,0,0,0,1,2,0,0,1,2,0,0,0,0,0,1,0,0,0,1,0,0,0,0,0,0,1,2,0,0,0,2,1,1,0,0,1,2,0,0,1,0,2,0,0,0,0,0,0,0,2,0,1,1,0,0,0,0
NA19314,LWK,AFR,female,NA19314,0,0,female,0,1,0,0,0,1,1,0,0,0,0,1,2,0,0,1,2,1,0,2,0,1,0,1,0,0,0,0,0,0,0,0,0,0,1,0,0,2,0,0,1,2,2,0,0,1,0,1,1,0,1,1,0,1,0,0,0,0,0,0,0,1,0,0,0,0,0,0,2,1,0,0,0,1,0,1,0,0,0,2,0,0,2,0,1,0,1,0,0,0,1,1,2,0,0,1,0,0,0,0
NA19315,LWK,AFR,female,NA19315,0,0,female,0,1,1,0,0,0,2,0,0,0,0,0,2,0,1,0,1,0,0,1,0,1,0,0,0,0,0,0,0,0,0,0,0,0,0,1,0,2,0,0,2,1,1,0,0,0,2,1,0,0,0,1,0,0,0,1,0,1,0,0,0,0,0,0,0,0,0,0,1,0,0,1,0,1,1,2,0,0,1,2,2,0,2,0,1,0,0,0,0,0,0,0,2,0,0,1,1,0,0,0
NA19316,LWK,AFR,female,NA19316,0,0,female,0,1,1,1,0,0,1,0,0,0,0,0,2,0,1,1,2,0,0,2,0,2,0,0,0,0,0,0,0,0,0,0,0,1,1,2,0,2,0,0,1,0,1,0,0,0,2,2,2,0,1,2,0,0,0,0,0,0,0,0,1,0,0,0,0,0,0,0,1,1,0,0,1,2,0,2,0,1,1,1,1,0,0,0,2,0,1,0,0,0,1,0,2,0,0,1,0,0,0,0
NA19317,LWK,AFR,male,NA19317,0,0,male,0,2,1,0,0,0,2,0,0,0,1,0,2,0,1,1,0,0,0,1,1,2,0,1,0,0,0,0,1,0,0,0,0,1,1,1,0,2,0,0,0,0,1,0,0,0,2,2,0,0,1,1,0,0,0,0,0,0,0,0,1,1,0,0,0,0,0,0,0,1,0,0,0,1,1,2,0,0,0,1,0,0,0,0,1,0,0,0,0,0,0,0,2,0,1,1,0,0,0,0
NA19318,LWK,AFR,male,NA19318,0,0,male,0,1,1,0,0,1,2,0,0,0,1,2,2,0,0,0,1,1,0,1,1,2,0,0,0,0,0,0,1,1,1,0,0,0,1,0,0,2,0,0,1,1,2,0,0,0,1,1,1,0,0,2,0,0,0,1,1,1,0,0,1,0,0,0,1,0,0,1,1,0,0,0,0,1,0,1,0,0,1,0,1,0,0,0,1,0,0,0,0,0,0,0,2,0,0,1,0,0,0,0
NA19319,LWK,AFR,male,NA19319,0,0,male,0,2,1,0,0,0,2,0,1,0,0,0,2,0,1,0,1,0,0,0,0,2,0,1,0,0,0,0,0,0,0,0,0,0,1,1,0,2,0,1,1,1,1,0,0,0,0,1,0,0,0,2,0,0,0,0,0,0,0,1,0,1,0,0,0,0,0,0,1,1,0,1,0,1,1,1,0,0,0,2,0,0,1,0,1,0,1,0,0,0,0,0,1,0,0,1,0,0,0,0
NA19320,LWK,AFR,female,NA19320,0,0,female,0,2,2,0,0,0,2,0,0,0,0,0,2,0,0,0,0,2,0,1,0,2,0,1,0,0,0,0,0,0,0,0,0,0,2,0,0,1,0,0,1,0,2,0,0,0,1,1,0,0,1,2,0,0,0,0,0,2,0,2,0,0,0,0,1,0,1,0,1,1,0,1,0,1,1,0,0,1,1,0,0,0,0,0,1,0,0,0,0,0,0,0,1,0,0,2,0,1,0,0
NA19321,LWK,AFR,female,NA19321,0,0,female,0,2,1,0,0,0,2,0,0,0,1,1,2,1,0,0,2,0,0,1,1,2,0,0,0,0,0,0,0,0,0,0,0,1,0,1,0,2,0,0,1,1,1,0,0,0,2,2,1,0,1,2,0,0,0,0,0,2,0,0,1,0,0,0,0,0,0,0,1,1,1,1,0,2,1,1,0,1,0,2,0,0,1,0,1,0,1,0,0,0,0,0,2,0,0,1,0,1,0,0
NA19323,LWK,AFR,female,NA19323,0,0,female,1,2,1,0,0,0,2,0,0,0,1,2,1,0,0,0,1,0,0,1,0,1,0,1,0,0,0,0,0,0,0,0,1,1,0,1,0,1,0,0,0,1,1,0,0,0,1,2,1,0,1,2,0,0,0,0,0,0,0,0,0,0,0,0,0,0,0,0,2,2,0,0,1,1,0,1,0,1,2,0,0,0,0,0,0,0,0,0,0,0,0,0,2,0,0,1,0,1,0,0
NA19324,LWK,AFR,female,NA19324,0,0,female,0,2,1,0,0,0,2,0,0,0,0,1,2,0,0,0,2,0,0,2,1,1,0,1,0,0,0,0,0,0,0,0,0,1,2,0,0,1,0,0,0,2,1,0,0,0,2,0,1,0,2,2,0,0,1,0,0,1,0,0,2,0,0,0,1,1,0,0,0,0,0,0,0,1,1,1,0,0,0,1,0,0,1,0,1,0,1,0,0,0,0,0,2,0,0,1,0,0,0,0
NA19327,LWK,AFR,female,NA19327,0,0,female,0,2,2,1,0,0,2,0,0,0,0,1,2,0,0,0,2,0,0,1,1,2,0,0,0,1,0,0,0,0,0,0,0,1,1,0,0,2,0,1,1,0,0,0,0,0,2,0,0,0,0,2,0,0,0,1,0,0,0,0,0,1,0,0,1,0,0,0,0,0,0,0,1,1,1,2,0,0,0,0,2,0,1,0,1,0,0,0,0,0,0,0,2,0,0,1,1,0,0,0
NA19328,LWK,AFR,female,NA19328,0,0,female,0,1,1,1,0,1,1,0,1,0,0,1,2,2,0,0,1,1,0,2,0,2,0,1,0,0,0,0,0,0,0,0,0,0,0,1,0,1,0,0,1,1,0,0,0,0,1,0,1,0,0,1,0,0,0,0,0,1,0,0,0,0,0,0,1,0,0,0,2,1,0,0,0,2,0,1,0,1,0,1,0,0,1,0,1,0,0,0,0,0,0,0,2,0,0,2,0,0,0,0
NA19331,LWK,AFR,male,LWK001,0,0,male,0,0,1,1,0,0,2,0,0,0,0,0,2,1,1,0,2,0,0,2,2,2,0,0,0,1,0,0,0,0,0,0,0,0,1,1,0,2,0,0,2,0,2,0,0,0,2,1,0,0,1,2,0,0,0,0,0,2,0,0,1,0,0,0,0,0,0,0,1,1,0,0,1,1,0,2,0,0,1,2,0,0,0,0,1,0,0,0,0,0,1,0,2,0,0,1,0,0,0,0
NA19332,LWK,AFR,female,NA19332,0,0,female,0,2,2,1,0,0,2,1,1,0,0,1,2,1,0,0,1,0,0,2,1,2,0,0,0,0,0,0,0,0,0,1,0,0,0,1,0,1,0,0,0,1,1,0,0,0,0,2,2,0,0,1,0,0,0,0,0,0,0,0,1,0,0,0,1,0,0,0,1,0,0,1,0,2,1,2,0,0,0,0,0,0,1,0,1,0,0,0,0,0,0,0,2,0,0,2,0,0,0,0
NA19334,LWK,AFR,male,NA19334,0,0,male,0,1,2,0,0,0,2,0,0,0,0,0,2,0,0,0,2,0,0,2,0,1,0,0,0,0,0,0,1,1,1,0,0,0,1,2,0,2,0,0,2,0,2,0,0,0,2,1,0,0,1,2,0,0,0,0,0,2,0,0,1,0,0,0,0,0,0,0,1,1,0,0,1,2,0,2,0,1,1,1,0,0,0,0,1,0,0,0,0,0,1,0,2,0,0,0,0,0,0,0
NA19338,LWK,AFR,female,NA19338,0,0,female,0,2,0,0,0,0,2,0,0,0,0,1,2,0,0,0,2,0,0,2,0,1,1,0,0,1,0,0,1,0,0,0,0,0,0,0,0,2,0,0,1,1,1,0,0,0,2,2,0,0,1,2,0,0,0,0,0,0,0,0,0,0,0,0,1,0,0,0,2,2,1,0,0,2,1,1,0,0,0,2,1,0,0,0,0,0,0,0,0,0,0,0,2,0,0,2,0,0,0,0
NA19346,LWK,AFR,male,NA19346,0,0,male,0,2,1,0,0,1,2,0,0,0,0,1,2,0,1,0,2,1,0,1,0,2,0,0,0,0,0,0,0,0,0,0,1,0,2,1,0,2,0,1,1,2,1,0,0,0,2,1,0,0,0,2,0,0,0,1,1,2,0,0,0,0,0,0,0,0,0,0,0,1,0,0,0,1,0,1,0,0,0,2,0,0,0,0,1,0,0,0,0,0,0,0,2,1,0,2,0,0,0,0
NA19350,LWK,AFR,male,NA19350,0,0,male,0,2,0,0,0,0,2,0,0,0,0,1,2,1,1,0,2,0,0,1,1,2,0,1,0,0,0,0,0,0,0,0,0,0,0,0,0,1,0,0,1,1,1,0,0,0,1,2,1,0,1,1,1,0,0,1,1,1,1,0,0,1,0,0,0,0,0,0,2,1,0,0,0,1,1,0,0,0,1,2,1,0,1,0,2,0,0,0,0,0,0,0,2,0,0,1,0,0,0,0
NA19351,LWK,AFR,female,NA19351,0,0,female,0,1,1,0,0,0,2,0,1,0,1,1,1,0,0,0,0,0,1,1,0,1,0,1,0,0,0,0,0,0,0,0,0,0,1,1,0,2,0,1,0,0,1,0,1,0,2,1,0,0,0,2,0,0,0,1,0,1,0,0,0,1,0,0,1,0,0,1,0,0,0,0,0,1,2,1,0,0,0,2,0,0,1,0,0,0,1,0,1,1,0,0,2,1,0,2,0,0,0,0
NA19355,LWK,AFR,female,NA19355,0,0,female,1,1,2,0,0,0,2,0,0,0,0,0,2,0,0,0,2,0,0,1,0,1,0,0,0,0,0,0,0,0,0,0,0,1,1,1,0,1,0,0,0,1,1,0,0,0,2,1,1,0,0,2,0,0,0,0,0,0,0,0,1,0,0,0,0,0,0,0,1,1,0,0,0,2,0,1,0,0,0,2,0,0,2,0,1,0,1,0,0,0,0,0,1,0,0,1,0,0,1,0
NA19360,LWK,AFR,male,NA19360,0,0,male,0,2,1,0,0,0,2,0,0,0,0,1,2,1,1,0,2,0,0,1,0,2,0,0,0,1,0,0,0,0,0,0,0,0,1,1,0,2,0,0,2,1,2,0,0,0,2,0,1,0,1,2,1,0,0,1,0,2,0,0,0,0,0,0,0,0,0,0,0,0,0,0,0,2,1,1,0,0,1,1,0,0,2,0,1,0,1,0,0,0,0,0,2,0,1,0,0,0,1,0
NA19372,LWK,AFR,male,NA19372,0,0,male,1,1,1,1,0,0,1,0,0,0,0,1,2,1,0,1,1,0,0,2,0,1,0,0,0,0,0,0,0,0,0,0,1,1,0,1,0,2,0,0,0,2,1,0,1,0,2,2,0,0,0,2,1,0,0,0,0,1,1,0,0,0,0,0,0,0,0,0,1,0,0,0,0,2,2,2,0,0,1,2,1,0,1,0,1,0,0,0,0,1,0,0,2,0,0,0,1,0,1,0
NA19374,LWK,AFR,male,NA19374,0,0,male,1,2,1,0,0,1,2,0,0,0,2,0,2,1,0,0,0,0,0,0,1,2,0,0,0,0,0,0,0,0,0,0,0,0,1,1,0,1,0,0,1,0,1,0,0,0,2,2,0,0,0,2,0,0,0,0,1,1,0,0,0,1,0,0,0,0,0,0,2,1,0,0,1,2,1,0,0,0,1,0,0,0,2,0,1,0,0,0,0,1,0,0,1,0,1,2,0,0,0,0
NA19375,LWK,AFR,male,NA19375,0,0,male,0,2,2,0,0,0,2,0,1,0,0,1,2,0,1,0,2,0,1,1,1,2,0,0,0,1,0,0,0,0,0,0,0,0,0,0,0,1,1,0,0,1,1,0,0,1,1,1,2,0,1,2,0,0,0,0,2,1,0,0,1,0,0,0,0,0,0,0,1,0,0,0,0,2,2,1,0,1,0,2,1,0,1,0,1,1,1,0,0,0,0,0,2,0,0,1,0,0,1,0
NA19376,LWK,AFR,male,NA19376,0,0,male,0,1,0,0,0,0,2,0,1,0,0,1,1,0,0,0,1,1,0,1,0,2,0,1,0,0,0,0,0,0,0,0,0,0,1,0,0,1,0,0,1,2,2,0,0,0,2,2,2,0,0,2,0,0,0,0,1,1,0,0,0,0,0,0,2,0,0,1,1,1,0,0,0,0,1,1,0,0,1,0,1,0,1,0,1,0,0,0,0,0,0,0,2,0,0,2,0,0,0,0
NA19377,LWK,AFR,female,NA19377,0,0,female,0,0,1,0,0,0,2,0,0,0,1,1,2,0,0,1,1,1,0,1,0,1,0,1,0,0,0,0,0,0,0,0,0,0,1,1,1,1,0,0,1,1,2,0,0,0,2,0,0,0,0,2,0,0,0,0,0,0,0,0,0,0,1,0,0,1,0,0,1,1,0,0,0,1,0,2,0,0,0,0,1,1,0,0,1,0,0,0,0,1,0,0,2,0,0,1,1,0,0,0
NA19378,LWK,AFR,female,NA19378,0,0,female,0,1,0,0,0,0,2,0,0,0,0,0,1,1,0,0,2,0,0,2,0,2,0,1,0,0,0,0,0,0,0,0,1,1,1,1,0,2,0,1,0,0,1,0,1,0,2,2,2,0,0,1,0,0,0,0,0,0,0,1,0,0,0,0,0,0,0,0,1,0,1,0,0,0,1,2,0,0,1,1,0,0,0,0,0,0,1,0,0,0,0,1,2,0,1,2,0,0,0,0
NA19379,LWK,AFR,female,NA19379,0,0,female,0,2,0,0,0,1,2,2,0,0,0,2,2,0,1,0,2,0,0,1,0,2,0,0,0,0,0,0,1,0,0,0,0,0,1,2,0,2,0,0,0,1,2,0,0,0,1,1,1,0,1,1,0,0,0,0,0,0,0,0,0,1,0,1,0,0,0,0,1,1,0,0,0,2,2,0,0,0,0,2,0,0,1,0,1,0,0,0,0,0,1,0,2,0,0,0,0,0,0,0
NA19380,LWK,AFR,male,NA19380,0,0,male,0,2,2,0,0,1,2,0,1,0,0,2,2,0,0,0,2,0,0,2,1,1,0,0,0,0,0,0,0,0,0,0,0,0,1,1,1,1,0,0,2,1,2,0,0,0,1,1,0,0,1,2,0,0,0,0,1,0,1,0,0,0,0,0,0,1,0,0,1,1,1,0,1,2,1,2,0,0,0,2,0,0,0,0,2,0,0,0,0,1,0,2,2,0,0,1,0,0,0,0
NA19383,LWK,AFR,male,NA19383,0,0,male,0,2,0,0,0,0,2,0,0,0,1,0,2,1,0,0,1,2,0,2,1,2,0,0,0,0,0,0,1,0,0,0,0,2,1,2,0,2,0,0,1,1,0,0,0,0,2,2,1,0,0,2,0,0,0,0,0,0,0,0,0,0,0,0,0,1,0,0,0,0,0,2,0,2,1,1,0,0,0,0,0,0,1,0,1,0,1,0,0,0,0,0,2,0,0,1,1,0,0,0
NA19384,LWK,AFR,male,NA19384,0,0,male,0,2,0,0,0,1,2,0,0,0,0,0,2,0,2,0,1,0,0,1,1,2,0,1,0,0,0,0,0,0,0,1,0,1,1,1,0,2,0,1,1,2,1,0,0,0,0,1,1,0,2,0,0,0,0,0,0,0,0,0,0,0,0,1,0,0,0,0,1,0,1,0,0,1,1,2,0,1,0,1,0,2,1,0,0,0,0,0,0,1,0,1,2,1,0,2,0,1,0,0
NA19385,LWK,AFR,male,NA19385,0,0,male,0,2,0,0,0,0,2,0,0,0,1,2,1,0,0,0,1,0,0,2,0,2,0,1,0,0,0,0,0,0,0,0,0,1,1,0,0,1,0,0,2,1,2,0,0,0,2,2,0,0,2,2,0,0,0,0,0,1,0,0,2,0,0,0,0,0,0,0,1,1,0,0,0,0,0,1,0,1,1,2,0,0,0,0,0,1,1,0,0,0,0,0,2,0,0,0,1,0,0,0
NA19390,LWK,AFR,female,NA19390,0,0,female,0,1,0,0,0,0,2,0,0,1,0,0,2,0,1,0,2,1,0,2,0,1,0,1,0,0,0,0,0,0,0,0,0,0,1,1,0,2,0,0,0,1,1,0,0,0,0,1,0,0,0,1,0,0,0,0,0,0,0,1,0,0,0,0,0,0,0,0,0,1,1,0,1,1,2,1,0,0,0,2,1,0,0,0,1,0,0,0,0,1,0,1,2,0,1,2,0,0,0,0
NA19391,LWK,AFR,female,NA19391,0,0,female,0,2,1,0,0,0,2,0,0,0,0,0,2,1,1,0,0,1,0,1,1,2,0,2,0,1,0,0,0,0,0,1,0,0,1,0,0,2,0,0,2,2,1,0,0,0,1,1,2,0,0,2,0,0,0,0,1,1,0,1,0,0,0,0,1,1,0,0,1,2,0,0,2,2,0,2,0,2,2,0,0,0,1,0,1,0,0,0,0,0,0,0,2,0,0,2,0,1,1,0
NA19394,LWK,AFR,male,NA19394,0,0,male,0,2,2,0,0,0,2,0,0,0,1,0,2,0,1,1,1,1,0,0,1,2,1,1,0,1,0,0,0,0,0,1,0,0,0,1,0,2,0,1,0,1,1,0,0,0,1,2,1,0,0,2,0,0,0,1,0,0,0,0,0,0,0,0,1,0,0,0,1,0,0,0,0,2,1,2,0,0,0,2,0,0,1,0,1,0,0,0,0,0,0,0,2,0,0,2,1,0,0,0
NA19395,LWK,AFR,female,NA19395,0,0,female,0,2,1,0,0,1,2,0,0,0,0,1,2,0,1,0,1,1,0,1,0,2,1,0,0,1,0,0,0,0,0,0,0,0,1,0,0,2,0,1,1,1,2,0,0,0,1,2,0,0,0,2,0,0,0,1,1,1,0,0,0,0,0,0,0,0,0,0,1,0,0,0,0,0,1,0,0,0,0,2,1,1,0,0,0,0,1,0,0,1,0,0,1,0,0,1,0,0,0,0
NA19397,LWK,AFR,male,NA19397,0,0,male,0,2,0,0,0,0,2,0,0,0,0,0,2,0,1,0,2,0,0,0,2,2,0,1,0,0,0,0,0,0,0,0,0,1,0,0,0,1,0,0,1,2,1,0,0,0,1,1,1,0,0,2,0,0,0,0,1,0,0,0,0,0,0,0,1,0,0,0,1,1,0,0,0,1,2,0,0,0,2,1,1,0,1,0,2,0,2,0,0,0,0,0,2,0,0,1,0,0,1,0
NA19401,LWK,AFR,female,NA19401,0,0,female,0,1,1,0,0,0,2,0,0,0,0,0,2,0,0,0,1,1,0,2,1,1,0,0,0,0,0,0,0,0,0,0,0,0,0,0,0,2,0,1,0,2,2,0,1,0,2,2,2,0,0,2,0,0,0,0,0,0,0,1,0,0,1,0,0,0,0,0,1,1,0,0,0,2,1,1,0,0,0,1,0,0,2,0,0,0,2,0,0,0,0,0,2,0,0,2,0,0,0,0
NA19403,LWK,AFR,female,NA19403,0,0,female,0,2,2,1,0,0,2,0,0,0,0,1,2,0,0,0,1,1,0,2,0,2,0,0,0,0,0,0,0,0,0,0,0,0,1,0,0,2,0,0,1,2,1,0,1,0,2,2,0,0,0,2,0,0,0,0,0,0,0,0,1,0,0,0,0,0,0,0,1,2,0,0,0,2,1,1,0,0,0,0,1,0,0,0,0,0,0,0,0,1,0,0,2,0,1,1,0,0,0,0
NA19404,LWK,AFR,female,NA19404,0,0,female,0,1,0,0,0,1,2,0,0,0,1,1,2,0,0,0,2,0,0,2,0,2,0,0,0,0,0,0,0,0,0,0,1,1,0,1,0,2,0,0,0,0,2,0,1,0,2,2,1,0,0,2,0,0,0,0,0,0,0,0,0,0,0,0,0,0,0,0,1,2,0,0,0,1,1,1,0,0,1,2,1,0,0,0,1,1,0,0,0,0,0,0,2,0,0,1,0,0,0,0
NA19428,LWK,AFR,male,NA19428,0,0,male,0,2,0,0,0,0,2,0,0,0,1,1,2,0,1,0,2,1,0,2,0,1,0,0,0,0,0,0,0,0,0,0,0,0,0,0,0,2,0,1,1,0,1,0,0,0,2,2,0,1,2,2,0,0,0,0,0,1,0,0,0,0,0,0,1,0,0,0,1,0,0,0,0,2,1,1,0,0,0,2,0,0,1,0,2,0,0,0,0,0,0,0,1,0,0,1,1,0,1,0
NA19429,LWK,AFR,male,NA19429,0,0,male,0,1,0,0,0,0,2,0,0,0,0,0,2,0,0,0,2,1,0,2,1,2,0,0,0,0,0,0,0,0,0,0,1,0,1,1,0,2,0,0,0,0,2,0,1,0,0,2,1,0,0,2,0,0,0,0,0,2,0,0,2,0,0,0,0,0,0,0,0,0,0,0,0,2,1,2,0,0,0,2,0,0,2,0,0,0,0,0,0,0,1,0,1,0,0,1,0,0,0,0
NA19430,LWK,AFR,male,NA19430,0,0,male,0,2,0,1,0,0,2,0,0,0,0,0,2,0,1,1,2,1,0,2,0,1,0,0,0,0,0,0,0,0,0,0,0,1,1,1,0,2,0,0,0,1,1,0,1,0,2,1,1,0,1,1,0,1,0,0,0,0,0,1,1,0,1,0,0,0,0,0,1,1,0,0,0,1,2,0,0,0,0,2,1,0,1,0,0,0,0,0,0,0,1,0,2,0,0,2,0,0,0,0
NA19431,LWK,AFR,female,NA19431,0,0,female,0,2,2,0,0,1,2,1,0,0,0,1,2,0,0,0,2,1,0,0,0,1,0,1,0,0,0,0,0,0,0,1,0,1,1,0,0,2,0,0,1,1,2,0,0,0,1,2,1,0,1,2,0,0,0,0,0,0,1,0,0,0,0,0,0,0,2,0,2,0,0,0,0,0,0,2,0,1,2,0,0,0,1,0,0,0,0,0,0,0,0,0,2,0,0,2,1,0,0,0
NA19434,LWK,AFR,female,LWK003,0,NA19432,female,1,2,2,0,0,0,2,1,0,0,0,1,2,0,0,0,1,0,0,1,0,1,0,0,0,0,0,0,0,0,0,0,0,1,1,1,0,1,0,0,0,0,0,0,0,0,2,1,1,0,1,2,0,0,0,0,0,0,0,0,1,0,0,0,0,0,0,0,1,1,0,0,0,2,0,2,0,0,0,1,1,0,2,0,1,0,0,0,0,1,0,0,1,0,1,1,0,0,1,0
NA19435,LWK,AFR,female,NA19435,0,0,female,0,2,1,1,0,2,2,0,0,0,1,2,1,0,1,1,2,0,0,2,0,1,0,0,0,0,0,0,0,0,0,0,1,1,2,1,0,1,0,0,1,1,1,0,0,0,2,2,0,0,1,2,0,1,0,0,1,2,0,0,0,1,0,0,0,0,0,0,0,2,1,0,0,2,1,1,0,0,1,2,1,1,0,0,1,0,0,0,0,0,0,0,2,0,0,2,0,1,0,0
NA19436,LWK,AFR,female,NA19436,0,0,female,0,2,1,0,0,1,2,0,0,0,1,0,2,0,0,0,2,1,0,1,0,2,0,0,0,2,0,0,1,0,0,1,0,2,1,2,0,1,0,1,0,1,1,0,0,0,1,2,2,0,0,2,0,1,0,0,0,2,1,0,0,0,0,0,1,0,0,0,1,1,0,0,0,2,1,2,0,1,0,0,0,0,0,0,0,0,0,0,0,0,0,1,1,0,0,1,0,0,0,0
NA19437,LWK,AFR,female,NA19437,0,0,female,0,1,1,0,0,0,2,0,1,0,1,1,1,0,1,0,1,1,0,1,0,2,0,1,0,0,0,0,0,0,0,0,1,0,1,1,0,1,0,0,1,1,1,0,1,0,1,2,0,0,1,2,0,0,0,1,0,2,1,0,0,0,0,0,0,0,0,0,1,1,0,0,0,1,0,1,0,0,0,1,1,0,1,0,0,0,0,0,0,0,1,0,0,0,1,2,0,0,0,0
NA19438,LWK,AFR,female,NA19438,0,0,female,0,2,0,0,0,1,2,0,0,0,1,2,2,0,0,0,2,1,0,1,0,1,0,2,0,0,0,0,0,0,0,0,0,0,1,0,0,1,0,0,2,1,0,0,0,0,2,1,1,0,1,2,0,0,0,1,0,0,0,0,0,0,0,0,0,0,0,0,1,2,0,0,0,1,0,2,0,0,0,1,0,0,1,0,1,0,0,0,0,0,0,0,2,0,2,1,0,0,0,0
NA19439,LWK,AFR,female,NA19439,0,0,female,0,2,1,0,0,0,2,0,0,0,0,0,2,0,0,0,0,0,0,2,0,2,0,0,0,0,0,0,0,0,0,0,0,0,1,0,0,2,0,0,1,0,1,0,1,0,2,1,0,0,1,2,0,0,0,0,0,2,0,0,0,0,0,0,0,1,0,1,0,0,0,0,0,2,1,0,0,0,0,2,0,0,1,0,2,0,0,0,0,0,0,0,2,0,0,0,0,0,0,0
NA19440,LWK,AFR,female,NA19440,0,0,female,0,1,0,0,0,0,2,0,0,0,0,0,2,0,0,0,1,0,0,1,0,0,0,2,0,0,0,0,0,0,0,0,0,1,0,0,0,2,0,0,1,0,1,0,0,0,1,2,2,0,0,1,0,0,0,0,0,0,0,0,1,0,1,0,0,0,0,0,1,1,0,0,0,2,1,1,0,1,0,1,1,0,2,0,2,0,0,0,0,0,0,0,1,0,1,1,0,0,0,0
NA19443,LWK,AFR,male,NA19443,0,0,male,0,1,1,1,0,0,2,0,0,0,1,1,2,0,0,0,0,0,0,1,0,1,0,0,0,0,0,0,0,0,0,0,0,1,0,1,0,0,0,0,1,1,1,0,1,0,0,1,2,0,1,2,0,0,0,0,1,2,1,1,0,0,0,0,0,0,1,1,1,2,0,0,0,0,0,1,0,0,0,1,1,0,1,0,1,0,1,0,0,1,0,0,2,0,0,2,0,0,0,0
NA19445,LWK,AFR,female,LWK004,NA19453,0,female,0,2,1,1,0,1,2,0,0,0,0,0,2,0,1,0,2,0,0,2,1,2,0,0,0,0,0,0,0,0,0,0,0,1,1,1,0,2,0,0,2,1,1,0,0,0,1,1,2,0,1,2,1,1,0,0,0,0,0,0,0,0,0,0,1,0,1,0,1,0,1,0,0,0,1,1,0,0,0,0,2,0,1,0,1,0,0,0,1,0,0,0,1,0,1,2,0,0,0,0
NA19446,LWK,AFR,female,NA19446,0,0,female,0,2,1,0,0,0,2,0,0,0,0,1,2,0,0,2,2,0,0,0,0,2,1,0,0,1,0,0,0,0,0,0,0,0,2,0,0,2,0,0,1,1,1,0,0,0,2,1,0,0,0,2,0,1,0,0,0,0,0,0,1,0,0,0,0,0,0,0,0,1,0,0,0,1,1,2,0,0,1,1,2,0,1,0,1,0,0,0,0,0,0,0,2,0,0,2,1,0,0,0
NA19448,LWK,AFR,male,NA19448,0,0,male,0,2,0,0,0,0,2,0,0,0,0,0,2,1,0,1,0,0,0,1,0,1,1,0,0,1,0,0,0,0,0,0,0,0,1,0,0,0,0,0,1,2,0,0,0,0,1,2,0,0,0,1,0,0,0,0,0,0,0,0,0,1,0,0,0,0,0,0,1,1,0,0,0,2,1,1,0,0,0,1,0,0,2,0,0,0,0,0,0,0,0,0,2,0,0,0,0,0,0,0
NA19451,LWK,AFR,male,NA19451,0,0,male,0,2,0,0,0,0,1,0,0,0,1,1,2,0,0,1,2,1,0,2,0,2,0,1,0,0,0,0,0,0,0,0,0,1,2,1,0,1,0,1,0,1,2,0,0,0,1,0,0,0,1,1,0,0,0,0,0,1,1,1,0,0,0,1,0,0,0,0,1,1,0,0,1,1,0,1,0,0,0,0,1,0,1,0,1,0,0,0,0,0,0,0,2,0,2,1,0,0,0,0
NA19452,LWK,AFR,male,NA19452,0,0,male,0,2,0,0,0,0,2,0,0,0,1,0,1,1,0,1,1,1,0,1,0,2,0,0,0,0,0,0,0,0,0,0,0,2,2,2,0,1,0,0,1,1,1,0,0,0,1,2,1,1,2,2,0,0,0,0,0,1,0,0,0,0,1,0,0,0,0,0,2,1,0,0,0,0,1,1,0,0,0,2,0,0,0,0,1,0,1,0,0,0,0,0,1,0,0,2,0,0,0,0
NA19454,LWK,AFR,male,NA19454,0,0,male,0,0,2,0,0,0,1,0,0,0,1,0,2,0,1,1,2,0,0,1,0,2,0,0,0,0,0,0,0,0,0,0,0,0,1,0,0,1,0,1,0,0,2,0,0,0,2,1,1,0,0,1,0,0,0,1,0,0,0,0,0,1,0,1,1,0,0,0,1,0,0,0,0,2,0,2,0,0,0,2,0,0,2,0,1,0,0,0,0,0,0,0,2,0,0,1,0,0,0,0
NA19455,LWK,AFR,male,NA19455,0,0,male,0,2,0,0,0,0,1,0,0,0,0,2,2,0,0,0,1,0,0,0,0,2,0,0,0,1,0,0,0,0,0,0,0,0,1,1,0,0,0,0,0,0,1,0,0,0,1,1,1,0,0,2,0,0,0,0,0,0,0,0,0,1,0,0,0,1,0,0,1,1,0,0,0,1,1,2,0,0,0,1,0,0,1,0,1,0,0,0,0,0,0,0,2,0,0,0,0,0,0,0
NA19456,LWK,AFR,female,NA19456,0,0,female,0,1,0,0,0,0,2,0,0,1,0,0,2,0,1,0,2,1,0,2,0,2,0,0,0,0,0,0,0,0,0,1,0,0,1,0,0,2,0,0,1,1,1,0,1,0,2,2,1,0,0,2,0,0,0,0,0,1,0,2,1,0,0,0,0,0,0,0,2,0,0,0,0,1,1,2,0,0,0,0,0,0,2,0,0,0,0,0,0,0,1,1,2,0,0,2,1,0,0,0
NA19457,LWK,AFR,female,NA19457,0,0,female,0,1,1,0,0,0,2,0,0,0,0,1,2,1,1,0,2,1,0,1,1,2,1,1,0,1,0,0,0,0,0,2,0,0,1,1,0,2,0,0,0,2,0,0,0,0,2,0,1,0,0,2,0,0,1,0,1,0,0,0,0,0,1,0,0,1,0,1,1,1,1,0,0,0,0,2,0,0,0,0,0,0,1,0,1,0,1,0,0,1,0,0,1,0,0,1,0,0,0,0
NA19461,LWK,AFR,male,NA19461,0,0,male,0,2,0,0,0,0,2,0,0,0,0,0,2,0,2,0,0,0,0,1,0,2,0,0,0,0,0,0,0,0,0,0,0,2,2,1,0,2,0,0,2,1,0,0,0,0,1,2,0,0,0,2,0,0,1,0,0,0,0,0,1,0,0,0,0,0,0,0,1,0,0,0,0,0,1,2,0,0,0,0,1,0,0,0,0,0,0,0,0,1,0,1,1,0,0,2,1,0,0,0
NA19462,LWK,AFR,female,NA19462,0,0,female,0,2,0,0,0,0,2,0,0,0,0,0,2,0,2,0,2,0,0,2,2,2,0,0,0,0,0,0,0,0,0,0,0,0,0,0,0,2,0,0,1,0,1,0,0,1,1,1,1,1,0,2,0,1,0,0,0,0,0,0,0,0,0,0,0,0,1,0,2,2,0,0,0,2,2,2,0,0,1,2,0,0,1,0,0,0,0,0,0,0,0,0,2,0,0,1,0,0,0,0
NA19467,LWK,AFR,female,NA19467,0,0,female,0,1,1,0,0,0,2,0,1,0,0,1,1,0,0,0,1,0,0,1,0,1,0,2,0,0,0,0,0,0,0,1,0,2,1,0,0,1,0,0,1,0,1,0,0,0,1,2,1,0,0,1,0,1,0,0,0,2,0,0,1,0,0,0,0,0,0,0,1,0,0,1,0,2,1,1,0,0,0,1,1,0,0,0,1,0,0,0,0,0,0,0,2,0,2,2,0,0,0,0
NA19468,LWK,AFR,female,NA19468,0,0,female,0,1,1,1,0,0,2,0,0,0,1,2,2,0,0,1,2,0,0,1,0,2,0,1,0,0,0,0,0,0,0,0,0,0,1,0,0,1,0,0,0,0,0,0,0,0,2,2,2,0,1,1,0,0,0,0,0,1,0,0,0,0,0,0,0,0,0,0,2,0,0,0,0,2,1,1,0,0,2,0,0,0,2,0,1,0,0,0,0,0,0,0,2,0,0,1,0,0,0,0
NA19471,LWK,AFR,female,NA19471,0,0,female,0,0,0,0,0,1,2,0,1,0,1,2,2,0,2,0,1,0,0,1,0,1,0,0,0,0,0,0,0,0,0,0,0,1,0,1,0,2,0,0,0,1,2,0,1,0,1,0,1,0,0,2,0,0,0,0,0,2,0,0,0,0,0,0,0,0,0,0,1,2,0,0,1,2,0,1,0,0,0,0,1,0,1,0,1,0,0,0,0,1,0,1,2,0,0,1,0,0,0,0
NA19472,LWK,AFR,female,NA19472,0,0,female,0,2,2,0,0,0,2,0,0,0,0,1,1,0,0,1,1,0,0,2,0,1,0,0,0,0,0,0,1,0,0,0,0,0,0,1,0,1,0,0,1,1,2,0,2,0,2,2,0,0,0,1,0,0,1,0,0,1,0,1,0,0,1,0,0,1,0,1,1,1,0,0,0,2,1,0,0,0,0,1,0,0,1,0,1,0,0,0,0,0,0,0,2,0,0,2,0,0,0,0
NA19473,LWK,AFR,female,NA19473,0,0,female,0,1,2,0,0,0,2,1,1,0,0,0,1,0,0,0,1,0,0,1,0,2,0,0,0,0,0,0,1,1,1,0,1,1,0,2,0,1,0,0,0,2,1,0,0,0,2,0,1,1,1,2,0,0,0,1,0,0,0,0,0,1,0,0,0,0,0,0,1,0,0,0,0,2,1,0,0,1,1,1,0,0,0,0,1,0,1,0,0,0,0,1,2,0,0,1,0,0,0,0
NA19474,LWK,AFR,female,NA19474,0,0,female,0,0,0,0,0,0,2,0,0,0,1,0,2,0,0,0,1,1,0,0,0,2,0,0,0,0,0,0,0,0,0,0,1,0,1,0,0,2,0,1,0,1,1,0,0,0,1,0,0,0,0,2,0,0,0,0,1,0,0,1,0,1,0,0,0,0,0,0,0,0,0,0,0,2,1,1,0,0,0,2,1,0,0,0,2,0,0,0,0,0,0,0,1,0,0,2,0,0,0,0
NA19475,LWK,AFR,female,NA19475,0,0,female,0,1,1,0,0,0,2,0,0,0,1,1,2,0,1,0,2,0,0,1,1,2,0,0,0,0,0,0,0,0,0,1,0,0,1,0,0,2,0,0,1,1,1,0,0,0,1,2,1,0,0,2,0,0,0,0,1,0,0,1,0,0,0,0,0,0,0,0,2,2,0,0,0,1,1,2,0,0,0,0,0,0,1,0,1,0,0,0,0,0,0,0,2,1,0,2,1,0,0,0
NA19625,ASW,AFR,female,2357,0,0,female,0,1,0,0,0,0,1,0,0,0,0,0,2,0,1,0,2,0,1,1,0,2,0,0,0,0,0,0,0,0,0,0,0,0,0,0,0,1,0,0,1,0,1,0,0,0,1,1,0,0,0,2,0,0,0,0,0,1,0,0,0,1,0,0,0,0,0,0,0,0,0,0,0,1,2,1,0,0,0,1,1,0,0,0,0,0,0,0,0,0,0,0,2,1,0,2,0,0,0,0
NA19648,MXL,AMR,female,m001,0,0,female,0,0,0,0,0,0,2,0,0,0,0,1,2,0,0,0,2,1,0,1,1,2,0,1,1,0,1,0,0,0,1,0,0,0,0,0,0,0,0,0,1,0,2,0,1,0,0,2,0,0,0,2,0,0,0,1,0,1,0,0,2,0,0,0,0,0,0,0,2,2,0,0,0,1,1,2,0,1,0,1,0,0,0,0,0,1,0,0,0,1,0,0,2,0,0,2,0,0,0,0
NA19649,MXL,AMR,male,m001,0,0,male,0,1,1,0,0,0,2,0,0,0,0,0,2,1,0,0,2,0,0,0,0,2,0,1,1,0,1,0,0,0,1,0,0,0,0,0,0,0,0,0,0,0,0,0,0,0,2,2,0,0,1,2,0,0,0,0,0,2,0,0,2,0,0,1,1,0,0,0,2,0,0,0,0,1,2,1,0,0,0,2,0,0,0,0,0,0,1,0,0,1,0,0,0,0,0,1,0,0,0,0
NA19651,MXL,AMR,female,m005,0,0,female,0,1,0,0,0,0,2,0,0,0,0,1,2,0,0,0,2,0,0,0,0,2,0,0,0,0,0,0,0,0,1,0,1,0,1,0,0,1,0,1,1,0,2,0,1,0,0,1,0,0,1,2,0,0,0,1,0,0,0,0,1,0,0,0,0,0,0,0,0,0,0,0,0,0,1,1,0,0,0,2,0,0,0,0,1,0,2,0,1,1,0,0,2,0,0,2,0,1,0,0
NA19652,MXL,AMR,male,m005,0,0,male,0,1,0,0,0,0,2,0,0,0,0,0,2,0,0,0,2,0,0,1,0,2,0,0,0,0,0,0,0,0,0,0,0,0,0,0,0,0,0,0,0,0,1,0,0,0,2,1,0,0,0,1,0,0,1,1,0,0,0,0,2,0,0,0,0,0,0,1,1,2,0,0,0,1,2,2,0,1,0,1,1,1,0,0,0,0,0,0,0,1,0,0,1,0,0,2,0,0,0,0
NA19654,MXL,AMR,female,m006,0,0,female,0,0,0,0,0,0,2,0,0,0,1,0,2,0,0,0,2,1,0,0,0,2,0,1,0,0,0,0,0,0,0,0,0,1,2,0,0,0,0,0,0,0,1,0,1,0,2,1,0,0,1,2,0,0,0,0,0,1,0,0,1,0,0,1,0,0,0,0,0,0,0,0,0,2,1,2,0,1,0,2,0,1,0,0,2,1,0,0,0,0,0,0,2,0,1,2,0,0,0,0
NA19655,MXL,AMR,male,m006,0,0,male,0,0,0,0,0,0,2,0,1,0,0,0,2,0,0,0,2,1,0,2,0,2,0,0,0,0,1,0,0,0,0,0,0,1,0,1,0,0,0,0,1,0,1,0,0,0,0,1,2,0,1,2,0,0,0,0,0,1,0,0,1,1,0,0,0,0,0,0,2,2,0,0,0,1,2,1,0,1,1,0,0,0,0,0,0,1,0,1,0,0,1,0,2,0,0,1,0,0,0,0
NA19657,MXL,AMR,female,m007,0,0,female,0,0,0,0,0,0,2,0,0,0,0,0,2,0,0,0,2,0,0,0,0,2,0,0,0,0,1,0,0,0,0,0,0,0,1,0,0,1,0,0,0,0,1,0,0,0,1,2,0,0,1,2,0,0,0,1,0,0,0,0,2,0,0,1,0,0,0,0,1,1,0,0,0,0,2,0,0,0,0,0,0,0,0,0,0,0,0,0,0,0,0,0,2,0,0,2,1,0,0,0
NA19658,MXL,AMR,male,m007,0,0,male,0,1,1,0,0,0,2,0,0,0,0,0,2,0,0,0,2,1,0,1,0,2,0,0,0,0,0,0,0,0,0,0,0,0,1,0,0,1,0,0,0,0,2,0,0,0,1,1,1,0,0,2,0,0,0,0,0,0,0,0,1,0,0,1,0,0,0,0,1,1,0,0,0,1,1,2,0,2,0,1,0,1,0,0,1,1,1,0,0,0,0,0,2,0,0,2,0,0,0,0
NA19663,MXL,AMR,female,m012,0,0,female,0,1,0,0,0,0,2,0,0,0,0,1,2,0,0,0,2,0,0,0,0,2,0,0,0,0,0,0,0,0,0,0,0,0,2,0,0,0,0,0,1,1,2,0,1,0,1,0,0,0,0,2,0,0,0,0,0,0,0,0,1,0,0,0,0,0,0,0,1,0,0,0,0,2,0,1,0,1,0,1,0,1,0,0,0,0,0,0,0,1,0,0,2,0,0,2,0,0,0,0
NA19664,MXL,AMR,male,m012,0,0,male,0,1,0,0,0,1,2,0,0,0,0,0,2,0,0,0,2,0,0,1,0,2,0,0,0,0,0,0,1,1,1,0,0,1,0,0,0,0,0,0,1,1,1,0,2,0,1,1,0,0,0,2,0,0,0,0,0,1,0,0,2,0,0,1,0,0,0,1,2,2,0,0,0,2,0,2,0,0,0,2,0,1,0,0,0,0,2,0,0,1,0,0,2,0,0,1,0,0,0,0
NA19669,MXL,AMR,female,m002,0,0,female,0,0,0,0,0,0,2,0,1,0,0,0,2,0,0,0,2,0,0,1,0,1,0,1,1,0,0,0,0,0,0,0,1,0,1,1,0,0,0,0,1,0,0,0,0,0,0,1,0,1,0,2,0,0,0,0,0,1,0,0,1,0,0,0,0,0,0,1,2,2,0,0,0,1,0,1,0,2,0,1,0,0,0,0,0,1,2,0,0,0,0,0,2,0,0,2,0,0,0,0
NA19670,MXL,AMR,male,m002,0,0,male,0,0,0,0,0,0,2,0,0,0,0,2,2,0,0,0,2,2,0,2,0,2,0,0,0,0,0,0,0,0,1,0,0,0,0,0,0,0,0,0,0,0,2,0,0,0,1,2,0,1,1,2,0,0,0,0,0,1,0,0,2,0,0,0,0,0,0,1,1,1,0,0,0,0,2,2,0,1,0,2,0,0,0,0,0,1,2,0,1,0,0,0,1,0,0,1,0,0,0,0
NA19676,MXL,AMR,male,m004,0,0,male,0,1,0,0,0,0,2,0,0,0,0,2,1,0,0,0,2,0,0,2,0,2,0,1,1,0,0,0,0,0,1,0,0,0,0,1,0,0,0,0,0,0,1,0,0,0,1,2,0,0,1,2,0,0,0,1,0,0,0,0,1,0,0,1,1,0,0,0,2,1,0,0,0,1,1,2,0,1,0,2,1,0,0,0,1,1,0,0,0,2,0,0,2,0,0,1,0,0,1,0
NA19678,MXL,AMR,female,m009,0,0,female,0,2,0,0,0,0,2,0,0,0,0,0,2,0,0,0,2,2,0,1,0,2,0,1,0,0,0,0,0,0,0,0,0,0,0,1,0,1,0,0,0,0,2,0,0,0,1,1,0,0,1,2,1,0,0,0,0,1,0,0,2,0,0,1,0,0,0,0,2,1,0,0,0,1,1,2,0,0,0,1,0,0,0,0,0,0,1,0,0,0,0,0,2,0,0,2,1,0,0,0
NA19679,MXL,AMR,male,m009,0,0,male,0,0,2,1,0,1,2,0,0,0,0,0,2,0,0,0,1,0,0,2,0,2,0,1,1,0,0,0,0,0,0,0,0,0,0,0,0,0,0,0,2,0,1,0,1,0,1,2,0,1,0,2,0,0,0,0,0,2,0,0,2,0,0,0,0,0,0,1,2,2,0,0,0,2,1,1,1,1,0,0,0,0,0,0,0,0,0,0,0,0,0,0,2,0,0,2,0,0,0,0
NA19681,MXL,AMR,female,m010,0,0,female,0,1,1,0,0,0,2,0,0,0,1,2,2,0,0,0,2,0,0,0,0,2,0,0,0,0,0,0,0,0,0,0,0,0,0,0,0,0,0,0,1,1,1,0,1,0,1,1,0,0,0,2,0,0,0,1,0,1,0,0,1,0,0,0,0,0,0,0,2,2,0,0,0,1,0,2,0,0,0,0,0,0,0,0,2,1,1,0,0,0,0,0,2,0,0,2,0,0,0,0
NA19682,MXL,AMR,male,m010,0,0,male,0,2,0,0,0,0,2,0,0,0,0,1,1,0,0,0,1,0,0,0,0,2,0,1,1,0,0,0,0,0,0,0,0,0,2,0,0,0,0,0,1,1,2,0,0,0,1,1,0,0,1,2,0,0,0,0,0,2,0,0,2,0,0,1,0,0,0,0,2,2,0,0,0,0,1,2,0,0,0,0,0,0,0,0,0,0,2,0,0,0,0,0,2,0,0,2,0,0,0,0
NA19684,MXL,AMR,female,m011,0,0,female,0,1,1,0,0,0,2,0,0,0,1,0,2,0,0,0,2,1,0,2,0,2,0,0,0,0,1,0,1,0,1,0,0,0,0,0,0,0,0,0,1,0,1,0,0,0,1,2,0,0,1,2,0,0,0,1,0,1,0,0,2,0,0,0,0,0,0,1,2,1,0,0,0,1,0,1,0,1,0,1,0,2,0,0,0,1,1,0,0,0,0,0,2,0,0,2,0,0,0,0
NA19700,ASW,AFR,male,2367,0,0,male,0,1,1,0,0,1,2,0,0,1,0,0,2,0,0,0,2,0,0,1,1,2,0,2,0,0,0,0,0,0,0,0,0,1,1,1,0,1,0,0,0,1,0,0,0,0,2,0,1,0,0,2,0,0,0,0,0,2,0,0,1,0,1,0,0,0,0,1,1,1,0,0,0,1,1,2,0,0,1,2,1,0,0,0,0,0,0,0,0,1,0,0,2,0,1,2,0,0,0,0
NA19701,ASW,AFR,female,2367,0,0,female,0,1,1,0,0,0,2,1,0,0,0,1,2,0,1,0,1,1,0,2,0,2,0,0,0,0,0,0,0,0,0,0,0,0,0,0,0,1,0,0,0,0,2,0,0,0,2,1,0,0,2,2,0,0,0,0,1,2,0,0,2,0,0,1,0,0,0,0,2,2,0,0,0,1,0,2,0,1,0,0,0,0,1,0,0,0,0,0,0,0,0,0,1,0,1,2,0,0,0,0
NA19703,ASW,AFR,male,2368,0,0,male,1,2,1,0,0,0,2,0,0,0,1,2,2,0,0,0,1,0,0,1,0,2,0,0,0,0,0,0,0,0,0,0,0,0,0,0,0,1,0,0,2,0,1,0,0,0,2,2,1,0,1,1,0,0,0,0,0,1,0,0,1,0,1,0,0,0,1,0,0,0,0,0,0,2,1,0,0,0,0,0,0,0,2,0,1,0,0,0,0,0,0,0,2,1,1,2,0,0,0,0
NA19704,ASW,AFR,female,2368,0,0,female,0,1,2,0,0,0,2,1,0,0,0,1,2,0,0,0,1,0,1,1,1,2,0,0,0,0,0,0,0,0,0,1,0,0,0,0,1,2,0,0,1,2,0,0,0,0,1,1,1,0,0,1,0,0,0,0,0,2,0,0,1,0,0,0,0,0,0,0,1,1,0,0,0,2,0,1,0,0,0,2,1,0,0,0,0,0,0,0,0,0,0,0,2,0,0,2,0,0,0,0
NA19707,ASW,AFR,female,2369,0,0,female,0,1,0,0,0,0,2,0,0,1,0,1,2,0,0,0,2,0,0,2,1,2,0,1,0,0,0,0,0,0,0,0,0,0,0,0,0,2,0,0,1,2,1,0,0,0,1,1,1,0,2,2,0,0,0,0,0,1,0,0,1,0,0,0,0,0,0,0,1,1,0,0,0,0,2,0,0,1,1,1,0,0,0,0,2,0,0,0,0,0,0,0,2,1,1,0,1,2,0,0
NA19711,ASW,AFR,male,2371,0,0,male,0,1,0,0,0,0,2,0,0,0,0,1,2,0,0,0,0,1,0,1,0,2,0,0,0,0,0,0,0,0,0,0,0,1,0,1,0,1,0,0,1,0,1,0,0,0,1,1,2,0,1,2,1,0,0,1,0,1,0,0,1,0,0,0,1,0,0,0,1,2,0,0,1,1,0,2,0,1,0,0,1,0,1,0,1,0,0,0,0,0,0,0,2,0,0,2,0,0,0,0
NA19712,ASW,AFR,female,2371,0,0,female,0,2,1,1,0,0,2,0,0,0,0,0,2,1,0,0,1,0,0,2,0,2,0,0,0,0,0,0,0,0,0,0,1,0,0,1,0,0,0,0,0,0,0,0,0,0,1,2,0,0,1,1,1,0,0,1,0,2,0,1,1,1,0,0,1,0,0,0,0,0,0,0,0,1,1,1,0,1,0,2,0,0,2,0,0,0,0,0,0,0,0,0,2,1,0,2,0,0,0,0
NA19713,ASW,AFR,female,2436,0,0,female,0,2,0,0,0,1,2,0,0,0,0,1,2,1,0,0,1,0,0,1,0,2,0,1,0,0,1,0,0,0,0,0,0,1,0,0,0,1,0,0,2,1,1,0,0,0,2,2,0,0,0,1,0,0,0,0,1,1,0,0,1,0,0,0,0,0,0,0,2,2,0,0,0,0,1,1,0,1,0,1,0,0,0,0,0,0,0,0,0,0,0,0,2,0,0,1,0,0,0,0
NA19716,MXL,AMR,female,m014,0,0,female,0,2,0,0,0,0,2,0,0,0,1,2,2,1,0,0,2,0,0,1,0,2,0,0,0,0,0,0,1,2,2,0,0,0,1,0,0,0,0,0,0,0,1,0,2,0,0,1,0,0,1,2,0,0,0,0,0,2,0,0,1,0,0,0,0,0,0,0,1,1,0,0,0,1,1,1,0,1,0,2,0,0,1,0,0,0,0,0,0,0,0,0,2,0,0,1,0,0,0,0
NA19717,MXL,AMR,male,m014,0,0,male,0,0,0,0,0,0,2,0,0,0,1,0,2,0,0,0,1,0,0,0,0,2,0,0,0,0,0,0,0,0,0,0,0,0,0,0,0,1,1,0,0,0,1,0,0,0,0,2,0,0,0,2,0,0,0,1,0,1,0,0,1,0,0,1,1,0,0,0,0,1,0,0,0,2,2,2,0,1,0,1,0,0,0,0,0,0,1,0,0,1,0,0,2,0,0,1,0,0,0,0
NA19719,MXL,AMR,female,m015,0,0,female,0,2,1,0,0,0,2,0,0,0,0,0,2,0,0,0,2,0,0,0,0,2,0,0,0,0,0,0,0,0,0,0,0,0,0,0,0,0,1,0,0,0,1,0,1,0,0,0,0,0,1,2,0,0,0,0,0,0,0,0,0,0,0,1,0,0,0,0,1,2,0,0,0,0,1,1,0,1,0,1,0,1,0,0,0,0,1,0,0,0,0,0,2,0,0,2,0,0,1,0
NA19722,MXL,AMR,female,m016,0,0,female,0,1,1,0,0,1,2,0,1,0,0,0,2,0,0,0,2,1,0,1,0,2,0,0,0,0,0,0,0,0,0,0,0,0,1,0,0,0,0,0,1,0,2,0,1,0,0,1,0,0,0,2,0,0,0,0,0,2,0,0,2,0,0,0,0,0,0,0,1,1,0,0,0,1,2,1,0,1,0,1,0,1,0,0,1,0,1,0,0,1,0,0,2,0,0,2,0,0,0,0
NA19723,MXL,AMR,male,m016,0,0,male,0,2,1,0,0,0,2,0,0,0,0,0,1,0,0,0,2,0,0,0,0,2,0,0,0,0,0,0,0,0,0,0,0,0,1,0,0,0,0,0,2,1,2,0,1,0,1,1,0,0,1,2,0,0,0,1,0,1,0,0,1,0,0,1,0,0,0,1,2,0,0,0,0,0,1,1,0,0,0,1,0,0,0,0,0,0,1,0,0,1,0,0,2,0,0,2,0,0,0,0
NA19725,MXL,AMR,female,m017,0,0,female,0,2,0,0,0,0,2,0,0,0,0,0,2,0,0,0,1,0,0,1,0,2,0,0,0,0,0,0,1,1,0,0,1,2,0,0,0,1,0,0,0,0,0,0,0,0,1,2,0,0,0,2,0,0,0,0,0,0,0,0,0,0,0,0,0,0,0,0,1,0,0,0,0,1,2,1,0,1,0,0,0,0,0,0,0,0,1,0,0,1,0,0,2,0,0,1,0,0,1,0
NA19726,MXL,AMR,male,m017,0,0,male,0,0,0,0,0,0,2,0,0,0,0,1,2,0,0,0,2,0,0,0,0,2,0,0,0,0,0,0,0,0,0,0,0,0,1,0,0,0,0,0,1,0,2,1,1,0,0,0,0,0,0,2,0,0,0,1,0,1,0,0,2,0,0,0,0,0,0,0,0,0,0,0,0,0,1,1,0,1,0,2,0,1,0,0,0,0,0,0,0,1,0,0,2,0,0,1,0,0,0,0
NA19728,MXL,AMR,female,m018,0,0,female,0,2,0,0,0,1,2,0,0,0,2,0,2,0,0,0,2,0,0,0,0,2,0,0,0,0,0,0,0,0,0,0,0,0,2,0,0,0,0,0,1,0,1,0,1,0,0,0,0,0,1,2,0,0,0,0,0,1,0,0,1,0,0,0,0,0,0,0,2,2,0,0,0,0,0,2,0,1,0,2,0,0,0,0,0,0,0,0,0,0,0,0,2,0,0,0,0,0,0,0
NA19729,MXL,AMR,male,m018,0,0,male,0,1,1,0,0,0,2,0,0,0,0,0,2,0,0,0,1,1,0,0,0,2,0,0,0,0,0,0,2,2,2,0,0,0,1,0,0,0,0,0,0,0,1,0,1,0,1,0,0,0,1,2,0,0,0,0,0,1,0,0,1,0,0,1,0,0,0,0,1,1,0,0,0,1,1,2,0,2,0,1,0,0,0,0,1,1,0,0,1,0,0,0,1,0,0,2,0,0,0,0
NA19731,MXL,AMR,female,m019,0,0,female,0,0,0,0,0,1,2,0,0,0,0,0,2,0,0,0,2,0,0,0,0,2,0,0,0,0,0,0,1,1,1,0,0,0,1,0,0,0,0,0,0,0,2,0,1,0,1,0,0,0,1,2,0,0,0,0,0,2,0,0,2,0,0,1,0,0,0,1,2,2,0,0,0,2,2,2,0,2,0,2,0,0,0,0,0,1,2,0,0,1,0,0,2,0,0,0,0,0,0,0
NA19732,MXL,AMR,male,m019,0,0,male,0,1,0,0,0,0,2,0,0,0,0,0,1,0,0,0,2,0,0,0,0,2,0,0,0,0,0,0,0,0,0,0,0,0,1,0,0,0,0,0,1,2,0,1,0,0,1,1,0,0,0,2,0,0,0,0,0,2,0,0,2,0,0,0,0,0,0,0,0,1,0,0,0,1,1,2,0,2,0,2,0,0,0,0,1,0,1,0,2,1,0,0,2,0,0,1,0,0,0,0
NA19734,MXL,AMR,female,2393,0,0,female,0,2,0,0,0,0,2,0,0,0,0,0,2,0,0,0,1,0,0,0,0,2,0,0,0,0,0,0,0,0,0,0,0,0,0,0,0,0,0,0,0,0,1,0,1,0,1,2,0,0,0,2,0,0,0,1,1,1,0,0,2,0,0,1,1,0,0,1,1,1,0,0,0,2,2,2,0,2,0,2,0,1,0,0,0,0,0,0,1,1,0,0,2,0,0,2,0,0,0,0
NA19735,MXL,AMR,male,2393,0,0,male,0,1,0,0,0,0,2,0,0,0,1,0,2,0,0,0,2,0,0,0,0,2,0,0,0,0,0,0,0,0,0,0,0,0,2,0,0,0,0,0,1,1,2,0,0,0,0,0,0,0,0,1,0,0,2,0,0,0,0,0,1,0,0,0,0,0,0,1,1,2,0,0,0,2,2,2,0,1,0,2,0,0,0,0,0,1,2,0,0,0,0,0,2,0,0,2,0,0,0,0
NA19740,MXL,AMR,female,2395,0,0,female,0,0,0,0,0,0,2,0,0,0,1,0,2,0,0,0,2,0,0,0,0,2,0,0,0,0,0,0,0,0,0,0,0,0,1,0,0,0,0,0,0,0,1,0,1,0,1,1,0,0,1,1,0,0,0,0,0,1,0,0,2,0,0,2,0,0,0,0,2,1,0,0,0,1,0,2,0,1,0,2,0,1,0,0,1,1,1,0,0,2,0,0,2,0,0,2,0,0,0,0
NA19741,MXL,AMR,male,2395,0,0,male,0,1,1,0,0,1,2,0,0,0,2,0,2,0,0,0,2,0,0,0,0,2,0,0,0,0,0,0,0,0,0,0,0,0,2,0,0,0,0,0,0,0,2,0,0,0,1,1,1,0,1,2,0,0,0,0,0,2,0,0,2,0,0,0,0,0,0,0,1,1,0,0,0,1,2,1,0,2,0,0,0,1,0,0,1,0,2,0,2,0,0,0,1,0,0,2,0,0,0,0
NA19746,MXL,AMR,female,m023,0,0,female,0,1,1,0,0,0,2,0,1,0,0,0,2,0,0,0,2,1,0,1,0,2,0,0,0,0,0,0,1,1,1,0,0,0,0,0,0,0,1,0,0,0,1,0,1,0,1,1,0,0,0,2,0,0,0,0,0,0,0,0,1,0,0,0,0,0,0,0,1,1,0,0,0,1,0,2,0,2,0,2,0,1,1,0,0,0,1,0,0,0,0,0,1,0,0,2,0,0,0,0
NA19747,MXL,AMR,male,m023,0,0,male,0,1,0,0,0,1,2,0,0,0,1,0,2,2,0,0,2,0,0,0,0,2,0,0,0,0,0,0,0,0,0,0,0,0,1,0,0,0,1,0,1,0,0,0,0,0,1,1,0,0,0,2,0,0,0,1,0,1,0,0,2,0,0,1,0,0,0,0,0,2,0,0,0,0,2,2,0,2,0,2,0,0,0,0,0,0,0,0,0,1,0,0,2,0,0,1,0,0,0,0
NA19749,MXL,AMR,female,m024,0,0,female,0,1,0,0,0,0,2,0,0,0,0,0,2,0,0,0,2,1,0,1,0,2,0,0,0,0,0,0,0,0,0,0,0,1,2,0,0,0,0,0,0,1,1,0,0,0,1,2,0,0,1,2,1,0,0,0,0,0,0,0,1,0,0,1,0,0,0,1,2,2,0,0,0,1,2,2,0,1,0,2,0,1,0,0,0,1,1,0,0,1,0,0,2,0,0,1,0,0,0,0
NA19750,MXL,AMR,male,m024,0,0,male,0,2,1,1,0,0,2,0,1,0,0,2,2,0,0,0,2,1,0,0,0,2,0,0,0,0,0,0,0,0,0,0,0,0,0,0,0,0,0,0,0,0,1,0,0,0,1,1,0,0,1,2,0,0,0,1,0,1,0,0,2,0,0,0,0,0,0,0,2,1,0,0,0,1,1,2,0,0,0,1,0,2,0,0,0,1,1,0,1,0,0,0,2,0,0,2,0,0,0,0
NA19752,MXL,AMR,female,2401,0,0,female,0,1,0,0,0,0,2,0,0,0,0,1,2,0,1,0,1,0,0,1,0,2,0,0,0,0,1,0,1,0,0,0,0,0,1,0,0,0,0,0,1,0,2,1,0,0,1,1,0,0,1,2,0,0,0,0,0,1,0,0,2,0,0,1,0,0,0,0,0,1,0,0,0,0,1,1,0,2,0,2,0,1,0,0,2,0,0,0,0,1,0,0,2,0,0,2,0,0,0,0
NA19755,MXL,AMR,female,m026,0,0,female,0,1,0,0,0,0,2,0,0,0,1,0,2,0,0,0,2,0,0,1,0,2,0,0,0,0,0,0,0,0,0,0,0,0,1,0,0,0,0,0,0,1,2,0,2,0,0,0,0,0,0,2,0,0,0,0,0,2,0,0,1,0,0,1,0,0,0,0,1,0,0,0,0,1,1,1,0,1,0,1,0,0,0,0,1,0,1,0,1,1,0,0,2,0,0,0,0,0,0,0
NA19756,MXL,AMR,male,m026,0,0,male,0,1,0,0,0,1,1,0,0,0,0,0,1,0,0,0,2,0,0,0,0,2,0,0,0,0,0,1,0,0,0,0,0,1,0,0,0,0,0,0,0,1,2,0,0,0,0,0,0,0,1,1,0,0,1,1,0,1,0,0,1,0,0,0,0,0,0,1,1,1,0,0,0,1,1,2,0,1,0,1,0,1,1,0,0,1,1,0,0,0,0,0,2,0,0,1,0,0,0,0
NA19758,MXL,AMR,female,m027,0,0,female,0,0,0,0,0,0,2,0,0,0,0,1,2,0,0,0,2,0,0,0,0,2,0,0,0,0,0,0,1,1,1,0,0,0,1,0,0,0,0,0,1,1,2,0,1,0,1,0,0,0,2,2,0,0,0,0,0,2,0,0,1,0,0,1,0,0,0,1,1,1,0,0,0,0,1,2,0,1,0,0,0,0,0,0,0,0,0,0,0,0,0,0,2,0,0,2,0,0,0,0
NA19759,MXL,AMR,male,m027,0,0,male,0,0,0,0,0,0,2,0,0,0,0,2,2,0,0,0,2,0,0,0,0,2,0,0,0,0,0,0,0,0,0,0,0,0,0,0,0,0,1,0,1,0,1,0,2,0,1,0,0,0,0,2,0,0,0,0,0,1,0,0,1,0,1,0,0,0,0,0,1,1,0,0,0,0,0,1,0,0,0,0,0,0,1,0,0,2,0,0,1,2,0,0,2,0,0,2,0,0,0,0
NA19761,MXL,AMR,female,m028,0,0,female,0,2,0,0,0,0,2,0,0,0,0,0,2,0,0,0,2,0,0,0,0,2,0,0,0,0,0,0,0,0,0,0,0,0,0,0,0,0,0,0,0,0,2,0,1,0,0,0,0,0,2,2,0,0,0,1,1,0,0,0,2,0,0,1,0,0,0,1,1,1,0,0,0,2,1,2,0,1,0,2,0,1,0,0,0,0,1,0,0,1,0,0,2,0,0,1,0,0,0,0
NA19762,MXL,AMR,male,m028,0,0,male,0,1,0,0,0,0,2,0,0,0,0,0,2,0,1,0,2,0,0,1,0,1,0,0,0,0,0,0,0,0,0,0,0,0,1,0,0,0,0,0,1,0,1,0,2,0,2,1,0,0,0,2,0,0,0,1,1,1,0,0,1,0,0,0,0,0,0,0,0,0,0,0,0,2,1,2,0,2,0,1,0,0,0,0,1,0,2,0,0,1,0,0,2,0,0,2,0,0,0,0
NA19764,MXL,AMR,female,2405,0,0,female,0,2,1,0,0,0,2,0,0,0,0,0,1,0,0,0,2,0,0,0,0,2,0,0,0,0,0,0,0,0,1,0,0,0,0,0,0,1,0,0,0,0,2,1,1,0,1,0,0,0,1,2,0,0,0,0,0,0,0,0,0,0,0,0,0,0,0,0,1,1,0,0,0,1,1,2,0,0,0,2,0,1,0,0,0,0,0,0,0,0,0,0,2,0,0,2,0,0,0,0
NA19770,MXL,AMR,female,m031,0,0,female,0,1,0,0,0,0,2,0,0,0,0,0,2,0,0,0,2,0,0,0,0,2,0,0,0,0,0,0,1,0,1,0,0,0,1,0,0,0,0,0,0,1,1,0,2,0,0,2,0,0,0,2,0,0,1,0,0,1,0,0,1,0,0,0,0,0,0,2,2,2,0,0,0,2,1,1,0,1,0,2,0,0,0,0,0,0,1,1,0,1,0,0,2,0,0,2,0,0,0,0
NA19771,MXL,AMR,male,m031,0,0,male,0,1,1,0,0,0,2,0,1,0,0,1,1,0,0,0,2,0,0,0,0,2,0,1,1,0,0,0,0,0,0,0,0,1,0,0,0,0,0,0,2,0,2,0,1,0,0,0,0,0,0,2,0,0,0,1,0,0,0,0,1,0,0,0,0,0,0,1,1,1,0,0,0,1,1,1,0,2,0,1,0,0,0,0,0,0,1,0,1,0,0,0,2,0,0,1,0,0,0,0
NA19773,MXL,AMR,female,m033,0,0,female,0,2,0,0,0,0,2,0,1,0,0,1,2,0,0,0,2,0,0,0,0,2,0,0,0,0,0,0,0,0,0,0,0,0,1,0,0,0,0,0,1,0,2,0,1,0,1,0,0,0,0,2,0,0,0,1,1,1,0,0,2,0,0,2,0,0,0,1,1,2,0,0,0,0,1,2,0,1,0,2,0,0,0,0,0,0,0,0,0,0,0,0,2,0,0,2,0,0,0,0
NA19774,MXL,AMR,male,m033,0,0,male,0,1,0,0,0,0,2,0,0,0,0,1,2,0,0,0,2,0,0,1,0,2,0,1,1,0,0,0,0,0,0,0,0,0,2,0,0,0,0,0,0,1,1,0,1,0,1,1,0,0,0,2,0,0,0,0,0,0,0,0,2,0,0,1,0,0,0,0,1,1,0,0,0,0,0,1,0,1,0,2,0,0,0,0,0,1,2,0,0,1,0,0,2,0,0,1,0,0,0,0
NA19776,MXL,AMR,female,m034,0,0,female,0,0,0,0,0,0,2,0,0,0,1,0,2,0,0,0,2,0,0,0,0,1,0,0,0,0,0,0,0,0,0,0,0,0,0,0,0,1,0,1,1,0,1,0,0,0,1,2,0,0,2,2,0,0,0,2,0,1,0,0,0,1,0,0,1,0,0,2,2,1,0,0,0,0,1,2,0,1,0,2,0,0,1,0,1,0,0,0,1,0,0,0,2,0,0,0,0,0,0,0
NA19777,MXL,AMR,male,m034,0,0,male,0,1,1,0,0,0,2,0,0,0,0,0,2,2,0,0,1,1,0,1,0,2,0,0,0,0,0,0,0,0,0,0,0,0,1,0,0,1,0,0,0,1,2,0,0,0,1,1,1,0,1,2,0,0,0,0,0,0,0,0,2,0,0,0,0,0,0,0,1,1,0,0,0,1,0,1,0,2,0,2,0,1,0,0,1,0,1,0,0,1,0,0,1,0,0,2,0,0,0,0
NA19779,MXL,AMR,female,m035,0,0,female,0,2,0,0,0,0,2,0,0,0,0,1,2,0,0,0,1,0,0,0,0,2,0,0,0,0,0,0,0,0,0,0,0,0,1,0,0,1,0,0,0,0,2,1,0,0,1,1,0,0,2,2,0,0,0,0,0,1,0,0,1,0,0,1,0,0,0,0,2,2,0,0,0,2,0,2,0,0,0,0,1,0,0,0,2,1,2,0,0,1,0,0,2,0,0,0,0,0,0,0
NA19780,MXL,AMR,male,m035,0,0,male,0,2,2,0,0,0,2,0,0,0,0,1,1,0,0,0,1,0,0,0,0,2,0,0,0,0,0,1,0,0,0,0,0,0,1,0,0,0,0,0,2,0,2,0,1,0,2,1,0,0,0,2,0,0,0,0,0,2,0,0,1,0,0,0,0,0,0,0,1,1,0,0,0,2,1,0,0,1,0,1,0,0,0,0,0,1,0,0,0,1,0,0,2,0,0,1,0,0,0,0
NA19782,MXL,AMR,female,m036,0,0,female,0,2,2,0,0,0,2,0,0,0,1,0,1,0,0,0,2,0,0,1,0,2,0,0,0,0,0,0,0,0,1,0,0,0,1,0,0,0,0,0,0,0,1,0,2,0,0,0,0,0,0,2,0,0,0,1,0,1,0,0,2,0,0,2,0,0,0,0,2,1,0,0,0,1,2,1,0,2,0,1,0,0,0,0,1,0,1,0,0,0,0,0,2,0,0,2,0,0,0,0
NA19783,MXL,AMR,male,m036,0,0,male,0,1,0,0,0,0,2,0,2,0,0,1,1,0,0,0,2,0,0,0,0,2,0,0,0,0,0,1,0,0,0,0,0,0,0,0,0,1,0,0,1,0,0,0,0,0,1,1,0,0,0,2,0,0,0,1,0,1,0,0,2,0,0,2,0,0,0,0,0,0,0,0,0,1,1,2,0,2,0,2,1,1,0,1,1,0,0,0,0,1,0,0,2,0,0,1,0,0,0,0
NA19785,MXL,AMR,female,m032,0,0,female,0,0,1,0,0,0,2,0,1,0,0,1,2,0,0,0,1,0,0,0,0,2,0,0,0,0,1,0,1,1,1,0,0,0,2,0,0,0,0,0,2,0,2,0,1,0,1,0,1,0,0,2,0,0,0,0,0,1,0,0,1,0,0,1,0,0,0,0,1,1,0,0,0,2,1,2,0,2,0,2,0,0,0,0,0,1,2,0,0,1,0,1,2,0,0,2,0,0,0,0
NA19786,MXL,AMR,male,m032,0,0,male,0,1,0,0,0,0,2,0,0,0,0,1,2,0,0,0,2,0,0,0,0,2,0,1,1,0,0,0,0,1,1,0,0,0,1,0,0,1,0,0,0,0,2,0,2,0,0,0,0,0,0,2,0,0,0,0,0,2,0,0,0,0,0,0,0,0,0,0,0,0,0,0,0,1,1,2,0,1,0,2,0,1,0,0,1,0,1,0,0,1,0,0,1,0,0,2,0,0,0,0
NA19788,MXL,AMR,female,m037,0,0,female,0,1,1,0,0,0,2,0,1,0,0,1,2,0,0,0,2,0,0,1,0,2,0,0,0,0,0,0,0,0,0,0,0,1,1,0,0,0,0,0,2,0,2,1,0,0,1,2,0,0,0,2,0,0,1,0,0,2,0,0,0,0,0,0,0,0,0,0,2,0,0,0,0,1,0,1,0,1,0,1,0,1,0,0,1,0,0,0,0,0,0,0,2,0,0,2,0,0,0,0
NA19789,MXL,AMR,male,m037,0,0,male,0,0,0,0,0,1,2,0,0,0,1,0,2,0,0,0,1,1,0,0,0,2,0,1,1,0,1,0,0,0,0,0,0,0,0,0,0,0,0,0,0,0,2,0,1,0,1,1,0,1,0,2,0,0,0,1,0,0,0,0,1,0,0,0,0,0,0,0,1,2,0,0,0,0,0,1,0,0,0,1,1,1,0,0,0,0,0,0,0,0,0,0,2,0,0,1,0,0,0,0
NA19792,MXL,AMR,male,2414,0,0,male,0,1,0,0,0,0,2,0,0,0,0,1,2,0,0,0,2,0,0,1,0,2,0,0,0,0,0,0,0,0,0,0,0,1,0,0,0,0,0,0,0,0,2,1,0,0,1,1,0,1,0,2,0,0,0,0,0,2,0,0,1,0,0,0,0,0,0,0,1,1,0,0,0,1,2,1,0,1,0,2,1,0,1,0,0,0,1,0,1,1,0,0,2,0,0,1,0,0,0,0
NA19794,MXL,AMR,female,m039,0,0,female,0,0,0,0,0,0,2,0,0,0,0,0,2,0,0,0,2,1,0,0,1,2,0,0,0,0,0,0,0,0,1,0,0,0,0,0,0,0,0,0,0,0,2,1,0,0,0,1,0,0,1,2,0,0,0,1,0,2,0,0,2,0,0,1,0,0,0,1,2,2,0,0,0,0,2,0,0,1,0,0,0,1,0,0,0,0,0,0,0,0,0,0,2,0,0,1,0,0,0,0
NA19795,MXL,AMR,male,m039,0,0,male,0,1,0,0,0,1,2,0,0,0,0,0,2,0,0,0,2,0,0,1,0,2,0,0,0,0,1,0,1,1,1,0,0,0,1,0,0,0,0,0,0,0,2,0,0,0,1,1,0,0,0,2,0,0,0,0,1,1,0,0,1,0,0,2,0,0,0,0,2,0,0,0,0,1,1,2,0,1,0,1,1,0,0,1,0,1,1,0,0,1,0,0,2,0,0,2,0,0,0,0
NA19818,ASW,AFR,male,2418,0,0,male,0,1,1,1,0,0,2,0,0,0,0,1,1,0,0,1,2,1,0,1,0,2,0,0,0,1,0,0,1,0,0,0,1,0,0,1,0,1,0,0,1,0,2,0,0,0,2,2,0,0,0,2,0,0,1,0,0,2,0,0,0,0,0,0,1,0,0,1,1,1,0,0,0,2,1,2,0,1,0,1,0,0,1,0,0,0,0,0,0,0,0,0,2,0,0,2,0,0,0,0
NA19819,ASW,AFR,female,2418,0,0,female,0,2,0,0,0,0,2,0,0,0,0,1,2,1,0,1,1,0,0,1,0,2,0,1,1,0,0,0,0,0,0,0,1,1,1,0,0,0,0,0,1,0,2,0,0,0,2,2,1,0,0,2,0,0,0,0,0,1,0,0,0,0,0,0,1,0,1,0,1,0,0,0,1,0,2,1,0,0,1,1,1,0,1,0,1,0,0,0,0,0,0,0,2,0,0,2,0,0,0,0
NA19834,ASW,AFR,male,2424,0,0,male,0,1,0,1,0,0,2,1,0,0,0,1,2,0,0,1,2,0,0,1,0,2,0,0,0,0,0,0,0,0,0,0,1,0,2,0,0,2,0,0,1,0,1,0,1,0,2,2,2,0,1,2,0,0,1,0,0,1,0,0,0,1,0,1,0,0,0,0,2,1,0,0,0,2,0,0,0,0,0,0,1,0,1,0,1,0,0,0,0,0,0,0,2,0,0,1,0,0,0,0
NA19835,ASW,AFR,female,2424,0,0,female,0,2,1,1,0,0,2,0,0,0,1,1,1,0,0,0,2,0,0,2,0,1,0,0,0,0,0,0,0,0,0,0,0,0,1,1,1,2,0,0,2,0,2,0,0,0,2,2,1,0,1,2,0,0,0,0,0,0,0,0,0,0,0,0,1,0,0,1,0,0,0,0,1,1,1,1,0,0,1,1,2,0,0,1,0,0,0,0,0,0,0,0,2,0,0,2,0,0,0,0
NA19900,ASW,AFR,male,2425,0,0,male,0,2,0,0,0,1,1,0,0,0,0,1,2,0,0,0,1,0,0,0,1,2,0,1,0,0,0,0,1,0,0,0,0,0,0,1,0,1,0,0,2,1,2,0,1,0,1,1,0,0,0,1,0,0,0,0,0,1,0,0,0,1,0,0,0,0,1,0,2,1,0,0,0,1,1,1,0,0,1,2,1,1,1,0,0,0,0,0,0,0,0,1,2,0,0,1,1,0,0,0
NA19901,ASW,AFR,female,2425,0,0,female,1,2,0,0,0,0,1,0,0,0,0,0,2,0,0,0,2,0,0,1,0,2,0,0,0,0,0,0,0,0,0,2,0,0,1,1,0,2,0,0,0,0,2,0,0,0,1,2,0,0,0,2,0,0,0,0,0,0,0,0,0,0,0,0,0,0,0,0,0,0,0,0,0,1,1,1,0,1,0,1,1,0,0,0,1,0,0,0,0,0,1,0,1,1,0,0,1,0,0,0
NA19904,ASW,AFR,male,2426,0,0,male,1,0,1,0,0,0,2,0,0,0,0,0,2,0,0,1,2,1,0,0,0,1,1,0,0,1,0,0,0,0,0,1,0,0,1,1,0,1,0,0,1,1,1,0,0,0,1,1,0,0,0,2,0,0,0,0,0,1,1,0,0,0,0,0,0,0,0,0,1,1,0,0,0,2,1,2,0,1,0,2,0,0,2,0,1,0,0,0,0,0,0,0,1,0,0,1,0,0,0,0
NA19908,ASW,AFR,male,2427,0,0,male,0,1,0,0,0,0,2,1,0,0,1,2,1,0,0,0,2,0,0,0,0,2,0,1,0,1,0,0,0,0,0,0,1,1,2,0,1,2,0,0,0,2,1,0,1,0,1,2,1,0,1,2,0,0,0,0,0,0,0,0,0,1,0,0,0,0,0,0,1,1,0,0,0,2,2,1,0,0,0,0,0,0,1,0,0,0,0,0,0,2,0,0,2,0,1,2,0,0,0,0
NA19909,ASW,AFR,female,2427,0,0,female,0,1,2,0,0,0,2,0,0,0,0,0,2,0,0,0,1,2,0,2,0,2,0,0,0,0,0,0,1,0,0,0,0,0,0,0,0,2,0,0,2,1,1,0,0,0,1,2,2,0,0,2,0,0,0,0,0,0,0,0,1,1,0,1,0,0,0,0,2,2,0,0,0,1,2,1,0,0,0,2,0,0,0,1,0,0,0,0,0,1,0,0,2,0,0,2,0,0,0,0
NA19913,ASW,AFR,female,2426a,0,0,female,1,1,2,0,0,0,2,0,0,0,0,1,2,1,0,2,1,1,0,1,0,0,1,0,0,1,0,0,0,0,0,1,0,0,0,0,0,2,0,0,1,0,1,0,0,0,0,0,0,0,0,2,0,0,0,0,0,1,0,0,0,0,0,0,0,0,1,0,1,1,1,0,0,1,2,2,0,1,0,2,0,0,1,0,1,0,0,0,0,0,0,0,1,0,0,1,0,0,0,0
NA19914,ASW,AFR,female,2430,0,0,female,0,2,1,0,0,0,1,0,0,0,0,1,1,0,1,0,2,1,0,2,0,2,1,0,0,1,0,0,0,0,0,0,1,0,0,0,1,1,0,0,2,0,1,0,0,0,1,2,0,0,0,2,0,0,0,1,0,1,0,0,0,0,0,0,0,0,0,1,2,2,1,0,0,1,0,0,0,0,0,2,0,0,1,0,0,0,0,0,0,0,0,0,2,0,0,1,0,0,0,0
NA19916,ASW,AFR,male,2431,0,0,male,0,2,0,0,0,2,2,0,0,0,0,1,2,0,0,0,2,1,0,1,0,2,0,0,0,0,0,0,0,0,0,1,1,0,1,0,1,2,0,0,1,0,0,0,0,0,0,2,0,0,0,2,0,0,0,1,0,2,0,0,0,1,0,0,0,0,0,0,0,0,0,1,0,1,1,1,0,0,0,2,0,0,1,0,1,0,0,0,0,0,0,0,2,0,0,1,0,0,0,0
NA19917,ASW,AFR,female,2431,0,0,female,1,1,0,0,0,0,1,0,0,0,0,0,2,0,0,0,0,0,0,2,0,2,0,1,0,0,0,0,0,0,0,0,0,0,1,0,1,2,0,0,1,2,1,0,0,0,1,1,0,0,2,1,0,0,0,1,0,1,0,0,0,0,0,0,0,0,0,0,0,1,0,0,0,2,0,1,0,1,0,0,0,0,1,0,2,0,1,0,0,2,1,2,2,1,0,1,0,0,0,0
NA19920,ASW,AFR,male,2433,0,0,male,1,1,0,0,0,0,2,0,0,0,1,0,2,1,0,1,1,0,0,1,1,2,0,1,0,0,0,0,0,0,0,1,1,0,0,0,0,1,0,0,0,0,0,0,0,0,1,1,1,0,0,2,0,0,0,0,0,2,0,0,0,1,0,1,0,1,0,0,1,0,0,0,0,1,0,0,0,0,0,0,0,0,2,0,0,0,0,0,0,0,0,1,2,0,0,2,1,0,0,0
NA19921,ASW,AFR,female,2433,0,0,female,0,1,1,0,0,0,2,0,0,0,0,1,1,2,0,0,2,1,0,0,0,2,0,0,0,0,0,0,0,0,0,0,0,0,0,1,0,1,0,0,0,0,0,0,0,0,0,1,1,0,0,2,0,0,0,0,0,2,0,0,1,0,0,0,0,0,0,1,1,1,0,1,0,2,2,2,0,1,0,1,1,0,0,0,0,0,1,0,0,0,0,0,2,2,1,1,1,0,0,0
NA19922,ASW,AFR,male,2434,0,0,male,0,1,0,0,0,1,2,0,0,1,0,0,1,0,0,0,2,1,0,0,1,2,0,0,0,0,0,0,0,0,0,0,0,1,0,0,0,0,0,0,1,1,1,0,0,0,2,2,0,0,2,2,0,0,0,0,0,2,0,0,0,1,0,1,0,0,0,0,0,0,0,0,0,2,2,2,0,0,0,1,0,1,0,1,1,0,0,0,1,0,0,0,1,0,0,1,0,0,1,0
NA19923,ASW,AFR,female,2434,0,0,female,0,2,1,0,0,0,2,0,0,0,0,1,2,1,0,0,2,0,1,1,0,2,0,0,0,0,0,0,0,0,0,0,0,0,0,0,0,1,0,0,1,1,2,0,0,0,1,2,1,0,0,2,0,0,0,0,0,2,0,0,0,0,1,0,0,1,1,1,1,1,0,0,1,1,0,2,0,0,0,1,0,0,1,0,0,0,1,0,0,0,0,0,2,0,0,2,1,0,0,0
NA19982,ASW,AFR,male,2436,0,0,male,0,2,1,0,0,1,1,0,1,0,0,0,2,1,0,0,1,0,0,1,0,2,0,1,0,0,0,0,1,0,0,0,0,0,0,1,0,1,0,2,1,2,1,0,0,0,2,2,0,0,2,2,1,0,1,1,0,1,0,0,0,0,1,0,0,0,0,0,1,0,1,0,0,2,0,2,0,1,0,0,1,0,0,0,0,0,0,0,0,0,0,0,2,0,0,1,0,0,0,0
NA19984,ASW,AFR,male,2437a,0,0,male,0,2,0,0,0,0,2,0,0,0,0,0,2,0,0,0,0,0,0,1,0,2,0,0,0,0,0,0,0,0,0,0,0,1,0,0,0,1,1,0,0,0,1,0,0,0,2,2,0,0,1,2,0,0,0,0,0,1,0,0,1,1,0,1,1,0,0,0,1,1,0,0,0,1,1,0,0,0,0,2,0,1,1,0,1,0,0,0,0,0,0,0,2,0,0,1,1,0,0,0
NA20126,ASW,AFR,male,2446,0,0,male,0,1,1,0,1,1,2,0,0,0,1,0,2,0,1,0,1,1,0,1,0,2,0,0,0,0,0,0,0,0,0,0,0,0,0,0,0,1,0,0,2,0,1,0,0,0,0,0,2,0,0,2,0,0,0,0,0,1,0,0,1,0,0,0,0,1,0,1,2,2,0,0,0,0,1,1,0,0,0,2,0,0,1,0,1,0,0,0,0,0,0,0,1,0,0,2,0,0,0,0
NA20127,ASW,AFR,female,2446,0,0,female,0,2,1,1,0,0,2,0,0,0,0,1,2,0,1,0,1,0,0,1,0,1,0,1,1,0,0,0,1,0,0,0,0,1,2,1,0,2,0,0,1,1,1,0,0,0,1,2,1,0,0,2,0,0,0,0,1,1,0,0,1,0,1,0,0,0,0,0,2,1,0,0,0,2,1,2,0,0,0,0,0,1,0,0,0,0,0,0,0,0,0,0,2,0,0,1,0,0,0,0
NA20274,ASW,AFR,female,2357a,0,0,female,0,1,2,0,0,0,2,0,0,0,1,0,2,0,0,1,2,0,0,1,0,2,0,0,0,0,0,0,1,0,0,0,0,0,1,0,0,0,0,0,0,1,1,0,0,0,1,1,0,0,0,1,0,0,0,0,0,1,1,0,0,0,0,0,0,0,0,0,0,0,0,0,0,1,2,2,0,1,0,0,1,0,0,0,0,0,1,0,0,0,0,0,2,0,0,2,0,1,0,0
NA20276,ASW,AFR,female,2466,0,0,female,0,2,1,0,0,0,2,0,0,0,1,1,2,1,0,0,1,0,0,1,1,2,0,0,0,0,0,0,0,0,1,0,1,0,0,0,0,2,0,1,1,0,2,0,0,0,0,2,1,0,1,2,0,0,0,0,1,1,0,1,2,0,0,0,1,0,0,1,0,0,0,0,0,2,0,1,0,1,0,1,0,0,0,0,1,0,0,0,0,0,0,0,2,0,1,1,0,0,0,0
NA20278,ASW,AFR,male,2467,0,0,male,0,1,0,1,0,0,1,0,0,0,0,0,2,0,0,0,2,1,0,1,0,1,0,1,1,0,1,0,0,0,0,0,0,1,1,0,0,0,0,0,0,1,1,0,0,0,1,2,1,1,0,2,0,0,0,0,0,2,0,0,1,0,1,0,0,0,0,0,2,1,0,0,0,0,2,2,0,0,0,1,0,0,0,0,0,0,1,0,0,1,0,0,2,0,0,2,0,0,0,0
NA20281,ASW,AFR,male,2469a,0,0,male,0,1,0,0,0,0,2,0,0,0,0,1,2,0,0,0,1,2,0,1,0,1,0,0,0,0,0,0,0,0,0,0,1,0,1,1,0,1,0,0,0,0,2,0,0,0,1,2,1,0,0,2,0,0,0,0,0,1,0,0,0,1,0,0,0,1,0,0,0,1,0,0,0,2,2,2,0,0,0,1,0,0,1,0,0,0,0,0,0,0,0,0,2,1,0,2,0,0,0,0
NA20282,ASW,AFR,female,2469,0,0,female,0,1,0,0,0,0,2,0,0,0,1,1,2,0,0,1,1,1,0,0,0,2,0,0,0,0,0,0,1,0,1,0,0,0,0,1,0,0,0,0,0,0,1,0,0,0,1,1,0,0,1,2,0,0,0,0,0,2,0,0,1,0,0,1,0,0,0,0,1,0,0,0,0,0,0,1,0,0,1,2,0,1,0,0,1,0,1,0,0,0,0,0,1,1,0,2,0,0,0,0
NA20287,ASW,AFR,female,2470,0,0,female,0,1,0,0,0,0,2,0,0,0,0,0,2,0,0,0,1,1,0,1,0,1,0,0,0,0,0,0,0,0,0,0,0,1,0,1,0,1,0,0,0,2,2,0,1,0,1,2,2,0,1,2,0,0,1,0,0,0,0,0,0,0,0,0,0,0,0,0,1,1,0,0,0,2,2,1,0,0,0,0,1,0,0,0,0,0,0,0,0,0,1,0,2,0,1,1,0,1,0,0
NA20289,ASW,AFR,female,2471,0,0,female,0,0,1,1,0,0,2,1,0,0,0,0,2,0,0,1,2,0,0,1,0,2,0,0,0,0,0,0,0,0,0,0,1,1,0,1,0,1,1,0,0,1,1,0,0,0,1,2,0,0,0,2,0,0,0,0,0,0,0,0,1,0,0,0,0,0,0,0,1,1,0,0,0,1,2,1,0,0,0,1,1,0,1,0,1,0,0,0,0,0,0,0,2,0,0,1,0,0,0,0
NA20291,ASW,AFR,male,2472,0,0,male,0,2,2,1,0,0,2,0,0,0,0,0,2,0,0,0,1,1,0,1,0,2,0,0,0,0,0,0,0,0,0,0,0,0,0,0,1,2,0,0,2,1,1,0,1,0,1,2,1,0,0,2,0,0,0,0,0,1,0,0,0,1,0,0,0,0,1,0,1,1,0,0,0,2,2,2,0,0,0,0,0,0,1,0,0,0,0,0,0,1,0,0,2,0,1,2,0,1,0,0
NA20294,ASW,AFR,female,2474,0,0,female,0,2,0,0,0,0,2,0,0,0,0,1,2,0,0,1,0,1,0,1,2,2,0,2,0,0,0,0,0,0,0,0,1,0,1,1,0,2,0,1,1,1,2,0,0,0,1,2,0,0,0,2,0,1,0,0,0,0,0,0,0,0,1,0,0,1,0,0,1,0,0,0,1,2,1,0,0,0,1,1,0,0,0,0,0,0,0,0,0,0,0,0,2,0,0,2,0,1,0,0
NA20296,ASW,AFR,female,2475,0,0,female,0,1,1,0,0,1,2,0,1,0,0,1,1,0,1,0,1,0,0,0,0,2,0,0,0,0,0,0,0,0,0,0,0,1,1,1,0,2,0,0,0,1,2,0,0,0,1,1,1,0,2,2,0,0,0,1,0,0,0,0,0,0,0,0,0,0,0,0,1,1,0,0,0,1,2,2,0,0,0,2,1,0,1,0,0,0,0,0,0,1,0,0,2,0,1,2,0,1,0,0
NA20298,ASW,AFR,male,2476a,0,0,male,0,1,0,0,0,0,2,0,0,0,0,1,2,1,0,1,1,0,0,1,0,2,0,0,0,0,0,0,0,0,0,0,0,1,1,1,0,1,1,0,1,0,1,0,0,0,2,1,0,0,1,2,0,0,0,0,0,1,0,0,0,0,0,0,0,0,0,1,1,1,0,0,0,1,0,1,0,0,0,1,0,1,0,0,0,0,0,1,0,0,0,0,2,0,1,2,0,2,0,0
NA20299,ASW,AFR,female,2476,0,0,female,0,1,1,0,0,0,2,0,0,0,0,0,2,0,0,0,2,0,0,1,0,2,0,0,0,0,0,0,0,0,0,0,0,1,0,0,0,0,0,0,2,0,2,0,0,0,1,1,1,0,0,2,0,0,0,0,1,1,0,1,1,0,0,0,0,0,1,0,2,1,0,0,0,1,1,1,0,0,0,1,0,1,0,0,1,0,0,0,1,0,0,0,2,0,0,2,0,0,0,0
NA20314,ASW,AFR,female,2479,0,0,female,0,1,0,0,0,0,2,0,0,0,0,0,2,2,0,0,1,0,0,1,0,2,0,0,0,0,0,0,1,1,1,0,0,0,1,0,0,0,1,0,1,0,1,0,0,0,2,1,0,0,0,2,0,0,0,1,0,1,0,0,1,0,0,1,0,0,0,0,1,1,0,0,0,0,2,2,0,0,0,2,0,0,0,0,1,0,1,0,1,2,0,0,2,0,0,1,0,0,0,0
NA20317,ASW,AFR,female,2480,0,0,female,0,2,0,0,0,1,2,0,0,0,0,0,2,0,0,0,2,0,0,1,1,2,0,0,0,0,0,0,0,0,0,0,0,0,0,0,0,0,0,1,1,1,1,0,0,0,1,1,1,0,0,2,0,0,0,0,0,2,0,0,0,0,1,0,0,0,0,0,1,2,0,0,0,2,1,2,0,0,0,1,0,0,0,0,1,0,0,0,0,0,0,0,2,0,0,2,0,0,0,0
NA20318,ASW,AFR,male,2480,0,NA20317,male,0,1,0,0,0,0,2,0,0,0,0,0,2,0,0,0,2,0,0,0,1,2,0,1,0,0,0,0,0,0,0,0,0,0,1,1,0,1,0,0,1,1,2,0,1,0,0,2,0,0,0,2,0,0,0,0,0,2,0,0,0,0,1,0,0,0,0,0,1,1,0,0,0,2,1,1,0,0,1,1,0,0,0,0,1,0,0,0,0,0,0,0,2,0,0,2,0,0,0,0
NA20320,ASW,AFR,female,2481a,0,0,female,0,2,1,0,0,2,2,0,0,0,1,1,2,0,0,1,2,0,0,2,0,1,0,1,0,1,0,0,0,0,0,0,0,0,1,0,0,1,0,0,1,0,1,0,0,0,1,2,1,2,0,2,0,0,0,0,0,1,0,0,0,0,0,0,1,0,1,0,1,0,0,0,0,2,0,2,0,0,0,1,0,0,0,0,2,0,0,0,0,0,0,0,2,0,0,0,0,0,0,0
NA20321,ASW,AFR,female,2481,0,0,female,0,2,2,1,0,1,2,0,0,0,0,0,2,0,0,0,2,0,0,1,0,2,0,0,0,1,0,0,0,0,1,0,0,0,1,0,0,0,0,0,0,1,1,0,0,0,2,1,2,1,0,2,0,0,0,0,1,1,0,0,0,1,0,0,1,0,0,0,2,0,0,0,0,1,1,2,0,0,0,1,1,0,0,0,2,0,0,0,0,0,0,0,2,1,0,1,0,0,0,0
NA20332,ASW,AFR,female,2483,0,0,female,0,2,1,0,0,1,2,1,0,0,1,0,2,1,0,0,2,1,0,2,0,2,0,0,0,0,0,0,0,0,0,0,0,1,0,1,0,1,0,0,1,1,1,0,0,0,1,1,1,0,0,2,0,0,0,0,0,1,0,0,0,0,1,0,0,0,0,0,1,0,0,0,0,1,2,1,0,0,0,1,0,0,1,0,0,0,0,0,0,0,0,0,2,0,0,2,1,1,0,0
NA20334,ASW,AFR,female,2484,0,0,female,0,1,1,0,0,0,2,0,0,0,0,2,2,0,1,1,2,1,0,2,0,2,0,0,0,0,0,0,0,0,0,0,0,0,0,1,0,2,0,0,0,1,0,0,0,0,2,2,0,0,0,2,0,0,0,0,0,2,0,0,1,0,0,0,0,0,0,0,2,0,0,0,0,1,0,2,0,1,0,2,0,0,1,0,0,0,1,0,0,0,0,0,2,0,1,2,0,0,0,0
NA20339,ASW,AFR,female,2486,0,0,female,0,0,0,0,0,0,2,0,0,0,0,1,2,0,0,0,2,1,0,1,0,2,0,1,0,0,0,0,0,0,0,0,1,0,2,0,0,2,0,0,2,1,1,0,0,0,1,2,0,0,1,2,0,0,0,1,0,2,0,0,0,2,0,1,0,0,0,0,2,1,0,0,0,2,1,1,0,0,0,2,0,0,1,0,0,0,0,0,0,0,0,0,2,0,0,2,1,0,0,0
NA20340,ASW,AFR,male,2487,0,0,male,0,1,2,0,0,0,2,0,0,0,1,0,2,0,0,0,2,0,0,2,0,2,0,0,0,0,0,0,0,0,0,0,0,0,0,0,0,1,0,0,1,0,1,0,0,0,1,2,0,0,1,2,0,1,0,0,0,0,0,0,0,1,0,0,0,0,0,0,2,2,0,0,2,2,0,0,0,0,0,1,0,0,1,0,0,0,0,0,0,0,0,0,2,0,0,2,0,1,1,0
NA20342,ASW,AFR,male,2488,0,0,male,0,1,1,0,0,0,2,0,0,0,1,0,1,0,0,0,1,1,0,1,0,0,0,0,0,0,0,0,0,0,0,0,0,0,1,0,0,1,0,0,0,1,2,0,1,0,1,1,0,0,0,2,0,0,0,1,0,2,0,0,0,1,0,1,0,0,0,0,1,1,0,0,0,2,2,2,0,0,0,1,1,1,0,0,0,0,1,0,0,1,0,0,2,0,0,1,0,1,0,0
NA20346,ASW,AFR,male,2490,0,0,male,0,1,0,0,0,0,1,0,1,1,0,1,2,0,0,0,2,0,0,1,0,2,0,1,0,0,0,0,0,0,0,0,0,2,0,0,0,2,0,0,1,1,0,0,0,0,1,2,1,0,1,2,0,1,0,0,0,1,0,0,1,0,0,0,0,0,0,0,0,0,0,0,0,2,1,1,0,0,0,1,0,0,2,0,0,0,0,0,0,0,0,0,2,0,0,2,0,0,0,0
NA20348,ASW,AFR,male,2491,0,0,male,0,2,0,0,0,0,2,0,0,0,0,0,2,0,0,1,1,0,0,0,0,0,0,1,0,0,0,0,0,0,0,0,1,0,1,1,0,1,0,1,1,2,1,0,0,0,1,1,1,0,1,2,0,0,0,0,0,0,1,0,0,1,0,0,0,0,1,0,1,2,0,0,0,0,1,1,0,0,0,1,1,0,2,0,1,0,0,0,0,0,0,0,2,0,0,2,1,0,0,0
NA20351,ASW,AFR,male,2493,0,0,male,0,2,1,0,0,0,2,0,0,0,0,0,2,0,0,0,2,0,0,1,0,1,0,1,0,0,1,0,0,0,0,1,0,1,1,0,0,2,0,1,0,0,2,0,0,0,2,2,0,0,1,1,0,0,0,0,0,1,0,0,0,0,0,0,0,0,0,0,2,2,1,0,0,1,0,0,0,0,0,2,0,0,1,0,0,0,0,0,0,0,0,0,2,0,0,2,0,1,0,0
NA20355,ASW,AFR,female,2484a,0,0,female,0,2,2,0,0,0,1,0,0,0,0,1,2,0,1,2,2,1,0,1,1,2,0,0,0,0,0,0,0,0,0,0,0,0,0,1,0,2,0,0,0,0,1,0,0,1,1,1,1,0,0,2,0,0,0,0,0,1,0,0,1,0,0,0,0,0,0,0,2,1,0,0,0,1,1,2,0,1,0,2,0,0,1,0,1,0,1,0,0,0,0,0,2,0,0,2,0,0,0,0
NA20356,ASW,AFR,male,2494,0,0,male,0,1,2,0,0,0,2,0,0,0,1,0,2,1,0,0,2,1,0,1,1,2,0,1,0,0,0,0,0,0,0,0,0,0,0,0,1,2,0,0,0,0,1,0,0,0,2,2,2,0,1,2,0,1,0,0,0,1,0,0,0,0,1,0,0,0,1,0,1,0,0,0,0,2,0,2,0,0,0,2,1,0,1,0,0,0,0,0,0,1,0,0,2,0,0,1,2,0,0,0
NA20357,ASW,AFR,female,2494,0,0,female,0,1,0,0,0,0,2,1,0,0,0,0,1,1,0,0,2,1,1,1,0,2,0,0,0,0,0,0,0,0,0,0,1,0,1,1,0,0,0,0,1,1,2,0,1,0,1,1,0,0,0,2,0,0,0,0,0,0,1,0,1,0,0,0,1,0,0,0,0,0,0,0,0,0,1,1,0,1,0,0,1,0,1,0,0,0,1,0,0,0,0,0,2,0,0,2,1,1,0,0
NA20359,ASW,AFR,female,2495,0,0,female,0,2,0,0,0,0,2,1,0,0,0,0,1,0,1,0,2,0,0,1,0,1,0,2,0,0,0,0,0,0,0,1,0,1,0,1,0,2,0,0,0,1,1,0,0,0,1,2,0,1,1,2,0,0,0,0,0,2,1,0,0,0,0,1,0,0,1,0,2,1,0,1,0,1,1,2,0,0,0,1,0,1,0,0,0,0,0,0,0,0,0,0,2,0,0,2,0,0,0,0
NA20362,ASW,AFR,male,2495a,0,0,male,0,2,0,1,0,0,2,0,0,1,0,0,2,0,0,0,1,1,0,1,0,2,0,2,0,0,0,0,0,0,0,0,0,1,1,1,0,2,0,0,0,1,0,0,0,0,0,2,0,1,1,2,0,0,0,0,1,1,1,0,1,0,0,1,0,0,1,0,1,0,0,0,0,2,2,2,0,0,0,0,0,0,1,0,1,0,0,0,0,0,0,0,2,0,0,2,0,0,0,0
NA20412,ASW,AFR,female,2505,0,0,female,0,1,1,0,0,0,2,0,0,0,0,0,1,0,1,0,2,1,0,0,0,2,0,0,0,0,0,0,1,0,0,0,1,0,1,1,0,1,0,0,0,1,1,0,0,0,1,0,1,0,0,2,0,0,0,0,0,2,0,0,0,0,0,0,0,0,0,0,2,1,0,0,0,1,1,2,0,1,0,1,0,0,1,0,1,0,1,0,0,0,0,0,2,0,0,2,0,0,0,0
NA20502,TSI,EUR,female,NA20502,0,0,female,0,1,1,0,0,0,2,0,1,0,0,1,2,0,0,0,0,1,0,2,0,2,0,0,0,0,0,0,0,0,1,0,0,0,0,0,0,1,0,0,0,0,0,0,0,0,1,2,0,0,0,2,0,0,0,0,2,2,0,0,2,0,0,0,0,0,0,1,1,1,0,0,0,1,1,1,0,1,0,1,0,0,0,1,0,1,0,0,0,1,0,0,2,0,0,1,0,0,0,0
NA20503,TSI,EUR,female,NA20503,0,0,female,0,0,0,0,0,0,2,0,1,0,0,2,2,0,0,0,2,1,0,1,0,2,0,0,0,0,0,0,0,0,0,0,0,0,0,0,0,0,0,0,0,1,1,0,1,0,1,2,0,1,1,2,0,0,0,1,0,0,0,0,1,0,0,1,0,0,0,0,2,2,0,0,0,0,0,2,1,1,0,1,0,0,0,0,0,0,0,0,0,0,0,0,2,0,0,0,0,0,1,0
NA20504,TSI,EUR,female,NA20504,0,0,female,0,1,1,0,0,0,2,0,1,0,0,1,2,0,0,0,2,0,0,0,0,2,0,0,0,0,0,0,0,0,0,0,0,0,0,0,0,0,0,0,0,0,1,0,1,0,2,2,0,0,0,2,0,0,0,2,0,2,0,0,2,0,0,0,0,0,0,1,2,1,0,0,0,0,0,1,1,1,0,0,1,1,0,1,0,1,1,0,0,1,0,0,2,0,0,2,1,0,0,1
NA20505,TSI,EUR,female,NA20505,0,0,female,0,1,2,0,0,0,2,0,0,0,0,0,2,0,0,0,0,0,0,0,0,2,0,0,0,0,0,0,1,0,0,0,0,1,0,0,0,0,0,0,0,0,1,0,0,0,1,2,0,1,0,2,0,0,0,0,2,1,0,0,2,0,0,0,0,0,0,0,2,2,0,0,0,2,2,2,0,1,0,0,0,1,0,1,0,1,2,0,0,0,0,0,2,0,0,1,0,0,0,0
NA20506,TSI,EUR,female,NA20506,0,0,female,0,1,0,0,0,0,2,0,0,0,0,0,2,0,0,0,2,0,0,2,0,2,0,0,0,0,0,0,0,0,0,0,0,0,1,0,0,2,0,0,1,0,1,0,0,0,0,2,0,0,0,2,0,0,0,0,1,1,0,0,2,0,0,0,0,0,0,1,2,1,0,0,0,0,0,1,0,1,0,2,0,0,0,0,0,0,0,1,0,1,0,0,2,0,0,2,0,0,0,0
NA20507,TSI,EUR,female,NA20507,0,0,female,0,0,1,0,0,1,2,0,0,0,1,1,1,0,0,0,2,2,0,1,0,2,0,0,0,0,0,0,0,0,0,0,0,0,0,0,0,0,1,0,1,0,2,0,0,0,1,2,0,0,1,2,0,0,0,2,0,2,0,0,1,0,0,1,0,0,0,1,1,1,0,0,0,1,1,2,0,0,0,0,0,0,0,0,0,1,1,0,0,0,0,0,1,0,0,2,1,0,0,0
NA20508,TSI,EUR,female,NA20508,0,0,female,0,1,1,0,0,1,2,0,1,0,0,1,2,0,0,0,0,0,0,2,0,2,0,2,2,0,0,0,0,0,1,0,0,0,2,0,0,0,0,0,0,0,1,0,1,0,1,2,0,0,0,2,0,0,0,0,0,2,0,0,0,0,0,0,0,0,0,0,2,2,0,0,0,0,1,2,0,2,0,2,0,0,0,0,0,1,0,0,0,1,0,0,2,0,0,1,0,0,0,0
NA20509,TSI,EUR,male,NA20509,0,0,male,0,0,1,0,0,0,2,0,0,0,0,2,2,0,0,0,1,0,0,2,0,2,0,0,0,0,0,0,1,0,0,0,0,1,0,0,0,1,0,0,0,0,1,0,0,0,2,2,0,0,1,2,0,0,0,0,0,1,0,0,1,0,0,1,0,0,0,0,2,2,0,0,0,1,1,1,1,1,0,1,0,1,0,0,1,0,1,0,0,1,0,0,2,0,0,1,0,0,0,0
NA20510,TSI,EUR,male,NA20510,0,0,male,0,1,1,0,0,0,2,0,1,0,0,1,1,0,0,0,2,1,0,0,1,1,0,0,0,0,0,0,1,0,1,0,0,1,0,0,0,0,0,0,1,0,1,0,1,0,1,2,1,0,0,2,0,0,0,0,0,0,0,0,1,0,0,0,0,0,0,1,2,2,0,0,0,1,2,2,0,1,0,1,1,1,0,0,0,0,1,0,0,0,0,0,2,0,0,2,0,0,0,0
NA20511,TSI,EUR,male,NA20511,0,0,male,0,0,0,0,0,0,2,0,1,0,0,0,1,0,0,0,1,0,0,1,0,2,0,1,1,0,1,0,0,0,0,0,0,0,0,0,0,0,0,0,0,0,1,0,0,0,1,2,0,1,0,2,0,0,0,1,0,0,0,0,0,0,0,0,0,0,0,1,1,0,0,0,0,0,1,2,0,1,0,1,1,2,0,1,0,1,0,0,0,0,0,0,2,0,0,2,0,0,0,0
NA20512,TSI,EUR,male,NA20512,0,0,male,1,2,0,0,0,0,2,0,1,0,0,2,2,0,0,0,2,0,0,1,0,2,0,0,0,0,0,0,0,0,0,0,0,0,1,0,0,0,0,0,0,0,2,0,0,0,1,2,0,1,1,2,0,0,0,0,0,1,0,0,2,0,0,0,0,0,0,1,2,2,0,0,0,2,1,1,0,1,0,2,0,0,0,0,0,0,1,0,0,0,0,0,2,0,0,1,0,0,0,0
NA20513,TSI,EUR,male,NA20513,0,0,male,0,0,0,0,0,0,2,0,0,0,1,1,2,2,0,0,0,0,0,0,0,2,0,0,0,0,0,0,0,0,0,0,0,1,0,0,0,0,0,0,0,0,2,0,1,0,1,2,0,0,0,2,0,0,0,1,0,2,0,0,2,0,0,0,0,0,0,0,2,1,0,0,0,1,0,1,0,0,0,1,0,0,0,0,0,1,0,0,0,0,0,0,2,0,0,0,0,0,0,0
NA20515,TSI,EUR,male,NA20515,0,0,male,0,1,0,0,0,0,2,0,0,0,0,1,2,0,1,0,1,0,0,1,0,2,0,0,0,0,0,0,0,0,0,0,0,0,0,0,0,1,1,0,1,0,1,0,0,0,1,1,0,0,1,2,0,0,0,1,0,1,0,0,2,0,0,0,1,0,0,0,2,1,0,0,0,1,1,2,0,1,0,2,0,0,0,0,1,1,0,0,0,1,0,0,2,0,0,1,0,0,0,0
NA20516,TSI,EUR,male,NA20516,0,0,male,0,1,2,0,0,0,2,0,0,0,0,1,2,1,0,0,2,1,0,0,0,2,0,0,0,0,1,0,0,0,0,0,0,0,0,0,0,0,0,0,0,0,2,0,0,0,1,2,0,0,0,2,0,0,0,0,0,0,0,0,1,0,0,0,0,0,0,2,2,2,0,0,0,2,2,1,0,0,0,1,0,0,0,0,0,0,0,0,0,1,0,0,2,0,0,2,0,0,1,0
NA20517,TSI,EUR,female,NA20517,0,0,female,0,0,0,0,0,1,2,0,1,0,1,1,1,0,0,0,2,0,0,2,0,2,0,0,0,0,0,0,1,0,0,0,0,1,0,0,0,0,0,0,1,0,2,0,0,0,0,0,0,0,1,2,0,0,0,0,0,0,0,0,1,0,0,0,0,0,0,1,2,2,0,0,0,2,0,1,0,1,0,0,1,0,0,0,0,0,0,0,1,0,0,0,2,0,0,2,0,0,0,1
NA20518,TSI,EUR,male,NA20518,0,0,male,0,1,0,0,0,0,2,0,0,0,0,0,2,0,0,0,2,0,0,1,0,2,0,1,1,0,0,0,0,0,1,0,0,0,1,1,0,0,0,0,0,0,0,0,1,0,1,2,0,0,0,2,0,0,0,0,0,1,0,0,1,0,0,0,0,0,0,1,1,1,0,0,0,2,1,2,1,2,0,0,1,0,0,0,0,0,1,0,0,0,0,0,2,0,0,2,0,0,0,0
NA20519,TSI,EUR,male,NA20519,0,0,male,0,1,1,0,1,0,2,0,1,0,0,1,2,2,0,0,2,0,0,0,0,2,0,0,0,0,0,0,0,0,0,0,0,0,0,0,0,0,0,0,0,0,2,0,1,0,0,2,0,1,0,2,0,0,0,0,0,1,0,0,2,0,0,1,0,0,0,2,2,2,0,0,0,2,0,1,1,0,0,1,0,1,0,0,0,0,1,0,0,0,0,0,2,0,0,1,0,0,0,0
NA20520,TSI,EUR,male,NA20520,0,0,male,0,0,0,0,0,0,2,0,2,0,0,0,2,0,0,0,1,0,0,0,0,2,0,0,0,0,0,0,0,0,0,0,0,1,0,0,0,0,0,0,0,0,1,0,0,0,1,1,0,0,2,2,0,0,0,1,1,2,0,0,1,0,0,0,0,0,0,1,0,0,0,0,0,0,0,1,0,1,0,1,0,0,0,0,0,0,1,0,0,1,0,0,2,0,0,2,0,0,0,0
NA20521,TSI,EUR,male,NA20521,0,0,male,0,1,0,0,0,0,2,0,0,0,0,0,2,0,0,0,2,1,0,1,0,2,0,0,0,0,0,0,1,0,0,0,0,0,0,0,0,0,0,0,0,0,2,0,0,0,1,2,0,1,1,2,0,0,0,0,0,0,0,0,1,0,0,0,0,0,0,0,1,1,0,0,0,1,1,2,0,2,0,2,0,0,0,0,0,2,0,0,0,0,0,0,2,0,0,0,0,0,1,0
NA20522,TSI,EUR,female,NA20522,0,0,female,0,1,1,0,0,0,2,0,1,0,0,1,2,0,0,0,2,1,0,0,0,2,0,0,0,0,0,0,0,0,0,0,0,0,0,0,0,0,0,0,2,0,1,0,0,0,1,1,1,0,1,2,0,0,0,0,0,0,0,0,2,0,0,0,0,0,0,0,1,1,0,0,0,2,1,2,0,0,0,1,0,1,0,0,0,1,0,0,0,1,0,0,2,0,0,2,0,0,1,1
NA20524,TSI,EUR,male,NA20524,0,0,male,0,1,0,0,0,0,2,0,2,0,0,0,1,0,0,0,2,1,0,2,0,2,0,0,0,0,0,0,0,0,0,0,0,1,0,0,0,0,0,0,0,0,0,0,2,0,2,1,0,0,0,2,0,0,0,0,0,2,0,0,1,0,0,0,0,0,0,0,2,2,0,0,0,1,0,1,0,1,0,1,2,1,1,0,1,1,0,0,0,0,0,0,2,0,0,2,0,0,0,1
NA20525,TSI,EUR,male,NA20525,0,0,male,0,1,0,0,0,0,2,0,0,0,0,2,2,0,0,0,2,0,0,0,0,2,0,0,0,0,0,0,0,0,0,0,0,1,0,0,0,0,0,0,0,0,1,0,1,0,1,2,0,0,0,2,0,0,0,1,0,1,0,0,2,0,0,0,0,0,0,1,1,2,0,0,0,2,1,1,0,0,0,1,0,1,0,0,0,0,0,0,1,1,0,0,2,0,0,2,0,0,0,0
NA20527,TSI,EUR,male,NA20527,0,0,male,0,2,0,0,0,0,2,0,0,0,0,2,1,0,0,0,2,1,0,2,0,2,0,0,0,0,0,0,0,0,0,0,0,1,1,0,0,0,1,0,1,0,0,0,1,0,2,2,0,0,0,2,0,0,0,0,0,1,0,0,1,0,0,0,0,0,0,1,2,1,0,0,0,1,1,1,1,1,0,2,0,1,0,0,0,0,0,0,0,0,0,0,2,0,0,1,0,0,0,0
NA20528,TSI,EUR,male,NA20528,0,0,male,0,1,2,0,0,0,2,0,1,0,0,0,1,0,0,0,1,1,0,1,1,2,0,1,0,0,0,0,0,0,0,0,0,1,1,0,0,0,0,0,1,0,1,0,0,0,2,2,1,0,1,2,0,0,0,0,0,1,0,0,1,0,0,0,0,0,0,1,2,2,0,0,0,1,1,2,0,1,0,1,0,0,0,0,1,1,1,0,1,1,0,0,2,0,0,1,0,0,0,0
NA20529,TSI,EUR,female,NA20529,0,0,female,0,0,0,0,0,0,2,0,0,0,0,0,2,1,0,0,2,0,0,2,0,2,0,0,0,0,0,0,0,0,0,0,0,1,1,0,0,1,2,0,0,0,0,0,0,0,1,2,0,0,0,2,0,0,0,0,0,0,0,0,1,0,0,1,0,0,0,0,2,2,0,0,0,0,1,0,0,1,0,0,0,0,0,0,0,1,2,0,0,1,0,0,2,0,0,2,0,0,0,0
NA20530,TSI,EUR,female,NA20530,0,0,female,0,1,0,0,0,0,2,0,1,0,0,1,2,2,1,0,2,0,0,0,0,2,0,0,0,0,0,0,0,0,0,0,1,1,1,0,0,0,0,0,1,0,0,0,0,0,0,2,0,0,0,2,0,0,0,0,0,1,0,0,2,0,0,1,0,0,0,0,2,2,0,0,0,1,0,2,0,0,0,1,0,1,0,0,0,0,1,0,0,1,0,0,2,0,0,2,0,0,1,0
NA20531,TSI,EUR,female,NA20531,0,0,female,0,0,0,0,0,0,2,0,0,0,0,0,2,0,0,0,2,0,0,1,0,2,0,1,1,0,0,0,0,0,0,0,0,0,0,1,0,1,1,0,1,0,2,0,0,0,2,2,0,0,0,2,0,0,0,1,0,1,0,0,2,0,0,0,0,0,0,0,2,1,0,0,0,0,1,2,0,0,0,1,0,0,0,0,0,0,2,0,0,0,0,0,2,0,0,2,0,0,0,0
NA20532,TSI,EUR,male,NA20532,0,0,male,0,0,0,0,0,0,2,0,0,0,0,0,2,0,0,0,1,0,0,0,1,2,0,0,0,0,0,0,0,0,0,0,0,1,0,1,0,0,0,0,1,0,0,0,0,0,0,2,0,0,1,2,0,0,0,0,0,2,0,0,1,0,0,0,0,0,0,0,1,1,0,0,0,1,1,2,0,0,0,0,0,0,0,0,1,0,2,0,0,0,0,0,2,0,0,2,0,0,0,0
NA20533,TSI,EUR,female,NA20533,0,0,female,0,2,0,0,0,0,2,0,2,0,0,1,2,0,0,0,1,1,0,0,0,2,0,0,0,0,0,0,0,0,0,0,0,0,0,0,0,0,0,0,0,0,1,0,0,0,1,2,0,0,1,2,0,0,0,0,0,1,0,0,1,0,0,0,0,0,0,1,2,2,0,0,0,0,1,1,0,0,0,1,0,0,0,0,0,0,0,0,0,0,0,0,2,0,0,1,0,0,0,0
NA20534,TSI,EUR,male,NA20534,0,0,male,0,0,0,0,0,0,2,0,0,0,0,1,2,0,0,0,1,0,0,0,0,2,0,1,1,0,0,0,0,0,0,0,0,0,1,1,0,0,0,0,0,0,1,0,0,0,0,1,0,0,1,2,0,0,0,0,0,1,0,0,2,0,0,0,0,0,0,1,2,1,0,0,0,2,1,2,0,0,0,1,0,1,0,0,0,1,0,0,0,0,0,0,2,0,0,2,1,0,0,0
NA20535,TSI,EUR,female,NA20535,0,0,female,0,1,1,0,0,0,2,0,1,0,0,1,2,0,0,0,2,2,0,2,0,2,0,0,0,0,0,0,0,0,0,0,0,0,0,0,0,0,0,0,0,0,1,0,1,0,1,2,0,0,2,2,0,0,0,0,1,1,0,0,0,0,0,0,0,0,0,2,1,0,0,0,0,1,1,1,0,2,0,2,0,0,0,0,0,0,1,0,0,0,0,0,2,0,0,2,1,0,0,0
NA20536,TSI,EUR,male,NA20536,0,0,male,0,2,0,0,0,0,2,0,1,0,1,2,2,0,0,0,2,0,0,1,0,2,0,0,0,0,0,0,0,0,0,0,0,0,0,0,0,0,0,0,0,0,2,0,0,0,2,2,0,0,2,2,0,0,0,0,0,1,0,0,1,0,0,0,0,0,0,2,2,2,0,0,0,1,0,2,0,0,0,2,0,1,0,1,2,0,0,0,0,1,0,0,2,0,0,2,0,0,0,0
NA20538,TSI,EUR,male,NA20538,0,0,male,0,0,0,0,0,0,2,0,0,0,0,0,2,0,0,0,2,0,0,2,0,2,0,0,0,0,0,0,1,0,0,0,0,0,0,0,0,1,1,0,1,1,1,0,1,0,2,2,0,0,1,2,0,0,0,1,0,0,0,0,2,0,0,0,0,0,0,1,1,1,0,0,0,1,0,1,0,0,0,1,0,0,0,1,0,1,0,0,0,1,0,0,2,0,0,1,0,0,0,0
NA20539,TSI,EUR,male,NA20539,0,0,male,0,2,0,0,0,0,2,0,2,0,0,0,2,2,0,0,2,1,0,0,0,2,0,0,0,0,0,0,0,0,0,0,0,0,0,0,0,1,1,0,2,0,1,0,0,0,0,2,0,0,1,2,0,0,0,0,0,1,0,0,1,0,0,0,0,0,0,1,1,0,0,0,0,1,2,2,0,0,0,2,0,0,0,0,0,1,1,0,0,0,0,0,2,0,0,1,0,0,0,0
NA20540,TSI,EUR,female,NA20540,0,0,female,0,0,1,0,0,0,2,0,1,0,0,1,2,0,0,0,2,0,0,0,0,2,0,1,1,0,0,0,0,0,0,0,0,1,0,0,0,1,0,0,1,0,1,0,1,0,1,2,0,0,0,2,0,0,0,0,0,1,0,0,1,0,0,1,0,0,0,1,2,2,0,0,0,0,1,1,0,1,0,0,1,1,0,0,0,1,1,0,1,2,0,0,2,0,0,1,0,0,0,0
NA20541,TSI,EUR,female,NA20541,0,0,female,0,2,1,0,0,0,2,0,1,0,0,1,2,0,0,0,1,0,0,2,1,2,0,0,0,0,1,0,0,0,1,0,0,1,0,0,0,0,0,0,1,0,1,0,1,0,1,2,0,0,0,2,0,0,0,1,0,1,0,0,1,0,0,0,0,0,0,0,2,1,0,0,0,1,1,1,0,1,0,2,1,0,0,0,0,1,0,0,0,1,0,0,2,0,0,0,0,0,1,0
NA20542,TSI,EUR,female,NA20542,0,0,female,0,0,1,0,0,0,2,0,1,0,0,1,2,0,0,0,2,0,0,0,0,2,0,0,0,0,0,0,0,0,0,0,0,1,2,0,0,0,0,0,1,0,1,0,0,0,1,2,0,0,1,2,1,0,0,0,0,1,0,0,1,0,0,1,0,0,0,0,2,1,0,0,0,1,2,2,1,1,0,0,0,1,0,0,0,0,0,0,0,0,0,0,2,0,0,2,0,0,0,0
NA20543,TSI,EUR,male,NA20543,0,0,male,0,0,0,0,0,0,2,0,0,0,0,2,2,2,1,0,2,0,0,0,0,2,0,2,1,0,0,0,0,0,1,0,0,0,0,0,0,0,0,0,0,0,2,0,0,0,0,1,0,0,2,2,0,0,0,0,0,0,0,0,2,0,0,0,0,0,0,1,2,1,0,0,0,2,1,1,0,0,0,1,0,1,0,0,0,1,0,0,0,1,0,0,2,0,0,2,0,0,0,0
NA20544,TSI,EUR,male,NA20544,0,0,male,0,2,0,0,0,0,2,0,0,0,0,0,2,0,0,0,2,0,0,0,0,2,0,0,0,0,1,0,0,0,0,0,0,0,0,0,0,0,0,0,1,0,0,0,0,0,0,2,0,0,1,2,0,0,0,0,0,0,0,0,2,0,0,1,0,0,0,0,1,1,0,0,0,2,2,1,0,2,0,2,0,1,0,0,0,0,0,0,0,0,0,0,2,0,0,1,0,0,0,0
NA20581,TSI,EUR,male,NA20581,0,0,male,0,2,0,0,0,0,2,0,0,0,0,1,2,0,0,0,1,0,0,2,0,2,0,0,0,0,0,0,0,0,1,0,0,0,1,0,0,1,0,0,1,0,2,0,0,0,2,2,1,0,1,2,0,0,0,0,0,2,0,0,1,0,0,1,0,0,0,1,1,1,0,0,0,1,1,0,0,1,0,1,0,1,0,0,0,1,0,0,0,0,0,0,2,0,0,1,0,0,1,0
NA20582,TSI,EUR,female,NA20582,0,0,female,0,1,2,0,0,0,2,0,0,0,0,1,1,2,0,0,2,1,0,1,0,2,0,0,0,0,0,0,0,0,0,0,0,1,0,0,0,1,1,0,1,0,1,0,0,0,1,2,0,1,0,2,0,0,0,0,0,2,0,0,2,0,0,0,0,0,0,0,2,1,0,0,0,1,1,2,0,1,0,1,0,0,0,0,0,1,0,0,0,0,0,0,2,0,0,2,0,0,0,0
NA20585,TSI,EUR,female,NA20585,0,0,female,0,2,1,0,0,0,2,0,0,0,0,0,2,0,0,0,0,0,0,2,0,2,0,0,0,0,0,0,0,0,0,0,0,0,0,0,0,0,0,0,1,1,1,0,1,0,1,2,0,0,0,2,0,0,0,0,0,1,0,0,2,0,0,0,0,0,0,0,2,2,0,0,0,1,2,2,0,0,0,1,0,0,0,0,0,0,1,0,0,0,0,0,2,0,0,2,0,0,0,0
NA20586,TSI,EUR,male,NA20586,0,0,male,0,2,1,0,0,0,2,0,0,0,0,1,1,0,0,0,1,0,0,0,0,2,0,0,0,0,0,0,0,0,1,0,0,1,0,0,0,0,0,0,1,0,1,0,2,0,1,2,0,0,1,2,0,0,0,0,0,1,0,0,2,0,0,0,0,0,0,1,2,2,0,0,0,2,1,2,1,1,0,1,0,0,0,0,1,1,0,1,0,0,0,0,2,0,0,1,0,0,0,0
NA20587,TSI,EUR,female,NA20587,0,0,female,0,0,0,0,0,0,2,0,1,0,0,1,2,1,0,0,2,1,0,0,0,2,0,1,1,0,1,0,0,0,0,0,0,0,0,0,0,0,0,0,0,0,2,0,0,0,1,2,0,0,0,2,0,0,0,0,0,0,0,0,1,0,0,0,0,0,0,2,1,0,0,0,0,1,1,1,0,1,0,2,0,0,0,0,0,0,1,0,0,1,0,0,2,0,0,2,0,0,0,0
NA20588,TSI,EUR,male,NA20588,0,0,male,0,1,1,0,0,0,2,0,1,0,0,1,2,0,0,0,2,2,0,1,0,2,0,1,1,0,0,0,0,0,0,0,0,0,1,0,0,0,0,0,1,0,2,0,0,0,1,2,0,0,0,2,0,0,0,0,0,0,0,0,2,0,0,0,0,0,0,1,1,0,0,0,0,1,2,2,0,1,0,1,0,0,0,1,1,0,0,0,0,0,0,0,2,0,0,1,0,0,0,0
NA20589,TSI,EUR,female,NA20589,0,0,female,0,1,0,0,0,0,2,0,0,0,0,0,2,1,0,0,2,0,0,1,0,2,0,0,0,0,0,0,0,0,0,0,0,0,0,0,0,1,1,0,0,1,1,0,0,0,0,1,0,0,0,2,0,0,0,1,0,1,0,0,1,0,0,0,0,0,0,1,2,2,0,0,0,1,2,1,0,2,0,2,1,1,0,0,0,1,1,0,0,0,0,0,1,0,0,0,0,0,0,0
NA20752,TSI,EUR,male,NA20752,0,0,male,0,1,0,0,0,0,2,0,0,0,0,1,1,0,1,0,2,0,0,0,0,1,0,0,0,0,1,0,0,0,1,0,0,1,0,0,0,1,0,0,0,0,1,0,0,0,1,2,0,0,0,2,0,0,0,0,1,0,0,0,1,0,0,0,1,0,0,1,2,2,0,0,0,1,1,0,0,1,0,2,0,0,0,0,0,0,0,0,0,1,0,0,2,0,0,2,0,0,0,0
NA20753,TSI,EUR,female,NA20753,0,0,female,0,1,0,0,0,0,2,0,0,0,0,0,2,0,0,0,2,1,0,1,1,2,0,0,0,0,0,0,0,0,0,0,0,1,0,0,0,0,0,0,0,0,1,0,0,0,1,1,0,0,0,2,0,0,0,1,0,1,0,0,1,0,0,1,0,0,0,1,2,1,0,0,0,1,1,0,0,0,0,1,0,1,0,0,0,1,0,0,0,1,0,0,2,0,0,2,0,0,0,0
NA20754,TSI,EUR,male,NA20754,0,0,male,0,1,0,0,0,0,2,0,0,0,0,1,1,0,0,0,1,0,0,0,0,2,0,0,0,0,0,0,0,0,1,0,0,0,0,0,0,0,0,0,0,0,0,0,0,0,1,2,0,0,1,2,0,0,0,0,1,2,0,0,1,0,0,1,0,0,0,0,2,0,0,0,0,2,1,2,0,2,0,1,0,0,0,1,0,1,0,1,0,1,0,0,2,0,0,1,0,0,0,0
NA20755,TSI,EUR,male,NA20755,0,0,male,0,2,1,0,0,0,2,0,0,0,0,1,2,2,0,0,0,0,0,0,0,2,0,0,0,0,1,0,1,0,0,0,0,0,0,0,0,1,1,0,0,0,0,0,0,0,0,1,0,0,0,2,0,0,0,0,0,1,0,0,2,0,0,0,0,0,0,1,1,2,0,0,0,0,1,1,0,1,0,2,0,0,1,0,0,0,0,0,0,1,0,0,2,0,0,2,0,0,0,0
NA20756,TSI,EUR,female,NA20756,0,0,female,0,0,0,0,0,0,2,0,0,0,0,0,2,1,0,0,2,0,0,1,0,2,0,0,0,0,1,0,0,0,0,0,0,0,0,0,0,0,0,0,0,0,1,0,1,0,1,2,0,0,0,2,0,0,0,0,0,1,0,0,1,0,0,0,0,0,0,2,2,1,0,0,0,2,2,1,0,0,0,1,0,2,0,1,0,0,1,0,0,0,0,0,2,0,0,1,0,0,0,0
NA20757,TSI,EUR,female,NA20757,0,0,female,0,2,0,0,0,0,2,0,0,0,0,1,1,0,0,0,1,0,0,2,0,2,0,0,0,0,0,0,0,0,0,0,0,1,0,0,0,0,0,0,0,0,2,0,0,0,0,1,0,0,1,1,0,0,0,1,1,1,0,0,1,0,0,0,0,0,0,1,2,2,0,0,0,0,1,2,0,1,0,2,0,0,1,1,1,1,1,0,0,0,0,0,2,0,0,2,0,0,0,0
NA20758,TSI,EUR,male,NA20758,0,0,male,0,2,0,0,0,0,2,0,1,0,0,1,2,0,0,0,2,0,0,1,1,2,0,1,1,0,0,0,0,0,0,0,0,1,0,0,0,0,0,0,0,0,0,0,1,0,1,2,0,1,0,2,0,0,0,0,0,2,0,0,1,0,0,0,1,0,0,1,2,0,0,0,0,1,0,1,0,0,0,1,0,0,0,0,0,0,1,0,0,1,0,0,2,0,0,2,0,0,0,0
NA20759,TSI,EUR,male,NA20759,0,0,male,0,2,0,0,0,0,2,0,1,0,0,0,2,0,0,0,1,0,0,1,0,2,0,0,0,0,0,0,0,0,0,0,0,0,0,0,0,0,0,0,2,0,1,0,0,0,2,2,0,0,0,2,0,0,0,0,0,1,0,0,1,0,0,0,0,0,0,0,2,2,0,0,0,1,1,1,0,2,0,2,0,0,0,0,0,0,1,0,0,1,0,0,2,0,0,1,0,0,0,0
NA20760,TSI,EUR,female,NA20760,0,0,female,0,0,0,0,0,0,2,0,0,0,0,2,2,0,0,0,1,0,0,1,1,2,0,1,1,0,0,0,1,0,0,0,0,1,0,0,0,0,0,0,0,0,1,0,0,0,2,2,0,0,1,2,0,0,0,0,0,1,0,0,1,0,0,1,0,0,0,0,2,2,0,0,0,0,0,0,0,1,0,1,0,2,0,1,0,0,0,0,0,1,0,0,2,0,0,0,0,0,0,0
NA20761,TSI,EUR,female,NA20761,0,0,female,0,1,2,0,0,0,2,0,0,0,0,1,2,0,0,0,1,1,0,1,0,2,0,1,1,0,0,0,0,0,0,0,0,0,0,0,0,0,0,0,0,0,0,0,1,0,0,2,0,0,0,2,0,0,0,1,0,0,0,0,1,0,0,0,0,0,0,2,2,2,0,0,0,1,1,0,1,1,0,2,0,1,1,0,0,1,0,0,0,1,0,0,2,0,0,2,0,0,0,0
NA20762,TSI,EUR,male,NA20762,0,0,male,0,1,0,0,0,0,2,0,0,0,0,0,2,2,0,0,2,1,0,0,0,2,0,0,0,0,0,0,0,0,1,0,0,1,0,0,0,1,0,0,0,0,2,0,1,0,1,2,0,0,0,2,0,0,0,0,1,1,0,0,2,0,0,0,0,0,0,0,2,2,0,0,0,1,2,2,0,0,0,2,0,1,0,0,0,0,0,0,0,0,0,0,1,0,0,1,0,0,0,0
NA20763,TSI,EUR,male,NA20763,0,0,male,0,0,0,0,0,0,2,0,0,0,0,1,2,0,0,0,2,1,0,2,0,2,0,0,0,0,0,0,0,0,0,0,0,1,0,0,0,1,2,0,1,0,2,0,0,0,1,2,0,0,1,2,0,0,0,0,1,1,0,0,2,0,0,0,0,0,0,0,2,2,0,0,0,1,1,0,0,1,0,1,1,0,0,0,0,0,0,0,1,0,0,0,2,0,0,1,0,0,0,0
NA20765,TSI,EUR,male,NA20765,0,0,male,0,1,1,0,0,0,2,0,0,0,0,0,2,0,0,0,1,1,0,2,1,2,0,0,0,0,0,0,0,0,1,0,0,0,0,0,0,0,0,0,0,0,0,0,0,0,1,2,0,0,0,2,1,0,0,1,0,1,0,0,2,0,0,0,0,0,0,2,1,2,0,0,0,1,0,1,0,0,0,1,0,0,0,0,1,1,0,0,1,0,0,0,2,0,0,1,0,0,0,0
NA20766,TSI,EUR,female,NA20766,0,0,female,0,0,1,0,0,0,2,0,1,0,0,1,2,2,0,0,2,1,0,0,0,2,0,0,0,0,0,0,0,0,0,0,0,1,0,0,0,0,0,0,0,0,1,0,0,0,1,2,0,0,1,2,0,0,0,0,0,1,0,0,2,0,0,0,0,0,0,0,2,2,0,0,0,0,0,1,0,1,0,2,0,1,0,0,0,0,0,0,0,0,0,0,2,0,0,2,0,0,0,0
NA20767,TSI,EUR,male,NA20767,0,0,male,0,2,0,0,0,0,2,0,1,0,0,0,2,0,0,0,1,1,0,0,0,2,0,0,0,0,0,0,0,0,0,0,0,0,0,0,0,0,0,0,1,0,2,0,0,0,2,2,0,0,2,2,0,0,0,1,0,2,0,0,1,0,0,0,0,0,0,0,2,2,0,0,0,1,1,2,0,1,0,2,0,0,0,0,0,2,1,0,0,0,0,0,2,0,0,1,0,0,0,0
NA20768,TSI,EUR,female,NA20768,0,0,female,0,1,0,0,0,0,2,0,0,0,0,1,2,2,0,0,2,0,0,1,0,2,0,0,0,0,0,0,0,0,1,0,0,0,1,0,0,1,1,0,1,0,0,0,1,0,2,2,0,0,0,2,0,0,0,0,0,0,0,0,2,0,0,0,0,0,0,0,2,1,0,0,0,2,2,2,0,1,0,1,0,0,0,1,0,0,1,0,0,1,0,0,2,0,0,1,0,0,1,0
NA20769,TSI,EUR,female,NA20769,0,0,female,0,1,0,0,0,0,2,0,2,0,0,1,2,1,0,0,1,0,0,0,0,2,0,0,0,0,0,0,0,0,0,0,0,1,0,0,0,0,0,0,1,0,0,0,0,0,2,2,1,0,0,2,0,0,0,1,0,1,0,0,1,0,0,0,0,0,0,1,2,2,0,0,0,2,1,1,0,2,0,0,0,0,0,0,0,0,0,1,0,1,0,0,2,0,0,1,0,0,0,0
NA20770,TSI,EUR,male,NA20770,0,0,male,0,1,0,0,0,0,2,0,1,0,0,0,2,0,0,0,2,0,0,2,0,2,0,0,0,0,0,0,0,0,0,0,0,0,0,0,0,1,0,0,0,0,1,0,0,0,1,2,0,0,0,2,0,0,0,1,0,0,0,0,0,0,0,0,0,0,0,0,2,1,0,0,0,1,1,2,0,1,0,2,0,0,0,0,0,1,0,0,1,0,0,0,2,0,0,2,1,0,0,0
NA20771,TSI,EUR,female,NA20771,0,0,female,0,1,0,0,0,0,2,0,0,0,0,1,1,2,0,0,1,0,0,2,0,2,0,1,1,0,0,0,0,0,0,0,0,0,0,0,0,1,1,0,0,0,1,0,0,0,0,2,0,0,0,2,0,0,0,0,1,1,0,0,2,0,0,0,1,0,0,1,0,1,0,0,0,0,1,2,0,0,0,2,0,0,0,0,0,0,0,0,1,0,0,0,2,0,0,1,0,0,0,0
NA20772,TSI,EUR,female,NA20772,0,0,female,0,0,1,0,0,0,2,0,0,0,0,1,2,0,0,0,2,1,0,1,0,2,0,0,0,0,0,0,0,0,0,0,0,1,0,0,0,0,0,0,0,0,1,0,1,0,0,2,0,0,1,2,0,0,0,0,0,1,0,0,1,0,0,1,0,0,0,1,1,1,0,0,0,1,1,0,1,0,0,0,0,0,0,0,0,2,0,0,0,0,0,0,2,0,0,2,0,0,0,0
NA20773,TSI,EUR,female,NA20773,0,0,female,0,0,0,0,0,0,2,0,0,0,0,1,2,0,0,0,2,0,0,0,0,2,0,1,1,0,1,0,0,0,0,0,1,2,0,0,0,0,0,0,0,0,2,0,0,0,1,2,0,0,0,2,1,0,0,0,0,1,0,0,1,0,0,1,1,0,0,1,1,1,0,0,0,1,1,2,0,2,0,0,0,0,0,0,1,2,1,0,0,1,0,0,2,0,0,2,0,0,0,0
NA20774,TSI,EUR,female,NA20774,0,0,female,0,1,0,0,0,1,2,0,0,0,0,1,2,0,0,0,2,0,0,0,0,2,0,0,0,0,0,0,0,0,0,0,0,1,0,0,0,1,0,0,0,1,2,0,0,0,1,2,0,0,1,2,0,0,0,0,0,0,0,0,2,0,0,0,0,0,0,1,1,0,0,0,0,1,0,1,0,1,0,1,1,0,0,0,1,0,1,0,0,1,0,0,2,0,0,1,0,0,0,0
NA20775,TSI,EUR,female,NA20775,0,0,female,0,2,1,0,0,0,2,0,1,0,0,0,2,0,0,0,1,0,0,1,1,2,0,0,0,0,1,0,0,0,1,0,0,0,0,0,0,1,1,0,1,1,0,0,0,0,1,2,0,0,0,2,0,0,0,1,0,1,0,0,2,0,0,0,0,0,0,1,2,2,0,0,0,1,1,1,0,2,0,1,0,0,0,1,0,0,0,0,0,0,0,0,2,0,0,1,0,0,0,0
NA20778,TSI,EUR,male,NA20778,0,0,male,0,1,1,0,0,0,2,0,0,0,0,0,2,0,0,0,2,0,0,1,0,2,0,0,0,0,0,0,0,0,0,0,0,0,0,0,0,1,1,0,0,0,1,0,0,0,1,2,0,0,0,2,0,0,0,0,0,0,0,0,2,0,0,0,1,0,0,0,2,1,0,0,0,2,2,2,0,0,0,1,0,0,0,2,1,0,0,0,0,1,0,0,2,0,0,1,0,0,1,0
NA20783,TSI,EUR,male,NA20783,0,0,male,0,1,0,0,0,0,2,0,0,0,1,1,2,2,0,0,2,0,0,1,1,2,0,0,0,0,1,0,0,0,0,0,0,0,0,1,0,1,1,0,1,0,1,0,0,0,0,1,0,0,2,2,0,0,0,0,0,1,0,0,1,0,0,0,0,0,0,0,2,2,0,0,0,2,1,2,1,1,0,1,0,0,0,0,0,0,0,0,0,0,0,0,1,0,0,2,0,0,0,0
NA20785,TSI,EUR,male,NA20785,0,0,male,0,0,0,0,0,0,2,0,0,0,0,1,2,0,0,0,0,0,0,1,0,2,0,0,0,0,0,0,0,0,0,0,0,0,1,0,0,1,1,0,1,0,1,0,0,0,1,2,0,0,0,2,0,0,0,0,0,2,0,0,1,0,0,1,0,0,0,1,1,1,0,0,0,1,1,2,0,1,0,1,0,0,0,0,0,0,0,0,0,0,0,0,2,0,0,2,0,0,0,0
NA20786,TSI,EUR,female,NA20786,0,0,female,0,1,0,1,0,0,2,0,0,0,0,1,2,0,0,0,2,0,0,1,0,2,0,0,0,0,0,0,0,0,0,0,0,0,0,0,0,1,1,0,1,0,0,0,0,0,1,2,0,0,1,2,0,0,0,0,0,1,0,0,1,0,0,0,1,0,0,1,0,1,0,0,0,1,1,2,0,2,0,2,0,0,0,0,0,0,0,0,0,0,0,0,2,0,0,2,0,0,0,0
NA20787,TSI,EUR,male,NA20787,0,0,male,0,1,1,0,0,0,2,0,1,0,0,1,2,0,0,0,1,2,0,1,1,2,0,1,1,0,0,0,0,0,0,0,1,1,0,0,0,0,1,0,1,0,1,0,1,0,1,2,0,0,1,2,0,0,0,0,0,2,0,0,2,0,0,0,0,0,0,0,1,2,0,0,0,0,1,1,0,0,0,2,0,1,0,0,0,0,0,0,0,0,0,0,2,0,0,1,1,0,0,1
NA20790,TSI,EUR,female,NA20790,0,0,female,0,2,0,0,0,0,2,0,0,0,0,1,2,1,0,0,2,0,0,1,0,2,0,1,1,0,1,0,0,0,0,0,0,0,0,0,0,0,0,0,0,0,1,0,0,0,1,2,0,0,0,2,0,0,0,0,0,2,0,0,2,0,0,0,0,0,0,0,1,1,0,0,0,1,2,2,0,1,0,2,0,0,0,1,0,0,0,0,0,0,0,0,2,0,0,2,0,0,0,1
NA20792,TSI,EUR,male,NA20792,0,0,male,0,1,0,0,0,0,2,0,1,0,0,0,2,0,0,0,1,1,0,0,0,2,0,0,0,0,0,0,1,0,0,0,0,0,0,0,0,0,0,0,0,0,2,0,1,0,1,2,0,0,0,2,0,0,0,0,0,2,0,0,2,0,0,0,0,0,0,1,2,2,0,0,0,1,0,1,0,2,0,1,1,1,1,0,0,0,0,0,0,1,0,0,2,0,0,2,0,0,0,0
NA20795,TSI,EUR,female,NA20795,0,0,female,0,0,0,0,0,0,2,0,1,0,0,2,2,0,0,0,2,0,0,0,1,2,0,0,0,0,0,0,1,0,0,0,0,0,0,0,0,1,0,0,1,0,1,0,1,0,1,2,0,0,0,2,0,0,0,0,0,2,0,0,1,0,0,0,0,0,0,2,2,2,0,0,0,0,2,1,0,1,0,1,0,0,0,0,1,0,0,0,0,0,0,0,2,0,0,2,0,0,0,0
NA20796,TSI,EUR,male,NA20796,0,0,male,0,2,0,0,0,0,2,0,0,0,0,2,1,0,0,0,2,0,0,1,0,2,0,0,0,0,1,0,0,0,0,0,0,0,0,0,0,0,1,0,0,0,1,0,2,0,1,1,0,0,1,2,0,0,0,0,0,1,0,0,2,0,0,0,0,0,0,0,1,1,0,0,0,1,2,1,0,2,0,1,0,0,0,0,0,0,0,0,1,0,0,0,2,0,0,1,0,0,0,0
NA20797,TSI,EUR,female,NA20797,0,0,female,0,1,0,0,0,0,2,0,2,0,0,0,2,0,0,0,2,1,0,0,0,2,0,0,0,0,0,0,0,0,0,0,0,1,0,0,0,0,0,0,1,0,1,0,0,0,1,2,0,0,1,2,0,0,0,0,0,0,0,0,1,0,0,1,0,0,0,1,2,2,0,0,0,1,0,1,0,0,0,1,0,0,0,0,0,0,1,1,0,0,0,0,2,0,0,2,0,0,0,0
NA20798,TSI,EUR,male,NA20798,0,0,male,0,2,0,0,0,0,2,0,1,0,0,2,2,2,0,0,2,0,0,1,0,2,0,1,1,0,1,0,0,0,1,0,0,1,0,0,0,0,0,0,1,0,0,0,1,0,0,2,0,0,0,2,0,0,0,0,2,1,0,0,2,0,0,2,0,0,0,1,2,1,0,0,0,2,1,0,0,1,0,1,0,0,0,0,0,0,1,0,0,1,0,0,2,0,0,1,0,0,1,0
NA20799,TSI,EUR,female,NA20799,0,0,female,0,0,1,0,0,1,2,0,1,0,0,0,2,0,0,0,2,0,0,1,0,2,0,0,0,0,0,0,0,0,0,0,0,0,0,0,0,0,0,0,1,0,1,0,0,0,0,2,0,0,1,2,0,0,0,1,0,2,0,0,2,0,0,0,0,0,0,1,1,1,0,0,0,0,1,2,0,1,0,1,0,1,0,0,0,1,0,0,0,1,0,0,2,0,0,2,1,0,0,0
NA20800,TSI,EUR,female,NA20800,0,0,female,0,1,1,0,0,0,2,0,0,0,0,0,1,0,0,0,2,0,0,1,0,2,0,0,0,0,1,0,0,0,0,0,0,1,0,0,0,0,0,0,0,0,0,0,0,0,1,2,0,0,1,2,1,0,0,0,0,0,0,0,1,0,0,0,1,0,0,1,1,1,0,0,0,0,1,1,1,0,0,1,1,0,0,1,1,0,0,0,0,0,0,0,2,0,0,1,0,0,0,1
NA20801,TSI,EUR,male,NA20801,0,0,male,0,1,0,0,0,0,2,0,0,0,0,1,2,0,0,0,2,0,0,0,1,2,0,0,0,0,0,0,0,0,1,0,0,0,0,0,0,0,1,0,0,0,0,0,1,0,1,2,0,0,0,2,0,0,0,0,1,2,0,0,2,0,0,0,0,0,0,0,2,1,0,0,0,1,1,1,0,0,0,1,0,1,0,0,0,0,0,0,0,1,0,0,2,0,0,1,1,0,0,1
NA20802,TSI,EUR,female,NA20802,0,0,female,0,1,0,0,0,0,2,0,0,0,0,1,2,0,0,0,2,0,0,0,0,1,0,0,0,0,0,0,0,0,0,0,0,1,0,0,0,0,0,0,1,0,1,0,0,0,0,2,0,0,1,2,0,0,0,0,0,1,0,0,1,0,0,0,0,0,0,0,1,0,0,0,0,0,1,1,0,0,0,1,0,0,0,0,0,0,0,0,0,0,0,0,1,0,0,2,1,0,0,0
NA20803,TSI,EUR,male,NA20803,0,0,male,0,2,1,0,0,0,2,0,0,0,0,0,2,0,0,0,2,0,0,1,0,2,0,0,0,0,0,0,0,0,0,0,0,1,0,0,0,0,0,0,1,0,1,0,2,0,1,2,0,0,0,2,0,0,0,0,1,0,0,0,2,0,0,0,1,0,0,2,1,1,0,0,0,1,1,2,0,1,0,1,0,0,1,0,0,0,1,0,0,1,0,0,2,0,0,2,0,0,1,0
NA20804,TSI,EUR,female,NA20804,0,0,female,0,2,1,0,0,0,2,0,0,0,0,1,2,0,0,0,2,1,0,1,0,2,0,0,0,0,0,0,0,0,0,0,0,1,0,0,0,0,0,0,0,0,2,0,0,0,0,2,0,0,0,2,0,0,0,0,0,1,0,0,0,0,0,1,0,0,0,2,2,2,0,0,0,2,1,2,0,0,0,1,1,0,1,0,2,0,1,0,0,0,0,0,2,0,0,2,0,0,0,0
NA20805,TSI,EUR,male,NA20805,0,0,male,0,2,0,0,0,0,2,0,2,0,0,1,2,0,0,0,2,1,0,0,0,2,0,1,1,0,0,0,0,0,0,0,0,1,0,0,0,0,0,0,1,0,0,0,1,0,1,1,0,0,0,2,0,0,0,0,0,1,0,0,2,0,0,1,0,0,0,1,2,2,0,0,0,1,1,2,0,0,0,0,0,0,0,1,0,1,0,0,0,0,0,0,2,0,0,2,0,0,0,0
NA20806,TSI,EUR,male,NA20806,0,0,male,0,1,0,0,0,0,2,0,0,0,0,2,2,0,0,0,2,0,0,0,0,2,0,1,1,0,0,0,0,0,0,0,1,1,0,0,0,1,1,0,1,0,1,0,0,0,0,2,0,0,1,2,0,0,0,0,0,0,0,0,0,0,0,1,0,0,0,0,2,1,0,0,0,1,1,2,1,1,0,0,2,1,0,1,1,0,1,0,0,0,0,0,2,0,0,2,0,0,0,0
NA20807,TSI,EUR,female,NA20807,0,0,female,0,1,1,0,0,0,2,0,1,0,0,1,2,0,0,0,1,0,0,1,1,2,0,0,0,0,1,0,0,0,1,0,0,1,0,0,0,0,0,0,0,0,2,0,0,0,2,2,1,0,0,1,0,0,0,0,0,1,0,0,2,0,0,1,0,0,0,2,2,2,0,0,0,1,1,1,0,1,0,2,0,0,0,0,1,0,0,0,0,1,0,0,2,0,0,1,0,0,0,0
NA20808,TSI,EUR,female,NA20808,0,0,female,0,0,0,0,0,0,2,0,0,0,0,2,2,0,0,0,2,0,0,2,0,2,0,0,0,0,1,0,0,0,0,0,0,0,0,0,0,0,0,0,0,0,1,0,1,0,2,2,0,0,1,2,0,0,0,0,0,1,0,0,1,0,0,1,0,0,0,0,2,1,0,0,0,1,1,1,0,1,0,1,0,0,0,0,0,0,0,1,0,0,0,0,2,0,0,1,0,0,1,0
NA20809,TSI,EUR,male,NA20809,0,0,male,0,1,0,0,0,0,2,0,1,0,0,0,1,0,0,0,2,0,0,1,0,2,0,0,0,0,0,0,0,0,1,0,0,1,0,0,0,0,0,0,0,2,1,0,1,0,2,2,0,0,0,2,0,0,0,1,0,2,0,0,1,0,0,0,0,0,0,1,2,2,0,0,0,1,1,1,0,1,0,1,0,0,0,0,0,0,0,0,0,1,0,0,2,0,0,0,0,0,0,0
NA20810,TSI,EUR,male,NA20810,0,0,male,0,2,0,0,0,0,2,0,1,0,0,2,0,1,0,0,1,0,0,1,0,2,0,1,1,0,0,0,0,0,1,0,0,0,0,0,0,1,0,0,0,0,0,0,1,0,0,2,0,0,0,2,0,0,0,0,1,0,0,0,2,0,0,1,1,0,0,0,0,0,0,0,0,1,1,1,0,1,0,1,0,0,0,1,2,1,0,0,0,0,0,0,2,0,0,1,0,0,0,1
NA20811,TSI,EUR,male,NA20811,0,0,male,0,1,1,1,0,0,2,0,0,0,0,1,2,0,0,0,1,0,0,1,1,2,0,0,0,0,0,0,0,0,0,0,0,2,0,0,0,0,1,0,0,0,1,0,0,0,2,2,0,0,1,2,0,0,0,0,0,1,0,0,2,0,0,1,0,0,0,2,2,2,0,0,0,2,1,2,1,0,0,2,1,0,0,0,0,1,0,0,0,0,0,0,2,0,0,1,0,0,0,0
NA20812,TSI,EUR,male,NA20812,0,0,male,0,2,0,0,0,0,2,0,2,0,0,1,0,0,0,0,2,0,0,0,0,2,0,1,1,0,0,0,0,0,0,0,0,0,0,0,0,0,0,0,0,0,0,0,0,0,1,2,0,0,0,2,0,0,0,0,0,1,0,0,1,0,0,0,0,0,0,0,2,2,0,0,0,1,2,1,1,2,0,1,0,0,0,0,0,0,1,1,0,1,0,0,2,0,0,1,0,0,0,0
NA20813,TSI,EUR,female,NA20813,0,0,female,0,2,0,0,0,0,2,0,1,0,0,2,2,1,1,0,1,0,0,2,0,2,0,0,0,0,0,0,0,0,0,0,0,0,0,0,0,0,0,0,0,0,1,0,0,0,0,1,0,0,0,2,0,0,0,0,0,1,0,0,1,0,0,0,0,0,0,1,2,2,0,0,0,1,1,1,0,1,0,1,0,0,0,0,1,1,0,0,0,1,0,0,2,0,0,2,0,0,0,0
NA20814,TSI,EUR,male,NA20814,0,0,male,0,1,1,0,0,0,2,0,0,0,0,0,2,1,0,0,1,1,0,0,0,2,0,0,0,0,0,0,1,0,1,0,0,2,0,0,0,0,0,0,1,1,2,0,1,0,0,2,0,0,2,2,0,0,0,0,0,1,0,0,2,0,0,1,0,0,0,0,2,1,0,0,0,1,1,1,0,2,0,2,0,0,0,0,0,0,0,0,0,1,0,0,2,0,0,0,0,0,0,0
NA20818,TSI,EUR,female,NA20818,0,0,female,0,1,1,0,0,0,2,0,0,0,0,2,2,0,0,0,1,0,0,1,0,2,0,1,1,0,0,0,0,0,0,0,0,0,0,0,0,0,0,0,0,0,1,0,0,0,0,1,0,0,0,2,0,0,0,0,0,0,0,0,2,0,0,0,0,0,0,1,1,1,0,0,0,1,1,2,0,1,0,1,0,1,0,0,1,1,0,0,0,2,0,0,2,0,0,2,0,0,1,0
NA20819,TSI,EUR,female,NA20819,0,0,female,0,1,0,0,0,0,2,0,0,0,0,1,2,0,0,0,2,1,0,1,0,2,0,0,0,0,0,0,0,0,1,0,0,1,0,0,0,0,0,0,1,0,1,0,1,0,1,2,0,0,0,2,0,0,0,0,0,2,0,0,1,0,0,0,0,0,0,2,2,2,0,0,0,0,1,2,0,0,0,2,0,0,0,1,0,0,0,0,0,0,0,0,2,0,0,2,0,0,1,0
NA20821,TSI,EUR,female,NA20821,0,0,female,0,1,0,0,0,0,2,0,1,0,0,1,2,0,0,0,1,0,0,1,0,2,0,0,0,0,0,0,0,0,0,0,0,0,0,0,0,0,1,0,0,0,2,0,0,0,2,2,0,0,2,2,1,0,0,0,0,1,0,0,2,0,0,1,0,0,0,0,2,1,0,0,0,0,1,2,0,2,0,2,0,1,0,0,0,0,1,0,0,0,0,0,2,0,0,2,0,0,0,0
NA20822,TSI,EUR,female,NA20822,0,0,female,0,1,0,0,0,0,2,0,0,0,0,1,2,0,0,0,2,1,0,0,1,2,0,0,0,0,0,0,0,0,0,0,0,0,0,0,0,0,0,0,0,1,0,0,1,0,1,2,1,0,1,2,0,0,0,0,0,0,0,0,2,0,0,1,0,0,0,0,1,1,0,0,0,1,1,1,1,1,0,1,0,0,0,0,0,0,0,0,0,1,0,0,2,0,0,2,0,0,0,0
NA20826,TSI,EUR,female,NA20826,0,0,female,0,2,0,0,0,0,2,0,0,0,0,0,2,0,0,0,1,0,0,1,0,2,0,0,0,0,0,0,0,0,0,0,0,1,0,0,0,0,0,0,1,1,1,0,1,0,1,2,0,0,0,2,0,0,0,1,0,0,0,0,2,0,0,0,0,0,0,1,0,1,0,0,0,0,2,1,0,0,0,1,0,1,0,0,0,1,0,0,0,1,0,0,2,0,0,0,0,0,0,0
NA20827,TSI,EUR,male,NA20827,0,0,male,0,0,0,0,0,0,2,0,0,0,0,0,2,0,0,0,2,1,0,0,0,2,0,0,0,0,1,0,0,0,0,0,0,1,0,0,0,1,1,0,1,0,0,0,1,0,1,2,0,0,1,2,0,0,0,1,0,1,0,0,2,0,0,2,0,0,0,0,1,1,0,0,0,1,1,1,0,0,0,1,1,0,0,0,0,0,0,1,0,1,0,0,2,0,0,1,0,0,0,0
NA20828,TSI,EUR,female,NA20828,0,0,female,0,2,1,0,0,0,2,0,0,0,0,0,2,0,0,0,2,1,0,1,0,2,0,0,0,0,0,0,0,0,0,0,0,1,0,0,0,0,0,0,0,0,1,0,1,0,1,1,0,0,0,2,0,0,0,1,0,1,0,0,0,0,0,1,0,0,0,1,2,1,0,0,0,0,2,2,0,1,0,2,0,1,1,0,1,0,0,0,0,1,0,0,2,0,0,2,0,0,0,0
NA20832,TSI,EUR,female,NA20832,0,0,female,1,1,0,0,0,1,2,0,0,0,0,0,2,0,0,0,1,1,0,1,0,2,0,1,1,0,0,0,0,0,1,0,0,1,0,0,0,0,0,0,0,0,1,0,0,0,1,1,1,0,0,2,0,0,0,0,1,1,0,0,1,0,0,0,0,0,0,0,2,2,0,0,0,1,2,0,0,1,0,2,0,0,0,0,0,0,0,0,0,1,0,0,2,0,0,2,0,0,0,0
NA20845,GIH,SAS,male,NA20845,0,0,male,0,1,0,0,0,0,2,0,0,0,0,0,2,0,0,0,2,1,0,0,0,2,0,0,0,0,1,0,0,0,0,0,0,1,1,0,0,0,0,0,0,0,1,0,0,0,0,2,0,0,0,2,0,0,0,0,0,1,0,0,2,0,0,0,1,0,0,0,2,1,0,0,0,1,2,1,0,1,0,1,0,1,0,0,0,0,0,0,0,0,0,0,2,0,0,1,0,0,0,0
NA20846,GIH,SAS,male,NA20846,0,0,male,0,2,1,0,0,2,2,0,1,0,0,1,2,0,0,0,2,0,0,0,0,2,0,0,0,0,2,0,0,0,0,0,0,0,0,0,0,1,0,0,1,0,1,0,0,0,2,0,0,0,0,2,2,0,0,0,0,0,0,0,2,0,0,0,0,0,0,1,0,0,0,0,0,2,0,2,0,1,0,1,0,0,0,0,0,0,1,0,0,1,0,0,2,0,0,2,0,0,0,0
NA20847,GIH,SAS,female,NA20847,0,0,female,0,2,1,0,0,0,2,0,0,0,1,0,2,0,0,0,2,1,0,0,0,2,0,1,1,0,0,0,0,0,0,0,0,0,0,0,0,0,0,0,0,1,1,0,0,0,1,1,0,0,0,2,0,0,0,1,0,1,0,0,2,0,0,1,0,0,0,1,2,1,0,0,0,2,0,2,0,1,0,1,0,0,0,0,0,0,1,0,0,1,0,0,2,0,0,1,0,0,0,0
NA20849,GIH,SAS,female,NA20849,0,0,female,0,1,1,0,0,1,2,0,1,0,0,1,1,2,0,0,2,0,0,0,0,2,0,0,0,0,1,0,0,0,0,0,0,1,0,0,0,1,0,0,0,1,1,0,0,0,0,2,0,0,0,2,0,0,0,0,0,0,0,0,2,0,0,1,0,0,0,1,1,2,0,0,0,1,1,1,0,0,0,1,0,1,0,0,0,0,1,0,0,1,0,0,2,0,0,1,0,0,0,0
NA20850,GIH,SAS,male,NA20850,0,0,male,1,1,1,0,0,0,2,0,0,0,0,1,2,0,0,0,1,2,0,1,0,2,0,0,0,0,1,0,0,0,0,0,1,2,0,0,0,0,0,0,0,0,2,0,1,0,1,1,0,0,0,2,0,0,0,0,0,0,0,0,1,0,0,1,1,0,0,1,2,2,0,0,0,1,0,1,1,2,0,1,0,0,0,0,0,0,1,0,0,0,0,0,2,0,0,2,0,0,0,0
NA20851,GIH,SAS,female,NA20851,0,0,female,0,0,0,0,0,1,2,0,0,0,0,1,2,0,0,0,2,1,0,0,0,2,0,0,0,0,1,0,0,0,0,0,0,0,1,1,0,1,0,0,0,1,1,0,0,0,1,1,0,0,0,2,0,0,0,0,0,1,0,0,1,0,0,0,0,0,0,1,2,2,0,0,0,1,2,1,0,0,0,1,1,0,1,0,0,0,1,0,1,0,0,0,2,0,0,0,0,0,0,0
NA20852,GIH,SAS,male,NA20852,0,0,male,0,2,1,0,0,0,2,0,0,0,0,0,0,0,0,0,1,0,0,1,0,2,0,1,1,0,2,0,0,0,1,0,0,1,1,0,0,0,0,0,0,0,2,0,0,0,2,2,0,0,0,2,0,0,0,0,0,1,0,0,0,0,0,0,0,0,0,2,0,0,0,0,0,1,2,1,0,0,0,1,0,0,0,0,0,0,0,0,1,1,0,0,2,0,0,2,0,0,0,0
NA20854,GIH,SAS,female,NA20854,0,0,female,0,0,0,0,0,0,2,0,0,0,0,0,1,1,0,0,2,0,0,1,0,2,0,0,0,0,1,0,0,0,0,0,1,1,0,0,0,0,0,0,0,0,1,0,1,0,0,2,0,0,2,1,0,0,0,0,0,0,0,0,1,0,0,0,0,0,0,1,1,2,0,0,0,2,2,2,0,0,0,2,0,1,0,1,0,0,1,0,1,2,0,0,2,0,0,2,0,0,0,1
NA20856,GIH,SAS,female,NA20856,0,0,female,0,2,2,0,0,1,2,0,0,0,0,1,2,1,0,0,2,1,0,1,0,2,0,0,0,0,1,0,0,0,0,0,0,0,0,0,0,0,0,0,1,0,0,0,0,0,0,2,0,0,0,2,1,0,0,0,0,0,0,0,0,0,0,0,0,0,0,2,2,0,0,0,0,0,2,2,0,0,0,2,0,1,0,0,0,0,1,1,0,0,0,0,2,0,0,2,0,0,0,0
NA20858,GIH,SAS,male,NA20858,0,0,male,0,0,0,0,0,0,2,0,1,0,1,1,1,0,0,0,0,0,0,0,1,2,0,0,0,0,1,0,0,0,1,0,0,1,0,0,0,0,0,0,0,0,2,0,0,0,0,0,0,0,0,1,0,0,0,0,0,1,0,0,2,0,0,0,0,0,0,2,2,2,0,0,0,1,1,1,0,0,0,1,0,0,0,0,0,0,1,0,0,1,0,0,2,0,0,2,0,0,0,0
NA20859,GIH,SAS,female,NA20859,0,0,female,0,1,0,0,0,0,2,0,0,0,0,0,2,1,0,0,2,1,0,0,0,2,0,0,0,0,1,0,0,0,0,0,0,1,0,0,0,0,1,0,1,0,1,0,0,0,1,2,0,0,0,2,0,0,0,0,0,0,0,0,2,0,0,0,1,0,0,2,2,1,0,0,0,1,1,2,0,1,0,0,0,0,0,0,0,0,1,0,1,1,0,0,2,0,0,2,0,0,0,0
NA20861,GIH,SAS,male,NA20861,0,0,male,0,0,0,0,0,0,2,0,0,0,0,2,2,2,0,0,2,1,0,1,0,2,0,0,0,0,0,0,0,0,0,0,0,0,0,0,0,0,0,0,0,1,1,0,1,0,1,2,0,0,0,2,0,0,0,1,0,1,0,0,0,0,0,0,0,0,0,2,1,1,0,0,0,1,1,2,0,2,0,1,0,0,1,0,0,1,1,0,1,0,0,0,2,0,0,1,0,0,0,0
NA20862,GIH,SAS,female,NA20862,0,0,female,0,2,0,0,0,1,2,0,1,0,0,0,1,0,0,0,2,0,0,1,0,2,0,0,0,0,0,0,0,0,0,0,0,0,0,0,0,0,0,0,1,0,1,0,1,0,1,2,0,0,0,2,0,0,0,0,0,0,0,0,1,0,0,0,0,0,0,0,1,2,0,0,0,1,0,1,0,1,0,2,0,0,0,0,0,0,2,0,0,1,0,0,2,0,0,2,0,0,0,0
NA20863,GIH,SAS,male,NA20863,0,0,male,0,1,1,0,0,1,2,0,1,0,0,1,2,0,0,0,2,1,0,0,0,2,0,0,0,0,1,0,0,0,0,0,0,2,1,0,0,1,0,0,1,0,2,0,0,0,1,2,1,0,0,2,0,0,0,0,0,2,0,0,1,0,0,0,0,0,0,2,2,2,0,0,0,2,2,1,0,0,0,1,0,1,0,0,1,1,1,0,1,1,0,0,1,0,0,2,0,0,0,0
NA20864,GIH,SAS,male,NA20864,0,0,male,0,2,0,0,0,1,2,0,0,0,0,0,1,0,0,0,2,1,0,1,0,2,0,0,0,0,0,0,0,0,2,0,0,0,0,0,0,0,0,0,0,1,2,0,0,0,1,2,0,0,0,2,1,0,0,0,0,0,0,0,2,0,0,0,0,0,0,1,2,1,0,0,0,1,2,1,0,1,0,0,0,0,0,0,0,0,1,0,0,0,0,0,2,0,0,1,0,0,0,0
NA20866,GIH,SAS,male,NA20866,0,0,male,0,2,0,0,0,0,2,0,1,0,1,0,2,0,0,0,1,1,0,0,0,2,0,0,0,0,1,0,0,0,0,0,0,0,1,0,0,1,1,0,1,0,1,0,0,0,1,1,0,0,0,2,0,0,0,0,0,1,0,0,2,0,0,1,0,0,0,1,2,2,0,0,0,0,1,1,0,1,0,2,0,2,2,0,0,0,1,0,1,1,0,0,2,0,0,2,0,0,0,0
NA20867,GIH,SAS,male,NA20867,0,0,male,0,1,1,0,0,0,2,0,1,0,0,1,2,0,0,0,1,1,0,1,0,2,0,0,0,0,0,0,0,0,1,0,0,0,1,1,0,0,0,0,1,0,0,0,1,0,2,0,1,0,0,2,0,0,0,0,0,0,0,0,2,0,0,0,1,0,0,1,1,1,0,0,0,0,0,1,0,1,0,1,0,0,0,1,0,0,2,0,0,0,0,0,2,0,0,2,0,0,0,0
NA20868,GIH,SAS,female,GIH001,0,0,female,0,0,1,0,0,1,2,0,0,0,0,2,2,2,0,0,2,2,0,0,0,2,0,0,0,0,0,0,0,0,0,0,0,0,1,0,0,0,0,0,0,0,1,0,0,0,2,2,0,0,1,2,0,0,0,0,0,0,0,0,0,0,0,0,0,0,0,1,0,0,0,0,0,0,1,2,0,0,0,2,0,1,0,0,0,0,1,0,0,1,0,0,2,0,0,2,0,0,0,1
NA20869,GIH,SAS,female,NA20869,0,0,female,0,2,0,0,0,0,2,0,1,0,1,1,2,1,0,0,2,1,0,1,0,2,0,0,0,0,0,0,0,0,1,0,0,0,0,0,0,0,0,0,0,1,1,0,1,0,2,2,0,0,0,2,0,0,0,0,0,0,0,0,0,0,0,0,1,0,0,1,1,2,0,0,0,1,2,0,0,1,0,1,0,0,0,0,1,0,1,0,0,1,0,0,2,0,0,1,0,0,0,0
NA20870,GIH,SAS,male,NA20870,0,0,male,0,0,0,0,0,0,2,0,0,0,0,0,2,1,0,0,2,2,0,1,0,2,0,0,0,0,1,0,0,0,1,0,0,0,1,1,0,0,0,0,0,1,0,1,0,0,1,1,0,0,0,2,0,0,0,1,0,1,0,0,1,0,0,0,0,0,0,0,2,2,0,0,0,0,1,2,0,1,0,2,0,2,0,0,0,0,1,0,0,0,0,0,2,0,0,2,0,0,0,0
NA20872,GIH,SAS,female,NA20872,0,0,female,0,1,1,0,0,0,2,0,0,0,0,1,2,0,0,0,2,1,0,0,1,2,0,1,0,0,0,0,0,0,0,0,0,0,0,0,0,1,0,0,2,0,1,0,1,0,1,2,0,0,0,2,0,0,0,0,0,0,0,0,2,0,0,0,0,0,0,1,1,1,0,0,0,2,0,1,0,0,0,2,0,0,0,0,1,0,0,0,0,0,0,0,2,0,0,2,0,0,0,1
NA20874,GIH,SAS,female,NA20874,0,0,female,0,1,1,0,1,1,2,0,0,0,0,0,1,0,0,0,1,0,0,0,0,2,0,1,1,0,1,0,0,0,1,0,0,0,0,0,0,0,0,0,0,0,1,0,0,0,2,1,0,0,0,2,0,0,0,0,0,0,0,0,1,0,0,1,0,0,0,1,2,2,0,0,0,1,2,1,0,1,0,1,0,0,0,0,0,1,1,0,1,0,0,0,2,0,0,1,0,1,0,1
NA20875,GIH,SAS,female,NA20875,0,0,female,0,1,2,0,0,0,2,0,1,0,0,0,2,1,0,0,1,0,0,1,0,2,0,0,0,0,0,0,0,0,1,0,0,0,0,0,0,1,1,0,1,0,0,0,1,0,0,2,0,0,0,2,0,0,0,0,0,0,0,0,0,0,0,0,1,0,0,1,2,2,0,0,0,1,1,0,0,1,0,1,0,1,1,0,0,1,2,0,0,1,0,0,2,0,0,1,0,0,0,0
NA20876,GIH,SAS,female,NA20876,0,0,female,0,2,0,0,0,0,2,0,1,0,0,1,1,0,0,0,2,1,0,0,0,2,0,0,0,0,1,0,0,0,2,0,0,0,1,0,0,0,0,0,0,1,0,0,2,0,2,2,0,0,2,2,0,0,0,0,0,1,0,0,1,0,0,1,1,0,0,2,1,1,0,0,0,1,1,0,0,1,0,1,0,0,1,1,0,0,1,0,1,0,0,0,2,0,0,1,0,0,0,0
NA20877,GIH,SAS,female,NA20877,0,0,female,0,0,1,0,0,0,2,0,0,0,0,1,2,2,0,0,2,1,0,0,0,2,0,1,1,0,0,0,0,0,0,0,1,1,0,0,0,0,0,0,0,1,1,0,0,0,1,1,0,0,0,2,0,0,0,1,0,1,0,0,1,0,0,0,0,0,0,1,1,2,0,0,0,1,1,1,0,0,0,1,0,1,0,0,0,0,1,0,0,0,0,0,1,0,0,2,0,0,0,0
NA20878,GIH,SAS,female,NA20878,0,0,female,0,2,0,0,0,0,2,0,0,0,0,0,2,0,1,0,1,1,0,0,0,2,0,1,1,0,0,0,0,0,0,0,0,0,0,1,0,0,0,0,1,0,1,0,0,0,2,1,0,0,0,2,0,0,0,0,0,0,0,0,2,0,0,0,0,0,0,1,1,2,0,0,0,1,1,2,0,2,0,2,1,0,1,0,0,0,1,0,2,1,0,0,2,0,0,2,0,0,0,0
NA20881,GIH,SAS,female,NA20881,0,0,female,0,2,1,0,0,1,2,0,0,0,0,0,1,0,0,0,2,1,0,0,0,2,0,0,0,0,0,0,0,0,1,0,0,2,0,0,0,0,0,0,0,1,1,0,0,0,1,0,0,1,1,2,0,0,0,1,0,0,0,0,0,0,0,0,0,0,0,0,1,2,0,0,0,2,1,2,0,0,0,2,0,0,0,0,1,1,0,0,1,0,0,0,2,0,0,1,0,0,1,0
NA20882,GIH,SAS,female,NA20882,0,0,female,0,2,2,0,0,0,2,0,1,0,1,1,2,0,0,0,2,0,0,1,0,2,0,0,0,0,0,0,0,0,1,0,0,0,0,0,0,0,0,0,0,1,1,0,1,0,2,2,1,0,0,2,0,0,0,0,0,1,0,0,1,0,0,0,0,0,0,1,1,2,0,0,0,1,1,1,0,1,0,2,0,1,1,0,0,0,1,0,0,0,0,0,2,0,0,2,0,0,0,0
NA20884,GIH,SAS,male,NA20884,0,0,male,0,1,1,0,0,0,2,0,0,0,0,0,2,1,0,0,2,1,0,1,0,2,0,0,0,0,0,0,0,0,1,0,0,1,0,1,0,0,0,0,0,1,1,0,0,0,2,2,0,0,0,2,0,0,0,0,0,1,0,0,1,0,0,0,1,0,0,1,1,1,0,0,0,1,1,2,0,0,0,1,0,0,0,0,1,0,1,0,1,1,0,0,2,0,0,1,0,0,0,0
NA20885,GIH,SAS,male,NA20885,0,0,male,0,2,1,0,0,0,2,0,0,0,0,2,2,0,0,0,2,0,0,1,0,2,0,0,0,0,0,0,0,0,0,0,0,2,0,0,0,0,0,0,0,0,2,0,1,0,0,1,0,0,0,2,0,0,0,0,0,1,0,0,0,0,0,1,0,0,0,1,1,1,0,0,0,0,0,1,0,2,0,0,0,0,0,0,0,0,1,0,0,0,0,0,2,0,0,1,0,0,0,0
NA20886,GIH,SAS,female,GIH002,0,0,female,0,0,0,0,0,1,2,0,0,0,0,2,2,1,0,0,2,0,0,0,0,2,0,0,0,0,1,0,0,0,0,0,0,0,0,0,0,0,0,0,0,0,1,0,0,0,1,2,0,0,0,2,0,0,0,0,0,0,0,0,0,0,0,0,0,0,0,0,1,0,0,0,0,0,1,0,0,0,0,2,0,0,0,0,1,0,1,0,0,1,0,0,2,0,0,1,0,0,0,0
NA20887,GIH,SAS,male,NA20887,0,0,male,0,1,1,0,0,0,2,0,0,0,0,0,2,2,0,0,1,1,0,1,0,2,0,0,0,0,0,0,0,0,0,0,0,1,0,0,0,1,1,0,1,0,1,0,0,0,1,2,0,0,0,2,0,0,0,0,0,0,0,0,0,0,0,1,1,0,0,1,0,1,0,0,0,0,1,1,0,0,0,1,0,1,0,0,0,0,1,0,0,1,0,0,2,0,0,2,0,0,0,0
NA20888,GIH,SAS,female,NA20888,0,0,female,0,1,1,0,0,0,2,0,2,0,0,0,2,2,1,0,2,1,0,1,0,2,0,0,0,0,1,0,0,0,0,0,0,1,1,0,0,0,0,0,0,0,1,0,0,0,1,1,0,0,0,2,1,0,0,0,0,0,0,0,1,0,0,0,0,0,0,1,1,1,0,0,0,1,0,0,1,1,0,2,1,0,0,0,0,0,1,0,1,1,0,0,2,0,0,2,0,0,0,0
NA20889,GIH,SAS,male,NA20889,0,0,male,0,1,1,0,0,0,2,0,0,0,0,0,2,0,0,0,1,0,0,1,0,2,0,0,0,0,1,0,0,0,0,0,0,1,1,0,0,0,0,0,1,0,1,0,1,0,1,1,0,0,1,2,0,0,0,0,0,0,0,0,0,0,0,0,1,0,0,1,0,1,0,0,0,1,2,2,0,1,0,2,0,0,1,0,0,0,1,0,0,0,0,0,2,0,0,1,0,0,0,0
NA20890,GIH,SAS,male,NA20890,0,0,male,0,0,0,0,0,1,2,0,0,0,0,2,2,0,0,0,2,1,0,0,0,2,0,0,0,0,1,0,0,0,0,0,0,0,0,0,0,1,0,0,2,0,2,0,0,0,1,2,1,0,0,2,0,0,0,0,0,1,0,0,2,0,0,1,0,0,0,1,1,2,0,0,0,1,2,1,0,1,0,1,0,1,0,0,0,0,0,0,0,0,0,0,2,0,0,2,0,0,0,0
NA20891,GIH,SAS,male,NA20891,0,0,male,0,0,0,0,0,0,2,0,1,0,0,1,2,0,0,0,2,0,0,1,0,2,0,0,0,0,0,0,0,0,0,0,0,0,0,0,0,0,0,0,1,1,1,0,1,0,0,2,0,0,0,2,0,0,0,0,0,0,0,0,2,0,0,0,0,0,0,0,2,1,0,0,0,0,2,2,0,2,0,1,0,0,0,0,0,0,1,0,0,0,0,0,2,0,0,1,0,0,0,0
NA20892,GIH,SAS,female,NA20892,0,0,female,0,1,0,0,0,1,2,0,0,0,1,1,2,2,0,0,2,0,0,0,0,2,0,0,0,0,2,0,0,0,0,0,0,0,0,0,0,0,0,0,0,0,1,0,0,0,1,1,2,0,0,2,0,0,0,0,0,0,0,0,1,0,0,0,0,0,0,2,1,1,0,0,0,2,0,1,0,0,0,2,0,2,0,0,0,1,0,0,0,1,0,0,2,0,0,1,0,0,0,0
NA20894,GIH,SAS,female,NA20894,0,0,female,0,0,1,1,0,0,2,0,1,0,0,1,2,0,1,0,1,0,0,0,0,2,0,0,0,0,2,0,0,0,0,0,0,0,0,1,0,0,0,0,0,0,1,0,0,0,1,1,0,0,1,0,0,0,0,0,0,2,0,0,1,0,0,0,0,0,0,1,1,2,0,0,0,1,0,2,0,1,0,2,0,0,0,0,0,0,1,0,0,0,0,0,2,0,0,2,0,0,0,0
NA20895,GIH,SAS,male,NA20895,0,0,male,0,2,1,0,0,0,2,0,1,0,0,0,2,0,0,0,1,0,0,0,0,2,0,0,0,0,0,0,0,0,0,0,0,0,0,0,0,0,0,0,1,0,0,0,0,0,1,2,0,0,1,2,0,0,0,0,0,0,0,0,2,0,0,0,0,0,0,1,1,1,0,0,0,2,1,1,0,0,0,2,1,1,2,0,0,0,2,0,1,0,0,0,2,0,0,2,0,0,0,1
NA20896,GIH,SAS,female,NA20896,0,0,female,0,2,1,0,0,0,2,0,0,0,0,2,2,2,0,0,2,0,0,0,0,2,0,0,0,0,2,0,0,0,0,0,0,0,1,0,0,0,0,0,0,0,2,0,0,0,0,0,0,0,0,2,1,0,0,0,0,0,0,0,0,0,0,0,0,0,0,1,1,1,0,0,0,1,1,1,0,1,0,1,0,0,0,0,0,0,1,0,0,1,0,0,2,0,0,2,0,0,0,0
NA20897,GIH,SAS,male,NA20897,0,0,male,0,0,0,0,0,0,2,0,0,0,0,2,2,0,0,0,2,0,0,0,0,2,0,0,0,0,1,0,0,0,0,0,0,1,1,1,0,2,2,0,1,0,1,0,0,0,2,1,1,0,0,2,0,0,0,1,0,0,0,0,0,0,0,0,0,0,0,2,1,1,0,0,0,1,1,1,1,1,0,1,0,2,0,0,0,1,1,0,0,0,0,0,2,0,0,2,0,0,0,0
NA20899,GIH,SAS,female,NA20899,0,0,female,0,1,0,0,0,0,2,0,1,0,0,1,1,2,0,0,1,0,0,0,0,2,0,1,1,0,1,0,0,0,0,0,0,0,0,0,0,1,1,0,0,0,2,0,1,0,1,2,0,0,1,2,0,0,0,0,0,0,0,0,2,0,0,1,0,0,0,2,2,2,0,0,0,2,0,2,0,0,0,1,0,0,0,0,0,1,0,0,0,1,0,0,2,0,0,2,0,0,0,0
NA20900,GIH,SAS,female,NA20900,0,0,female,0,1,1,0,0,0,2,0,0,0,1,1,2,0,0,0,2,0,0,1,0,2,0,0,0,0,0,0,0,0,0,0,0,0,0,0,0,0,0,0,0,1,2,0,1,0,1,2,0,0,0,2,0,0,0,0,0,0,0,0,1,0,0,0,0,0,0,0,2,1,0,0,0,0,2,2,0,2,0,1,0,0,0,0,0,0,1,0,0,0,0,0,2,0,0,1,0,0,0,0
NA20901,GIH,SAS,male,NA20901,0,0,male,0,1,0,0,0,0,2,0,0,0,0,0,2,0,0,0,2,0,0,1,0,2,0,0,0,0,0,0,0,0,0,0,0,0,1,0,0,0,0,0,1,0,1,0,0,0,1,2,1,0,1,2,0,0,0,0,0,0,0,0,2,0,0,0,0,0,0,2,0,1,0,0,0,2,2,1,0,0,0,2,0,2,0,0,0,0,2,0,0,1,0,0,2,0,0,2,0,0,0,0
NA20902,GIH,SAS,female,NA20902,0,0,female,0,2,1,0,0,0,2,0,1,0,0,0,1,0,0,0,2,1,0,1,0,2,0,0,0,0,1,0,0,0,0,0,0,0,1,0,0,0,0,0,1,0,1,0,0,0,2,2,1,0,1,1,1,0,0,0,0,1,0,0,0,0,0,0,0,0,0,2,1,0,0,0,0,1,1,0,0,1,0,2,0,1,0,0,0,0,2,0,0,1,0,0,2,0,0,2,0,0,0,0
NA20903,GIH,SAS,male,NA20903,0,0,male,0,0,2,0,0,0,2,0,0,0,0,0,2,0,0,0,2,0,0,1,0,2,0,0,0,0,1,0,0,0,0,0,0,0,0,0,0,0,0,0,1,0,2,0,0,0,1,1,0,0,0,2,0,0,0,0,0,1,0,0,0,0,0,0,1,0,0,1,1,1,0,0,0,2,0,2,0,2,0,1,0,0,0,0,0,0,0,0,1,1,0,0,2,0,0,2,0,0,0,1
NA20904,GIH,SAS,male,NA20904,0,0,male,0,1,1,0,0,0,2,0,0,0,0,0,1,2,0,0,1,2,0,0,0,2,0,0,0,0,0,0,0,0,0,0,0,0,1,0,0,0,0,0,0,2,1,0,0,0,2,1,0,0,1,0,1,0,0,0,0,0,0,0,0,0,0,0,0,0,0,1,2,2,0,0,0,0,1,2,0,2,0,0,0,1,0,0,0,0,1,0,1,1,0,0,2,0,0,2,0,0,0,0
NA20905,GIH,SAS,male,NA20905,0,0,male,0,1,1,0,0,0,2,0,1,0,0,1,2,1,0,0,2,0,0,0,0,2,0,0,0,0,1,0,0,0,0,0,0,1,0,0,0,0,0,0,1,0,2,0,0,0,0,0,0,0,0,2,0,0,0,0,0,0,0,0,2,0,0,0,0,0,0,1,1,2,0,0,0,1,2,1,0,0,0,2,0,0,0,0,0,0,1,0,0,1,0,0,2,0,0,2,0,0,0,0
NA20906,GIH,SAS,female,NA20906,0,0,female,0,2,0,0,0,0,2,0,0,0,0,0,1,0,0,0,2,0,0,0,0,2,0,0,0,0,1,0,0,0,0,0,0,0,0,0,0,1,0,0,1,1,2,0,0,0,2,1,0,0,0,1,0,0,0,1,0,1,0,0,1,0,0,1,0,0,0,2,0,2,0,0,0,1,1,1,0,0,0,1,0,0,1,0,0,0,1,0,1,0,0,0,2,0,0,2,0,0,0,0
NA20908,GIH,SAS,female,NA20908,0,0,female,0,1,0,0,0,1,2,0,0,0,0,0,1,0,0,0,2,1,0,1,0,2,0,0,0,0,0,0,0,0,1,0,0,1,0,1,0,0,0,0,1,1,1,0,0,0,1,0,0,0,0,2,1,0,0,0,0,1,0,0,1,0,0,0,0,0,0,2,1,2,0,0,0,1,1,1,0,1,0,1,0,1,0,0,0,0,1,0,1,1,0,0,2,0,0,2,0,0,1,0
NA20910,GIH,SAS,female,GIH003,NA20909,0,female,0,0,2,0,0,1,2,0,0,0,0,0,2,0,0,0,2,1,0,1,0,2,0,0,0,0,0,0,0,0,0,0,0,0,1,0,0,0,0,0,0,1,1,0,0,0,1,2,0,0,1,1,0,0,0,1,0,1,0,0,2,0,0,0,0,0,0,1,2,1,0,0,0,1,0,1,0,1,0,2,0,0,0,0,0,1,0,0,0,2,0,0,1,0,0,1,0,0,0,0
NA20911,GIH,SAS,male,NA20911,0,0,male,0,2,1,0,0,0,2,0,1,0,0,0,1,0,0,0,2,1,0,1,1,2,0,0,0,0,1,0,0,0,0,0,0,0,1,0,0,0,0,0,0,0,1,0,2,0,1,2,0,0,0,1,1,0,0,0,0,1,0,0,1,0,0,0,0,0,0,1,2,2,0,0,0,2,1,1,0,1,0,1,0,0,0,0,0,0,1,0,0,0,0,0,2,0,0,2,0,0,0,0
NA21086,GIH,SAS,female,NA21086,0,0,female,0,1,1,0,0,1,2,0,1,0,0,1,1,0,0,0,2,0,0,1,0,2,0,0,0,0,1,0,0,0,0,0,0,0,2,0,0,0,0,0,1,0,2,0,1,0,2,0,0,0,0,2,0,0,0,0,0,0,0,0,1,0,0,0,0,0,0,1,1,1,0,0,0,2,1,2,0,1,0,2,0,0,0,0,0,0,0,0,0,0,0,0,2,0,0,1,0,0,0,0
NA21087,GIH,SAS,male,NA21087,0,0,male,0,2,2,0,0,0,2,0,1,0,0,1,2,0,0,0,2,2,0,1,0,2,0,0,0,0,1,0,0,0,0,0,0,0,0,0,0,0,0,0,0,0,1,0,0,0,1,1,0,0,0,2,1,0,0,0,0,1,0,0,0,0,0,0,0,0,0,2,1,2,0,0,0,1,0,2,0,1,0,2,0,0,0,0,0,0,0,0,0,1,0,0,2,0,0,1,0,0,0,0
NA21088,GIH,SAS,female,NA21088,0,0,female,0,0,1,0,0,0,2,0,0,0,0,1,2,0,0,0,1,0,0,0,0,2,0,0,0,0,0,0,0,0,1,0,1,1,1,0,0,0,0,0,1,0,2,0,0,0,2,1,0,0,0,2,0,0,0,0,0,0,0,0,0,0,0,0,1,0,0,1,2,2,0,0,0,1,0,1,0,0,0,1,0,0,0,0,0,0,1,0,0,0,0,0,1,0,0,1,0,0,0,0
NA21089,GIH,SAS,female,NA21089,0,0,female,0,0,1,0,0,1,2,0,1,0,0,1,2,0,0,0,1,1,0,0,0,2,0,0,0,0,1,0,0,0,1,0,0,0,1,0,0,0,0,0,0,0,1,0,1,0,2,2,0,0,0,2,1,0,0,0,0,0,0,0,0,0,0,0,0,0,0,2,0,0,0,0,0,0,1,1,0,0,0,1,0,0,0,0,0,0,0,0,0,1,0,0,2,0,0,2,0,0,0,0
NA21090,GIH,SAS,male,NA21090,0,0,male,0,2,2,0,0,0,2,0,1,0,0,1,2,0,1,0,2,2,0,0,0,2,0,0,0,0,2,0,0,0,0,0,0,0,2,0,0,0,0,0,1,0,2,0,0,0,0,1,0,0,1,2,0,0,0,1,0,0,0,0,2,0,0,0,0,0,0,1,1,2,0,0,0,2,1,1,0,1,0,1,0,1,0,0,1,1,0,0,0,1,0,0,2,0,0,2,0,0,0,0
NA21091,GIH,SAS,male,NA21091,0,0,male,0,0,1,0,0,0,2,0,0,0,0,0,0,0,0,0,2,1,0,0,0,2,0,0,0,0,0,0,0,0,1,0,0,0,1,0,0,0,0,0,1,0,1,0,1,0,2,2,0,0,1,1,0,0,0,0,0,2,0,0,2,0,0,0,0,0,0,1,2,2,0,0,0,0,1,0,0,0,0,2,0,0,0,0,0,0,0,0,0,1,0,0,2,0,0,2,0,0,0,0
NA21092,GIH,SAS,male,NA21092,0,0,male,0,1,1,0,0,1,2,0,0,0,0,1,2,0,0,0,2,0,0,2,0,2,0,0,0,0,0,0,0,0,2,0,0,0,1,0,0,0,0,0,0,0,1,0,0,0,2,2,0,0,1,2,0,0,0,0,0,0,0,0,2,0,0,0,0,0,0,1,1,1,0,0,0,0,1,1,0,0,0,1,0,2,0,0,0,1,0,0,1,1,0,0,2,0,0,0,0,0,0,0
NA21093,GIH,SAS,male,NA21093,0,0,male,0,1,0,0,0,0,2,0,0,0,1,1,2,1,0,0,1,1,0,0,0,2,0,0,0,0,1,0,0,0,0,0,0,1,0,0,0,1,0,0,1,1,0,0,0,0,2,2,0,0,0,2,1,0,0,0,0,2,0,0,1,0,0,0,0,0,0,1,1,1,0,0,0,1,2,2,1,0,0,1,1,0,0,0,0,0,0,0,0,0,0,0,2,0,0,2,0,0,1,0
NA21094,GIH,SAS,male,NA21094,0,0,male,0,1,2,0,0,0,2,0,1,0,0,0,2,0,0,0,1,1,1,0,0,2,0,0,0,0,0,0,0,0,0,0,0,0,0,1,0,0,0,0,0,0,1,0,0,0,1,1,0,0,0,2,0,0,0,0,0,0,0,0,0,0,0,0,0,0,0,2,2,2,0,0,0,0,0,0,0,0,0,1,0,1,0,0,0,0,1,0,0,0,0,0,1,0,0,2,0,0,0,0
NA21095,GIH,SAS,male,NA21095,0,0,male,0,2,1,0,0,0,2,0,1,0,0,0,2,0,0,0,2,1,0,0,0,2,0,0,0,0,1,0,0,0,1,0,0,0,0,0,0,1,0,0,0,0,1,0,0,0,2,2,0,0,0,2,0,0,0,0,0,1,0,0,2,0,0,0,0,0,0,1,1,1,0,0,0,1,2,1,0,2,0,2,0,1,1,0,0,0,1,0,2,0,0,0,2,0,0,1,0,0,0,0
NA21097,GIH,SAS,female,NA21097,0,0,female,0,1,2,0,0,0,2,0,0,0,0,1,2,0,0,0,1,1,0,0,0,2,0,0,0,0,1,0,0,0,0,0,0,0,0,0,0,0,0,0,0,1,1,0,0,0,1,0,0,0,0,2,1,0,0,0,0,1,0,0,2,0,0,0,0,0,0,2,1,2,0,0,0,2,2,0,0,0,0,2,0,0,0,0,1,0,1,0,1,1,0,0,2,0,0,2,0,0,0,0
NA21098,GIH,SAS,male,NA21098,0,0,male,0,0,1,1,0,1,2,0,1,0,1,0,2,0,0,0,2,1,0,0,0,2,0,0,0,0,1,0,0,0,1,0,0,1,0,1,0,0,0,0,1,0,2,0,0,0,2,1,0,0,0,2,1,0,0,0,0,1,0,0,2,0,0,0,0,0,0,0,2,2,0,0,0,0,1,2,0,0,0,1,1,0,0,0,0,0,1,0,0,1,0,0,2,0,0,0,0,0,0,0
NA21099,GIH,SAS,male,NA21099,0,0,male,0,1,1,0,0,1,2,0,1,0,1,0,2,1,0,0,2,1,0,0,0,2,0,0,0,0,1,0,0,0,0,0,0,0,0,0,0,0,0,0,1,0,1,0,0,0,1,1,0,0,0,2,0,0,0,0,0,0,0,0,0,0,0,0,0,0,0,2,1,1,0,0,0,2,2,1,0,0,0,2,2,0,0,0,0,0,0,0,1,0,0,0,2,0,0,1,0,0,0,0
NA21100,GIH,SAS,male,NA21100,0,0,male,0,0,1,0,0,0,2,0,0,0,0,0,2,0,0,0,2,1,0,0,0,2,0,0,0,0,1,0,0,0,0,0,0,0,0,0,0,0,0,0,0,0,1,0,1,0,2,2,0,0,0,1,0,0,0,0,0,0,0,0,1,0,0,0,1,0,0,2,2,1,0,0,0,1,2,2,0,2,0,2,0,0,1,0,0,0,0,0,0,1,0,0,2,0,0,2,0,0,0,0
NA21101,GIH,SAS,female,NA21101,0,0,female,0,1,1,0,0,1,2,0,1,0,0,1,2,0,0,0,2,0,0,1,0,2,0,0,0,0,0,0,0,0,0,0,0,0,0,0,0,0,0,0,1,0,0,0,0,0,2,2,0,0,1,2,0,0,0,0,0,1,0,0,1,0,0,0,0,0,0,0,2,2,0,0,0,0,2,2,0,2,0,2,0,0,0,0,0,0,0,0,0,1,0,0,2,0,0,0,0,0,0,0
NA21102,GIH,SAS,female,NA21102,0,0,female,0,1,0,0,0,0,2,0,0,0,1,1,2,1,0,0,2,0,1,0,0,2,0,0,0,0,0,0,0,0,0,0,0,0,0,0,0,0,0,0,1,0,1,0,0,0,2,2,0,0,0,2,0,0,0,0,0,0,0,0,2,0,0,0,0,0,0,0,1,2,0,0,0,0,2,2,0,1,0,1,0,0,0,0,0,0,1,0,0,1,0,0,2,0,0,2,0,0,0,0
NA21103,GIH,SAS,female,NA21103,0,0,female,0,2,0,0,0,1,2,0,0,0,1,1,2,1,0,0,2,1,0,1,1,2,0,1,1,0,1,0,1,1,1,0,0,1,0,1,0,0,0,0,0,0,1,0,1,0,1,1,1,0,0,2,0,0,0,0,0,1,0,0,1,0,0,0,0,0,0,1,1,1,0,0,0,2,1,1,0,1,0,1,0,1,1,0,0,0,1,0,1,1,0,0,2,0,0,2,0,0,0,1
NA21104,GIH,SAS,male,NA21104,0,0,male,0,1,1,0,0,0,2,0,0,0,0,1,2,0,0,0,2,0,0,0,0,2,0,0,0,0,1,0,0,0,0,0,0,0,1,0,0,1,1,0,1,0,2,0,0,0,1,1,0,0,0,2,0,0,0,0,0,1,0,0,1,0,0,0,0,0,0,1,1,1,0,0,0,2,1,2,0,1,0,2,0,0,0,0,0,1,1,0,0,0,0,0,2,0,0,2,0,0,0,0
NA21105,GIH,SAS,male,NA21105,0,0,male,0,0,0,0,0,0,2,0,0,0,0,0,2,0,1,0,1,2,0,0,0,2,0,0,0,0,0,0,0,0,0,0,0,1,1,1,0,0,0,0,1,1,0,0,0,0,0,1,0,0,1,2,0,0,0,0,0,1,0,0,0,0,0,0,0,0,0,1,1,1,0,0,0,1,2,1,0,0,0,2,0,0,0,0,1,0,0,0,1,0,0,0,2,0,0,2,0,0,0,0
NA21106,GIH,SAS,female,NA21106,0,0,female,0,2,1,0,0,0,2,0,0,0,0,0,2,0,0,0,2,0,0,1,0,2,0,0,0,0,0,0,0,0,0,0,0,1,0,1,0,1,1,0,2,1,1,0,1,0,1,2,0,0,0,2,0,0,0,0,0,1,0,0,2,0,0,0,0,0,0,1,1,2,0,0,0,1,1,2,0,1,0,2,0,0,0,0,0,0,1,0,1,1,0,0,2,0,0,2,0,0,0,0
NA21107,GIH,SAS,male,NA21107,0,0,male,0,0,1,0,0,0,2,0,1,0,1,0,2,0,0,0,2,0,0,1,0,2,0,0,0,0,1,0,1,0,0,0,0,0,0,0,0,0,0,0,0,0,0,0,1,0,1,2,0,0,1,1,0,0,0,1,0,1,0,0,1,0,0,0,0,0,0,2,1,1,0,0,0,0,1,1,0,0,0,1,0,0,0,0,0,0,1,0,0,1,0,0,2,0,0,2,0,0,0,0
NA21108,GIH,SAS,female,NA21108,0,0,female,0,1,0,0,0,0,2,0,0,0,0,0,1,0,0,0,0,0,0,1,0,2,0,0,1,0,0,0,0,0,0,0,0,1,1,0,0,0,0,0,2,0,1,0,0,0,1,2,0,0,0,2,1,0,0,0,0,0,0,0,2,0,0,0,0,0,0,2,0,0,0,0,0,1,1,0,0,2,0,2,0,0,0,0,1,0,1,0,0,1,0,0,2,0,0,2,0,0,0,0
NA21109,GIH,SAS,male,NA21109,0,0,male,0,1,0,0,0,0,2,0,0,0,0,1,2,0,0,0,2,2,0,0,0,2,0,0,0,0,1,0,0,0,1,0,0,0,0,0,0,0,0,0,1,0,1,0,0,0,2,2,0,0,0,1,0,0,0,1,0,1,0,0,0,0,0,0,1,0,0,1,1,1,0,0,0,1,1,1,0,1,0,2,0,1,1,0,0,0,2,0,0,0,0,0,2,0,0,1,0,0,0,0
NA21110,GIH,SAS,female,NA21110,0,0,female,0,2,1,0,0,1,2,0,0,0,0,0,2,0,0,0,2,1,0,1,0,2,0,0,0,0,1,0,0,0,1,0,0,0,0,0,0,0,0,0,0,1,1,0,0,0,1,2,0,0,0,2,0,0,0,0,0,1,0,0,1,0,0,0,0,0,0,0,0,1,0,0,0,2,2,1,0,0,0,2,0,0,0,0,0,0,2,0,0,2,0,0,2,0,0,2,0,0,0,0
NA21111,GIH,SAS,male,NA21111,0,0,male,0,0,1,0,0,0,2,0,2,0,0,2,2,0,0,0,1,1,0,0,0,2,0,0,0,0,1,0,0,0,1,0,0,1,0,0,0,0,0,0,0,0,1,0,1,0,1,1,0,0,0,2,0,0,0,1,0,2,0,0,0,0,0,0,0,0,0,2,0,0,0,0,0,1,2,1,0,1,0,2,0,2,2,0,0,2,0,0,0,0,0,0,2,0,0,2,0,0,0,0
NA21112,GIH,SAS,male,NA21112,0,0,male,0,2,0,0,0,2,2,0,0,0,1,0,2,0,0,0,2,1,0,1,0,2,0,0,0,0,1,0,0,0,0,0,0,1,0,0,0,1,1,0,2,0,1,0,0,0,2,1,0,0,0,2,2,0,0,0,0,0,0,0,1,0,0,0,0,0,0,2,1,0,0,0,0,0,1,1,0,0,0,2,0,1,0,0,0,0,0,0,0,0,0,0,2,0,0,1,0,0,0,0
NA21113,GIH,SAS,male,NA21113,0,0,male,0,2,2,0,0,1,2,0,0,0,0,1,2,0,0,0,2,1,0,0,0,2,0,0,0,0,1,0,0,0,0,0,0,1,0,0,0,0,0,0,0,1,1,0,0,0,1,2,0,0,0,2,0,0,0,0,0,2,0,0,0,0,0,0,1,0,0,2,1,1,0,0,0,1,1,1,0,0,0,2,0,0,1,0,0,0,1,0,0,0,0,0,2,0,0,2,0,0,0,0
NA21114,GIH,SAS,male,NA21114,0,0,male,0,1,1,0,1,1,2,0,0,0,0,1,2,2,0,0,2,1,0,0,1,2,0,0,0,0,0,0,0,0,0,0,1,1,0,0,0,1,1,0,0,0,1,0,0,0,1,2,0,0,0,2,1,0,0,0,0,1,0,0,0,0,0,1,0,0,0,2,0,0,0,0,0,1,0,1,0,0,0,2,0,0,0,0,0,0,1,0,0,1,0,0,2,0,0,1,0,0,0,0
NA21115,GIH,SAS,male,NA21115,0,0,male,0,0,0,0,0,0,2,0,0,0,0,1,2,2,0,0,2,1,0,1,0,2,0,0,0,0,1,0,0,0,1,0,0,0,0,0,0,0,0,0,0,0,0,0,0,0,2,1,0,0,1,2,0,0,0,0,0,1,0,0,1,0,0,0,1,0,0,1,2,2,0,0,0,1,1,1,0,1,0,2,0,0,1,0,0,0,1,0,0,0,0,0,2,0,0,2,0,0,0,0
NA21116,GIH,SAS,male,NA21116,0,0,male,0,0,2,0,0,0,2,0,2,0,0,1,2,0,0,0,2,1,1,0,0,2,0,0,0,0,1,0,1,1,1,0,0,0,0,0,0,0,0,0,0,2,1,0,0,0,1,2,0,0,1,2,0,0,0,0,0,1,0,0,1,0,0,0,1,0,0,2,0,0,0,0,0,1,1,1,0,0,0,2,0,0,0,0,0,0,0,0,0,0,0,0,2,0,0,1,0,0,0,0
NA21117,GIH,SAS,male,NA21117,0,0,male,0,0,0,0,0,0,2,0,0,0,0,1,2,0,0,0,1,1,0,0,0,2,0,0,0,0,1,0,0,0,1,0,0,1,0,0,0,0,0,0,1,0,2,0,0,0,1,2,1,0,0,2,0,0,0,1,0,0,0,0,2,0,0,0,1,0,0,2,1,1,0,0,0,1,0,2,0,1,0,1,0,0,0,0,0,0,0,0,0,0,0,0,2,0,0,1,0,0,1,0
NA21118,GIH,SAS,male,NA21118,0,0,male,0,1,0,0,0,0,2,0,0,0,0,0,0,0,0,0,2,1,0,0,0,2,0,0,0,0,0,0,0,0,1,0,0,0,2,0,0,0,0,0,1,0,2,0,1,0,2,2,0,0,0,2,0,0,0,0,0,0,0,0,1,0,0,0,0,0,0,1,0,1,0,0,0,1,0,1,0,0,0,2,1,0,0,0,0,0,2,0,0,1,0,0,2,0,0,1,0,0,0,0
NA21119,GIH,SAS,male,NA21119,0,0,male,0,1,2,0,0,0,2,0,0,0,0,0,2,0,1,0,2,1,0,0,0,2,0,0,0,0,1,0,0,0,0,0,0,0,1,0,0,0,0,0,0,0,0,0,0,0,1,1,1,0,1,2,0,0,0,0,0,0,0,0,1,0,0,0,1,0,0,2,1,2,0,0,0,2,1,1,0,1,0,1,0,0,0,0,0,1,2,0,0,1,0,0,2,0,0,2,0,0,0,0
NA21120,GIH,SAS,female,NA21120,0,0,female,0,0,0,0,0,0,2,0,1,0,0,1,2,0,0,0,1,0,0,1,0,2,0,0,0,0,0,0,0,0,0,0,0,0,0,0,0,0,0,0,0,0,1,0,1,0,2,1,0,0,0,2,1,0,0,0,0,0,0,0,2,0,0,0,1,0,0,1,1,1,0,0,0,1,0,0,0,1,0,1,0,0,0,0,1,0,1,0,0,0,0,0,2,0,0,1,0,0,0,0
NA21122,GIH,SAS,female,NA21122,0,0,female,0,1,0,0,1,2,2,0,1,0,1,1,2,0,0,0,1,2,0,0,0,2,0,0,0,0,0,0,0,0,0,0,1,1,0,0,0,0,0,0,1,1,0,0,0,0,0,2,0,0,0,2,1,0,0,0,0,0,0,0,1,0,0,0,1,0,0,2,1,1,0,0,0,0,2,1,0,0,0,1,0,1,1,0,1,0,1,0,0,0,0,0,2,0,0,2,0,0,0,1
NA21123,GIH,SAS,male,NA21123,0,0,male,0,0,0,0,0,1,2,0,1,0,0,0,2,0,0,0,2,0,0,0,0,2,0,1,1,0,1,0,0,0,0,0,1,1,0,0,0,0,0,0,0,0,2,0,0,0,0,1,0,0,0,2,0,0,0,0,0,0,0,0,1,0,0,0,1,0,0,2,1,1,0,0,0,1,2,0,0,0,0,1,0,1,0,0,0,1,0,0,0,0,0,0,2,0,0,0,0,0,0,0
NA21124,GIH,SAS,male,NA21124,0,0,male,0,0,2,0,0,1,2,0,1,0,0,0,2,2,0,0,2,2,0,0,0,2,0,0,0,0,1,0,0,0,0,0,0,1,0,0,0,1,1,0,1,0,2,0,0,0,1,1,0,0,0,2,0,0,0,0,0,0,0,0,1,0,0,1,0,0,0,2,2,2,0,0,0,1,0,1,0,0,0,1,0,1,1,0,0,0,1,0,1,1,0,0,0,0,0,1,0,0,0,0
NA21125,GIH,SAS,female,NA21125,0,0,female,0,1,0,0,0,0,2,0,0,0,0,0,2,2,0,0,2,1,0,1,0,2,0,0,0,0,1,0,0,0,0,0,0,0,0,0,0,0,0,0,1,0,2,0,0,0,1,2,0,0,0,2,0,0,0,0,0,1,0,0,2,0,0,0,1,0,0,1,2,2,0,0,0,0,1,2,0,1,0,1,0,0,0,0,0,0,1,0,0,1,0,0,2,0,0,2,0,0,1,0
NA21126,GIH,SAS,male,NA21126,0,0,male,0,1,2,0,0,0,2,0,0,0,0,0,2,2,0,0,2,1,0,0,0,2,0,0,0,0,1,0,0,0,0,0,0,1,1,0,0,0,0,0,1,0,1,0,0,0,1,2,0,0,1,2,1,0,0,0,0,0,0,0,1,0,0,1,0,0,0,2,1,0,0,0,0,1,1,2,0,0,0,2,0,0,0,0,0,1,0,0,0,0,0,0,2,0,0,2,0,0,0,0
NA21127,GIH,SAS,male,NA21127,0,0,male,0,0,0,0,1,1,2,0,1,0,0,1,2,0,0,0,2,2,0,0,0,2,0,0,0,0,2,0,0,0,0,0,0,0,0,0,0,0,0,0,0,0,1,0,0,0,2,2,1,0,0,2,0,0,0,0,0,1,0,0,0,0,0,0,0,0,0,2,0,0,0,0,0,1,1,2,0,0,0,0,0,0,0,0,0,0,1,0,0,1,0,0,2,0,0,2,0,0,0,0
NA21128,GIH,SAS,male,NA21128,0,0,male,0,1,0,0,0,1,2,0,0,0,0,1,2,2,0,0,1,0,1,1,0,2,0,0,0,0,1,0,0,0,0,0,0,1,0,0,0,0,0,0,2,0,0,0,0,0,2,2,0,0,1,1,1,0,0,0,0,0,0,0,1,0,0,0,1,0,0,1,1,1,0,0,0,1,1,2,0,0,0,1,0,0,1,0,0,0,0,0,1,0,0,0,2,0,0,2,1,0,0,0
NA21129,GIH,SAS,male,NA21129,0,0,male,0,1,1,1,0,0,2,0,0,0,0,0,2,0,0,0,2,1,0,0,0,2,0,0,0,0,0,0,0,0,1,0,0,0,0,0,0,0,0,0,1,1,1,0,1,0,2,2,0,0,0,2,1,0,0,0,0,0,0,0,2,0,0,0,0,0,0,1,0,0,0,0,0,0,0,2,0,1,0,1,0,0,0,1,0,0,2,0,0,0,0,0,2,0,0,1,0,0,0,0
NA21130,GIH,SAS,male,NA21130,0,0,male,0,0,0,0,1,1,2,0,0,0,0,1,2,2,0,0,2,2,0,0,0,2,0,0,0,0,0,0,0,0,1,0,0,1,0,1,0,0,0,0,1,1,0,0,0,0,1,1,0,0,0,2,0,0,0,0,0,0,0,0,0,0,0,0,1,0,0,1,2,2,0,0,0,1,1,0,0,2,0,0,2,0,0,0,1,1,1,0,0,1,0,0,1,0,0,2,0,0,0,0
NA21133,GIH,SAS,male,NA21133,0,0,male,0,1,1,0,0,0,2,0,0,0,0,1,2,2,0,0,1,0,0,0,0,2,0,0,0,0,1,0,0,0,0,0,0,0,0,0,0,0,0,0,1,0,2,0,0,0,2,2,0,0,0,2,0,0,0,0,0,2,0,0,0,0,0,0,0,0,0,1,2,2,0,0,0,1,1,2,0,1,0,2,0,0,0,0,1,0,0,0,0,1,0,0,2,0,0,2,0,0,0,0
NA21135,GIH,SAS,male,NA21135,0,0,male,0,0,0,0,0,0,2,0,1,0,0,1,2,0,0,0,2,2,0,0,0,2,0,0,0,0,0,0,0,0,0,0,0,0,0,0,0,0,0,0,0,0,0,0,0,0,2,1,0,0,0,2,0,0,0,1,0,2,0,0,2,0,0,0,1,0,0,1,0,0,0,0,0,1,1,2,0,0,0,2,1,0,0,0,0,0,1,0,1,1,0,0,1,0,0,2,0,0,0,0
NA21137,GIH,SAS,female,NA21137,0,0,female,0,2,0,0,0,0,2,0,0,0,0,1,2,1,0,0,2,0,0,0,0,2,0,0,0,0,0,0,0,0,2,0,0,1,0,1,0,0,0,0,0,0,1,0,0,0,2,2,0,0,0,2,1,0,0,0,0,2,0,0,1,0,0,0,0,0,0,1,2,2,0,0,0,1,1,1,0,1,0,1,1,0,0,0,0,0,1,0,0,1,0,0,2,0,0,2,0,0,1,0
NA21141,GIH,SAS,female,NA21141,0,0,female,0,1,1,0,0,0,2,0,0,0,0,1,2,0,0,0,2,1,0,1,0,2,0,0,0,0,1,0,0,0,0,0,0,0,0,0,0,1,1,0,1,0,1,0,0,0,1,0,0,0,0,2,0,0,0,0,0,1,0,0,1,0,0,0,0,0,0,2,1,1,0,0,0,1,2,0,0,1,0,2,0,0,1,0,0,0,0,0,0,1,0,0,1,0,0,2,0,0,1,0
NA21142,GIH,SAS,female,NA21142,0,0,female,0,1,0,0,0,0,2,0,0,0,0,0,2,2,0,0,2,0,0,0,0,2,0,0,0,0,2,0,0,0,0,0,0,1,1,0,0,0,0,0,1,0,2,0,0,0,2,0,0,0,0,2,0,0,0,0,0,0,0,0,0,0,0,0,1,0,0,2,1,1,0,0,0,1,0,2,0,1,0,0,0,0,0,0,0,0,2,0,1,1,0,0,2,0,0,2,0,0,0,0
NA21143,GIH,SAS,female,NA21143,0,0,female,0,1,0,0,0,1,2,0,0,0,1,2,1,1,0,0,2,0,0,1,1,2,0,0,0,0,2,0,0,0,0,0,0,1,0,0,0,0,0,0,0,0,1,0,0,0,2,2,1,0,0,2,0,0,0,0,0,1,0,0,1,0,0,0,0,0,0,2,2,2,0,0,0,1,1,1,0,1,0,2,0,1,1,0,0,0,1,0,0,1,0,0,2,0,0,1,0,0,0,1
NA21144,GIH,SAS,female,NA21144,0,0,female,0,0,1,0,0,1,2,0,0,0,0,0,0,0,1,0,1,0,0,0,0,2,0,0,0,0,1,0,0,0,1,0,0,0,1,0,0,0,0,0,0,0,1,0,1,0,1,2,0,0,1,2,2,0,0,0,0,0,0,0,0,0,0,0,0,0,0,0,1,2,0,0,0,2,1,1,0,0,0,2,1,0,0,0,1,0,1,0,1,1,0,0,1,0,0,1,0,0,0,0
