Gender,Population,Super_Population,SNP_1,SNP_2,SNP_3,SNP_4,SNP_5,SNP_6,SNP_7,SNP_8,SNP_9,SNP_10,SNP_11,SNP_12,SNP_13,SNP_14,SNP_15,SNP_16,SNP_17,SNP_18,SNP_19,SNP_20,SNP_21,SNP_22,SNP_23,SNP_24,SNP_25,SNP_26,SNP_27,SNP_28,SNP_29,SNP_30,SNP_31,SNP_32,SNP_33,SNP_34,SNP_35,SNP_36,SNP_37,SNP_38,SNP_39,SNP_40,SNP_41,SNP_42,SNP_43,SNP_44,SNP_45,SNP_46,SNP_47,SNP_48,SNP_49,SNP_50
male,MSL,AMR,0,2,0,0,0,0,2,0,0,0,0,1,2,0,0,0,2,1,0,0,0,2,0,0,0,0,0,0,0,0,0,0,0,0,0,0,0,1,0,0,1,0,2,0,2,0,2,1,0,0
female,LWK,AMR,0,2,1,0,0,0,2,0,0,0,1,0,2,0,0,0,2,0,0,0,0,2,0,0,0,0,0,0,0,0,0,0,1,1,0,0,0,0,0,0,0,1,2,0,0,0,2,1,0,0
female,PUR,SAS,0,0,0,0,0,0,2,0,0,0,0,1,2,0,0,0,1,0,0,0,0,2,0,0,1,0,1,0,0,0,0,0,0,1,0,0,0,0,0,0,1,1,1,0,0,0,1,2,0,0
male,LWK,EAS,0,1,0,1,0,0,2,0,1,0,0,1,2,0,0,0,1,0,0,0,1,2,0,1,0,0,0,0,0,0,0,0,1,1,1,0,0,2,0,0,2,0,1,0,0,0,0,2,1,0
male,CDX,AFR,0,2,0,0,0,0,2,0,1,0,0,0,2,0,0,0,2,0,0,1,1,2,0,0,0,0,0,0,0,0,0,0,0,0,0,0,0,0,0,0,1,1,2,0,0,0,2,1,0,0
female,ACB,AFR,0,2,0,0,0,0,2,0,0,0,0,0,0,0,0,0,2,0,0,0,0,2,0,1,0,0,1,0,0,0,0,0,0,0,0,0,0,1,0,0,1,1,0,0,1,0,2,1,0,0
male,GWD,AFR,0,2,1,0,0,0,2,0,0,0,0,0,1,0,1,0,2,0,0,2,0,2,0,0,0,0,0,0,0,1,0,0,0,1,0,0,0,2,1,0,0,1,2,0,0,0,1,1,0,0
female,IBS,AMR,0,2,0,0,0,0,2,0,0,0,0,0,2,0,0,0,1,0,0,0,0,2,0,0,0,0,0,0,0,0,0,0,0,1,0,1,0,0,0,0,1,2,1,0,1,0,0,0,0,0
male,ASW,AFR,0,0,0,0,0,0,2,0,0,1,0,0,2,0,0,0,1,1,0,1,0,2,0,0,0,0,1,0,0,0,0,0,0,1,2,0,0,0,0,0,1,1,0,0,0,0,2,1,0,0
female,MXL,AFR,0,0,1,0,0,0,2,1,0,0,1,0,1,1,0,0,0,0,0,0,0,2,0,0,1,0,0,0,0,0,0,0,0,0,1,0,0,2,0,0,1,1,2,0,0,0,0,1,1,0
female,TSI,AMR,0,2,0,1,0,0,2,0,0,0,0,0,2,0,0,0,1,0,0,0,0,2,0,0,0,0,0,0,0,0,0,0,0,1,0,0,0,1,0,0,0,0,2,2,1,0,2,2,0,0
female,CHS,AMR,0,2,0,0,0,2,2,0,0,0,0,1,2,0,0,1,1,0,0,1,0,1,0,0,0,0,0,0,0,0,1,1,0,2,0,0,0,1,0,0,1,1,1,0,0,0,2,2,1,0
female,ACB,EUR,0,0,0,0,0,0,2,0,1,0,0,0,2,1,0,0,1,0,0,0,0,2,0,1,0,0,1,0,0,0,0,0,0,1,2,0,0,2,0,0,0,1,2,0,0,0,1,1,0,0
female,KHV,AMR,0,0,2,1,1,0,2,0,0,0,1,0,2,0,0,0,2,0,0,0,1,2,0,0,0,1,1,0,0,0,0,0,0,0,1,0,0,0,0,0,1,0,1,0,0,0,2,1,0,0
female,CHB,EAS,0,1,0,0,0,1,2,0,0,0,0,1,1,0,0,0,2,0,1,0,0,2,0,0,0,0,0,0,0,0,2,0,0,2,1,0,0,0,0,0,1,2,2,0,0,0,1,2,0,0
male,LWK,EAS,0,2,1,1,0,0,2,0,0,0,0,0,2,1,0,0,2,0,0,0,0,2,0,1,0,0,0,0,1,0,0,0,1,2,0,0,0,0,0,0,0,0,2,0,0,0,1,1,0,0
male,ESN,EUR,0,0,0,0,0,0,1,0,1,0,0,0,1,0,0,1,1,0,0,0,0,2,0,0,0,1,0,0,0,0,0,0,1,1,0,0,0,0,0,0,0,0,2,0,1,0,1,2,0,0
female,CHB,AFR,0,2,1,0,0,0,2,0,0,0,0,0,1,0,0,0,1,0,0,0,1,2,0,0,1,0,0,0,0,0,0,0,0,0,0,0,0,0,0,0,1,2,1,0,0,0,1,1,0,0
female,ACB,EUR,0,0,1,0,0,0,2,0,0,0,0,0,2,0,0,0,1,0,0,2,0,2,0,0,0,0,0,0,0,0,0,0,0,1,1,0,0,0,0,0,1,1,0,0,0,0,2,1,0,0
male,CLM,EUR,0,2,1,1,0,0,2,0,0,0,1,0,2,2,0,0,2,0,0,0,0,2,0,0,0,1,0,0,0,0,0,0,0,0,0,0,0,1,0,0,1,0,2,0,0,0,0,1,0,0
female,PEL,EUR,0,0,1,0,0,0,2,0,0,0,0,0,2,0,0,0,2,0,0,1,0,2,0,0,0,0,1,0,0,0,0,0,0,1,1,0,0,0,0,0,0,1,1,0,0,0,1,2,0,0
female,PUR,SAS,0,2,0,1,0,1,2,0,0,0,1,0,2,1,0,0,1,0,0,0,1,2,0,0,1,0,0,0,0,1,0,0,0,0,1,0,0,2,0,0,1,0,0,0,1,0,1,0,2,0
female,FIN,AFR,0,2,0,0,0,0,2,1,0,0,0,0,2,0,0,0,2,1,0,0,1,2,0,0,0,0,1,0,0,1,1,0,0,1,1,1,0,2,0,1,1,0,2,0,0,0,1,1,0,0
male,TSI,AMR,0,2,0,0,0,0,2,0,0,0,0,1,1,0,0,0,0,0,0,1,0,1,0,0,1,0,0,0,0,0,0,0,1,0,0,0,0,1,0,0,2,0,1,0,0,0,1,1,0,1
male,GIH,SAS,0,2,0,0,0,0,2,0,1,0,0,0,2,1,0,0,2,0,0,0,0,2,0,1,1,0,0,0,0,0,0,0,0,0,2,1,0,0,0,0,1,0,2,0,0,0,2,1,0,0
male,CHB,AFR,0,2,2,0,0,1,2,0,0,0,0,0,2,0,0,0,2,0,0,1,0,2,1,0,1,0,0,0,0,0,0,0,0,1,1,0,0,0,0,0,1,1,2,0,0,0,0,2,0,0
female,STU,EAS,0,0,1,0,0,0,2,0,0,1,0,0,2,1,0,0,1,0,0,2,0,1,0,1,0,0,0,0,0,0,1,0,0,0,0,0,0,2,0,0,0,0,2,0,0,2,2,1,0,0
male,ESN,EUR,0,1,1,0,0,0,2,0,0,0,0,0,2,0,0,0,2,0,0,2,0,2,0,0,0,1,0,0,0,0,0,0,0,2,0,0,0,2,0,0,0,0,1,0,1,0,0,1,0,0
male,YRI,AFR,0,2,1,0,0,0,2,0,0,0,0,0,2,0,0,0,1,1,0,0,0,2,0,0,0,0,0,0,0,0,0,0,0,0,0,0,0,0,0,0,1,0,1,0,1,0,1,1,0,0
male,STU,AMR,0,2,0,0,0,0,2,0,0,0,0,0,2,1,0,0,1,0,0,2,1,2,0,0,0,0,0,0,0,0,2,0,0,1,1,1,1,2,0,0,1,1,2,0,0,0,2,1,0,0
female,JPT,AFR,0,1,0,0,0,0,2,0,0,0,0,0,2,0,0,0,1,1,0,0,0,2,0,1,0,0,1,0,0,0,0,0,0,0,0,0,0,1,0,0,0,0,2,1,0,0,1,1,0,0
male,CHB,EAS,0,0,2,1,0,1,2,0,0,0,0,0,2,0,0,0,1,1,0,2,0,2,0,0,0,0,0,0,0,0,0,0,0,1,1,0,0,1,0,0,1,0,0,0,1,0,0,2,0,0
female,GWD,EAS,0,2,0,1,0,0,2,0,0,0,1,2,2,0,0,0,1,1,0,0,0,2,0,1,0,0,0,0,1,0,1,1,0,0,0,0,0,0,0,0,0,1,2,0,1,0,1,1,0,0
male,KHV,AFR,0,0,1,0,0,0,2,0,0,0,0,0,2,0,0,0,2,1,0,0,2,2,0,0,0,0,0,0,1,1,0,0,0,0,1,0,0,0,0,0,2,1,1,0,0,0,0,2,0,0
male,KHV,EAS,0,2,0,0,0,0,2,0,0,0,0,0,2,1,0,1,1,0,0,1,0,2,0,0,0,0,1,0,0,0,0,0,0,1,0,0,0,0,0,0,2,0,1,0,0,0,0,2,0,0
male,JPT,EUR,0,2,0,0,0,0,2,0,0,0,0,0,2,1,0,1,2,0,0,0,1,2,0,0,0,0,0,0,0,0,0,0,0,1,1,0,0,1,0,0,1,0,1,0,1,0,1,2,0,0
female,CEU,AFR,0,2,0,0,0,0,2,1,0,0,0,1,2,0,1,1,1,0,0,1,0,2,0,0,0,0,0,0,0,0,0,0,0,1,0,0,0,1,0,0,1,0,2,0,0,0,1,2,1,0
male,MSL,AMR,0,2,0,0,0,0,2,0,2,0,1,0,2,0,0,0,2,0,0,0,0,2,0,0,0,0,0,0,2,0,0,0,0,0,1,0,0,0,0,0,2,0,2,0,0,0,0,2,0,0
male,FIN,EUR,0,2,0,0,0,0,2,0,0,0,0,1,2,0,0,0,0,1,0,0,0,2,0,0,0,0,0,0,0,0,0,0,0,1,2,0,0,2,0,0,1,2,0,0,0,0,1,1,0,0
female,PJL,SAS,0,2,0,0,0,0,2,0,1,0,0,0,2,0,0,0,1,0,0,0,0,2,0,1,0,0,0,0,0,0,1,0,0,1,1,0,0,2,0,0,1,0,0,0,0,0,2,1,0,0
female,ESN,EUR,0,2,1,0,0,0,2,0,0,0,0,0,2,0,0,0,2,2,0,0,0,2,0,0,0,0,0,0,0,0,0,0,0,2,0,1,0,1,0,0,1,0,0,0,0,0,1,0,2,0
male,CDX,AFR,0,2,0,0,0,0,2,0,0,0,0,0,1,0,1,0,2,1,0,0,0,2,0,1,0,0,1,0,0,0,0,0,1,2,0,0,0,2,0,0,0,1,2,0,0,0,2,1,0,0
male,GIH,EAS,0,2,2,0,0,0,2,0,0,0,0,1,2,0,0,0,2,1,0,1,0,1,0,0,0,0,0,0,2,0,0,0,0,0,2,0,0,0,0,0,0,1,0,0,0,0,1,2,0,0
male,FIN,EAS,0,2,0,0,0,0,2,0,1,0,0,0,2,1,0,0,1,0,0,0,0,1,0,0,0,0,0,0,0,0,0,0,0,1,0,1,0,2,0,0,1,0,2,0,0,2,1,1,0,0
female,TSI,SAS,0,1,0,0,0,0,2,0,0,0,1,0,2,0,0,0,1,1,0,1,1,2,0,0,0,0,0,0,0,0,0,0,0,1,1,0,0,0,0,0,1,1,2,0,0,0,2,1,0,0
male,IBS,SAS,0,1,0,1,0,2,2,0,0,0,0,2,0,0,0,0,2,0,0,1,1,2,0,0,0,0,0,0,0,0,0,0,0,0,0,1,0,0,0,0,1,1,0,1,0,0,0,1,0,0
female,PEL,AFR,0,2,0,0,0,0,2,0,0,0,0,1,2,0,0,0,0,0,0,2,0,2,0,0,0,1,0,0,0,0,0,0,0,0,0,0,0,1,0,0,2,1,0,0,1,0,0,1,0,0
male,ACB,SAS,0,2,0,0,0,0,2,0,0,0,0,0,2,0,0,0,2,0,0,2,0,2,0,0,0,0,0,0,0,0,0,0,0,0,0,0,0,0,0,0,0,0,0,0,0,0,0,1,1,0
male,CHB,EAS,0,2,1,0,0,0,2,0,0,0,0,0,2,1,0,0,2,0,0,0,0,2,0,0,0,0,0,0,1,0,0,0,0,0,0,0,0,0,0,0,1,1,2,0,0,0,2,2,1,0
female,GWD,EUR,0,1,0,0,0,0,2,0,1,0,0,0,2,0,0,0,2,0,0,2,0,1,0,0,0,1,0,0,0,0,1,1,0,1,0,0,0,1,0,0,1,1,1,0,1,0,2,2,1,1
female,LWK,AMR,0,2,0,0,0,0,2,0,0,0,0,0,1,0,0,0,2,1,0,2,0,2,0,0,0,0,0,0,0,0,0,0,0,1,1,0,0,2,0,0,0,0,1,0,0,0,1,2,0,0
female,CHB,SAS,0,0,1,0,0,0,2,0,0,0,0,0,2,0,0,0,1,0,0,2,0,2,0,0,0,0,0,0,0,0,0,0,0,1,0,0,0,2,0,0,0,1,1,0,0,0,2,0,0,0
female,MSL,EUR,0,2,0,0,0,0,2,0,0,0,0,1,2,0,0,0,1,1,0,2,1,2,1,0,0,0,0,0,0,0,0,0,0,1,0,0,0,0,0,0,1,0,2,0,0,0,1,1,0,0
male,GWD,EAS,0,2,0,0,0,0,2,0,2,0,0,0,2,0,0,0,1,1,0,1,0,1,0,0,0,0,0,0,0,0,1,0,0,1,1,0,0,1,0,0,0,0,2,0,0,0,0,1,2,0
female,GIH,EAS,1,0,0,0,0,0,1,0,0,0,0,0,2,0,1,0,1,0,0,1,1,2,0,0,1,0,1,0,0,0,0,0,1,0,1,0,0,0,0,0,1,0,1,0,0,0,2,1,0,0
male,PJL,AFR,0,0,0,0,0,0,2,0,0,0,0,0,2,0,0,0,2,0,0,2,0,2,0,0,0,0,1,0,0,1,0,0,0,1,0,0,0,0,0,0,0,0,1,0,0,0,2,2,0,0
female,PUR,EAS,0,0,0,0,0,0,2,0,0,0,1,1,2,0,1,0,1,0,0,0,0,2,0,0,0,0,0,0,1,0,1,0,0,0,0,0,0,0,0,0,0,1,1,0,0,0,2,1,0,0
female,PEL,AFR,0,1,0,0,0,0,2,0,0,0,0,0,2,0,0,0,2,1,0,1,0,2,0,0,0,0,0,0,0,0,1,0,0,1,0,0,0,0,0,0,1,1,1,0,0,0,1,2,0,0
male,MSL,EAS,0,2,0,0,0,0,2,0,0,0,0,0,1,0,0,0,2,0,0,2,0,2,0,0,0,0,0,0,0,0,0,2,0,0,0,0,0,2,0,0,1,0,2,0,0,0,2,0,0,0
male,GWD,SAS,0,2,0,0,0,0,2,0,0,0,0,1,2,0,0,0,2,0,0,1,0,2,0,0,0,0,1,0,0,0,1,0,0,1,2,1,0,0,0,0,1,0,2,0,0,0,1,0,0,0
female,YRI,AFR,0,2,0,1,0,0,2,0,0,0,0,1,2,0,0,0,2,1,0,0,0,2,0,0,0,0,1,0,0,0,0,0,0,1,1,0,0,1,0,0,0,0,1,0,0,0,1,2,0,0
male,LWK,EAS,0,1,1,0,0,0,2,0,0,0,0,0,2,0,0,1,2,0,0,2,0,2,0,1,0,0,0,0,0,0,0,0,0,1,0,0,0,2,0,0,2,0,1,0,0,0,0,1,0,0
female,ESN,SAS,0,0,1,0,0,0,2,0,0,0,0,0,1,0,0,0,2,0,0,2,0,1,0,0,0,0,0,0,0,0,0,0,0,1,1,0,0,2,0,0,1,0,0,0,0,0,0,2,0,0
male,ACB,SAS,0,2,0,1,0,0,2,0,0,0,0,0,2,0,0,0,0,0,0,2,0,1,0,0,0,0,0,0,0,0,2,0,0,1,1,0,0,0,0,0,0,1,1,0,0,0,2,2,0,0
male,CHS,EUR,0,1,0,0,0,0,2,0,0,0,0,0,2,2,0,1,2,2,0,2,1,2,0,0,0,0,0,0,0,0,1,0,0,1,0,0,0,2,0,0,1,1,1,0,0,0,1,1,0,0
male,CEU,EAS,0,2,2,0,0,0,2,0,0,0,0,0,2,1,0,0,1,0,0,1,2,2,0,0,0,0,1,0,2,0,0,0,0,0,0,0,0,1,1,0,1,0,0,0,0,0,0,2,0,0
male,CEU,EUR,0,0,0,1,0,1,2,0,0,0,0,1,2,2,0,0,1,1,0,1,0,2,0,0,0,0,0,0,0,1,0,1,0,0,2,0,0,0,0,0,1,2,2,0,0,0,0,2,0,0
male,PEL,EUR,0,1,0,0,0,0,2,0,0,0,0,0,2,0,0,1,1,0,0,0,0,2,0,0,0,0,0,0,0,1,0,0,0,1,0,0,0,0,0,0,2,1,1,0,0,0,0,1,0,0
male,LWK,SAS,0,2,1,0,0,0,2,0,1,0,0,2,2,1,1,0,1,1,0,2,0,2,0,0,0,0,1,0,0,0,0,0,0,0,1,0,0,0,0,0,1,1,2,0,0,0,2,0,1,0
male,ESN,AFR,0,0,0,0,0,0,2,0,0,0,0,0,2,0,0,0,2,0,0,0,0,2,0,0,0,0,0,0,0,0,1,0,0,1,0,0,0,2,0,0,2,0,0,0,1,0,1,2,0,0
male,CDX,SAS,0,0,0,0,0,0,2,0,0,0,1,0,0,1,1,0,1,1,0,0,1,2,0,0,0,0,0,0,0,0,0,1,1,0,0,1,0,1,0,0,1,2,2,0,0,0,1,2,0,0
male,ACB,AFR,0,2,1,0,0,0,2,0,1,0,0,0,2,1,0,0,2,0,0,2,0,1,0,0,0,0,0,0,0,0,0,0,0,1,1,0,0,0,0,0,1,0,1,0,0,0,0,2,0,0
female,TSI,EAS,0,1,0,0,0,0,2,0,0,0,1,0,2,0,0,0,1,0,0,1,1,2,0,0,0,0,0,0,0,1,0,0,0,0,0,0,0,2,0,0,0,0,2,0,0,0,2,2,0,0
male,IBS,SAS,0,1,0,0,0,0,2,0,0,0,0,1,2,0,0,1,2,0,0,1,0,2,0,0,0,0,0,0,0,0,1,0,0,0,0,0,0,0,0,0,0,1,1,0,1,0,2,1,0,0
female,ESN,AFR,0,1,0,0,0,0,1,1,0,0,0,0,1,1,0,1,2,0,0,2,0,2,0,0,0,0,0,0,1,1,0,0,0,2,0,0,0,0,0,0,1,0,2,0,0,0,1,0,0,0
female,IBS,SAS,0,0,0,0,0,0,2,0,0,0,1,0,2,0,0,0,1,2,0,2,0,2,0,0,0,0,0,0,0,0,1,0,0,0,1,0,0,0,0,0,1,0,2,0,1,0,0,2,0,0
female,ACB,EAS,0,0,0,0,0,0,2,0,0,0,0,0,2,2,0,0,1,0,0,2,1,2,0,0,0,0,0,0,0,0,1,0,0,0,0,0,0,0,0,0,1,0,0,0,0,0,1,2,2,0
female,PEL,SAS,0,1,1,0,0,0,2,0,0,0,0,2,2,0,0,0,2,0,0,0,0,2,0,0,0,0,0,0,0,0,0,0,0,1,2,0,0,2,0,0,1,0,2,0,0,0,1,1,0,0
female,CEU,EAS,0,0,0,0,0,0,2,0,0,0,1,0,2,0,0,0,2,0,0,0,0,2,0,1,0,0,1,0,0,0,0,0,0,1,1,0,0,0,0,0,1,0,0,0,0,0,2,1,0,0
female,ACB,EUR,0,2,0,0,0,0,2,0,0,0,1,0,1,0,0,0,2,1,0,0,0,2,0,0,0,0,1,0,0,1,0,0,0,1,0,0,0,2,0,0,2,0,2,0,0,0,0,2,0,0
male,CDX,AFR,0,2,0,0,0,0,2,0,0,0,1,0,2,0,0,0,1,1,0,1,0,2,0,0,0,0,1,0,0,0,0,0,0,1,1,0,0,0,0,0,0,1,2,0,0,0,0,1,0,0
female,LWK,EUR,0,2,0,0,1,0,2,0,0,0,0,2,2,0,1,0,2,0,0,0,0,2,1,0,1,0,0,0,0,0,0,1,0,1,1,0,0,0,0,0,1,0,0,0,1,0,2,1,0,0
male,ITU,AFR,0,0,0,1,0,0,2,0,0,0,0,0,1,0,0,0,1,1,0,0,0,2,0,0,0,1,0,0,0,0,0,0,0,0,0,0,0,2,0,0,0,1,2,0,1,0,0,1,0,0
male,ESN,EAS,0,2,0,0,0,1,2,0,0,0,0,0,0,0,0,1,1,0,0,0,0,1,0,1,0,0,0,0,1,0,1,0,0,0,0,0,1,1,0,1,1,0,2,0,0,0,2,1,1,1
female,PEL,AFR,0,1,0,0,0,0,2,0,1,0,0,0,0,0,0,0,1,1,0,2,0,2,0,0,0,0,0,0,0,0,0,0,0,0,1,2,0,0,0,0,1,0,2,0,0,0,2,2,0,0
female,CHB,EAS,0,0,1,0,0,0,2,0,0,0,0,1,2,0,0,0,2,0,0,0,0,1,0,0,0,0,0,0,0,0,0,0,0,1,0,0,0,1,0,0,1,0,2,0,0,0,0,1,0,0
male,CHB,AFR,0,1,0,0,0,0,2,0,0,0,0,0,2,0,0,0,1,0,0,1,0,1,0,0,0,0,0,0,0,0,0,1,0,1,1,0,0,0,0,0,0,1,2,0,1,0,2,1,0,1
male,MSL,AFR,0,2,1,0,0,0,2,0,0,0,0,1,0,2,0,0,1,0,0,2,0,2,0,0,0,0,0,0,0,0,0,0,0,0,0,0,0,1,0,0,2,1,2,0,0,0,0,1,0,0
female,CEU,AFR,0,2,0,0,0,0,2,0,2,0,0,2,2,0,0,0,2,0,0,0,0,2,0,0,0,0,1,0,0,0,0,0,0,1,1,0,0,2,0,0,1,1,2,0,0,0,0,0,0,0
male,ACB,AFR,0,2,1,0,0,0,2,0,0,0,0,0,2,0,0,0,1,0,0,1,0,2,0,0,1,0,1,0,0,0,2,0,0,0,1,0,0,2,0,0,1,0,0,0,0,0,2,1,0,0
male,ITU,AMR,0,2,0,0,0,1,2,0,0,0,0,1,1,1,0,0,1,1,0,2,0,2,0,0,0,0,0,0,0,0,0,0,0,0,2,0,0,0,0,0,1,0,1,0,1,0,0,2,0,0
female,IBS,EAS,0,2,1,1,0,0,2,1,0,0,0,2,1,0,0,0,1,1,0,1,0,2,0,0,0,0,0,0,0,0,0,0,0,0,0,0,0,0,0,0,1,1,2,0,0,0,2,1,0,0
female,ESN,EUR,0,0,0,0,0,0,2,0,0,0,0,0,2,0,0,0,2,0,0,2,1,2,0,0,0,0,0,0,0,0,0,0,0,0,1,0,0,1,0,0,1,1,2,0,0,0,1,0,2,0
male,MXL,EAS,1,0,0,0,0,0,2,0,0,0,0,0,2,2,0,0,1,0,0,0,0,2,0,0,0,0,1,0,0,1,0,0,0,1,1,0,0,0,0,0,0,0,1,0,0,0,0,2,0,0
male,ACB,EUR,0,2,0,0,0,0,2,0,0,0,1,0,2,1,0,0,1,1,0,0,0,2,0,0,0,0,0,0,1,0,1,0,0,1,0,0,1,0,0,0,2,0,2,0,0,0,0,2,1,0
male,ESN,EUR,0,1,0,0,0,0,1,0,0,0,1,0,0,0,0,0,1,0,0,1,0,2,0,0,0,0,0,0,0,1,0,0,0,1,0,0,0,0,0,0,0,0,0,0,0,0,1,2,0,0
female,ESN,EUR,0,1,0,1,0,0,2,1,0,0,0,2,2,0,0,1,2,1,0,0,0,2,0,0,0,1,1,0,1,0,1,0,0,1,1,2,0,0,0,0,1,0,0,0,0,0,1,1,1,0
male,ESN,AFR,0,1,1,0,0,0,2,0,0,1,0,1,2,0,0,1,1,0,0,0,1,1,0,0,0,0,0,0,0,0,1,0,0,1,0,0,0,0,0,0,0,1,2,0,0,0,0,1,0,0
male,LWK,AFR,0,2,0,0,0,0,2,0,0,0,0,0,2,0,0,1,1,1,0,1,0,2,0,0,0,0,0,0,0,0,1,0,0,1,0,0,0,1,0,0,1,0,0,0,0,0,0,1,0,0
male,LWK,EAS,0,1,0,0,0,1,2,0,1,0,0,2,2,0,0,0,1,1,0,0,0,2,0,0,0,0,2,0,0,0,0,0,0,1,1,1,1,2,0,0,1,0,1,0,0,0,0,0,0,0
male,PEL,AFR,0,1,0,0,0,2,2,0,0,0,0,0,1,0,0,0,1,0,0,0,0,2,0,0,0,0,0,0,0,1,0,0,0,1,1,0,0,0,0,0,1,1,2,0,0,0,1,2,0,0
female,ESN,EAS,0,1,2,0,0,0,2,0,0,0,1,0,1,0,0,0,2,0,0,0,0,2,0,0,0,0,0,0,0,0,0,0,1,1,0,0,0,2,0,0,1,0,1,0,0,0,2,2,0,0
male,ACB,EAS,0,0,0,0,0,0,2,0,0,0,0,0,2,0,0,0,1,0,0,1,0,2,0,0,0,0,0,0,0,0,0,0,0,1,1,0,0,1,0,0,0,0,1,0,0,0,2,1,0,0
male,CEU,AFR,0,1,0,0,0,0,2,0,0,0,0,0,2,0,0,0,1,1,0,0,0,2,0,1,0,0,0,0,0,0,0,0,0,1,1,0,0,2,0,0,0,0,2,0,0,0,2,1,0,0
male,ACB,AFR,0,1,0,0,0,0,2,0,0,0,0,0,2,0,0,0,2,0,0,0,1,2,0,0,0,0,0,0,0,0,0,0,0,1,0,0,0,0,0,0,0,1,1,0,1,0,0,2,0,1
male,YRI,EUR,0,2,2,0,0,0,2,0,0,0,0,0,2,2,0,0,1,1,0,2,0,2,0,0,0,0,0,0,0,0,0,0,0,1,0,1,0,0,0,0,0,2,2,0,0,0,2,0,0,1
female,GIH,SAS,0,2,1,0,0,0,2,0,0,0,0,0,1,0,1,0,2,1,0,0,0,2,0,0,0,0,2,0,0,0,0,0,1,0,1,0,0,0,0,0,1,1,0,0,0,1,1,1,0,0
male,CHS,AMR,1,1,1,0,0,0,2,0,0,0,1,0,2,2,0,0,2,0,0,0,0,2,0,0,0,0,0,0,0,0,0,0,0,1,0,0,0,2,0,0,2,0,2,0,0,0,1,1,1,0
male,GBR,AFR,0,2,0,0,0,0,2,0,0,0,0,0,2,0,0,0,1,1,0,0,0,2,0,0,0,0,0,0,0,0,0,0,0,0,1,0,0,1,0,0,1,0,0,0,0,0,0,1,1,0
male,LWK,SAS,0,0,1,0,0,0,2,0,1,0,0,2,2,2,0,0,1,1,0,1,1,0,0,0,0,0,1,0,0,0,0,0,0,0,0,0,0,2,0,0,0,0,1,0,0,0,2,2,1,0
female,CDX,EAS,0,1,0,0,0,0,2,0,0,0,1,1,2,1,0,0,0,0,0,0,0,2,0,0,0,0,0,0,2,0,0,0,1,0,1,0,0,2,0,0,1,0,1,0,0,0,2,2,0,0
male,CHS,AFR,0,2,0,0,0,0,2,0,0,0,0,1,2,0,0,0,2,0,0,2,0,2,0,0,0,0,1,0,0,0,0,0,0,0,0,1,0,1,0,0,1,1,2,0,0,0,0,2,0,0
male,GWD,AFR,0,0,2,1,0,0,2,0,0,0,0,1,1,0,1,0,1,1,1,2,0,1,0,0,0,0,0,0,1,0,1,0,0,0,1,0,0,0,0,0,0,1,2,0,1,0,0,1,0,0
male,YRI,EAS,0,2,2,0,0,0,2,0,0,0,0,0,2,1,0,0,2,0,0,0,0,2,0,0,0,0,0,0,0,0,0,0,0,0,2,0,0,2,0,0,0,2,2,1,0,0,1,1,0,0
female,PUR,AFR,0,2,2,0,0,0,2,0,1,0,0,1,2,0,0,1,1,0,0,0,0,2,0,0,0,1,0,0,0,1,0,1,0,0,0,0,0,1,0,0,1,0,2,0,0,0,0,1,0,0
male,PUR,AFR,0,2,0,0,0,0,2,0,2,0,1,0,2,0,0,0,1,0,0,1,0,2,0,0,0,0,0,0,0,1,0,0,0,0,2,0,0,2,0,0,0,0,1,0,1,0,2,2,0,0
male,GIH,AMR,0,1,0,0,0,0,2,0,0,0,0,2,2,0,0,0,2,0,0,0,0,2,0,0,0,0,0,0,0,2,1,0,0,0,0,0,0,2,0,0,0,2,2,0,0,1,1,2,0,0
female,ESN,AMR,0,0,1,0,0,0,2,0,0,0,1,1,2,0,0,0,2,0,0,0,1,1,0,0,0,0,1,0,1,0,0,0,0,1,0,0,0,0,0,0,0,0,1,0,0,0,0,1,0,0
male,TSI,AMR,0,1,1,1,0,0,2,0,0,0,0,0,2,0,1,0,2,0,0,0,0,1,0,1,0,0,1,0,1,0,1,1,2,0,0,1,0,2,0,0,2,2,2,0,1,0,0,1,0,0
male,PUR,EUR,0,0,0,0,0,0,2,0,0,0,0,2,2,1,1,0,2,0,0,0,0,2,0,1,0,0,1,0,1,0,0,0,0,1,0,0,0,0,0,1,0,0,2,0,0,0,2,2,0,0
male,ACB,EAS,0,1,0,0,0,0,2,0,0,0,2,0,2,0,0,0,1,0,0,0,0,2,0,0,0,0,0,1,0,1,0,0,0,1,2,0,0,2,0,0,1,0,2,0,0,0,1,2,0,0
male,KHV,AFR,0,1,0,0,0,0,2,0,0,0,1,0,2,0,0,0,1,1,0,1,0,2,0,0,0,0,0,1,0,0,1,0,0,0,0,0,0,0,0,0,0,1,2,0,0,0,0,1,0,0
female,GIH,EAS,0,2,0,1,0,0,2,0,0,0,0,1,2,0,0,0,1,0,0,0,0,2,0,0,0,0,0,0,1,0,0,0,0,2,0,0,0,1,0,0,0,1,1,0,0,0,2,1,0,0
male,LWK,AMR,0,2,1,0,0,0,2,0,0,0,0,0,2,0,0,0,2,1,0,1,0,2,0,0,0,0,1,0,0,0,0,0,1,2,1,2,0,2,0,0,1,0,0,0,0,0,2,1,0,1
male,IBS,EUR,0,2,0,0,0,0,2,0,0,0,0,2,2,2,0,0,2,0,0,0,0,2,0,0,1,0,0,0,0,0,0,0,0,0,1,0,0,2,0,0,1,0,2,0,0,0,1,1,0,0
female,GIH,SAS,0,2,2,0,0,1,1,0,0,0,0,0,2,0,0,0,2,0,0,1,1,2,0,1,0,0,1,0,0,1,0,0,0,0,1,0,0,0,0,0,0,1,1,0,0,0,0,1,0,0
female,PJL,AFR,0,2,0,0,0,0,2,1,0,0,0,0,2,0,0,0,1,0,0,2,0,2,0,0,0,0,1,0,0,0,0,0,1,1,0,0,0,2,0,0,1,2,2,0,0,0,0,1,0,0
male,STU,EUR,0,1,0,0,0,0,2,0,1,0,0,0,2,0,0,0,2,0,0,2,0,1,0,0,0,0,0,0,0,0,0,0,0,0,0,0,0,1,0,0,0,0,2,0,0,0,1,1,0,0
male,CHS,SAS,0,2,0,0,0,0,2,0,0,0,0,0,2,0,0,1,2,0,0,2,0,2,0,0,0,0,0,0,0,0,0,0,0,1,2,0,0,2,1,0,0,0,1,0,1,1,0,1,0,0
female,MSL,SAS,0,1,0,1,0,1,1,0,0,0,0,0,2,0,0,1,1,0,0,0,1,2,0,0,0,0,2,0,0,0,1,0,0,1,1,0,0,2,0,0,1,0,1,0,0,0,1,1,1,0
male,ESN,EAS,0,1,1,0,0,1,2,0,0,1,0,1,1,1,0,0,1,1,0,0,0,0,0,0,0,0,0,0,0,0,0,0,1,0,0,0,0,2,0,0,1,0,2,0,0,0,2,1,0,0
male,GIH,EUR,0,2,1,0,0,0,2,0,0,0,0,0,2,1,0,1,1,0,0,2,0,1,0,0,0,0,0,0,0,0,1,0,0,1,0,0,1,2,1,1,1,0,2,0,2,0,0,2,0,0
male,LWK,AFR,0,1,0,0,0,0,2,0,0,0,0,0,2,0,0,0,1,0,0,2,2,1,0,0,1,0,0,0,1,0,0,0,0,0,0,0,0,2,0,0,1,0,0,0,0,0,1,2,0,0
female,LWK,EUR,0,1,0,0,0,0,2,0,1,0,2,1,2,0,0,1,1,0,0,0,0,2,0,0,0,0,0,0,0,0,0,0,0,0,1,0,0,0,0,0,0,0,2,0,0,0,1,2,0,0
female,CEU,EUR,0,1,1,0,0,0,2,0,0,0,0,0,2,0,1,0,2,1,0,2,0,2,0,1,0,0,0,0,1,0,0,0,1,0,0,0,0,0,0,0,1,1,0,0,0,0,2,1,0,0
female,GIH,AFR,0,1,1,0,0,0,2,0,0,0,0,2,0,0,0,0,2,0,0,0,0,2,0,1,0,0,0,0,0,0,0,0,0,1,1,0,0,0,0,0,0,0,1,0,0,0,2,1,0,0
female,CHB,EUR,0,2,0,0,0,0,2,0,1,0,1,0,2,1,0,2,1,0,0,2,0,2,0,0,0,0,0,0,0,0,0,0,0,1,0,0,0,1,0,0,2,0,0,0,0,0,2,1,0,1
female,BEB,AFR,0,0,1,0,0,1,2,0,0,0,0,2,2,0,0,0,2,0,0,0,0,2,0,0,1,0,0,0,0,0,0,0,0,1,0,0,0,2,0,0,1,0,1,0,0,0,1,1,0,0
male,BEB,AMR,0,1,0,0,0,0,2,0,0,0,0,0,2,0,0,0,1,1,0,0,0,1,0,0,0,0,0,0,0,0,0,0,1,1,0,0,0,2,0,0,0,0,1,0,0,0,0,0,0,0
male,ITU,AFR,0,0,0,0,0,0,2,0,0,0,0,1,2,0,0,1,2,1,0,2,2,2,0,1,2,0,0,0,0,0,1,0,0,0,0,0,0,1,0,0,1,1,2,0,0,0,2,2,0,0
male,KHV,SAS,0,2,0,1,0,0,2,0,0,0,0,2,2,2,0,0,2,0,0,0,2,2,0,1,1,0,0,0,0,0,0,0,0,0,0,0,0,2,0,0,1,0,0,0,0,0,2,1,0,0
male,FIN,EUR,0,2,0,0,0,1,2,0,0,0,0,2,2,0,1,0,1,0,1,2,0,1,0,2,0,0,0,0,1,0,0,0,0,1,2,0,0,2,0,0,1,1,1,0,0,0,1,2,1,0
male,CEU,AFR,0,0,1,0,0,0,2,0,0,0,0,0,2,1,0,0,1,0,0,2,0,2,0,1,0,0,0,1,0,0,0,0,0,1,0,0,0,0,0,0,0,0,2,0,0,0,0,2,0,0
male,ESN,AFR,0,0,0,1,0,0,2,0,1,1,0,2,2,0,0,0,2,1,0,0,0,1,0,0,0,0,1,0,0,0,0,0,0,1,0,0,0,0,0,0,1,0,2,0,0,0,2,1,0,0
female,IBS,EUR,0,1,0,1,0,0,2,0,1,0,0,0,2,0,0,0,2,1,0,0,0,2,0,0,1,1,1,0,0,0,0,0,0,1,0,0,0,2,0,0,1,0,2,0,0,0,1,2,0,0
male,ESN,EUR,0,2,1,0,0,0,1,0,0,0,0,0,2,0,0,1,1,0,0,0,0,2,0,0,0,0,1,0,0,0,0,0,0,1,0,0,0,1,0,0,0,0,1,0,0,0,1,2,0,0
male,PUR,AMR,0,0,0,0,0,0,2,0,0,0,0,0,2,0,0,0,2,1,0,2,1,1,0,0,0,0,0,0,0,0,0,0,1,1,0,0,0,2,0,0,1,1,2,0,1,0,1,1,0,0
male,YRI,AFR,0,0,0,0,0,1,2,0,0,0,0,0,1,0,1,0,2,0,0,0,0,2,0,0,0,0,0,0,0,0,0,0,0,0,0,0,0,1,0,0,2,0,1,0,0,0,0,1,0,1
female,CHS,AFR,0,0,0,0,1,0,2,0,0,0,0,0,1,0,0,0,2,0,0,1,0,2,0,0,0,0,0,0,0,0,0,0,0,0,2,0,0,2,0,0,1,1,0,0,0,0,0,2,1,0
female,MSL,EUR,0,1,0,0,0,0,2,1,1,0,0,0,2,0,0,0,2,0,0,0,1,2,0,0,1,0,1,0,0,0,2,0,0,2,1,0,0,2,0,0,0,0,1,0,1,0,0,1,0,0
male,ASW,EUR,0,0,0,0,0,0,2,0,0,1,0,0,1,2,1,0,1,1,0,2,0,2,0,0,0,0,0,0,1,1,0,0,1,1,1,0,0,0,1,0,2,2,0,0,1,0,2,1,2,0
female,PUR,EUR,0,0,0,0,0,0,2,1,0,0,0,1,2,2,0,0,2,0,0,1,0,2,0,0,0,0,1,0,0,0,0,0,0,0,2,0,1,1,0,0,0,0,1,0,1,0,1,1,1,0
male,ITU,SAS,0,2,2,1,0,1,2,0,0,0,0,1,2,1,0,0,1,0,0,0,0,2,0,0,1,0,0,0,0,0,0,0,0,1,0,0,0,2,1,0,1,0,0,0,0,0,1,0,0,0
female,FIN,EAS,0,2,2,0,0,0,1,1,0,0,0,0,2,1,0,0,0,0,0,0,0,2,0,0,0,1,0,0,0,0,0,0,0,1,1,0,0,2,0,0,1,0,1,0,0,1,0,1,1,0
female,TSI,EUR,0,2,2,0,0,0,2,0,0,0,0,0,2,1,0,1,1,0,0,0,0,2,0,0,0,0,0,0,0,0,0,0,0,0,1,0,0,0,0,0,1,1,2,0,0,0,2,2,0,0
female,JPT,AFR,0,1,1,0,0,0,2,0,0,0,0,1,2,2,0,0,1,1,0,1,0,2,0,0,0,0,0,0,0,0,0,0,0,0,1,0,0,1,0,0,0,2,2,0,0,0,0,1,0,0
female,ACB,EAS,0,0,0,0,0,1,2,0,0,0,0,1,2,0,0,0,2,1,0,2,0,2,0,0,0,0,0,0,0,0,0,0,0,1,0,0,0,2,0,0,1,0,1,0,0,0,1,1,0,0
male,FIN,AFR,0,1,1,0,0,0,2,0,0,0,1,0,2,1,0,0,1,0,0,1,0,2,0,0,0,0,0,0,0,1,0,0,0,1,0,0,0,2,0,0,1,1,0,0,0,0,1,1,0,0
male,YRI,AMR,0,1,1,0,0,0,2,0,0,0,0,1,1,0,0,0,1,0,0,0,1,2,0,1,0,0,0,0,0,0,0,0,0,1,0,2,0,0,0,0,0,0,1,0,0,0,0,0,0,0
male,MSL,AFR,0,2,0,0,0,0,2,1,0,0,0,0,2,0,1,1,1,1,0,0,0,2,0,0,0,0,0,0,0,0,1,0,0,1,0,2,0,0,0,0,1,0,2,0,0,0,0,1,0,0
male,PJL,AMR,0,0,1,0,0,1,2,0,0,0,1,0,2,0,0,0,1,0,0,0,0,2,0,0,1,0,0,0,0,1,0,0,0,0,1,0,0,2,0,0,1,0,2,0,0,0,0,1,0,0
female,KHV,EAS,0,0,0,0,0,1,2,0,1,0,0,1,2,2,0,0,2,0,0,0,1,2,0,2,0,0,0,0,0,0,0,0,0,0,0,0,0,1,0,0,1,0,0,0,0,0,0,2,1,0
male,ACB,SAS,0,0,2,0,0,0,2,0,1,0,0,1,1,0,0,0,1,1,0,2,1,1,0,0,1,0,1,0,0,0,0,1,0,1,1,0,0,0,0,0,1,0,1,0,0,0,2,1,1,0
male,ACB,EAS,0,1,0,0,0,0,2,0,0,0,0,0,2,0,1,0,0,1,0,2,0,0,0,0,0,0,1,0,0,0,0,0,0,1,1,0,0,2,0,1,2,0,0,0,0,0,0,1,0,0
male,PEL,AFR,0,2,0,0,0,0,2,0,0,0,0,0,2,0,1,0,1,0,0,2,0,2,0,0,0,0,0,0,0,0,1,1,1,1,0,0,1,2,0,0,0,0,2,0,1,0,2,2,1,0
male,ITU,AFR,0,2,1,0,0,0,2,0,0,0,0,0,1,0,0,0,2,0,0,1,0,2,0,0,0,0,0,0,0,0,0,1,0,1,0,0,0,2,0,0,1,0,2,0,0,0,2,0,0,0
male,ACB,EAS,0,1,0,0,0,0,2,0,0,0,0,0,1,0,1,1,1,0,0,0,0,1,0,1,0,0,0,0,0,0,0,0,0,1,0,0,0,0,0,0,2,2,1,0,2,0,2,2,0,0
male,BEB,AMR,0,2,0,0,0,0,2,0,0,0,0,1,1,0,0,0,1,0,0,1,0,2,0,0,0,0,0,0,1,0,0,0,1,0,0,0,1,0,0,0,0,1,2,0,0,0,2,2,0,0
male,PEL,EAS,0,1,0,0,0,1,2,0,0,0,0,0,2,0,0,0,2,1,0,0,0,2,0,0,0,0,0,0,0,0,0,0,0,1,0,0,0,1,0,0,0,0,0,0,0,0,1,2,0,0
female,IBS,AMR,0,0,2,0,0,0,2,0,0,0,0,0,2,0,0,0,0,0,0,0,0,2,0,0,0,0,0,0,0,0,0,0,0,0,1,1,0,2,0,0,1,1,1,0,0,0,1,0,0,0
female,MSL,SAS,0,2,0,0,0,0,2,0,0,0,0,1,1,0,0,0,0,0,0,0,0,2,0,0,0,0,1,0,0,0,0,0,0,1,1,1,0,2,0,0,0,0,1,0,0,0,0,1,0,0
female,STU,EAS,0,1,0,0,0,0,1,0,0,0,0,0,2,0,0,0,2,0,0,0,0,2,0,0,0,0,0,0,0,1,0,0,0,0,0,0,0,0,0,0,0,1,2,0,0,0,1,1,0,0
male,PUR,EAS,0,0,1,0,0,0,2,0,1,0,0,0,2,0,0,0,2,1,0,0,0,2,0,0,1,0,0,0,0,0,0,0,0,1,0,0,0,1,0,0,1,0,0,0,0,0,2,2,0,0
female,ITU,AFR,0,0,2,1,0,0,2,0,0,0,1,1,1,1,0,0,2,0,0,0,1,2,0,1,2,0,1,0,0,2,0,0,0,0,1,0,0,2,1,0,0,1,0,0,0,0,0,1,0,0
female,ITU,EAS,0,1,1,0,0,0,2,0,0,0,0,1,2,1,0,0,1,1,0,0,0,2,0,0,0,1,1,0,0,0,0,0,0,0,0,0,0,1,0,0,1,1,1,0,0,0,0,1,0,0
female,LWK,SAS,0,2,0,0,0,1,2,0,0,0,0,0,2,0,0,0,2,0,0,0,0,2,0,0,0,0,0,0,0,0,0,1,0,1,1,0,0,2,0,0,1,0,2,0,1,0,2,2,1,0
male,KHV,EUR,0,0,0,0,0,0,2,0,0,0,1,0,2,0,1,0,0,0,0,0,0,2,0,0,0,0,0,0,0,0,0,0,0,0,0,0,0,0,0,0,0,1,2,0,0,0,1,1,2,0
female,CDX,EAS,0,0,1,0,0,0,2,0,0,0,0,1,1,0,0,0,2,1,0,2,0,2,0,0,0,0,1,0,0,0,1,0,1,1,1,0,0,0,0,0,1,0,2,0,0,0,2,2,1,0
female,YRI,EUR,1,1,2,0,0,0,2,0,1,0,0,0,2,2,0,0,1,0,0,0,0,2,0,1,1,2,1,0,1,0,0,2,0,1,0,0,0,2,0,0,1,1,2,0,0,0,0,0,0,0
female,GWD,SAS,0,1,0,0,0,1,2,0,0,0,1,0,2,0,0,0,1,0,0,0,0,2,0,0,0,0,0,0,0,0,0,0,0,0,0,1,0,2,0,0,1,0,1,0,0,0,0,1,0,0
male,PUR,AMR,0,0,0,1,0,0,2,0,0,0,0,0,2,0,0,0,2,1,0,2,2,0,0,0,0,0,0,0,0,0,0,0,1,2,1,0,0,2,0,0,1,0,2,0,0,0,0,2,0,0
male,TSI,EUR,1,1,0,0,0,0,2,0,1,0,1,0,2,0,0,0,2,0,1,0,0,2,0,1,0,0,0,0,0,0,0,1,0,1,1,0,0,2,0,1,0,2,1,0,0,0,0,2,0,1
male,CHB,EAS,0,1,1,0,0,0,2,0,0,1,0,1,1,0,0,0,2,0,0,0,0,2,0,0,0,0,0,0,1,2,0,0,2,1,2,0,0,1,0,0,0,1,2,0,1,1,2,1,0,0
male,MSL,EAS,0,1,1,0,0,0,2,0,0,0,0,0,2,2,0,0,1,0,0,0,0,2,0,0,0,0,0,0,0,0,0,0,0,1,0,0,0,2,0,0,1,1,2,0,0,0,2,1,0,0
female,ESN,EUR,0,2,0,0,0,0,2,0,0,0,0,1,2,0,0,0,2,0,0,0,0,1,0,0,0,0,1,0,0,0,0,0,0,1,1,0,0,0,0,0,1,1,2,0,0,0,1,2,0,0
male,LWK,AMR,0,1,2,0,1,0,2,0,0,0,1,1,1,1,0,0,1,0,0,1,0,0,0,1,0,0,0,0,0,1,0,0,0,0,0,1,0,0,0,0,1,0,1,0,0,0,0,1,0,0
female,STU,EUR,0,0,1,0,0,0,2,0,0,0,1,0,2,0,0,0,1,2,0,0,0,2,0,0,0,0,0,0,0,0,0,0,0,1,0,0,0,1,0,0,2,0,2,0,0,0,1,0,0,0
male,JPT,EAS,0,0,0,0,0,0,2,0,0,0,0,0,2,0,0,0,1,1,0,2,0,2,0,0,0,0,2,0,0,0,0,1,0,2,2,0,0,0,0,1,0,1,2,0,1,0,2,2,0,0
male,IBS,EUR,0,1,0,0,0,0,2,0,0,0,0,0,2,0,0,0,1,1,0,0,0,2,0,1,0,0,0,0,0,0,0,0,1,0,0,0,0,1,0,0,0,1,2,0,0,0,0,2,0,0
male,CHS,EUR,0,2,0,0,0,0,2,0,0,0,1,0,2,0,0,0,1,0,0,1,0,1,0,1,0,0,0,0,0,0,0,0,0,0,1,0,0,2,0,0,1,1,1,0,0,0,1,2,0,0
male,KHV,AMR,0,1,1,0,0,1,1,0,0,0,0,1,2,0,0,0,2,2,0,1,0,2,0,0,0,0,0,0,0,0,0,0,0,1,1,0,0,0,0,1,1,1,1,0,0,0,1,1,1,0
male,CHS,AMR,0,1,0,0,0,0,2,0,0,0,1,1,1,0,0,0,1,1,0,0,0,2,0,0,0,0,0,0,0,0,0,0,0,1,1,0,0,2,0,0,0,0,1,0,0,0,2,2,0,0
female,ESN,AMR,0,1,0,0,0,0,2,0,0,0,0,0,2,0,0,0,1,0,0,0,0,2,0,0,0,1,0,0,0,0,0,0,0,1,2,0,0,2,0,0,1,0,2,0,0,0,0,1,0,0
male,ESN,EAS,0,2,0,0,0,0,2,0,0,0,0,0,2,0,0,0,2,0,0,0,1,2,0,0,0,0,0,0,0,0,0,0,0,1,0,0,0,0,0,0,1,1,2,1,0,0,0,1,0,0
male,ITU,AFR,0,2,0,0,0,0,2,0,1,0,0,0,2,0,0,0,1,0,0,2,0,2,0,0,0,0,1,0,1,0,0,0,0,1,0,0,0,2,0,0,0,2,1,0,0,1,2,1,0,0
male,ACB,EAS,0,2,0,1,0,0,2,0,1,0,1,0,1,0,1,0,0,2,0,1,1,1,0,0,1,0,2,0,0,0,0,0,0,0,0,0,0,1,0,0,0,2,1,0,0,0,1,2,1,0
female,IBS,AFR,0,1,2,0,0,0,2,0,1,1,0,2,2,0,1,0,0,1,0,2,0,2,0,0,1,0,0,0,0,0,0,1,0,1,1,0,0,0,0,0,1,1,0,0,0,0,2,2,0,0
male,GIH,AFR,0,2,2,0,0,0,2,0,0,0,1,1,2,0,0,0,1,1,0,0,0,2,0,0,0,0,0,0,1,0,0,0,0,0,1,0,0,2,0,0,2,0,2,0,1,0,1,2,0,0
male,ESN,AMR,0,2,0,1,0,0,1,0,0,0,0,0,2,0,0,0,1,1,0,0,0,2,0,1,0,0,0,0,0,0,0,0,0,1,1,0,0,1,0,0,2,0,1,0,0,0,0,1,0,0
male,ASW,EUR,0,1,0,0,0,1,2,0,0,0,0,0,1,0,0,0,2,0,0,1,1,2,0,0,0,1,0,0,0,0,0,1,0,0,0,0,0,1,0,0,1,0,2,0,1,1,1,2,0,0
female,LWK,EUR,0,2,0,0,0,0,2,0,0,0,1,0,0,0,0,0,1,0,0,0,1,2,0,0,0,0,1,0,0,0,0,0,0,0,1,0,0,2,0,0,2,1,1,1,0,0,2,0,0,0
female,CEU,EAS,0,2,0,0,0,0,1,0,0,0,1,0,0,1,0,0,0,1,0,0,0,2,0,0,0,2,0,0,1,1,0,0,0,0,0,0,0,1,0,0,2,0,1,0,0,0,0,1,0,0
male,CDX,AFR,0,2,1,0,0,0,2,0,0,0,0,0,2,1,0,0,1,0,0,0,1,2,0,0,0,1,0,0,0,1,0,0,0,0,0,0,0,0,0,0,1,0,2,0,0,0,2,1,0,0
male,FIN,EUR,0,0,0,0,0,0,2,0,0,0,0,0,2,1,0,0,1,1,0,0,0,2,0,0,0,0,0,0,1,0,0,0,0,0,0,0,0,2,0,0,1,0,2,0,0,0,1,1,0,0
male,GWD,EUR,0,2,0,0,0,0,2,0,1,0,0,0,2,0,0,0,2,0,0,1,0,2,0,0,0,0,0,0,0,0,0,0,0,1,0,1,0,0,0,0,1,1,2,0,0,0,2,2,0,0
male,ASW,EUR,0,2,0,0,0,0,2,0,0,0,0,0,2,1,0,0,1,1,0,1,2,1,1,0,0,1,0,0,0,0,0,0,0,0,1,0,0,2,0,0,1,1,2,0,1,0,2,1,1,0
female,PUR,EUR,0,2,0,0,0,0,2,0,0,0,1,0,2,1,0,0,2,0,0,0,0,2,0,0,0,0,0,0,0,0,0,0,0,0,2,0,0,2,0,0,1,0,2,0,0,0,0,2,1,0
male,IBS,SAS,0,2,0,0,0,0,2,1,0,0,0,0,2,0,0,1,1,0,0,0,0,1,0,0,0,0,1,0,1,0,0,0,0,1,1,0,0,0,0,0,0,0,1,0,0,0,2,1,0,0
male,YRI,SAS,0,1,0,0,0,0,2,0,1,0,0,0,1,0,0,0,2,0,1,0,1,2,0,0,0,0,0,0,0,0,1,0,0,1,2,2,0,2,0,0,1,0,0,0,0,0,0,1,0,0
male,GIH,SAS,0,2,1,0,1,0,2,0,0,0,0,2,2,0,0,0,1,0,0,0,1,2,0,2,0,0,0,0,0,0,0,0,0,0,1,0,0,2,0,0,0,1,2,0,0,0,2,1,0,0
female,PJL,EUR,0,1,0,0,0,0,2,0,0,0,0,0,2,1,0,1,1,0,0,2,0,1,0,0,0,0,0,0,0,0,1,0,0,0,0,0,0,1,1,0,2,1,2,0,0,0,2,1,1,0
female,FIN,SAS,0,0,0,0,0,0,2,0,0,0,0,2,2,0,0,0,1,0,0,0,0,2,0,0,0,0,0,0,0,0,0,0,0,1,0,2,0,0,0,0,1,0,2,0,0,0,0,1,0,1
male,BEB,AMR,0,1,0,0,0,1,2,0,0,0,0,0,2,2,0,0,1,1,0,0,0,2,0,0,1,0,1,1,0,0,0,0,0,1,1,0,0,2,0,0,0,1,1,0,2,0,2,0,0,0
male,PUR,EUR,0,2,0,0,0,0,2,0,0,0,0,1,2,0,0,0,2,1,0,2,0,1,0,0,1,0,0,0,0,0,0,0,0,1,0,0,0,1,0,0,0,1,0,0,0,0,1,1,1,0
male,ITU,SAS,1,2,0,0,0,0,2,0,1,1,0,0,2,0,0,0,1,0,0,0,0,2,0,0,0,0,0,0,0,0,0,0,0,0,0,0,0,1,1,0,1,0,1,0,1,0,0,1,0,0
male,GBR,EUR,0,1,1,0,0,0,2,0,1,0,0,1,2,0,0,0,1,2,0,1,1,2,0,0,0,1,0,0,0,0,0,0,0,1,0,0,0,2,0,0,1,0,1,0,0,0,0,0,0,0
male,GIH,EAS,0,0,0,0,0,0,2,0,0,0,0,0,2,0,0,0,2,0,0,0,1,2,0,0,0,0,0,0,1,0,0,1,0,1,1,0,0,0,0,0,0,1,0,0,0,0,2,1,0,0
male,LWK,AFR,0,2,0,0,0,0,2,0,0,0,0,0,2,1,0,0,2,0,0,0,0,2,0,0,0,0,0,0,1,0,0,1,0,0,0,0,0,1,0,0,2,0,2,0,0,0,1,1,0,0
male,GBR,AFR,0,2,0,0,0,1,2,1,0,0,0,2,2,2,0,1,2,1,0,0,1,0,0,0,1,0,0,0,0,0,2,0,0,0,0,0,0,2,0,0,1,0,2,0,0,0,1,1,0,0
female,PUR,AMR,0,2,1,0,0,0,2,0,0,0,0,0,2,0,0,1,0,0,0,0,1,1,0,0,0,0,0,0,0,0,1,0,0,0,1,0,0,1,0,0,2,0,1,0,2,0,2,1,0,0
male,ESN,AMR,0,0,0,0,0,0,2,0,0,1,1,0,2,0,0,0,2,0,0,2,0,2,0,0,0,0,0,0,0,0,0,0,0,1,0,0,0,0,0,0,1,1,0,0,0,0,2,0,0,0
male,LWK,AFR,0,0,1,1,0,1,2,0,1,0,1,2,2,0,0,1,2,1,0,0,0,2,0,0,0,0,0,0,0,0,0,0,0,1,0,2,0,2,0,0,1,0,2,0,0,0,0,2,0,0
male,CEU,EUR,0,2,2,0,0,0,2,1,0,0,0,0,1,0,0,0,1,0,0,1,0,2,0,0,1,1,0,0,0,1,0,0,0,1,0,0,0,1,0,0,1,1,2,0,0,0,2,2,0,1
male,ACB,AFR,0,0,0,0,0,0,2,0,0,0,0,1,2,0,1,0,2,0,0,0,1,2,0,0,0,0,0,0,0,0,0,0,0,1,1,0,0,2,0,0,1,0,1,0,0,0,2,1,0,0
male,PEL,EUR,0,2,0,0,0,0,2,0,0,0,0,0,1,0,0,0,1,0,0,0,2,2,0,0,0,0,1,0,0,0,0,0,0,1,1,0,0,0,0,0,0,0,1,0,0,0,0,1,0,0
female,GIH,EAS,0,2,0,0,0,0,2,0,0,0,0,1,2,0,0,1,2,0,0,0,0,2,0,0,0,0,0,0,1,0,0,0,0,0,1,1,1,0,0,0,1,0,1,0,0,0,0,2,1,0
female,STU,AMR,0,2,1,0,0,0,2,0,0,0,0,0,1,0,1,0,1,0,0,2,1,2,0,0,0,0,1,0,0,0,0,0,0,0,0,0,0,1,0,0,0,1,2,0,0,0,1,2,0,0
male,ESN,AMR,0,0,0,0,0,0,2,0,0,0,0,0,1,0,0,0,2,1,0,0,0,2,0,0,1,0,0,0,0,0,0,0,0,1,0,0,0,0,0,0,0,0,0,0,0,0,0,2,0,0
female,PUR,EAS,0,2,0,0,0,0,2,0,0,0,0,1,2,0,0,0,1,1,0,0,0,1,0,0,0,0,0,0,0,0,0,0,0,0,1,0,0,1,0,0,2,0,1,0,0,1,0,1,0,0
male,CLM,AMR,0,1,1,0,0,0,2,0,0,0,0,0,2,0,0,0,1,0,0,1,2,2,0,0,1,0,0,0,0,0,0,0,0,1,2,0,0,2,0,0,0,0,0,0,1,0,2,2,0,0
male,PUR,EAS,0,0,0,1,0,0,2,0,0,0,0,0,2,1,1,0,1,1,0,0,0,2,0,0,0,1,0,0,0,0,0,0,0,1,0,0,0,0,1,0,0,0,2,0,1,0,2,1,1,0
male,ACB,EAS,0,2,0,0,0,0,2,0,1,0,0,0,2,1,0,0,0,1,0,0,0,2,0,0,0,0,0,0,1,0,0,0,0,1,0,0,0,0,0,0,0,1,0,0,0,0,0,2,0,0
male,GIH,AFR,0,2,1,0,0,1,2,0,0,0,0,1,1,0,0,0,2,0,0,0,0,2,0,0,1,0,1,0,0,0,0,0,0,0,0,0,0,0,0,0,0,0,1,0,0,0,2,2,0,0
female,STU,EUR,0,1,0,0,0,0,2,0,0,0,0,0,1,0,0,0,2,1,0,2,1,2,0,0,0,0,1,0,0,0,0,0,0,1,1,0,0,2,0,0,2,0,2,0,0,0,2,1,0,0
female,GIH,EAS,0,0,1,0,0,0,2,0,0,0,0,0,2,1,0,0,1,0,0,0,0,2,0,0,0,0,0,0,0,0,0,0,0,1,0,0,0,0,0,0,0,2,1,0,0,0,1,2,0,0
male,CEU,EAS,0,1,0,1,0,0,2,0,0,0,0,0,2,0,0,0,1,0,0,0,0,2,0,0,0,0,0,0,2,0,0,0,0,1,1,0,0,0,1,0,1,1,2,0,0,0,0,1,2,0
male,GIH,AFR,0,1,2,0,0,0,2,0,1,0,0,0,2,1,1,0,1,0,0,0,0,2,0,0,0,0,1,0,0,0,1,0,0,0,1,1,0,0,0,0,0,0,1,0,0,0,0,2,0,1
female,PUR,AFR,0,1,0,0,0,0,2,0,0,0,0,0,2,0,0,0,1,1,0,0,0,2,0,0,0,0,0,0,0,0,0,0,0,1,0,0,0,0,0,0,1,0,2,0,0,0,0,2,0,0
male,PEL,AFR,0,0,0,0,0,0,2,0,0,0,0,0,2,0,0,0,1,1,0,1,0,2,0,0,0,0,1,0,0,1,0,0,0,1,1,0,0,0,0,0,0,1,2,0,0,0,2,1,0,0
male,PJL,AFR,0,2,1,0,0,0,2,0,0,0,1,0,2,0,0,1,2,0,0,2,0,2,0,0,0,0,0,0,1,0,0,0,0,1,0,0,0,0,0,0,1,0,1,0,1,0,0,1,0,0
female,ACB,EAS,0,2,0,0,0,1,2,0,1,0,0,2,2,0,0,0,1,0,0,1,0,2,0,0,0,0,1,0,0,0,0,0,0,1,0,0,0,2,0,0,2,0,1,0,0,0,1,1,0,0
male,GBR,AFR,0,2,0,0,0,0,2,0,1,0,0,0,2,0,0,0,1,1,0,2,0,2,0,0,0,1,2,0,0,0,0,0,0,1,0,0,0,2,0,0,1,0,2,0,0,0,1,1,0,0
male,CHS,SAS,0,2,0,0,0,0,2,0,0,0,0,1,2,0,0,0,2,0,0,0,0,2,0,1,0,0,0,0,1,0,0,0,0,1,1,0,0,1,0,0,1,2,2,0,0,0,0,2,0,0
female,GIH,EUR,0,2,2,0,0,0,2,0,0,0,1,2,2,0,0,1,2,0,1,2,0,1,0,1,0,0,0,0,0,0,0,0,0,2,1,0,0,2,0,0,1,1,0,0,0,0,0,1,0,0
male,ITU,AFR,0,1,0,0,0,1,2,0,0,0,0,0,2,0,0,0,2,0,0,0,0,2,0,0,1,0,1,0,0,0,1,0,1,0,2,1,0,2,0,0,0,0,1,0,0,0,0,2,1,0
male,CLM,EUR,0,0,2,0,0,0,2,0,0,0,0,1,2,0,0,0,1,0,1,2,0,2,0,0,0,0,0,0,0,0,0,0,0,0,0,0,0,2,0,0,1,0,2,0,0,0,0,2,0,0
male,ESN,AFR,0,1,0,0,0,1,2,0,0,0,0,2,2,0,1,0,2,0,1,0,1,2,0,0,0,0,0,0,0,0,0,0,1,1,0,0,0,2,0,0,1,0,2,0,1,0,1,1,1,0
male,ESN,AFR,0,0,0,0,0,0,2,0,1,0,0,0,1,0,0,0,1,1,0,0,1,2,0,0,0,0,1,0,0,0,0,0,0,1,0,0,0,0,0,0,1,1,2,0,1,0,2,2,0,0
male,FIN,AFR,0,1,0,0,1,1,2,0,0,0,0,1,2,2,0,0,2,1,0,2,0,2,0,0,0,0,1,0,0,0,0,0,0,0,1,0,0,0,0,0,0,1,0,0,0,0,2,1,0,0
female,ITU,EAS,0,1,0,0,0,0,2,0,0,0,0,0,2,0,0,0,2,0,0,2,0,2,0,0,0,0,0,0,1,0,0,0,0,0,1,0,0,2,0,0,1,0,1,0,0,0,2,1,0,0
male,GBR,SAS,0,1,1,0,0,0,1,0,0,0,0,0,2,2,0,0,2,1,0,1,1,2,0,0,0,0,0,0,0,0,0,0,0,2,0,0,0,1,0,0,0,0,2,0,0,0,0,1,0,0
female,CHS,EUR,0,0,0,1,0,0,2,0,0,0,0,2,1,0,0,0,2,0,0,0,0,2,0,1,0,0,0,0,0,1,0,0,0,1,0,1,0,0,0,0,1,1,1,1,0,0,1,2,1,0
female,ASW,SAS,0,0,0,0,0,0,2,0,0,0,0,0,1,0,0,0,2,1,0,1,0,2,0,0,0,0,1,0,0,0,0,0,0,1,0,1,0,2,0,0,1,1,1,0,0,0,0,0,1,0
male,YRI,EAS,0,2,1,0,0,0,2,0,0,0,0,0,2,1,0,0,1,0,0,0,0,0,0,0,1,0,0,0,1,0,1,0,0,1,0,0,0,2,0,0,0,0,2,1,0,0,2,1,0,0
male,ACB,EAS,0,0,0,1,0,0,2,0,0,0,0,0,2,0,0,1,2,1,0,0,0,2,0,0,0,1,0,0,0,0,0,0,0,1,0,0,0,2,0,0,0,1,2,0,0,0,2,1,0,0
male,STU,AFR,0,1,0,0,0,0,2,0,0,0,0,1,1,0,0,0,1,0,0,2,0,2,1,0,0,0,0,0,0,0,0,0,0,2,0,1,0,2,0,0,1,0,0,0,0,0,0,1,0,0
female,LWK,EAS,0,2,1,0,0,0,2,0,0,0,0,2,2,0,0,0,2,0,0,2,0,2,0,0,0,0,1,0,0,0,0,0,0,0,0,0,0,0,0,0,0,0,2,0,0,0,1,2,0,0
male,MSL,AFR,0,0,0,0,0,0,2,0,0,0,0,0,2,0,0,0,1,0,0,0,0,2,0,0,0,0,0,0,1,0,0,0,0,1,1,0,0,1,0,0,0,0,2,0,0,0,2,2,1,0
female,GIH,AFR,0,2,0,0,1,0,2,0,0,0,0,1,2,0,0,0,1,1,0,2,0,2,0,0,0,0,1,0,0,0,0,0,0,0,0,0,0,0,0,0,0,1,1,0,0,0,0,2,1,0
female,GWD,EAS,0,0,1,0,0,0,2,0,0,0,0,0,2,0,0,0,1,0,0,0,0,2,0,0,0,0,0,0,0,0,0,0,2,0,0,0,0,1,0,0,2,2,2,0,1,0,2,2,0,0
female,KHV,EAS,0,1,0,1,0,0,2,0,0,0,0,1,2,0,0,0,1,0,0,2,0,2,0,0,0,0,0,0,0,0,0,0,0,1,0,1,0,2,0,0,1,1,2,0,0,0,1,1,0,0
male,STU,AMR,0,0,0,0,0,0,2,0,0,0,0,0,2,0,0,0,1,0,0,1,0,2,0,0,0,0,1,0,1,0,0,0,0,1,0,0,0,2,0,0,1,1,2,0,0,0,1,1,0,0
male,MXL,EUR,0,0,0,0,0,0,2,0,0,0,0,0,0,2,0,0,1,1,0,0,1,2,0,0,0,0,0,0,0,0,0,0,0,0,0,0,0,2,0,0,1,0,0,0,0,0,2,1,0,0
male,GIH,AFR,0,2,1,0,0,0,2,0,1,0,0,0,2,0,0,0,2,0,0,2,0,2,1,0,0,0,0,0,0,0,0,0,1,0,0,0,0,0,0,0,2,0,1,0,0,0,1,2,0,0
female,BEB,EAS,0,1,0,0,0,1,2,0,0,0,0,0,2,0,0,0,2,0,0,0,1,2,0,1,0,0,0,0,1,0,0,0,0,0,1,0,0,0,0,0,2,0,0,1,0,0,1,2,0,0
female,TSI,AFR,0,0,0,0,0,0,2,0,1,0,0,1,2,0,0,0,2,0,0,0,1,2,0,1,0,0,0,0,1,0,0,0,0,1,2,0,0,2,0,0,0,0,2,0,0,0,2,2,0,0
female,TSI,AFR,0,2,2,0,0,0,2,0,0,0,0,0,2,0,1,1,2,1,0,0,0,2,0,1,0,0,1,0,0,0,0,1,0,2,0,0,0,2,0,0,1,1,2,0,0,0,2,0,1,0
female,ACB,AMR,0,1,1,1,0,0,2,0,0,0,0,0,2,0,0,0,2,0,0,2,0,2,0,1,0,0,0,0,0,0,0,0,0,0,0,0,0,2,1,0,1,0,2,0,0,0,2,0,0,0
male,GBR,EUR,0,1,1,0,0,0,1,0,1,0,1,0,2,1,0,0,2,0,0,1,0,1,0,0,0,0,1,0,0,0,1,0,0,0,0,0,0,0,0,0,1,0,2,0,2,0,2,1,1,0
male,CEU,AFR,0,2,0,0,0,0,2,0,0,0,0,1,2,1,0,0,1,0,0,0,0,2,0,0,1,0,0,0,0,0,0,1,0,0,2,0,0,0,0,0,1,1,2,0,2,0,1,0,0,0
male,PJL,SAS,1,2,2,0,0,0,1,0,0,0,0,0,2,1,0,0,1,1,0,0,0,2,0,0,0,0,0,0,0,0,0,0,0,0,0,0,0,0,0,0,1,2,1,0,0,0,2,2,2,0
male,ITU,SAS,0,2,0,0,0,0,2,0,1,0,0,0,1,0,0,0,2,0,0,1,0,2,0,0,0,0,0,0,1,0,1,1,1,1,0,0,0,1,0,0,2,0,2,0,0,0,0,0,0,0
male,PUR,AFR,1,1,0,0,0,0,2,0,0,0,1,0,2,2,0,0,1,0,0,0,0,2,0,0,0,0,1,0,0,0,0,0,0,1,2,0,0,0,0,0,0,0,1,0,0,0,0,2,0,0
male,MSL,AMR,1,2,2,0,0,2,2,0,0,0,0,2,2,0,1,0,1,0,0,2,0,2,0,0,0,1,0,0,0,0,0,0,0,0,0,0,0,2,0,0,0,0,1,0,0,0,0,2,1,0
female,CHS,EUR,0,1,1,1,0,0,2,0,0,0,0,0,1,0,1,0,2,0,0,0,0,2,0,0,0,0,1,0,0,0,0,0,0,0,0,0,0,2,0,0,1,1,2,0,0,0,2,1,1,0
male,CHB,AMR,0,0,0,0,0,0,2,0,1,0,0,2,2,0,0,0,1,0,0,0,1,2,0,0,0,0,0,0,0,0,0,0,1,1,1,0,0,0,0,0,1,0,0,0,0,0,1,1,0,0
female,STU,EAS,0,2,1,1,0,0,2,0,1,0,0,0,2,0,0,1,1,0,0,0,0,1,0,0,0,0,0,0,0,0,0,0,0,0,0,0,0,0,0,0,1,0,2,0,0,0,0,2,0,0
female,LWK,SAS,0,0,0,0,0,0,2,0,0,0,0,2,2,0,0,0,2,0,0,0,1,2,0,1,0,0,0,0,0,0,0,0,0,1,2,0,0,2,0,0,1,1,2,0,0,0,0,1,0,0
male,PUR,EAS,0,2,1,0,0,0,2,0,0,0,0,0,2,0,0,0,2,1,0,0,0,2,0,0,0,0,0,0,0,0,0,0,0,1,1,0,0,0,0,0,1,1,2,0,0,0,2,1,0,0
male,ITU,AFR,0,2,0,0,0,1,2,0,0,0,0,0,2,0,0,0,1,0,0,0,0,2,0,0,0,0,0,0,1,0,0,0,0,1,0,0,0,2,0,0,0,0,2,0,0,0,1,2,0,0
male,ESN,AFR,0,0,0,0,0,0,2,0,0,0,0,1,2,0,0,0,2,0,0,2,0,2,0,2,0,0,2,1,0,0,0,0,0,1,0,0,0,0,0,0,1,0,2,0,1,0,1,2,1,0
male,ITU,EAS,0,1,0,0,0,0,2,0,0,0,0,1,1,0,0,0,2,0,0,0,0,2,0,0,0,0,1,0,0,1,0,0,0,0,0,0,0,0,0,0,0,0,2,0,0,0,2,0,1,0
male,ITU,SAS,0,2,2,0,0,0,2,0,0,0,0,0,2,0,0,1,1,0,0,1,0,2,0,0,0,0,1,0,0,0,0,1,0,0,0,0,0,0,1,1,1,0,2,0,0,0,0,1,2,0
male,YRI,AFR,0,1,0,0,0,0,2,0,1,0,0,1,2,0,0,0,1,0,0,1,0,2,1,2,0,0,0,0,0,0,0,0,0,1,0,0,0,2,0,0,1,1,2,0,0,0,2,1,0,0
female,ESN,AFR,0,1,0,0,0,0,2,0,0,0,0,0,2,0,1,0,2,0,0,0,0,2,0,0,0,0,1,0,0,0,0,0,0,0,0,0,0,0,0,0,1,0,2,0,1,0,1,2,0,0
male,PEL,EAS,0,2,0,0,0,0,2,0,0,0,0,2,2,0,0,0,2,2,0,0,0,2,0,0,0,0,1,0,0,0,1,1,0,1,0,1,0,2,0,0,1,0,1,0,0,0,1,0,2,0
male,CHB,AFR,0,1,0,0,0,0,2,0,0,0,0,0,2,0,0,1,1,1,0,0,1,2,0,0,0,0,1,0,0,0,0,0,1,1,1,0,0,2,0,0,2,0,0,0,0,0,0,1,0,1
male,LWK,AFR,0,1,0,0,0,0,2,0,0,0,0,0,1,2,0,1,1,0,0,0,0,0,0,0,0,0,0,0,0,0,0,0,0,1,1,0,0,0,0,0,2,0,2,0,0,0,0,0,0,0
male,PEL,AFR,0,0,0,0,0,0,2,0,1,0,0,0,2,0,0,0,1,0,0,0,0,2,0,0,0,0,0,0,0,0,2,0,0,1,2,0,0,1,0,0,1,0,2,0,2,0,1,1,0,0
female,KHV,EUR,0,2,1,0,0,0,2,0,2,0,0,2,2,0,0,0,1,0,0,0,0,2,0,0,0,0,0,0,0,1,0,1,0,0,0,0,0,0,0,0,1,1,2,0,0,1,0,0,0,0
female,KHV,EAS,0,1,0,0,0,0,2,0,0,0,0,0,2,0,0,0,0,0,1,2,0,2,0,0,0,0,0,0,0,0,0,0,0,0,1,0,0,1,0,0,0,0,1,0,0,0,2,0,2,0
male,ASW,AMR,0,0,0,0,0,0,2,0,0,0,0,0,2,2,0,0,2,0,0,0,0,2,0,1,0,0,0,0,0,0,0,0,0,1,0,0,0,0,0,0,1,1,1,0,1,0,2,1,0,0
female,TSI,EAS,0,2,0,0,0,0,2,0,1,0,0,1,2,1,0,1,1,0,0,0,0,1,0,0,0,0,0,0,1,0,0,0,1,1,0,1,0,0,0,0,1,2,2,0,1,0,1,2,1,0
male,LWK,AFR,0,1,0,0,0,0,2,0,0,0,1,1,2,1,0,0,2,0,0,2,0,1,0,0,0,0,0,0,0,0,0,0,0,1,0,2,0,2,0,0,1,0,2,0,0,0,0,2,0,0
male,YRI,EUR,0,2,0,1,0,1,2,0,0,0,0,1,2,0,0,0,2,0,1,1,0,2,0,0,0,0,0,0,0,0,1,0,1,2,0,0,0,1,0,0,1,1,2,0,0,0,1,1,0,0
female,ACB,EUR,0,1,1,0,0,0,2,0,0,0,0,1,2,0,0,0,2,1,0,0,0,2,0,2,0,0,0,0,0,0,0,0,0,1,1,0,0,0,0,0,0,2,2,0,0,0,2,2,0,0
male,GIH,EAS,0,1,0,0,0,0,2,0,0,0,0,0,1,0,0,0,2,1,0,1,0,1,0,0,0,0,0,0,1,0,1,0,0,1,0,2,0,2,0,0,1,0,2,0,0,0,2,2,1,0
female,TSI,SAS,0,0,0,0,0,1,2,0,0,0,0,0,2,1,0,0,1,1,0,1,0,2,0,0,0,0,0,0,0,0,0,0,0,0,1,0,0,2,0,0,2,1,0,0,1,0,2,0,0,0
female,CHS,AFR,1,2,2,0,0,1,2,0,0,0,0,0,1,0,0,0,1,0,0,1,1,2,0,0,0,0,0,0,0,0,1,0,0,0,1,0,0,1,0,0,0,2,1,0,1,0,2,0,0,0
male,CHS,SAS,1,2,2,0,0,1,2,0,0,0,0,1,2,1,0,0,2,0,0,0,0,2,0,0,0,0,1,0,0,0,0,0,0,1,0,1,0,2,0,0,0,0,2,0,0,0,0,2,0,1
female,JPT,EAS,0,2,0,0,1,0,2,0,0,0,1,0,2,0,0,0,2,1,0,0,1,2,0,0,0,0,0,0,1,0,0,0,0,0,1,0,0,2,0,0,1,2,1,0,0,0,2,0,0,0
male,CLM,AFR,0,1,1,1,0,0,2,0,1,0,1,0,2,0,0,0,1,0,0,0,1,1,0,0,1,0,1,0,0,0,1,0,0,1,2,0,0,2,0,0,0,1,2,0,0,0,0,2,0,0
female,KHV,AFR,0,0,0,0,0,0,2,0,0,0,0,0,2,0,0,0,0,1,0,0,0,2,0,0,0,0,0,0,0,0,0,0,0,0,1,0,0,0,0,0,1,0,2,0,0,0,0,0,1,0
male,YRI,SAS,0,0,0,0,0,0,2,0,1,0,0,0,2,0,0,0,1,1,0,2,0,0,0,0,0,0,0,0,0,0,0,0,0,1,1,0,0,1,0,0,1,1,2,0,0,0,0,2,0,0
male,LWK,EUR,0,1,1,0,0,0,2,0,0,0,2,0,2,2,0,0,1,0,0,0,0,2,0,0,2,0,0,0,0,0,0,0,0,0,2,1,0,1,0,0,1,1,0,0,0,0,1,1,0,0
male,CDX,AMR,0,0,1,0,0,0,2,0,1,0,0,0,2,1,0,0,1,1,0,1,0,2,0,0,0,0,0,0,0,0,0,0,0,1,0,0,0,0,0,0,0,0,0,0,0,0,1,1,0,0
male,MSL,EUR,0,0,1,0,0,0,2,1,1,1,0,0,0,0,0,0,1,0,0,0,0,2,0,0,0,0,1,0,0,0,1,1,0,0,0,0,0,2,1,0,2,0,2,0,0,0,1,0,0,0
male,BEB,AFR,0,0,1,1,0,1,2,0,0,0,0,1,2,0,0,0,2,0,0,0,0,2,0,0,0,0,0,0,0,0,0,0,0,0,2,0,0,1,0,0,2,0,0,0,0,0,0,2,0,0
male,ITU,AFR,0,2,2,0,1,0,2,0,1,0,0,0,2,2,0,0,1,0,0,1,0,2,0,0,1,0,1,0,0,0,0,0,0,1,0,0,0,1,0,0,2,0,2,0,1,0,1,0,1,0
male,ESN,EAS,0,0,1,1,0,0,2,0,0,0,1,0,2,0,0,0,2,0,0,0,0,1,0,0,0,0,0,0,0,0,1,0,0,1,0,0,0,2,0,0,2,1,1,0,0,0,1,2,0,0
female,MSL,SAS,0,1,1,0,0,1,2,0,1,0,0,0,1,0,0,0,0,0,0,2,0,1,0,0,0,0,1,0,0,0,0,0,0,1,1,0,0,1,0,0,1,0,0,0,1,0,2,2,0,0
female,STU,EAS,0,2,1,0,0,0,2,0,0,0,0,0,2,0,1,0,2,1,0,0,0,2,0,0,0,0,0,0,0,1,0,0,0,1,0,0,0,2,0,0,1,1,1,0,0,0,0,1,1,0
female,LWK,EAS,0,2,0,0,0,0,2,0,0,0,0,0,2,2,0,0,0,0,0,0,0,2,0,0,0,0,0,0,0,0,0,0,1,0,1,0,1,0,0,0,1,0,2,0,0,0,0,1,0,0
male,ASW,EAS,0,1,0,0,0,1,2,0,0,0,0,1,2,0,0,0,2,1,0,2,0,2,0,0,0,1,2,0,0,0,0,0,0,0,1,0,0,0,0,0,1,1,1,0,0,0,1,1,1,0
male,ASW,AFR,0,2,0,0,0,0,2,1,1,0,0,2,2,2,0,0,1,0,0,0,0,2,0,0,0,0,0,0,0,0,0,0,0,0,0,1,0,2,0,0,2,0,2,0,0,0,1,2,0,0
male,ITU,EAS,1,0,2,0,0,0,2,0,0,0,0,0,2,0,0,0,1,0,0,0,0,2,0,0,0,0,1,0,0,0,0,0,0,0,0,0,0,1,0,0,0,0,0,0,0,0,2,2,0,0
female,LWK,SAS,0,0,0,0,0,0,2,0,0,0,0,0,2,0,0,0,2,1,0,0,0,2,0,0,0,0,0,0,1,0,0,1,0,0,1,0,0,2,0,0,1,1,1,0,0,0,1,1,0,0
female,ESN,EUR,0,2,1,0,0,0,0,0,0,0,0,1,2,1,0,0,0,1,0,0,0,1,0,0,0,0,0,0,0,1,0,0,0,1,0,0,0,0,0,0,1,2,1,0,0,0,0,1,0,0
female,GIH,EUR,0,2,1,0,0,0,2,0,0,0,0,1,2,0,0,1,1,0,0,1,0,1,0,0,0,0,0,0,0,0,0,0,0,1,1,0,0,2,0,0,1,0,2,0,0,0,2,1,0,0
male,ASW,AMR,0,0,0,0,0,0,1,0,0,0,0,1,2,1,0,0,1,0,0,1,0,1,0,0,0,0,0,0,0,0,0,0,0,0,1,0,0,0,0,0,0,0,2,0,1,0,1,2,0,0
male,LWK,EAS,0,2,1,0,0,0,2,0,0,0,1,0,2,1,0,0,1,0,0,1,0,2,0,0,0,0,0,0,0,0,0,0,0,1,0,0,0,0,0,0,2,1,2,0,0,0,2,1,0,0
male,CLM,EAS,0,0,1,0,0,0,2,0,1,0,0,1,1,0,0,0,0,0,0,0,2,2,0,1,0,0,0,1,0,0,0,0,1,1,0,0,0,2,0,0,2,1,1,0,0,0,1,2,0,0
male,GBR,AMR,0,1,0,0,0,0,0,0,0,0,0,0,2,0,0,0,1,0,0,0,0,2,0,0,0,0,0,0,0,0,1,0,1,1,0,0,0,2,0,0,1,2,2,0,0,0,0,1,0,0
male,TSI,EUR,0,2,0,1,0,0,2,0,1,0,0,1,2,0,0,0,2,0,0,0,1,2,0,0,0,0,1,0,0,0,0,0,0,0,1,0,0,2,0,0,0,2,1,0,0,0,2,1,0,0
male,ESN,EAS,0,0,1,0,0,1,2,0,0,0,0,0,2,0,0,0,1,0,0,0,0,2,0,0,1,2,1,0,0,0,0,0,0,1,0,0,0,2,0,0,1,2,0,0,1,0,0,1,0,1
male,GWD,EUR,0,0,2,0,0,0,2,0,0,0,0,0,2,0,0,0,1,0,0,0,0,2,0,0,0,0,0,0,0,0,0,1,0,0,2,0,0,0,0,0,1,0,0,0,0,0,1,2,0,0
male,TSI,EAS,0,2,1,0,0,0,2,0,0,0,0,2,0,0,1,0,2,0,0,0,0,2,0,0,1,0,0,0,0,1,0,0,0,2,0,0,0,0,0,0,1,0,0,0,0,0,1,2,0,0
male,YRI,SAS,0,2,0,0,0,0,2,0,1,0,0,1,2,0,0,0,1,1,0,0,0,2,0,2,0,0,0,0,0,0,0,0,0,0,0,0,0,2,0,0,1,0,0,0,0,0,0,1,0,0
male,YRI,AMR,0,2,0,0,0,1,2,0,0,0,0,1,2,2,0,0,1,0,0,0,0,2,1,0,0,1,0,0,0,0,0,1,1,2,1,0,1,1,0,0,0,0,0,0,0,0,0,2,0,0
male,PJL,AFR,0,0,0,1,0,0,2,0,0,0,0,0,1,0,0,0,2,1,0,0,1,2,0,0,0,0,0,0,0,0,0,0,0,1,1,0,0,0,0,0,1,0,2,0,0,0,1,2,0,1
female,PJL,EUR,0,1,2,0,0,0,2,0,0,0,0,0,2,0,0,1,2,0,0,0,0,2,0,0,1,0,1,0,0,0,1,0,0,1,2,0,0,2,1,0,2,1,2,0,1,0,1,2,0,0
female,JPT,EAS,0,1,0,0,0,0,2,0,0,0,0,0,2,0,0,0,1,1,0,2,0,1,0,0,0,0,0,0,0,0,0,0,0,0,0,1,0,1,0,0,2,0,1,0,0,0,0,2,1,0
male,CHS,EUR,0,1,1,1,0,0,2,0,1,0,0,2,2,0,0,0,2,0,0,1,0,1,1,0,0,1,1,0,0,0,2,2,0,0,0,1,0,2,0,0,1,1,2,0,0,0,1,2,2,0
male,ESN,SAS,0,0,1,0,0,0,2,0,0,0,0,1,1,1,0,0,2,0,0,1,0,2,0,0,0,0,1,0,0,0,1,0,0,0,1,0,0,2,0,0,0,1,2,0,1,0,0,1,0,0
male,PUR,SAS,0,1,0,0,0,2,2,0,0,1,0,1,0,1,0,0,2,0,0,2,0,2,1,0,0,0,0,0,0,0,1,1,0,0,0,0,0,0,0,0,0,1,2,0,0,0,1,1,0,0
male,KHV,AFR,0,1,1,0,0,0,2,0,0,0,0,1,2,1,0,0,0,1,0,0,0,2,0,0,0,0,0,0,1,0,1,0,0,1,1,0,0,2,0,0,0,0,2,0,0,0,1,1,2,0
male,ITU,AFR,0,2,1,0,0,0,2,0,0,0,0,0,2,0,1,0,2,0,0,1,0,1,0,0,0,0,1,0,0,0,0,1,0,1,0,0,0,0,0,0,0,0,1,0,0,0,1,1,0,0
female,YRI,AFR,0,0,1,0,0,0,2,0,0,0,0,0,2,2,0,0,2,1,0,0,0,2,0,0,0,0,0,0,0,0,0,0,0,1,0,0,0,0,0,0,0,1,1,0,0,0,1,1,0,0
male,ACB,AMR,0,2,2,0,0,0,2,0,0,0,0,0,2,0,0,0,2,1,0,0,0,2,0,0,0,0,0,0,0,0,0,0,0,1,1,0,0,2,0,0,1,1,2,0,0,0,1,1,0,0
male,CLM,AFR,0,0,0,0,0,0,1,0,0,0,0,0,2,1,0,0,1,1,0,1,1,2,0,0,0,0,0,0,0,0,0,0,0,0,2,1,0,0,0,0,2,1,2,0,0,0,0,1,0,0
male,ESN,EUR,1,1,1,0,0,0,2,0,0,0,0,0,2,0,0,0,2,0,0,0,0,2,0,0,0,0,0,0,0,0,0,0,0,1,0,0,0,0,0,0,1,1,1,0,0,0,0,1,0,0
male,JPT,EUR,0,0,1,0,0,0,2,0,0,0,0,0,2,1,0,0,1,0,0,2,0,2,0,0,0,0,1,0,0,0,0,0,0,0,0,0,0,2,0,0,1,1,2,0,0,0,1,1,0,0
female,PJL,EAS,0,2,1,0,0,0,2,0,0,0,0,1,2,0,0,0,1,0,0,0,0,2,0,0,0,0,0,0,0,0,0,0,1,1,0,0,0,2,0,0,1,0,2,0,0,0,0,1,0,0
male,PEL,EAS,0,0,0,0,0,0,2,0,0,0,0,0,2,0,0,0,2,0,0,0,1,2,0,0,0,0,0,0,0,0,0,0,0,0,1,0,0,1,0,0,1,1,1,0,0,0,2,2,0,0
male,CHB,EAS,0,0,0,0,0,0,2,0,0,0,0,2,2,1,0,0,0,0,0,0,0,2,0,0,0,0,0,0,1,0,0,0,0,0,0,0,0,0,0,0,1,0,2,0,0,0,2,1,0,0
male,PEL,AMR,0,1,0,0,0,0,2,0,1,0,0,1,2,2,0,0,2,1,0,0,0,2,0,0,0,0,2,0,0,0,1,0,0,0,0,0,0,2,0,0,0,0,2,0,0,0,1,2,0,0
female,TSI,SAS,0,2,0,0,0,0,2,0,0,0,0,1,1,2,1,0,1,0,0,0,0,2,0,0,0,0,0,0,1,0,0,0,0,1,2,0,0,2,0,0,0,0,2,0,0,0,2,2,0,0
male,GBR,EUR,0,2,0,0,0,0,2,0,0,0,0,0,2,2,0,0,1,1,0,0,0,2,0,0,0,0,2,0,0,0,0,0,0,2,0,0,0,2,0,0,1,1,1,0,0,0,0,0,0,0
female,CLM,EUR,0,2,0,0,0,0,2,0,1,0,0,0,1,0,0,0,0,0,0,0,0,2,0,0,0,0,1,0,0,0,1,0,0,1,0,0,0,0,0,0,1,0,2,0,0,0,2,1,0,0
male,FIN,AFR,0,0,0,0,0,0,2,0,0,0,0,0,2,1,0,0,2,1,0,0,0,2,0,0,0,0,0,0,0,0,0,0,1,0,0,0,0,0,0,0,0,0,2,0,0,0,1,1,0,0
male,GIH,EAS,0,2,1,0,0,0,2,1,0,0,0,0,2,0,0,0,1,1,1,2,1,2,0,1,0,0,0,0,0,0,0,0,0,1,2,0,0,0,0,0,1,1,2,0,0,0,0,1,0,0
male,STU,EUR,1,2,1,1,0,1,2,0,1,0,1,2,2,0,0,0,1,0,0,0,2,1,0,0,1,0,0,0,0,0,0,1,0,0,0,1,0,0,0,1,0,0,1,0,0,0,2,2,0,0
female,CHS,AFR,0,0,0,0,0,0,2,0,0,0,0,1,2,0,0,1,2,0,0,0,1,2,0,0,0,0,0,0,0,2,0,0,1,0,0,0,0,0,0,1,1,1,2,1,0,0,0,1,2,0
male,CHB,EAS,0,2,1,0,0,1,2,0,0,1,0,0,2,0,0,0,1,1,0,2,0,1,0,0,0,0,0,0,0,0,0,0,1,1,0,1,0,2,0,0,0,0,0,0,0,0,1,1,0,0
female,ESN,EUR,0,2,1,0,0,0,2,0,0,0,0,0,1,2,0,0,1,0,0,0,0,2,0,0,0,0,0,0,0,0,0,0,1,0,1,0,0,1,0,0,1,0,2,0,0,0,0,2,0,0
female,MXL,EAS,0,2,1,0,0,0,2,0,0,0,0,2,2,2,0,0,1,0,0,0,1,1,0,0,0,0,0,0,0,0,0,0,0,0,1,0,0,1,0,0,1,1,2,0,0,0,0,1,1,0
female,LWK,AMR,0,2,1,0,0,0,2,0,0,0,0,1,2,1,0,1,0,0,0,0,0,2,0,0,0,0,0,0,1,0,0,0,0,0,1,0,0,0,0,0,0,0,2,0,0,0,1,2,0,1
female,GIH,AFR,0,2,0,0,0,0,2,0,0,0,0,0,2,2,0,0,1,0,0,1,0,2,0,0,0,0,0,0,0,0,1,0,0,1,0,0,1,1,0,0,1,1,2,0,0,0,2,2,1,0
male,PEL,AMR,0,2,1,0,0,0,2,0,0,0,0,0,2,0,0,0,2,1,0,0,0,2,0,0,0,0,2,0,0,0,1,0,0,1,2,0,1,2,0,0,0,0,2,0,0,1,2,2,0,1
male,YRI,AFR,0,0,1,0,0,0,2,1,0,0,0,0,2,0,0,0,1,0,0,0,0,2,0,1,0,0,0,0,0,0,0,0,0,1,0,0,0,0,0,0,1,0,0,0,1,0,0,2,0,0
male,ACB,EAS,0,2,1,0,0,0,2,0,1,0,0,1,2,0,0,0,2,0,0,2,0,2,0,0,0,0,0,0,0,0,0,0,0,1,0,0,0,1,0,0,1,0,1,0,0,0,0,1,0,0
male,STU,SAS,0,2,0,0,0,0,2,0,0,0,0,0,2,2,0,0,2,0,0,0,0,1,0,0,0,0,0,0,0,0,0,0,0,0,0,0,0,0,0,0,0,0,1,0,1,0,2,1,0,0
male,GWD,SAS,0,2,0,1,0,0,2,0,0,0,0,0,2,0,0,0,1,2,0,0,1,2,0,0,0,0,0,0,0,0,0,0,0,2,0,0,1,0,0,0,1,1,1,0,0,0,1,2,0,0
female,ASW,EAS,0,2,0,0,0,0,1,0,0,0,0,0,1,0,0,0,2,2,0,0,0,2,0,0,0,0,0,0,0,0,0,0,0,0,0,1,0,2,0,0,1,1,1,0,0,0,0,1,0,0
male,PJL,EAS,0,1,1,0,0,0,2,0,0,0,0,0,2,0,0,0,1,1,0,2,1,2,0,0,0,0,1,0,0,0,0,0,1,0,1,0,0,2,0,0,0,1,2,0,0,0,0,2,0,0
male,CHB,EAS,0,0,1,0,0,0,2,0,0,0,0,2,2,0,0,0,1,1,0,2,0,2,0,1,0,0,0,0,0,0,0,0,0,0,1,0,0,1,0,1,1,0,1,0,1,0,2,1,0,0
male,ACB,EAS,0,1,0,0,0,1,2,0,0,0,0,0,2,0,0,0,1,1,0,0,0,2,0,0,0,0,0,0,0,0,0,0,0,2,0,0,0,0,0,0,1,0,2,0,0,0,1,2,0,0
male,GWD,AMR,0,1,1,1,0,0,2,0,0,0,0,0,2,0,0,0,0,0,0,0,0,1,0,0,1,0,0,0,2,0,0,0,1,1,0,0,0,2,0,0,0,1,1,0,0,0,2,2,2,0
male,CHB,SAS,0,2,0,0,0,0,2,0,0,0,1,1,2,0,0,0,2,0,0,0,0,2,0,0,1,0,0,0,0,0,0,0,0,1,0,0,0,0,0,0,1,0,2,0,0,0,0,2,0,0
male,CDX,SAS,0,1,0,1,0,0,2,0,1,0,0,0,2,0,0,0,2,1,1,0,0,2,0,0,0,0,1,0,0,0,0,0,0,1,1,0,0,0,0,0,0,0,1,0,0,0,2,1,1,0
female,ESN,SAS,0,0,1,0,0,0,1,0,0,0,1,0,2,0,0,0,2,0,0,0,0,2,0,1,0,0,0,0,1,0,0,0,0,1,0,0,0,0,0,0,0,1,1,0,1,0,0,1,0,0
male,TSI,EAS,0,0,0,0,0,0,2,0,0,0,0,0,2,1,0,0,1,0,0,0,1,2,1,0,0,0,0,0,0,0,1,0,0,1,0,0,0,0,0,0,1,0,2,0,0,0,0,2,0,0
male,IBS,AFR,0,1,0,0,0,0,2,0,0,1,0,0,1,0,0,0,2,0,0,2,1,2,0,0,0,0,1,0,0,0,0,0,0,2,1,0,0,1,0,0,0,1,1,0,0,0,2,2,0,0
female,ACB,AFR,0,0,0,0,0,0,1,0,0,0,0,1,2,0,0,0,1,0,0,1,0,2,0,0,0,0,0,0,0,0,1,0,0,1,0,0,0,0,0,0,0,2,2,0,0,0,2,2,0,0
male,YRI,SAS,0,1,0,0,0,0,2,0,1,0,1,0,2,0,0,0,2,0,0,0,0,2,0,0,0,0,0,0,1,0,1,0,0,1,0,0,0,0,0,0,0,1,2,0,0,0,1,1,0,0
male,CHB,EUR,0,1,0,0,0,0,2,0,0,0,0,0,2,0,0,0,1,0,0,0,0,1,0,0,0,0,0,0,0,0,1,0,0,1,1,0,0,0,0,0,1,0,2,0,0,0,1,0,0,0
male,LWK,AMR,0,1,1,0,0,0,2,0,0,0,2,1,2,0,1,0,2,0,0,0,0,2,0,0,0,0,0,0,0,0,0,0,0,2,0,0,0,0,0,0,2,1,0,0,1,0,2,0,0,0
male,ITU,AFR,0,2,1,0,0,0,2,0,0,0,1,0,0,2,0,0,1,1,0,2,0,2,0,0,0,0,1,0,1,0,0,0,2,1,0,0,0,1,0,0,2,1,2,0,1,0,2,2,0,0
female,YRI,EUR,0,0,0,0,0,0,2,0,1,0,0,1,2,0,0,0,1,1,0,1,0,2,0,0,0,0,0,0,0,0,0,0,1,1,1,0,0,2,0,0,0,0,1,0,0,0,2,2,1,0
male,ACB,EUR,0,2,0,0,0,0,2,0,0,0,0,2,1,0,0,0,1,1,1,2,0,1,0,0,0,0,0,0,1,0,0,0,0,1,2,0,0,2,0,0,0,0,2,1,0,0,2,1,0,0
male,ESN,EAS,0,2,0,0,0,0,2,0,0,0,0,1,2,1,1,0,1,0,0,2,0,2,0,0,0,0,0,0,1,0,0,0,0,0,2,0,0,0,0,0,1,0,0,0,0,0,2,2,0,0
male,BEB,EAS,0,2,0,0,0,0,2,0,0,0,0,0,2,1,0,0,1,0,0,0,0,2,0,0,0,0,1,0,0,0,0,0,0,1,1,0,0,2,0,0,1,0,1,0,0,0,0,2,0,0
female,GIH,EAS,1,1,0,1,0,0,2,0,0,0,1,0,2,0,0,0,1,2,0,2,0,2,0,0,1,0,2,0,0,0,2,0,1,1,0,0,0,0,0,0,1,0,0,0,0,0,1,2,0,0
male,JPT,EUR,0,0,2,0,0,0,2,0,2,0,0,0,2,0,0,0,2,0,0,2,0,2,0,0,0,0,0,0,0,0,0,0,1,2,0,1,0,2,0,0,1,1,2,0,1,0,0,2,0,0
male,ITU,EUR,0,0,2,0,0,1,2,0,0,0,0,0,2,0,0,0,1,0,0,2,0,2,0,0,0,0,0,0,0,0,0,0,0,1,0,0,0,2,0,0,0,1,0,0,0,0,1,1,0,0
female,ITU,AFR,0,2,2,0,0,0,2,0,0,0,0,1,0,0,0,0,1,1,0,0,1,1,0,0,0,0,0,0,0,0,0,0,0,1,1,0,0,2,0,0,1,0,0,0,0,0,0,2,0,0
male,CEU,EUR,0,1,0,0,0,1,2,0,0,0,1,0,2,2,1,0,1,1,0,2,0,2,0,1,0,0,0,1,1,0,0,0,0,0,1,0,0,2,0,0,0,2,2,0,0,0,0,1,0,0
male,CHB,EUR,0,0,0,0,0,0,2,0,0,0,0,0,2,0,0,0,2,0,0,0,0,2,0,0,0,0,1,0,1,0,0,0,0,1,0,0,0,0,0,0,1,0,1,0,0,0,2,1,0,0
male,PJL,AMR,0,1,2,0,0,0,2,0,1,0,0,0,2,0,0,1,1,0,0,0,0,1,0,0,0,1,0,0,1,0,0,0,0,1,0,0,0,2,0,0,1,0,0,0,0,0,0,1,1,0
female,PEL,EUR,0,1,1,0,0,0,2,0,0,0,0,0,1,2,0,0,1,0,0,0,0,1,0,0,0,0,1,0,0,0,0,0,0,1,2,1,0,0,0,0,0,0,2,0,0,1,0,1,0,0
male,ITU,SAS,0,1,0,0,0,0,2,0,0,0,0,1,2,0,0,0,2,1,0,0,0,1,0,0,0,0,0,0,0,0,0,0,0,1,0,0,0,0,0,0,0,0,1,0,1,0,1,1,0,0
male,GIH,EAS,0,1,1,0,0,0,2,0,1,0,0,0,2,2,0,0,1,0,0,1,0,2,0,1,0,0,0,0,0,0,0,0,0,0,2,1,0,1,1,0,1,2,1,0,0,0,0,2,2,0
female,PJL,EAS,0,0,0,0,0,0,2,0,0,0,0,0,2,0,1,1,1,1,0,0,1,2,0,0,1,0,0,0,0,0,0,0,1,0,0,0,0,0,0,0,1,0,0,0,0,0,1,1,0,0
male,LWK,EUR,0,1,1,0,0,0,2,0,0,0,0,0,2,2,0,0,1,1,0,0,0,2,0,1,0,0,0,0,1,0,0,0,0,1,0,0,0,2,0,0,1,0,0,0,0,0,1,1,0,0
male,LWK,EUR,0,2,0,0,0,0,2,0,0,0,0,1,1,0,0,0,2,1,0,0,0,1,0,1,0,0,1,0,0,0,0,1,0,1,0,0,0,2,0,0,1,0,0,0,0,0,1,2,0,0
male,STU,AFR,1,0,1,0,0,0,2,0,0,0,0,0,2,0,0,0,2,1,0,0,0,1,0,0,0,1,1,0,0,0,1,1,0,1,0,0,0,2,0,0,1,1,2,0,0,0,2,0,0,0
female,STU,SAS,0,0,0,1,0,0,1,0,1,0,0,0,2,0,1,0,1,2,0,2,0,2,0,0,0,0,0,0,1,0,0,0,0,1,0,0,0,2,0,0,1,1,2,0,1,0,1,1,0,0
female,ITU,SAS,0,2,1,0,0,0,2,0,0,0,0,0,2,0,0,0,2,0,0,2,0,2,0,0,0,0,0,0,0,0,0,0,0,0,2,0,0,1,0,0,1,0,2,0,1,0,2,2,0,0
female,CEU,EAS,0,2,0,0,0,1,2,0,0,0,0,1,1,0,0,0,2,1,0,0,0,2,0,1,0,0,0,2,0,0,0,0,0,2,1,1,0,1,0,0,1,0,0,0,0,0,1,1,0,0
female,PEL,EAS,0,2,1,1,0,0,2,0,0,0,0,0,2,0,0,0,1,0,0,2,0,2,0,0,0,0,0,0,0,0,1,0,0,0,1,0,0,2,0,0,1,2,0,0,0,0,1,1,0,0
male,CHB,EAS,1,1,0,1,0,1,2,0,0,0,0,0,2,2,0,0,2,0,0,2,1,1,0,1,0,0,0,0,0,0,0,0,0,1,0,0,0,1,0,0,1,1,0,0,0,0,2,2,0,0
male,LWK,EAS,0,2,1,0,0,0,2,0,1,0,0,0,1,0,0,0,2,1,0,0,0,2,0,0,0,0,0,0,0,0,0,0,1,0,1,0,0,1,0,0,1,0,2,0,1,0,2,2,0,1
male,ESN,EAS,0,2,1,0,0,0,2,0,1,0,0,1,2,0,0,0,0,0,0,0,0,2,0,0,1,0,0,0,1,0,0,0,1,1,0,0,0,1,0,0,1,2,1,0,0,0,1,2,1,0
female,ESN,AFR,0,1,0,0,0,0,2,0,0,0,0,0,2,0,0,0,1,1,0,1,0,2,0,0,0,0,0,0,0,0,0,0,0,0,0,0,0,0,0,0,1,0,2,0,0,0,0,2,1,0
female,CHB,EAS,0,2,1,1,0,0,2,0,0,0,0,0,2,0,2,1,2,1,0,0,1,2,0,0,0,0,1,0,0,2,1,0,1,2,0,0,0,2,0,0,0,1,1,0,2,0,0,1,0,0
female,CHS,EAS,0,2,1,1,0,0,2,0,0,0,0,0,0,0,0,0,1,2,0,1,0,2,0,0,0,0,0,0,0,0,1,0,0,1,1,0,0,1,0,0,0,1,2,2,0,0,0,0,0,0
male,ASW,EAS,0,2,0,0,0,0,2,0,0,0,0,0,2,0,0,0,2,0,0,0,0,2,0,0,0,0,0,0,0,1,0,0,0,1,0,0,0,1,0,0,1,1,2,0,0,0,0,1,0,0
female,JPT,AMR,0,0,0,0,0,0,2,0,0,0,1,0,1,1,0,0,1,0,0,0,0,2,0,0,0,0,1,0,0,0,0,0,0,1,1,2,0,1,0,0,1,0,1,0,0,0,0,0,0,0
female,ITU,EAS,0,2,2,0,0,0,2,0,0,0,0,0,2,1,1,0,1,0,0,0,0,2,0,0,0,0,0,0,0,0,0,0,0,1,1,0,0,2,0,0,0,1,0,0,0,0,1,2,0,0
female,YRI,EAS,0,0,0,0,0,0,2,0,1,0,1,0,2,1,0,0,1,0,0,1,0,2,0,0,0,0,1,0,0,0,0,0,0,0,0,0,0,2,0,0,1,1,1,0,0,0,2,2,0,0
male,ACB,AFR,0,0,1,0,0,0,2,0,0,0,0,1,2,0,0,0,2,0,0,0,0,2,0,0,0,0,1,0,0,0,0,0,0,1,1,0,0,2,0,0,0,0,2,0,1,0,2,1,0,0
male,ACB,EUR,0,2,2,0,0,0,2,0,0,0,0,0,1,0,0,0,1,0,0,2,0,1,0,0,0,0,0,0,0,0,1,0,2,0,0,0,0,1,0,0,1,0,2,0,0,0,2,1,0,0
male,IBS,EAS,0,2,0,0,0,0,2,0,0,0,0,0,2,0,0,0,1,0,0,1,0,2,0,0,0,0,0,0,1,0,1,0,1,1,1,0,1,2,0,0,1,0,2,0,2,0,2,1,1,0
female,ITU,AFR,0,1,0,0,0,0,2,0,0,0,0,0,2,0,1,0,0,0,0,1,0,2,0,0,1,0,0,0,0,0,0,0,0,1,0,1,0,2,0,0,1,0,1,0,0,0,0,1,0,0
male,PUR,EUR,0,2,1,0,0,1,2,0,0,0,0,0,2,0,0,0,2,1,0,0,0,2,0,0,1,0,1,0,0,0,0,0,0,1,0,0,0,1,0,0,0,0,2,0,0,0,1,1,0,0
female,LWK,EUR,0,1,0,0,0,1,2,0,0,0,0,0,2,0,0,0,2,1,0,1,0,2,1,0,0,0,0,0,0,0,0,1,0,0,1,0,0,2,0,0,1,1,0,0,0,0,0,1,0,0
male,ESN,AFR,0,2,0,0,0,0,2,0,0,0,0,0,1,0,0,0,1,0,0,1,0,2,0,0,1,0,1,0,0,0,0,0,1,1,0,0,0,2,0,0,1,0,0,0,0,0,0,1,0,0
female,STU,AFR,0,1,0,0,0,1,2,0,0,0,0,1,2,0,0,0,1,0,0,2,0,2,0,0,0,0,0,0,0,0,0,1,0,0,0,0,0,0,0,0,1,0,2,0,0,0,1,1,0,0
female,ACB,EAS,0,0,2,0,0,0,2,0,0,0,0,0,2,0,0,0,1,1,0,0,0,1,0,1,1,0,1,0,0,0,0,0,0,1,0,0,0,0,0,0,0,0,0,0,0,0,1,1,0,0
male,ITU,EAS,0,2,1,0,0,0,2,0,0,0,0,0,2,0,0,0,2,1,0,1,0,2,0,0,0,0,0,0,0,0,0,0,0,1,0,0,0,2,1,0,0,1,1,0,0,0,0,2,0,0
male,ITU,SAS,0,1,1,0,0,0,2,0,0,0,2,1,2,0,0,1,2,0,0,0,0,2,0,0,0,0,0,0,0,0,0,0,0,2,0,1,0,0,0,0,1,2,2,0,0,0,1,2,0,0
male,PEL,AFR,0,2,0,0,0,0,2,0,0,0,0,0,1,2,0,0,1,1,0,2,0,2,0,0,0,0,2,0,0,0,0,0,0,0,2,0,1,1,0,0,1,1,2,0,0,0,1,1,1,0
male,ACB,AFR,0,1,0,0,0,0,2,0,1,0,0,1,2,0,0,1,2,0,0,0,1,2,0,0,0,0,2,0,0,0,0,0,2,0,0,0,0,1,0,0,1,0,1,0,0,0,1,2,0,0
male,GIH,EAS,0,1,1,0,0,0,2,0,0,0,1,0,2,0,0,0,2,1,0,1,0,2,0,0,0,0,1,0,0,0,0,0,0,2,0,0,0,2,0,0,1,0,2,0,1,0,2,1,0,0
male,YRI,EAS,0,1,0,0,0,0,2,0,0,0,1,0,2,0,0,0,0,0,0,0,1,2,0,0,0,0,0,0,0,0,0,0,1,1,0,1,0,2,1,0,0,2,2,0,0,0,0,1,0,0
male,ESN,AMR,0,2,2,0,0,0,2,0,0,0,0,0,2,0,0,0,2,1,0,0,0,2,0,0,0,0,1,0,0,0,0,0,0,1,0,0,0,0,0,0,1,1,1,0,1,0,2,2,1,0
female,YRI,AFR,0,1,0,0,0,0,2,0,0,0,0,1,2,0,0,0,1,0,0,1,1,2,0,0,0,0,1,0,0,0,0,0,1,1,0,0,0,2,0,0,1,0,2,0,0,0,1,2,0,0
male,ESN,EAS,0,0,0,0,0,0,2,0,0,0,0,0,1,0,1,0,1,1,0,0,0,2,0,0,0,0,0,0,0,0,1,1,0,1,0,0,0,1,0,0,1,0,2,0,1,0,1,2,0,0
male,CLM,SAS,0,2,1,0,0,0,2,0,0,0,0,1,2,0,0,0,2,1,0,2,0,2,0,0,0,1,0,1,0,0,0,0,1,0,0,0,0,1,0,0,1,0,1,0,0,0,1,1,1,0
male,LWK,AFR,0,1,1,0,0,0,2,0,0,0,0,0,2,0,0,0,1,0,0,0,0,2,0,0,0,0,0,0,1,0,0,0,0,0,0,0,0,2,0,0,1,1,2,0,0,0,0,0,1,0
female,GIH,AMR,0,2,1,0,0,0,2,0,0,0,0,1,2,0,0,0,1,0,0,1,1,2,0,0,0,0,1,0,1,0,0,0,0,0,0,0,0,0,0,0,1,1,0,0,1,0,2,1,2,0
male,ACB,EUR,0,0,0,0,0,0,1,0,0,0,0,0,2,0,1,0,1,0,0,0,0,2,0,0,0,0,1,0,0,0,0,0,0,1,0,0,0,0,0,0,1,2,0,0,0,0,1,2,0,0
female,STU,AFR,0,2,0,0,0,0,2,0,0,0,1,1,2,0,0,0,1,0,0,0,0,2,0,0,0,0,0,0,0,0,1,0,0,1,0,0,0,2,0,0,1,0,2,0,0,0,2,1,0,0
male,YRI,AMR,0,1,0,0,0,0,2,0,0,0,0,1,2,1,0,0,1,0,0,0,0,2,0,2,0,0,0,0,0,0,0,0,1,0,0,0,0,2,0,0,1,1,0,0,1,0,2,2,0,0
male,CDX,EAS,0,2,0,0,0,0,2,0,0,0,0,1,2,1,0,0,2,0,0,0,0,2,0,1,0,0,0,0,0,0,2,0,0,0,1,1,0,1,0,0,1,0,1,0,0,0,1,2,0,0
male,CLM,EAS,0,1,1,0,0,0,2,0,1,0,0,1,2,0,1,0,1,1,0,2,0,1,0,0,0,0,0,0,0,0,0,0,0,0,0,0,0,1,0,0,1,1,2,0,0,0,1,1,0,0
male,GBR,AFR,0,0,2,0,0,1,2,0,0,0,0,1,2,1,0,0,1,0,0,0,0,1,0,1,0,0,0,1,0,0,0,0,0,0,2,0,0,1,1,0,1,1,2,0,0,0,2,2,1,0
female,ESN,EAS,0,2,1,0,0,0,2,0,1,0,1,0,1,0,0,0,0,0,0,1,0,2,0,0,0,0,0,0,0,0,0,0,0,0,1,0,0,2,0,0,1,1,2,0,0,0,2,1,0,0
female,PEL,EAS,0,1,0,0,0,0,2,1,0,0,0,0,1,0,0,0,0,1,0,1,0,2,0,0,0,0,0,0,1,0,0,0,0,2,2,0,0,2,0,0,0,0,2,0,0,0,2,2,2,0
female,ESN,EUR,0,0,0,0,0,0,2,0,0,0,0,0,2,1,0,0,2,1,0,1,0,2,0,0,0,0,1,0,0,0,0,0,0,1,0,0,0,1,0,0,0,0,1,0,0,0,1,1,2,0
male,ITU,AFR,0,1,1,0,0,0,2,0,0,0,0,0,2,0,0,0,2,0,0,0,0,2,0,0,0,0,0,0,1,0,2,0,0,1,1,0,1,0,0,0,0,0,2,0,0,0,2,1,0,0
male,TSI,EAS,0,0,0,0,0,0,2,0,0,0,1,0,1,2,1,0,1,1,0,2,0,2,0,0,0,0,0,0,0,0,0,1,0,1,0,0,1,1,0,0,1,1,0,0,0,0,0,1,0,0
male,GWD,EUR,0,0,0,0,0,0,2,0,0,0,0,2,2,1,1,1,1,1,0,1,0,2,0,0,0,0,0,0,0,0,0,0,0,1,0,0,0,1,0,0,1,0,2,0,0,0,0,0,0,0
male,YRI,AMR,0,1,1,0,0,0,2,1,0,0,0,0,2,0,0,0,1,1,0,2,0,1,0,0,0,1,0,0,0,0,0,0,0,0,0,0,0,1,1,0,0,1,2,0,0,0,1,1,2,0
male,GWD,EAS,0,1,0,0,0,0,2,0,0,0,0,1,2,0,0,0,2,0,0,2,0,2,0,0,1,0,1,0,0,0,0,0,0,1,2,1,0,0,0,0,0,1,2,0,0,0,0,2,0,0
female,JPT,AFR,0,2,0,0,0,0,1,0,0,0,1,0,2,0,0,0,1,0,0,2,0,2,0,0,1,0,0,0,0,0,1,0,0,0,0,0,0,0,1,0,1,1,0,0,1,0,1,2,1,0
male,YRI,AFR,0,1,0,0,0,0,2,0,0,0,0,0,2,0,1,0,2,0,0,2,0,2,0,0,0,0,1,0,0,0,0,0,0,1,1,0,0,0,0,0,1,0,2,0,0,0,1,1,0,0
male,ITU,EAS,0,1,0,0,0,0,2,0,1,0,0,0,2,0,0,0,1,0,0,0,0,1,1,0,0,0,2,0,0,2,1,0,0,0,1,0,0,0,0,0,0,2,1,0,0,0,1,1,0,0
female,ASW,AMR,0,0,0,0,0,0,2,0,0,0,0,1,2,0,0,0,2,1,0,1,0,2,0,0,0,0,0,0,0,1,0,0,0,0,2,1,0,0,0,0,1,0,1,0,0,0,0,1,0,0
male,CLM,SAS,0,2,0,0,0,0,2,0,0,0,0,1,1,0,0,0,1,1,0,1,0,2,0,1,0,0,0,0,0,0,1,0,0,0,1,0,0,1,0,0,1,0,1,0,0,0,0,1,0,0
female,IBS,AFR,0,2,1,0,0,0,2,0,0,0,0,0,2,1,0,0,1,1,0,0,0,1,0,0,0,0,2,0,1,0,0,0,0,1,0,0,0,2,1,0,2,0,2,0,0,0,2,0,0,0
female,CHS,EAS,0,2,0,0,0,0,2,0,0,0,0,1,2,0,1,0,1,0,0,0,0,2,0,0,0,0,1,0,0,1,1,0,0,1,2,0,0,2,0,0,1,0,1,0,1,0,2,1,0,0
male,ITU,AMR,0,1,0,0,0,0,2,0,0,0,0,0,2,0,0,0,2,1,0,1,0,2,0,0,0,0,0,0,0,0,0,0,0,1,2,0,0,1,0,0,1,0,0,0,0,0,1,1,0,0
male,GIH,SAS,0,2,0,1,0,0,2,0,0,0,0,1,2,0,0,0,1,0,0,0,0,2,0,0,0,0,0,0,0,0,1,0,0,2,1,0,0,0,0,0,1,0,1,0,0,0,2,1,0,0
female,YRI,AFR,0,0,0,0,0,0,2,0,0,0,0,0,2,0,0,0,1,0,0,2,0,2,0,0,0,0,0,0,0,0,1,0,1,1,2,0,0,0,0,0,1,0,2,1,0,1,1,2,0,0
female,PUR,EUR,0,0,0,1,0,0,2,0,0,0,0,0,2,0,0,0,2,1,0,0,0,2,0,0,0,0,0,0,1,0,0,0,1,0,1,0,1,1,0,0,0,0,1,0,0,0,2,2,1,0
male,PUR,AMR,0,2,0,1,0,0,2,0,1,0,0,0,0,2,0,0,2,1,0,2,0,2,0,0,0,0,0,0,0,0,1,0,0,0,1,1,0,0,0,0,1,1,2,1,0,0,2,2,0,0
female,PEL,AMR,0,2,0,0,0,1,2,0,0,0,0,0,2,0,0,0,2,1,0,1,0,2,0,0,0,0,0,0,0,0,0,1,0,0,0,0,0,0,1,0,1,0,0,0,0,0,2,1,0,0
female,ITU,EUR,0,0,0,0,0,1,2,0,0,0,0,0,2,1,0,1,2,0,0,0,1,1,0,0,0,0,1,0,0,1,0,0,0,1,1,0,0,2,0,0,1,0,1,0,0,0,0,2,0,0
male,CHS,AFR,0,2,0,0,0,1,2,0,0,0,0,0,1,0,0,0,2,0,0,0,0,2,0,0,1,0,0,0,0,0,0,1,0,1,1,0,0,1,0,0,1,0,0,0,0,0,1,1,0,0
male,CHB,AMR,0,2,0,0,0,0,2,0,1,0,0,1,2,1,0,0,1,0,0,1,0,2,0,0,0,0,1,0,0,0,0,0,1,1,1,1,0,0,0,0,1,1,1,0,0,0,0,2,0,0
female,ACB,AFR,0,1,0,0,0,0,2,0,0,0,0,1,2,1,0,0,2,1,0,0,0,2,0,0,0,0,0,0,0,0,1,0,0,0,2,0,0,1,0,0,1,0,1,0,1,0,0,1,0,0
male,CDX,EAS,0,2,0,0,0,0,2,0,1,0,0,0,2,2,0,1,2,1,0,0,0,2,0,0,0,0,0,0,1,0,0,0,0,0,0,0,0,2,0,0,1,0,2,0,0,0,2,1,1,0
male,BEB,EUR,1,2,0,0,0,0,2,0,0,0,0,1,1,0,0,0,0,1,0,0,1,0,1,0,0,0,0,0,0,0,1,0,0,0,1,0,0,1,0,0,0,0,1,0,1,0,0,2,1,0
male,CHS,EAS,0,1,2,0,0,1,2,0,0,0,1,0,2,0,0,0,1,0,0,0,0,1,0,0,0,0,1,0,1,0,0,0,0,0,2,0,0,2,0,0,1,0,2,1,0,0,0,2,0,0
female,ITU,AFR,0,2,1,0,0,0,2,0,1,0,0,1,2,0,0,0,0,0,0,0,0,2,0,0,0,0,0,0,0,0,0,0,0,1,0,0,0,2,0,0,1,0,1,0,0,0,1,2,0,0
female,ASW,SAS,0,0,0,0,0,0,2,0,1,0,0,0,2,0,0,0,1,1,0,0,0,2,0,0,1,0,1,0,0,0,0,0,0,1,0,0,0,0,0,0,1,0,0,0,0,0,1,2,0,0
female,IBS,AFR,0,2,1,0,0,1,2,0,0,0,0,0,1,2,0,1,0,1,0,1,1,2,0,0,0,1,0,0,0,0,0,0,0,1,1,0,0,2,0,0,1,1,1,0,0,0,0,2,0,0
male,CEU,AFR,0,0,0,0,0,0,2,0,0,0,0,0,2,0,0,0,2,0,0,2,0,2,0,0,0,0,1,0,1,1,0,0,0,1,2,0,0,0,2,0,1,0,1,0,0,0,2,1,1,0
female,ACB,AFR,0,0,0,0,0,0,2,0,0,0,0,0,2,0,0,0,1,0,0,0,0,2,0,0,0,0,0,0,0,0,0,0,1,0,0,0,0,0,0,0,1,0,1,0,0,0,1,1,0,0
male,LWK,SAS,0,2,0,0,0,0,2,0,0,0,0,0,2,0,0,0,1,0,0,0,0,2,0,0,0,0,0,0,0,0,0,0,0,1,1,0,0,2,0,0,0,0,2,0,0,0,0,0,0,0
male,CHS,AMR,0,0,0,0,0,0,2,0,0,0,1,1,2,0,0,0,1,0,0,0,0,2,1,0,0,0,0,0,1,0,2,0,1,0,0,1,0,2,0,0,0,0,2,0,2,0,1,1,0,0
female,ITU,AFR,0,2,0,0,0,0,2,0,0,0,0,0,2,0,0,0,2,0,0,0,0,2,0,0,0,0,0,0,0,0,0,0,0,1,1,0,0,0,0,0,1,0,2,0,0,0,0,2,0,0
female,FIN,SAS,1,1,0,0,1,0,2,0,0,0,0,0,2,0,0,0,2,0,0,0,1,2,0,0,0,1,0,0,0,0,0,0,0,0,0,0,0,2,0,0,1,0,1,0,0,0,1,1,0,0
male,GBR,SAS,0,1,0,0,0,0,2,0,0,2,0,0,2,0,0,0,2,0,0,0,0,2,0,0,0,0,1,0,0,0,0,1,0,0,0,0,0,0,0,0,1,0,1,0,0,0,2,2,1,0
male,YRI,EUR,0,2,0,0,0,0,2,0,1,0,0,0,2,1,0,0,1,0,0,1,0,2,0,0,0,0,0,0,0,0,0,0,0,0,1,0,0,2,0,0,1,0,2,0,0,0,1,1,0,1
female,PUR,EUR,0,2,0,0,0,0,2,0,0,1,0,0,2,0,0,0,1,0,0,0,0,1,0,1,0,0,0,0,0,0,0,0,0,1,0,0,0,1,0,0,0,0,0,0,0,0,1,1,0,0
male,CHB,EAS,0,1,2,0,0,0,2,0,0,0,0,0,2,1,0,0,2,1,0,0,0,2,0,0,0,1,0,0,0,0,0,0,0,1,2,0,0,2,0,0,1,2,2,0,0,0,2,1,0,0
female,ESN,AFR,0,2,1,0,0,0,2,0,2,0,0,0,2,0,0,0,1,0,0,0,0,2,0,0,0,0,0,0,0,0,0,0,0,1,0,0,0,2,0,0,1,1,2,0,0,0,2,2,0,0
male,PUR,EAS,0,1,2,0,0,0,2,0,1,0,0,1,1,0,0,0,2,1,0,0,0,2,0,1,0,0,1,0,0,0,1,0,0,1,0,0,0,0,0,1,1,1,2,0,0,0,2,1,0,0
female,PUR,EAS,0,1,0,0,0,0,2,0,1,0,0,1,1,0,0,0,1,0,0,0,0,2,0,0,0,0,0,0,0,0,0,0,0,1,1,0,0,2,0,0,1,0,2,0,0,0,2,1,0,0
female,GIH,SAS,0,2,0,1,1,1,2,0,0,0,0,1,2,0,0,0,2,0,0,0,0,2,0,1,0,0,2,0,0,0,0,2,2,0,0,0,0,0,0,0,1,1,2,0,0,0,0,2,0,0
male,ACB,AFR,0,0,0,0,0,0,2,0,0,0,0,0,2,0,0,0,2,1,1,0,0,1,0,0,0,0,0,0,2,0,0,0,0,0,0,0,0,2,0,0,0,0,2,0,0,0,1,1,0,0
male,ASW,AFR,0,1,0,0,0,1,2,0,0,0,0,0,2,0,0,0,1,1,0,2,0,2,0,0,0,0,0,0,1,0,0,1,0,1,0,0,0,2,0,0,2,0,1,0,1,0,0,1,2,0
male,CEU,EAS,0,0,1,0,0,0,2,0,1,0,0,0,2,0,0,0,2,1,0,2,0,2,0,0,1,0,0,0,0,0,0,0,0,1,0,0,0,2,0,0,1,0,2,0,0,0,0,1,0,0
male,CEU,EUR,0,2,1,0,0,0,2,0,0,0,0,0,2,0,0,0,1,0,0,2,1,2,0,0,0,0,0,0,0,0,0,0,0,1,1,1,0,0,0,0,1,2,2,0,0,0,2,2,0,0
female,CHB,AFR,0,2,0,0,0,0,2,0,0,0,0,0,2,0,0,0,2,0,0,1,0,2,0,0,0,0,0,0,0,0,0,0,2,0,1,0,0,1,0,0,0,0,0,0,0,0,1,1,0,0
male,JPT,AFR,0,2,1,0,0,0,2,0,0,0,0,0,1,0,0,2,1,1,0,2,0,2,0,0,0,0,0,0,0,0,0,0,0,0,0,0,0,2,0,0,1,0,2,0,0,0,2,1,0,0
male,MSL,AFR,0,1,0,0,0,0,2,0,0,0,0,1,2,0,0,0,1,2,0,0,1,2,1,0,0,0,0,0,0,0,0,0,0,0,0,0,1,1,1,0,1,2,2,0,1,0,2,1,0,0
male,CLM,AFR,0,0,0,0,0,0,2,0,1,0,0,0,2,0,0,0,1,0,0,0,0,2,0,0,0,0,1,0,0,0,0,0,0,1,1,0,0,2,0,0,2,2,2,0,0,1,1,1,0,0
male,BEB,EUR,0,2,1,0,0,0,2,0,0,0,0,0,2,0,0,0,1,1,0,0,0,2,0,0,0,0,0,0,0,1,1,0,0,2,0,0,0,2,0,0,2,0,2,0,0,0,2,1,0,0
female,ASW,AFR,1,1,0,1,0,0,2,0,0,0,0,0,2,0,0,0,2,0,0,0,0,2,0,0,0,0,0,0,0,0,0,0,0,1,0,1,0,0,0,0,0,0,2,0,0,0,1,2,0,0
male,PUR,AMR,0,0,0,0,0,0,2,0,0,1,1,0,2,1,0,0,1,1,0,0,0,2,0,0,0,0,0,0,1,0,0,0,0,1,0,0,0,2,0,0,1,1,1,0,2,0,2,2,0,0
female,CLM,SAS,0,1,0,2,0,0,2,0,0,0,1,2,2,0,0,0,1,0,1,2,0,2,0,0,0,0,1,0,0,0,0,0,0,1,1,0,0,1,0,0,2,0,1,0,0,0,1,1,0,0
male,PEL,AFR,0,0,2,0,1,0,2,0,0,0,0,0,2,1,0,0,1,0,0,0,0,2,0,0,0,0,0,0,0,0,1,0,1,0,1,0,0,0,0,0,1,0,0,0,2,0,0,2,0,0
female,CHB,EAS,0,0,0,0,0,0,2,0,0,0,0,0,2,0,0,0,1,1,0,0,0,2,0,0,0,0,0,0,0,0,1,0,0,0,1,0,0,0,0,0,0,0,1,0,0,0,1,1,0,0
male,PUR,EUR,0,1,0,0,0,0,2,0,1,0,0,0,2,0,0,0,2,0,1,0,0,2,0,0,0,0,1,0,0,0,0,0,1,0,1,0,0,0,0,0,1,1,0,0,0,0,0,2,1,0
male,IBS,EAS,0,0,0,0,0,0,2,0,0,0,0,1,2,2,0,0,1,0,0,1,0,2,0,0,0,0,0,0,1,0,1,0,0,1,1,2,0,1,0,0,1,0,1,0,0,0,2,1,0,0
female,ITU,AFR,0,0,0,0,0,0,2,0,0,0,0,0,2,0,0,0,1,0,0,0,0,2,0,0,1,0,0,0,2,0,1,0,0,0,0,0,0,2,0,0,1,0,1,0,0,0,0,1,0,0
female,PUR,AMR,0,0,1,0,0,0,2,0,0,0,0,0,2,0,0,0,1,1,0,1,0,2,0,0,0,0,0,0,0,0,0,0,0,1,0,0,0,0,0,0,1,0,1,0,0,0,2,2,0,0
female,ACB,SAS,0,0,1,0,0,0,2,0,0,0,1,0,2,0,0,0,2,0,0,0,0,2,0,0,0,0,0,0,1,0,0,0,0,1,1,1,0,1,0,0,0,1,2,0,1,0,1,2,0,0
female,JPT,AFR,0,0,1,0,0,0,2,0,0,0,1,0,2,0,0,0,1,0,0,2,0,2,0,0,0,0,1,0,0,0,0,0,0,0,0,0,0,0,0,0,2,0,1,0,0,0,2,0,0,0
female,ESN,EAS,0,0,0,0,0,1,2,0,0,0,0,2,1,1,0,0,1,0,1,0,0,2,0,2,0,0,0,0,0,0,0,0,0,1,0,0,0,0,0,1,1,2,2,0,0,1,2,2,0,0
female,TSI,EAS,0,2,0,0,0,1,2,0,1,0,0,0,2,0,1,0,1,0,0,2,0,1,0,0,1,0,0,0,0,0,0,0,0,0,0,0,0,2,0,0,1,1,1,0,0,0,2,0,0,0
male,YRI,AMR,0,2,0,0,0,0,1,0,0,0,0,2,1,1,1,0,1,0,0,1,0,1,0,1,1,0,2,0,0,0,0,0,1,0,0,1,0,1,0,0,0,0,1,0,1,0,2,1,0,0
male,JPT,AMR,0,2,0,0,0,0,2,0,0,0,1,0,1,0,0,1,2,0,0,2,0,2,0,0,0,0,0,0,0,0,0,0,0,1,1,0,0,1,1,0,0,1,1,0,0,1,1,1,0,0
female,ACB,SAS,1,2,1,0,0,0,2,0,0,0,1,0,2,0,1,0,1,0,0,2,0,2,0,0,0,0,0,0,0,0,1,1,1,0,0,1,0,2,0,0,2,0,2,0,0,0,0,1,0,0
male,ACB,AFR,0,2,1,0,0,1,2,0,0,0,2,1,2,0,1,0,2,0,0,0,0,2,0,0,1,0,2,0,0,0,0,0,0,1,0,0,0,2,0,0,0,0,0,0,0,0,0,0,0,0
female,PEL,AFR,0,2,0,0,0,1,2,0,1,0,0,0,2,0,0,0,1,0,0,0,0,2,0,0,0,0,0,0,0,0,0,0,0,0,1,0,0,0,0,1,1,1,1,0,0,0,1,1,0,0
male,CHS,EAS,0,2,1,0,0,1,2,1,0,0,0,0,0,0,0,0,1,0,0,2,0,2,0,0,0,0,1,0,0,0,0,0,0,1,0,0,0,0,0,0,0,0,1,0,0,0,2,2,0,0
male,CHB,EAS,0,2,0,0,0,0,2,0,0,0,0,2,2,0,0,0,1,0,0,1,1,2,0,2,0,0,1,0,0,0,0,0,0,0,0,0,0,0,0,0,1,0,0,0,0,0,2,0,0,0
male,YRI,SAS,0,1,0,0,0,1,2,1,0,0,0,0,2,0,0,0,1,1,0,2,1,2,0,0,1,0,0,0,0,0,0,0,0,1,0,0,0,2,0,0,0,0,0,0,0,0,2,1,0,0
female,ITU,EUR,0,0,0,0,0,0,2,0,0,0,0,1,2,2,0,0,2,0,0,0,0,2,0,0,0,0,0,0,1,0,0,0,0,1,0,0,0,2,0,0,1,0,2,0,0,0,2,1,0,0
female,CEU,EAS,0,1,2,0,0,0,2,0,0,0,0,0,2,0,0,0,2,0,0,0,0,2,0,0,1,0,0,0,0,0,1,0,0,0,1,0,0,2,0,0,2,1,2,0,1,1,0,1,0,0
male,YRI,AFR,0,2,0,0,0,0,2,0,1,0,1,0,2,2,0,0,2,1,0,1,0,2,0,0,0,0,1,0,0,0,0,0,0,0,0,0,0,1,0,0,1,1,2,0,0,0,2,2,2,0
male,PUR,EUR,0,0,2,0,0,1,2,1,0,0,0,0,2,1,0,0,2,0,0,0,0,2,0,0,0,0,0,0,0,0,0,0,1,1,2,0,0,2,0,0,1,1,1,0,0,0,2,2,0,0
male,FIN,AMR,0,0,0,1,0,1,2,0,0,0,0,0,2,1,0,0,1,1,0,0,0,2,0,0,0,0,0,0,0,0,0,0,0,1,1,0,0,0,0,0,1,0,2,0,0,0,2,2,0,0
female,FIN,SAS,0,1,0,1,0,0,2,0,0,0,0,0,2,0,0,0,1,1,0,0,0,1,1,1,0,0,0,0,0,0,0,0,0,0,1,0,0,2,0,0,2,0,2,0,0,0,2,1,0,0
male,ITU,AFR,0,2,0,0,0,0,2,0,0,0,1,2,2,1,1,0,1,0,0,1,0,0,0,0,0,0,1,0,0,0,0,0,0,1,0,0,0,2,0,0,1,0,0,0,0,0,1,1,0,0
female,BEB,AFR,0,1,1,0,0,0,2,0,0,0,0,0,2,0,0,0,0,1,0,0,0,2,0,0,0,0,1,0,0,0,0,0,0,1,1,1,0,2,0,0,1,1,2,0,0,0,1,2,0,0
male,ITU,EAS,0,0,1,0,0,0,2,0,0,0,0,0,2,1,1,0,2,0,0,0,0,2,0,0,0,0,0,0,0,0,0,0,0,0,0,0,0,1,0,0,1,0,2,0,0,0,1,1,0,0
male,IBS,SAS,0,2,0,1,0,0,2,0,0,0,1,2,2,0,0,0,1,1,0,0,0,2,0,0,0,0,1,0,0,0,0,0,0,0,0,0,0,0,0,0,1,1,1,0,0,0,2,0,1,0
male,YRI,EUR,0,0,0,0,0,0,2,0,0,0,0,0,2,0,0,0,2,0,0,0,0,2,0,0,0,0,0,0,0,1,0,0,2,1,0,0,0,2,0,0,0,0,2,0,0,0,2,1,0,1
male,CHB,SAS,0,1,0,0,0,0,2,0,1,0,0,1,2,0,0,0,1,0,0,0,0,2,0,0,0,0,0,0,0,0,0,0,0,0,1,0,0,0,0,0,2,0,1,0,0,0,1,1,0,0
male,CHB,AMR,0,2,1,1,0,0,2,0,0,0,0,1,2,1,0,1,1,0,0,1,0,2,0,0,0,0,0,0,0,0,0,0,0,1,0,2,0,0,0,0,1,0,0,0,0,0,1,1,0,0
female,JPT,EAS,0,0,0,0,1,0,1,0,0,0,0,0,2,0,0,0,1,1,0,2,0,2,0,1,0,0,1,0,0,0,0,0,0,1,1,0,0,1,0,0,2,1,2,0,1,0,2,2,0,0
female,CHB,EAS,0,2,1,0,0,1,2,0,0,0,1,2,2,1,0,0,2,0,0,1,0,2,0,0,1,0,0,0,0,0,0,0,0,1,1,0,0,0,0,0,1,1,2,0,0,0,2,1,0,0
male,LWK,EUR,0,2,0,0,0,0,2,0,0,0,0,1,2,0,0,0,2,0,0,0,0,2,0,1,0,0,0,0,1,0,0,0,0,0,0,0,0,2,0,0,0,0,2,1,1,0,0,2,0,0
male,ESN,AFR,0,0,0,0,0,0,2,0,0,0,0,0,2,0,0,0,2,0,0,1,1,2,0,0,0,1,1,0,1,0,0,0,1,1,0,0,0,1,0,0,0,0,1,0,0,0,2,1,0,0
male,KHV,EAS,0,1,1,0,0,0,2,1,0,0,0,0,1,0,0,0,1,1,0,0,0,2,0,0,0,0,0,0,0,0,0,0,0,1,0,0,0,0,0,0,1,0,1,0,0,0,0,2,0,0
male,ASW,AFR,0,1,1,0,0,0,2,0,0,0,0,1,2,0,0,0,1,2,0,1,0,1,0,0,0,0,0,0,0,0,0,0,0,0,0,0,0,0,0,0,1,0,0,0,0,0,1,0,1,0
male,TSI,EUR,0,0,0,0,0,0,1,0,0,0,0,0,2,0,0,0,1,1,0,1,0,2,0,0,0,0,1,0,0,0,0,0,0,1,0,0,0,1,0,0,1,1,2,0,0,0,1,2,0,0
male,BEB,EUR,0,2,1,0,0,1,2,0,0,0,0,1,2,0,0,0,1,0,0,1,0,2,0,0,0,0,0,0,1,0,0,0,1,1,0,0,0,2,0,0,1,1,0,0,0,0,0,1,0,0
female,KHV,AFR,0,0,0,0,0,0,2,0,0,0,1,0,2,0,0,0,1,1,0,0,0,2,0,0,0,0,0,0,0,0,0,0,0,0,1,0,0,0,0,0,0,1,1,0,0,0,2,1,0,0
female,CDX,EAS,0,2,0,0,0,0,2,0,0,0,0,1,2,0,0,0,1,0,0,1,1,2,0,0,0,0,0,0,0,0,1,0,0,2,1,0,0,2,0,0,1,0,1,0,0,0,0,1,0,0
male,PEL,EUR,0,2,0,1,0,0,2,0,0,0,0,0,1,0,0,1,2,1,0,0,0,2,0,0,0,0,1,0,0,0,0,0,0,2,1,1,0,0,0,0,1,1,2,0,0,0,2,1,0,1
male,CHB,EAS,0,0,1,0,0,0,2,0,0,0,0,0,2,0,0,0,2,0,0,2,0,1,0,0,0,0,0,0,0,0,0,0,0,0,0,0,0,0,0,0,1,0,2,0,0,0,0,1,0,0
male,CHS,AFR,0,0,0,0,0,0,2,0,0,0,0,0,2,0,0,0,2,1,0,1,0,1,0,0,1,1,0,0,0,0,0,0,0,1,0,0,0,2,0,0,1,1,1,0,0,0,0,2,0,0
male,ESN,EAS,0,2,0,0,0,0,2,0,0,0,0,2,2,2,0,0,1,0,0,0,0,2,0,0,0,0,0,0,0,0,1,0,1,0,0,0,0,1,0,0,0,2,1,0,0,0,0,2,0,0
female,PUR,SAS,0,0,1,0,0,0,2,0,0,0,0,0,2,0,0,0,2,0,0,0,1,1,0,0,1,0,1,0,0,0,1,0,0,0,2,0,0,1,0,0,0,2,1,0,0,0,0,2,0,0
female,TSI,EUR,0,0,0,0,0,1,2,0,0,1,0,0,2,0,0,0,2,1,0,2,0,2,0,0,0,1,0,0,0,0,0,0,0,1,0,0,0,2,1,0,1,0,1,0,0,0,2,1,0,0
male,YRI,AFR,0,1,0,0,0,0,2,0,0,0,1,0,1,0,0,0,2,2,0,0,0,2,0,0,0,0,0,0,0,0,0,0,0,0,0,0,0,0,0,0,1,0,2,0,0,0,0,1,0,0
male,LWK,EAS,0,1,2,0,0,0,2,0,0,0,0,0,2,0,0,0,1,0,0,2,1,2,0,1,0,0,0,0,0,0,0,0,0,0,0,0,0,2,0,0,1,0,2,0,0,0,1,1,0,0
male,CDX,AFR,0,1,0,0,0,0,1,0,0,0,0,0,2,0,0,0,0,0,0,0,0,1,0,0,0,0,0,0,0,0,0,0,0,1,0,0,0,1,0,0,0,0,0,0,0,0,1,2,0,0
male,YRI,EUR,0,2,0,1,0,0,1,0,0,0,0,0,1,2,0,0,1,1,0,0,0,1,0,0,1,0,0,0,0,0,0,0,0,0,1,0,0,2,0,0,1,0,2,0,0,0,2,1,1,0
male,CLM,AMR,0,0,0,0,0,1,2,0,0,0,0,0,2,0,0,0,1,0,1,1,0,2,0,0,0,0,0,0,0,0,1,0,0,0,0,0,0,2,0,1,1,2,0,0,0,0,1,1,1,0
female,YRI,EUR,0,2,0,0,0,0,2,0,0,0,0,0,1,0,0,0,2,0,0,2,0,2,0,0,0,0,0,0,0,0,0,0,0,1,0,0,0,2,0,0,1,1,1,0,1,1,2,0,0,0
female,PEL,AFR,0,2,0,0,0,0,1,0,1,0,0,0,2,0,0,0,1,0,0,1,0,2,0,0,1,0,0,0,0,1,0,0,1,0,0,0,0,1,0,0,1,0,1,0,0,0,1,1,2,0
male,ACB,EUR,0,0,1,1,0,0,2,0,1,1,0,0,2,2,0,0,1,0,0,2,0,2,1,1,0,0,1,0,0,0,1,1,0,1,0,1,1,0,0,0,0,0,2,0,0,0,1,2,0,0
female,GWD,AFR,0,2,0,0,0,0,2,0,1,0,0,0,1,0,0,0,2,0,0,2,0,1,0,0,0,0,1,0,0,0,1,0,0,2,1,0,0,1,0,0,0,0,0,1,1,0,2,1,0,0
male,ITU,EUR,0,1,2,0,0,0,2,0,0,0,0,1,2,0,0,1,2,1,0,0,0,1,0,0,0,0,0,0,0,0,1,0,0,1,2,2,0,0,0,0,1,0,1,0,0,0,1,2,0,0
female,GWD,AMR,0,2,1,1,0,1,2,0,0,0,1,0,1,0,0,0,0,0,0,0,1,1,0,2,0,0,0,0,0,0,0,0,1,0,0,0,0,2,0,0,2,1,1,0,0,0,0,2,0,0
male,ACB,EAS,0,1,0,0,0,0,2,0,0,0,0,1,2,0,0,0,2,1,0,2,0,2,0,0,0,0,0,0,0,0,0,0,0,0,0,0,0,0,0,0,1,0,1,0,0,0,0,2,0,0
male,GIH,SAS,0,1,1,0,0,1,2,0,1,0,0,0,1,0,0,0,2,0,0,1,0,2,0,0,0,2,0,0,1,0,0,0,0,0,0,1,0,0,0,0,1,1,1,0,0,0,1,1,0,0
male,CDX,EUR,0,0,1,0,0,0,2,0,0,0,0,0,2,0,0,0,2,0,1,0,0,0,0,0,0,0,0,0,0,0,1,0,1,1,2,1,0,0,0,0,2,0,0,0,0,0,2,1,0,0
male,ESN,EUR,0,2,0,0,0,0,2,0,0,0,0,0,2,0,0,0,1,0,0,2,0,1,0,0,0,0,2,0,0,0,0,0,0,0,1,0,0,2,0,0,2,0,1,0,0,0,2,1,1,0
male,MSL,AFR,0,2,0,0,0,0,2,0,0,0,0,0,2,0,1,1,1,0,0,1,0,2,0,1,0,0,0,0,0,0,0,0,1,0,0,0,0,2,0,0,0,0,2,0,0,0,2,1,0,0
male,PEL,EUR,0,2,0,0,0,0,2,0,0,0,0,0,2,0,0,0,1,1,0,0,2,2,0,0,0,0,1,0,0,0,0,0,0,0,0,0,0,2,1,0,1,0,0,0,0,0,2,2,0,0
female,ACB,EAS,0,0,0,0,0,0,2,0,0,0,0,0,2,0,0,0,1,1,0,0,0,2,0,0,0,0,1,0,0,0,0,0,0,0,2,0,0,0,0,0,1,0,1,0,0,0,0,1,0,0
male,TSI,SAS,0,2,0,0,0,0,2,1,1,0,0,0,2,0,0,0,1,0,0,0,1,2,0,0,0,0,0,0,0,0,0,0,0,0,1,0,1,1,0,1,2,0,1,0,1,0,1,0,0,1
male,GIH,AFR,0,1,2,0,0,0,2,0,0,0,0,0,2,2,0,0,2,0,0,0,0,2,0,2,0,0,0,0,1,0,1,0,0,0,0,0,0,0,0,0,1,1,1,0,0,0,1,2,2,0
female,PUR,EAS,0,2,0,0,0,0,2,0,0,0,0,1,2,2,0,0,2,0,0,0,0,2,0,0,0,0,0,0,0,0,0,0,0,1,2,0,0,1,0,0,0,0,2,0,1,0,0,1,0,0
male,IBS,AFR,0,0,0,1,0,0,2,0,1,0,0,0,2,0,0,0,1,0,0,2,0,2,0,0,0,0,0,0,0,0,0,0,0,0,0,0,0,2,0,0,1,0,2,0,0,0,1,2,1,0
male,CHS,AMR,0,2,0,0,0,0,2,0,0,0,0,1,2,0,0,1,0,0,0,0,0,2,0,1,0,0,0,0,0,0,0,1,0,0,1,0,0,2,0,0,1,0,1,0,0,0,1,2,0,0
male,STU,AFR,0,2,0,0,0,0,2,0,0,0,1,1,2,0,0,0,1,0,0,2,0,2,0,0,0,0,0,0,0,0,1,0,0,0,0,0,0,1,0,0,1,1,2,0,0,0,2,1,0,0
female,PJL,AFR,0,2,0,0,0,0,2,0,0,0,0,0,2,0,0,0,1,0,0,0,0,0,0,0,1,0,0,0,0,0,1,0,0,0,0,0,0,1,1,0,2,1,1,0,0,0,2,2,1,0
female,PJL,AFR,0,0,0,0,0,0,2,0,0,0,0,0,1,0,0,0,1,1,0,1,0,2,0,0,0,0,0,0,0,0,0,0,0,1,0,0,0,0,0,0,2,1,2,0,0,0,2,1,0,0
female,ITU,AFR,0,0,2,1,0,0,2,0,1,0,0,0,2,0,0,0,2,0,0,2,0,1,0,0,0,0,0,0,1,0,0,0,0,1,0,0,0,2,0,0,1,0,1,0,0,0,0,1,0,0
male,LWK,SAS,0,2,1,0,0,0,2,1,0,0,0,0,2,0,0,0,1,0,0,0,0,2,0,0,0,0,0,0,1,0,1,0,0,0,0,0,0,2,0,0,2,0,2,0,0,0,1,1,0,0
male,MXL,EUR,0,0,0,0,0,0,2,0,0,0,0,2,2,0,0,0,2,1,0,1,0,2,0,0,0,1,0,0,0,0,0,1,0,1,0,0,0,2,0,0,1,1,1,0,1,0,1,1,0,0
male,CEU,AFR,0,2,1,0,0,0,2,0,0,0,0,1,2,0,0,0,2,0,0,0,1,2,0,0,0,0,0,0,0,0,0,0,1,0,1,0,0,0,0,0,1,0,1,0,1,0,0,2,0,0
female,ESN,EUR,1,2,1,0,0,0,2,0,0,0,1,2,2,2,0,0,2,0,1,0,0,1,0,0,0,0,1,0,1,0,0,0,0,1,1,0,0,1,0,0,0,1,2,0,0,0,2,2,0,0
male,ITU,EAS,0,2,0,0,0,1,2,0,0,0,0,0,2,0,0,0,2,0,0,2,1,2,0,0,0,0,0,0,0,0,0,0,0,1,1,1,0,0,0,0,1,0,2,0,0,0,2,0,0,0
male,PUR,EAS,0,1,0,0,0,0,2,1,0,0,1,0,1,0,0,0,1,0,0,0,1,2,0,0,0,0,0,0,1,0,0,0,0,1,0,0,0,0,0,0,1,0,0,0,0,0,2,1,0,0
male,YRI,EUR,0,0,1,0,0,0,2,0,0,0,0,0,2,0,1,0,2,1,0,0,0,2,0,0,0,0,0,0,0,0,0,0,0,0,0,0,0,2,0,0,1,0,1,0,0,0,2,1,0,0
male,ESN,EUR,0,2,0,1,0,1,2,0,0,0,0,2,0,2,0,0,2,0,0,0,0,2,0,0,1,1,0,0,0,1,0,0,0,0,1,0,0,0,0,0,1,0,2,0,0,0,2,2,0,1
male,CHB,SAS,0,1,0,0,0,0,2,0,0,0,0,1,2,1,0,0,1,0,0,2,0,2,0,0,0,0,0,0,0,1,0,0,0,1,1,0,0,0,0,0,2,0,0,0,0,0,2,2,2,0
male,ACB,EUR,0,1,1,0,0,0,2,0,1,0,0,1,2,0,0,0,0,0,0,0,0,2,0,0,0,0,1,0,0,0,1,0,0,0,0,0,0,0,1,0,1,1,1,0,0,0,0,2,0,0
male,STU,EAS,0,2,1,0,0,0,2,0,0,0,0,0,2,0,0,0,1,0,0,0,0,2,0,0,1,0,1,0,0,0,0,2,0,1,0,0,0,0,0,0,1,1,1,0,0,0,0,2,1,0
female,MSL,EUR,0,1,1,0,0,0,2,0,0,0,0,0,1,1,0,0,1,0,0,2,0,1,0,0,0,0,0,0,0,0,0,0,0,1,1,0,0,0,0,0,1,0,2,0,0,0,0,2,0,0
female,PJL,EAS,1,2,0,0,0,0,2,0,1,0,0,1,2,0,0,0,2,1,0,2,0,2,0,0,0,0,0,0,1,0,1,0,0,1,0,0,0,0,0,0,1,0,1,0,0,0,0,1,0,0
male,LWK,SAS,0,0,0,0,0,0,2,0,0,0,0,0,1,0,0,0,2,0,0,0,0,2,0,0,0,0,0,0,1,0,0,0,0,0,0,0,0,2,0,0,1,0,2,0,0,0,2,1,1,0
male,YRI,AMR,0,1,0,0,0,0,2,0,0,0,1,0,1,0,0,0,2,0,0,0,0,2,0,1,0,0,1,0,0,0,0,0,0,1,2,0,0,0,0,0,0,0,2,0,0,0,2,1,0,0
female,GIH,AFR,0,1,0,0,0,0,2,0,0,0,0,0,2,1,0,0,2,0,0,1,0,2,1,1,0,0,0,0,0,0,0,0,0,1,0,0,0,2,0,0,1,0,1,2,0,0,0,1,0,0
male,PEL,AMR,0,2,1,0,0,0,1,0,0,0,0,2,2,1,0,0,1,1,0,0,0,1,0,0,1,0,0,0,0,1,0,0,1,2,1,2,0,1,0,0,0,1,2,0,0,0,0,1,2,0
female,ESN,AMR,0,0,0,0,0,0,2,0,0,0,0,0,1,0,0,0,2,1,0,0,0,2,0,0,0,0,1,0,0,0,0,0,0,0,0,0,0,2,0,0,1,0,1,0,0,0,2,1,0,0
male,ITU,EAS,0,0,0,0,0,0,2,0,1,0,0,0,0,1,0,0,1,1,0,2,0,2,0,0,1,0,0,0,0,0,0,0,0,0,0,0,0,2,0,0,2,0,1,0,0,0,2,1,0,0
male,ESN,AMR,0,1,1,0,1,0,2,0,0,0,0,0,1,0,0,0,1,0,0,2,0,1,0,0,0,0,1,0,1,0,0,0,0,1,0,0,0,1,0,0,1,0,0,0,0,0,2,1,0,0
male,PUR,EAS,0,2,1,1,0,0,2,0,0,0,0,0,2,0,0,0,1,1,0,0,0,2,0,0,0,0,2,0,0,0,0,0,0,0,0,0,0,0,0,0,1,0,2,0,0,0,1,1,0,0
female,CLM,EAS,0,2,0,1,0,0,2,0,1,0,0,1,2,0,0,0,2,1,0,1,0,2,0,0,0,0,0,0,0,0,0,0,0,1,1,0,0,0,0,0,1,0,2,0,0,0,2,1,0,1
male,PUR,SAS,0,2,0,0,0,0,2,0,0,0,1,0,2,0,0,0,2,0,0,0,0,2,0,0,0,0,0,0,0,0,0,0,0,0,0,2,0,2,0,0,2,1,2,0,0,0,0,2,1,0
male,GBR,EUR,0,1,1,0,0,0,2,0,1,0,0,2,2,0,0,0,2,0,0,0,0,2,0,0,0,0,1,0,0,0,1,0,0,1,0,0,0,0,0,0,1,0,2,0,0,0,2,2,0,0
male,ITU,EAS,0,2,1,0,0,0,2,0,1,0,0,0,2,0,0,0,1,0,0,0,0,2,0,0,0,0,1,0,0,0,0,0,0,0,0,0,0,0,0,0,0,0,2,0,0,0,0,0,0,0
female,YRI,EAS,0,1,0,0,0,0,2,0,0,0,0,2,1,0,0,0,1,1,0,0,0,0,0,1,0,0,0,0,0,0,0,0,0,0,2,0,0,2,0,0,0,0,2,0,0,0,1,1,0,0
male,CLM,EUR,0,2,0,0,0,0,2,0,0,0,1,0,2,0,0,0,1,0,0,2,0,2,0,0,0,0,1,0,0,0,0,0,0,0,1,0,0,2,0,0,1,1,2,0,0,0,0,2,0,0
male,MSL,SAS,0,1,0,0,0,0,2,0,0,0,0,0,2,0,0,0,1,0,0,0,1,2,0,0,0,0,0,0,0,1,0,0,0,1,0,0,0,0,0,0,0,1,0,0,0,0,2,1,0,0
male,MSL,EUR,0,2,0,0,0,0,2,0,0,0,0,2,2,1,0,0,1,1,0,1,0,2,0,0,0,0,0,0,0,0,0,0,0,1,1,0,0,2,0,0,1,1,2,0,0,0,0,1,0,0
male,STU,AFR,0,2,2,1,0,0,2,0,0,0,0,2,2,0,0,1,1,0,0,0,0,2,0,0,0,0,0,0,0,0,0,0,0,0,0,0,0,0,0,0,1,1,2,0,0,0,2,1,0,0
male,ITU,EAS,0,2,0,0,0,0,2,0,0,0,0,0,2,1,0,0,1,1,0,0,0,2,0,0,0,0,0,0,0,0,0,0,0,0,0,0,0,2,0,0,1,1,2,0,2,0,0,2,0,0
female,MSL,AFR,0,1,0,0,0,0,2,0,0,0,0,0,2,0,1,1,2,1,0,1,0,1,0,1,0,0,0,0,0,0,0,0,0,0,0,0,0,0,0,0,1,0,0,1,1,0,1,0,0,0
male,YRI,EAS,0,1,0,0,0,0,2,0,1,0,0,0,0,0,0,0,0,1,0,0,0,2,0,0,0,0,0,0,0,0,0,0,0,1,1,0,0,2,0,0,2,0,2,0,0,0,1,2,0,0
female,TSI,EAS,0,2,0,0,0,0,2,0,0,0,0,0,2,0,0,0,1,0,0,0,0,2,0,0,0,0,0,0,0,0,0,0,2,1,1,0,0,0,0,0,1,1,1,0,0,0,1,1,2,1
female,GIH,SAS,0,1,1,0,0,0,2,0,0,0,0,1,1,0,0,0,2,0,0,1,0,2,0,0,0,0,0,0,0,0,0,0,2,0,1,0,0,2,0,1,1,1,2,0,1,0,2,0,0,0
male,ITU,AMR,0,2,0,0,0,0,2,0,0,0,0,0,2,0,0,0,2,1,0,0,0,2,0,0,0,0,0,0,0,0,0,0,0,0,0,0,0,0,0,0,1,0,2,0,0,0,0,1,2,0
female,BEB,EUR,0,1,0,0,0,0,2,0,0,0,0,0,2,0,0,0,1,0,0,2,0,1,0,0,0,0,0,0,0,0,0,0,0,1,0,0,0,0,0,0,1,0,1,0,0,0,0,0,0,0
female,ITU,EUR,0,2,0,0,0,0,2,0,0,0,0,2,2,1,0,0,1,0,0,2,2,2,0,0,0,0,1,0,0,0,0,0,0,0,1,0,0,0,0,0,1,1,2,0,0,0,1,1,0,0
female,LWK,EUR,0,2,1,0,0,0,2,0,0,0,0,1,0,0,0,0,1,0,0,2,1,2,0,0,0,0,0,0,0,0,0,0,1,1,0,0,0,0,0,0,1,0,2,0,0,0,0,1,0,0
male,ASW,SAS,0,2,1,0,0,0,2,0,0,0,0,0,2,0,0,0,2,0,0,0,1,2,0,0,0,0,1,0,0,0,0,0,0,1,0,0,0,0,0,0,1,1,1,0,0,0,1,2,0,0
male,ACB,EUR,0,1,0,0,0,0,2,1,0,0,0,0,2,1,0,0,0,0,0,1,0,2,0,0,0,0,0,0,0,0,0,0,0,0,0,0,0,2,0,0,2,1,1,0,0,0,1,0,0,0
male,YRI,AFR,0,2,2,0,0,0,2,0,0,0,0,0,2,2,0,1,1,1,0,2,0,2,0,0,1,0,0,0,0,0,0,1,0,0,0,0,0,2,0,0,1,0,2,0,0,0,2,1,1,0
male,CHS,AFR,0,1,1,0,0,0,2,0,0,0,0,0,2,0,0,0,2,1,1,0,0,1,0,1,0,0,1,0,0,0,0,0,1,0,0,0,0,2,0,0,0,0,1,1,1,0,0,1,0,0
female,ACB,SAS,0,2,1,0,0,0,2,0,0,0,0,0,1,2,0,0,1,0,0,2,0,2,0,0,0,0,0,0,0,0,0,0,0,0,0,0,0,2,0,0,1,0,1,0,0,0,2,1,1,0
female,GIH,AFR,0,2,1,0,0,0,2,0,0,0,0,1,1,0,0,0,2,1,0,0,1,2,0,0,0,0,2,0,0,0,0,0,0,0,0,0,0,0,0,0,1,0,1,0,0,0,0,2,0,0
female,JPT,EAS,0,1,0,0,0,0,2,0,0,0,0,0,2,0,0,0,2,0,0,2,0,2,0,0,0,0,1,0,0,0,0,0,0,1,1,0,0,0,0,0,0,0,2,0,1,0,1,2,0,0
male,ITU,EAS,0,1,0,0,0,0,2,0,0,0,0,1,2,0,0,0,2,1,0,1,0,2,0,1,0,0,1,0,0,0,1,1,0,1,0,0,0,0,0,0,1,0,2,0,1,0,2,1,0,0
male,LWK,SAS,0,2,1,0,0,0,2,0,0,0,0,1,2,0,1,1,2,2,0,2,0,2,0,0,0,0,0,0,0,0,0,0,0,1,0,0,0,1,1,0,1,0,2,0,0,0,0,1,0,0
male,GBR,EAS,0,0,0,0,0,0,2,0,0,0,0,0,2,0,0,0,1,0,0,2,0,2,0,0,0,0,1,0,1,0,0,0,0,0,0,0,0,1,0,1,0,1,2,0,1,0,1,2,0,0
male,ESN,EUR,0,2,0,0,0,0,2,0,0,0,0,1,2,0,1,0,0,0,0,0,0,2,0,0,0,0,0,0,0,0,0,0,0,1,1,0,0,0,0,0,1,0,2,0,1,0,0,0,0,0
female,ESN,AFR,0,2,0,0,0,0,2,0,0,0,0,0,1,0,0,0,2,0,0,0,0,2,1,1,0,0,0,0,0,0,0,0,0,1,0,0,0,2,0,0,0,0,0,0,1,0,2,2,0,0
male,GIH,AFR,0,2,0,0,0,0,2,0,0,0,0,2,2,0,0,0,1,0,0,0,0,2,0,1,0,0,0,0,1,0,0,0,1,0,0,0,0,0,0,0,0,0,1,0,0,0,2,1,0,0
female,BEB,EUR,0,2,0,0,0,0,2,0,0,0,0,0,2,2,0,0,2,0,0,0,1,2,0,1,0,0,0,0,0,0,0,0,0,0,0,0,0,0,0,0,1,2,1,0,0,0,1,1,1,0
female,KHV,AFR,0,1,0,0,0,0,2,0,0,0,0,1,2,0,0,0,2,0,0,0,0,2,0,0,0,0,0,0,1,0,0,0,0,1,0,0,0,2,0,0,1,2,2,0,1,0,1,1,0,1
female,CHB,EUR,0,1,0,0,0,0,2,0,0,0,1,1,2,1,0,0,1,1,0,0,0,2,0,0,0,0,0,0,0,0,0,0,0,2,1,0,0,2,0,0,1,0,0,0,0,0,2,1,0,0
female,CDX,EUR,0,2,0,0,0,1,2,0,1,0,0,0,2,1,0,0,2,0,0,0,0,2,0,0,0,0,0,0,1,0,0,1,1,0,0,0,0,2,0,1,1,1,0,0,0,0,0,1,0,1
male,ESN,EUR,0,2,2,1,0,0,2,0,0,0,0,0,0,0,0,0,2,1,0,1,0,2,0,0,0,0,0,0,0,0,0,0,0,2,2,0,0,2,0,0,1,1,1,0,0,0,1,1,1,0
male,LWK,EAS,0,1,0,0,0,0,2,0,1,0,0,0,2,0,0,0,0,0,0,2,0,2,0,0,0,0,0,0,1,0,1,0,0,2,0,0,1,2,0,0,1,0,1,0,0,0,0,1,0,0
male,YRI,EUR,0,0,1,0,0,0,2,0,0,0,0,0,1,1,0,0,1,1,0,2,0,2,0,0,0,0,1,0,0,0,1,0,0,0,0,1,0,0,1,0,0,0,2,0,0,0,2,2,0,0
male,GBR,AFR,0,1,0,0,0,0,2,0,1,0,0,1,1,0,0,0,1,1,0,1,0,2,0,1,0,0,0,0,0,0,0,0,0,1,2,0,0,0,0,0,1,1,1,0,0,0,2,1,0,0
male,CHS,AFR,0,1,1,0,0,0,1,0,1,0,0,0,2,0,0,0,1,0,0,0,0,2,0,0,0,0,0,0,1,0,0,0,0,1,0,0,0,2,0,0,0,0,1,0,1,0,0,2,0,0
male,STU,SAS,0,0,1,0,0,0,2,0,0,0,0,0,2,0,0,0,1,0,0,0,0,2,0,0,0,0,0,0,0,0,0,0,0,0,1,0,0,2,0,0,0,0,0,0,0,0,1,1,0,0
male,JPT,SAS,0,0,1,0,0,0,2,0,0,0,0,0,2,0,0,0,1,0,0,0,0,1,0,0,1,0,0,0,0,1,0,0,0,0,1,0,0,2,0,0,1,0,2,0,1,0,0,1,0,0
female,MXL,EUR,0,2,0,0,0,0,2,0,0,0,0,0,0,0,0,1,1,0,0,0,0,2,0,0,0,0,0,0,0,0,0,0,0,0,1,0,0,2,0,0,1,0,0,0,0,0,1,1,1,0
male,ACB,EAS,0,2,1,0,0,0,2,0,0,0,1,1,2,1,0,0,2,0,0,0,0,2,0,0,1,0,0,0,0,0,0,0,0,0,1,2,0,0,0,0,0,0,2,0,0,0,2,1,0,0
male,ACB,EUR,0,1,0,0,0,0,1,0,0,0,0,0,2,1,0,0,2,1,0,0,0,2,0,0,0,0,0,0,0,0,0,0,0,0,0,0,0,0,0,0,0,0,1,0,0,0,0,2,1,0
female,CDX,AFR,0,0,1,0,0,0,1,0,0,0,0,0,2,0,0,1,1,1,0,0,1,2,0,0,0,0,0,0,0,0,0,0,1,1,0,0,0,0,0,0,1,2,2,0,0,0,2,1,0,0
female,CHB,EUR,0,0,0,0,0,0,2,0,0,0,0,0,2,1,0,0,1,0,1,1,0,1,0,0,0,0,0,0,1,0,0,0,0,2,0,0,0,2,0,0,1,0,2,0,0,0,1,1,0,0
male,ACB,EUR,0,2,0,0,0,0,2,0,0,0,0,0,2,1,0,0,2,1,0,0,0,2,0,0,0,0,0,0,1,0,0,0,0,1,0,0,0,0,0,1,0,0,0,0,0,0,1,0,0,0
female,LWK,EUR,0,2,1,0,0,0,2,0,0,0,1,0,2,0,0,0,1,0,0,2,0,2,0,0,0,0,0,0,1,0,0,0,0,1,0,0,0,2,1,0,1,1,1,0,0,0,0,2,0,0
male,ESN,EUR,0,0,1,0,0,0,2,0,0,0,0,1,1,0,0,0,1,1,0,2,0,0,0,0,0,0,0,0,0,0,0,0,0,0,0,0,0,0,0,0,1,0,2,0,0,0,0,0,0,0
male,CLM,EAS,0,1,1,0,0,0,2,2,0,0,0,0,2,0,0,0,1,0,0,2,2,1,0,0,0,0,0,0,0,0,0,0,0,0,0,0,0,1,0,0,0,0,2,0,1,0,1,0,0,0
male,ITU,SAS,0,2,0,0,0,0,2,0,0,0,0,0,2,0,0,0,1,0,0,1,0,2,0,0,0,0,0,0,0,1,0,0,0,0,0,0,0,2,0,0,0,1,1,0,0,0,1,1,0,0
male,CHS,AMR,0,2,0,0,0,0,2,0,1,0,0,0,2,2,0,0,1,0,0,1,0,1,0,0,0,0,0,0,0,0,0,0,0,1,0,0,0,2,0,0,0,0,2,0,0,0,1,2,0,0
male,FIN,AFR,0,1,0,0,0,0,2,0,0,0,0,0,2,1,0,0,2,0,0,0,0,2,0,0,0,0,1,0,0,0,0,0,0,1,1,0,0,0,0,0,0,0,0,0,0,0,0,1,1,0
male,JPT,SAS,0,2,0,0,0,0,2,1,0,0,0,2,2,0,1,0,1,1,1,2,0,2,0,0,0,0,0,0,0,1,0,0,0,1,2,0,0,2,0,0,1,0,1,0,0,0,0,2,0,0
female,ACB,EUR,0,0,1,1,0,0,2,0,0,0,1,2,2,0,0,0,1,1,0,1,1,1,0,0,0,0,0,0,1,1,2,0,1,1,0,0,0,2,0,0,1,0,1,0,0,0,0,2,0,0
female,ACB,AMR,0,2,0,0,0,0,1,0,0,0,0,0,1,0,0,1,1,1,0,1,0,2,0,0,0,0,0,0,0,0,0,0,0,1,0,0,0,0,0,0,1,1,2,0,0,0,1,2,0,0
male,CDX,EUR,0,0,1,0,0,0,2,0,1,0,0,1,2,0,0,0,1,0,0,1,0,2,0,0,1,0,0,0,0,0,0,1,0,1,1,0,0,0,0,0,1,0,0,0,0,0,1,1,0,0
female,CDX,EAS,0,2,0,0,0,0,2,0,0,0,0,0,2,0,1,0,1,1,1,1,0,1,0,0,0,0,0,0,0,0,0,0,0,0,2,0,0,2,0,0,0,1,1,0,0,0,0,2,0,0
male,CHS,AFR,0,2,0,0,0,0,2,0,0,0,0,2,1,0,0,0,1,0,0,0,0,2,0,0,0,0,0,0,0,1,0,0,0,1,0,0,0,0,0,0,0,0,1,0,0,0,2,1,0,0
male,STU,AFR,0,0,0,0,0,0,2,0,0,0,0,1,2,0,0,0,0,0,0,0,0,2,0,0,0,0,0,0,0,0,0,0,0,1,0,0,0,0,0,0,0,0,0,0,0,0,2,1,0,0
female,CEU,EUR,0,2,0,0,0,0,2,0,0,0,1,0,2,2,0,0,1,1,0,0,0,2,0,2,1,0,1,0,0,0,0,0,0,1,0,0,0,2,0,0,0,2,1,2,0,0,0,1,0,0
male,LWK,SAS,0,2,0,0,0,1,1,0,0,0,0,0,2,0,0,0,2,0,0,0,0,2,0,0,0,0,1,0,0,0,0,0,0,1,1,0,0,1,0,0,1,2,1,0,0,0,1,1,0,0
female,CHS,AFR,0,2,0,0,0,0,2,0,0,0,0,0,1,2,0,0,1,1,0,2,1,2,0,0,1,0,0,0,0,0,0,0,0,0,2,0,0,1,0,0,1,0,2,0,0,0,2,1,0,0
female,ITU,AMR,0,2,0,0,0,0,2,0,0,0,0,0,1,0,0,0,2,1,0,0,0,2,0,1,0,0,0,0,0,0,0,0,0,0,0,0,0,0,0,0,0,1,2,0,0,0,0,1,0,0
female,CEU,SAS,0,2,0,1,0,0,1,0,0,0,0,0,2,0,0,0,0,0,0,0,0,2,0,0,0,0,0,0,0,0,1,0,0,2,0,0,0,1,0,0,1,1,2,0,0,0,0,1,0,0
female,FIN,EAS,1,1,0,0,0,0,2,0,0,0,0,0,2,0,0,0,2,1,0,1,0,2,0,0,0,0,0,0,0,0,0,0,0,1,1,0,0,2,0,0,0,1,2,0,0,0,0,2,0,0
female,CEU,EUR,1,2,0,0,0,0,2,0,1,0,0,1,1,0,1,0,1,0,1,0,0,2,0,0,1,0,1,0,0,0,0,0,0,0,0,0,0,2,0,0,0,0,2,1,0,0,1,1,2,0
female,PEL,AFR,0,0,1,0,0,0,2,0,1,0,0,0,2,0,0,0,1,1,0,0,0,0,0,0,0,0,0,0,0,1,0,0,1,1,2,1,0,2,0,0,1,0,1,0,2,0,1,0,0,0
male,CEU,AMR,0,1,2,1,0,0,2,0,0,0,0,0,2,0,0,0,1,0,1,2,0,2,0,0,0,0,0,0,0,0,2,0,0,2,1,0,1,2,0,0,1,1,0,0,0,0,0,2,0,0
male,LWK,EAS,0,2,0,0,0,0,2,0,1,0,0,1,2,0,0,0,2,0,0,0,0,2,0,0,0,0,1,0,0,0,0,0,1,1,1,0,0,2,0,0,0,0,1,0,0,0,0,1,0,0
male,ACB,AFR,0,1,0,0,0,0,2,0,0,0,0,0,2,0,0,0,2,0,0,0,0,2,0,0,0,0,0,0,0,0,0,0,0,1,2,1,0,1,0,0,1,0,2,0,0,0,0,0,2,0
male,PEL,EUR,0,0,0,0,0,0,2,0,0,0,0,2,2,0,0,0,2,0,0,0,0,2,0,0,1,0,0,0,0,0,0,0,0,1,1,1,0,1,1,0,1,1,0,0,2,0,2,1,0,0
male,CDX,EAS,0,2,1,0,0,0,2,0,0,0,0,0,2,0,0,1,1,1,0,2,0,2,0,0,0,1,1,0,0,0,2,0,0,0,1,0,0,2,0,0,1,1,1,0,0,0,1,2,0,0
male,ASW,AFR,0,0,0,0,0,0,2,0,0,0,0,0,2,0,0,0,0,1,0,2,0,2,0,0,0,0,1,0,0,0,1,0,0,1,0,0,0,1,1,0,1,2,1,0,0,0,2,2,2,0
male,PUR,AFR,0,0,0,1,0,1,2,0,0,0,0,0,2,0,0,0,1,0,0,0,0,2,0,0,0,0,0,0,0,0,0,0,0,0,0,0,0,1,0,0,1,0,2,0,1,0,1,0,0,0
male,LWK,AFR,0,2,1,1,0,0,2,0,0,0,0,0,2,2,0,0,1,0,0,0,0,1,0,0,0,0,0,0,0,0,0,0,0,0,0,0,0,2,0,0,0,0,1,0,0,0,1,2,0,0
female,GWD,EAS,0,2,1,0,0,1,2,0,2,0,0,0,2,0,0,0,2,0,0,0,0,2,0,0,0,0,0,0,0,0,0,0,0,1,0,0,0,0,0,0,1,0,1,0,0,0,2,0,0,0
female,ESN,AFR,0,1,0,0,0,0,2,0,0,0,0,1,1,2,0,0,2,1,0,1,1,2,0,0,0,0,0,0,0,0,0,0,0,1,1,0,0,1,1,0,1,1,1,0,0,0,0,2,0,0
female,ITU,EUR,0,0,0,0,0,0,2,0,0,0,0,1,2,0,0,0,1,0,0,1,0,2,0,0,0,0,0,0,0,0,0,1,0,0,0,0,0,1,0,0,1,0,2,0,0,0,1,1,0,0
female,ESN,EAS,0,0,1,0,0,0,2,0,0,0,0,1,2,0,0,1,1,0,0,0,0,2,0,0,0,0,0,0,0,0,0,0,0,1,0,0,0,1,0,0,0,0,0,0,0,0,0,2,1,0
male,ASW,EAS,0,2,1,1,0,0,2,0,0,0,0,0,2,0,0,0,1,1,0,0,0,2,0,0,0,0,1,0,0,0,0,0,0,1,1,0,0,2,0,0,0,0,2,0,0,0,1,1,0,0
male,ASW,EAS,0,2,1,0,0,0,2,0,0,0,1,1,2,0,0,0,2,0,0,0,1,1,1,0,0,0,1,0,0,0,0,0,0,2,1,0,0,2,0,0,1,1,2,0,0,0,2,0,0,0
female,IBS,AFR,0,1,1,0,0,1,2,0,0,0,0,0,2,1,0,0,1,0,0,2,0,1,0,1,0,0,0,0,0,1,0,0,0,0,1,0,0,2,1,0,1,0,0,0,1,0,2,2,0,0
female,ESN,SAS,0,2,0,0,0,0,2,0,0,0,0,0,0,0,0,0,2,0,0,2,0,2,0,0,1,0,0,1,1,0,0,1,0,0,0,0,0,1,0,0,1,0,0,0,0,0,0,1,0,0
female,ITU,EUR,0,1,1,0,0,0,2,0,0,0,0,1,2,0,1,0,1,0,0,2,1,2,0,0,0,0,0,0,0,0,0,0,0,1,0,0,0,1,0,0,1,1,1,0,0,0,0,2,0,0
male,LWK,EUR,0,2,1,0,0,0,2,0,0,0,0,0,2,1,0,0,1,0,0,0,0,2,0,0,0,1,1,0,0,0,0,0,0,1,1,0,0,0,0,0,0,1,0,0,0,0,1,0,2,0
male,FIN,AFR,0,0,1,0,0,0,1,0,0,0,0,0,1,1,0,0,1,0,0,1,0,1,0,0,0,1,1,0,0,0,0,0,0,2,1,0,1,0,0,0,1,1,0,0,0,0,2,1,1,0
male,IBS,AMR,0,1,0,0,0,0,2,0,0,0,0,0,2,0,0,0,2,2,0,0,1,2,1,0,0,0,0,0,1,0,0,0,0,0,0,0,0,2,0,0,1,1,0,0,0,0,1,0,0,0
female,CEU,AFR,0,1,0,0,0,0,2,0,0,0,0,0,2,0,1,1,1,0,0,0,0,2,0,0,1,0,0,0,0,1,0,0,0,0,0,0,1,0,0,0,1,0,0,0,0,0,2,0,1,0
male,JPT,EAS,0,0,1,1,0,0,2,0,0,0,0,0,2,0,0,0,1,0,0,0,0,2,0,0,0,0,0,0,0,1,0,0,0,1,0,0,0,2,0,0,0,2,2,0,0,0,2,1,0,0
male,IBS,EUR,0,2,2,0,0,0,2,0,0,0,0,0,1,0,0,1,2,1,0,2,0,2,0,0,0,0,0,0,0,0,1,0,0,1,2,0,0,2,0,0,1,1,2,0,1,0,2,1,0,0
female,GIH,AMR,0,1,1,0,0,0,1,0,0,0,0,2,2,0,0,1,1,1,0,2,0,2,0,0,0,0,1,0,0,0,0,0,0,1,2,0,0,0,0,0,2,1,1,0,0,0,0,2,0,0
female,CHB,EAS,0,2,1,0,0,0,0,0,0,0,0,0,0,0,0,0,1,0,0,0,1,2,0,0,0,0,0,0,0,1,0,0,0,0,1,0,0,0,0,1,1,0,0,0,0,0,2,1,1,0
male,CHS,EAS,0,1,1,0,0,0,2,0,0,0,0,2,2,1,1,0,2,1,0,0,0,1,0,0,0,0,1,0,0,0,0,0,0,1,0,1,0,0,0,0,1,1,2,0,0,0,0,1,0,0
female,LWK,AMR,0,2,0,0,0,0,2,0,0,0,0,0,2,0,0,1,2,2,0,1,0,2,0,0,0,0,1,0,0,2,0,0,1,0,1,0,0,2,0,0,1,0,1,0,0,0,2,0,0,0
female,LWK,EAS,0,1,0,0,0,0,2,0,0,0,0,0,1,0,0,0,1,1,0,0,1,2,0,0,0,0,0,0,0,0,0,0,0,0,1,0,0,2,0,0,2,0,2,0,0,0,0,2,0,0
male,ACB,EUR,0,2,0,0,0,1,1,0,1,0,0,0,2,0,0,0,2,1,0,0,0,2,0,0,0,0,0,0,0,0,0,0,0,0,0,0,0,0,0,1,1,1,2,0,1,0,1,2,1,0
male,ESN,EUR,0,0,0,0,0,0,2,0,0,0,0,0,2,0,0,0,1,2,0,0,2,2,0,0,0,0,1,0,0,0,0,0,0,0,0,0,0,2,0,0,1,0,2,0,0,0,0,2,0,0
male,PJL,AMR,0,0,1,0,0,0,2,0,0,0,0,0,2,0,0,0,0,1,0,1,0,2,0,0,0,0,2,0,0,0,0,0,0,0,1,0,0,1,0,0,2,1,2,0,0,0,0,2,0,0
female,JPT,EAS,0,1,1,0,0,1,2,0,0,0,0,0,2,1,0,0,2,1,0,0,0,2,0,0,0,1,1,0,0,0,0,0,0,0,1,0,0,2,0,0,0,0,2,0,0,0,2,1,0,0
female,CEU,EUR,0,2,0,1,0,0,1,0,0,0,0,1,2,1,0,0,1,1,0,0,0,1,0,0,0,1,0,0,0,0,0,0,0,0,0,0,0,0,0,0,1,0,2,0,0,0,1,1,0,0
male,MXL,AFR,0,0,0,0,0,0,2,0,0,0,0,0,2,0,1,1,1,0,0,0,0,2,0,0,0,0,1,0,0,0,1,0,0,1,2,0,0,1,0,0,0,0,1,0,0,0,0,1,1,0
male,JPT,EAS,0,1,0,1,0,0,2,0,0,0,0,0,2,1,0,0,1,1,0,0,0,2,0,0,0,0,0,0,0,0,0,0,0,0,0,0,0,1,0,0,0,0,1,0,0,0,2,1,0,1
male,ACB,EAS,0,2,2,0,0,1,2,0,0,0,0,0,2,2,0,0,2,1,0,0,0,2,0,0,0,0,1,0,0,0,0,0,0,1,1,0,0,2,0,0,2,0,2,0,1,0,2,0,0,0
female,ESN,EUR,0,2,0,0,0,0,2,0,1,0,0,1,1,0,0,0,1,0,0,0,0,2,0,0,0,0,0,0,0,0,0,0,0,1,1,0,0,2,0,1,1,0,0,0,0,0,1,2,0,0
male,ACB,SAS,0,0,0,0,0,0,2,0,0,0,1,0,2,0,0,0,1,1,0,0,0,1,0,0,0,0,0,0,0,0,0,1,0,2,1,0,0,1,0,0,0,0,2,1,1,0,0,1,0,0
female,IBS,AMR,0,1,1,0,0,0,2,0,0,0,0,0,2,0,0,0,2,1,0,0,0,2,0,0,0,1,0,0,0,0,0,0,0,2,0,0,0,2,0,0,1,1,0,0,0,0,0,1,0,0
female,JPT,AFR,1,2,0,0,0,0,2,0,1,0,0,1,2,0,0,0,2,1,0,2,0,2,0,0,0,0,0,0,0,0,0,0,0,1,1,0,0,0,0,0,1,0,2,0,0,0,0,0,0,0
male,ITU,EAS,0,0,0,0,0,0,1,0,1,0,0,1,2,0,0,0,1,0,0,2,0,2,0,0,0,0,0,0,0,0,0,0,1,0,0,1,0,2,0,0,0,1,2,0,0,0,0,0,0,0
female,GWD,AFR,0,1,0,0,0,0,1,0,0,0,1,0,1,0,0,0,2,2,0,1,0,1,0,0,1,0,0,0,0,0,0,0,0,1,1,1,0,1,0,0,1,0,1,0,1,0,1,2,2,0
male,YRI,SAS,0,0,0,0,0,0,2,0,0,0,0,1,2,1,1,0,1,1,0,0,0,2,0,0,0,1,0,0,1,0,0,0,0,1,1,0,0,0,0,0,2,0,2,0,0,0,2,2,0,0
female,ESN,AFR,0,0,0,0,0,0,2,0,0,0,0,1,1,0,0,0,1,0,0,1,0,2,0,0,0,0,0,0,0,0,0,0,0,1,0,0,0,0,0,0,1,1,1,0,0,0,0,1,0,0
male,CDX,EUR,0,2,0,0,0,0,2,0,0,0,0,0,0,0,0,0,2,1,0,1,1,2,0,0,0,0,0,0,0,0,0,0,0,1,0,1,0,1,0,0,1,2,1,0,0,0,2,1,0,0
male,ESN,SAS,0,2,1,0,0,0,2,0,0,0,0,0,2,0,0,0,2,0,0,2,0,2,0,2,1,0,0,0,0,0,0,0,1,0,0,0,0,2,0,0,1,0,0,0,0,0,1,2,0,0
female,GBR,EUR,0,1,0,0,0,0,2,0,0,0,0,0,2,0,0,0,2,0,0,0,0,2,1,0,0,0,0,0,0,0,1,0,0,1,0,0,0,0,0,0,2,0,0,0,0,0,1,0,0,0
male,PJL,SAS,0,2,0,0,0,0,2,0,0,0,0,0,1,2,0,0,1,1,0,0,0,2,0,1,0,0,1,0,0,0,0,0,0,0,1,1,0,0,1,0,1,0,0,0,0,1,2,0,0,0
female,GBR,AFR,0,2,1,0,0,0,2,0,0,0,0,1,2,1,0,0,1,0,0,0,0,2,0,0,0,0,0,0,0,0,2,0,1,1,0,0,0,2,0,0,1,0,1,0,0,0,1,1,0,0
male,ACB,EUR,0,2,0,0,0,1,2,0,0,0,1,0,2,2,1,0,2,1,0,1,0,1,0,0,0,0,1,0,1,0,0,1,0,1,0,0,0,1,0,0,1,0,1,0,0,0,2,2,0,0
female,GWD,AMR,1,1,1,1,0,0,2,0,0,0,0,2,1,0,0,0,0,0,1,0,0,2,0,0,0,0,2,0,0,0,0,0,0,1,0,0,0,0,0,0,1,0,1,0,0,0,0,2,0,0
female,CHS,AMR,0,2,0,0,0,0,2,0,0,0,0,0,2,1,0,0,1,0,0,0,1,2,0,0,1,0,0,0,0,0,0,0,0,1,0,1,0,1,0,0,1,0,2,0,0,0,2,1,0,0
male,PEL,EAS,0,2,0,1,0,1,2,0,1,0,0,1,2,0,1,0,2,1,0,1,0,2,0,0,0,0,0,0,0,0,0,0,1,1,1,0,0,2,0,0,1,2,1,0,0,0,2,1,0,0
male,STU,SAS,0,0,0,0,0,0,2,0,1,0,0,0,2,0,0,0,0,1,0,0,0,1,0,1,0,0,0,0,0,0,0,0,0,2,0,0,0,0,0,0,1,1,2,0,0,0,0,1,0,0
male,ITU,AFR,0,0,0,1,0,0,2,0,0,0,0,0,2,2,0,0,2,2,0,2,0,2,0,0,0,0,0,0,0,0,0,0,0,0,0,0,0,0,0,0,1,1,2,0,0,0,1,1,0,0
female,FIN,EAS,0,2,0,0,0,0,2,0,0,0,1,1,2,0,0,0,1,0,0,1,0,2,0,1,0,0,0,0,0,0,1,0,0,1,0,0,1,1,1,0,0,1,2,0,0,0,2,1,0,0
male,PJL,SAS,0,2,0,0,0,0,2,0,0,0,0,0,2,1,0,0,1,0,0,2,1,2,0,2,0,0,1,0,0,0,0,0,0,1,1,0,0,0,0,0,1,0,0,0,1,0,1,1,0,0
female,LWK,AFR,0,2,0,0,0,1,2,0,0,1,0,2,2,0,0,0,1,1,0,0,1,1,0,0,0,0,0,0,0,0,0,0,0,1,1,0,0,2,0,0,1,2,2,0,1,0,1,1,0,0
female,IBS,EUR,0,0,1,0,0,0,2,0,0,0,0,1,2,1,0,1,1,0,0,0,0,1,0,0,1,0,1,0,0,0,0,0,0,0,0,0,0,2,0,0,0,0,2,0,0,0,1,2,2,0
female,ITU,EUR,0,2,1,0,0,0,2,0,1,0,0,0,2,0,0,1,1,1,0,0,0,2,0,0,0,0,0,0,0,0,0,0,0,1,1,0,0,0,0,0,0,1,1,0,0,0,0,2,0,0
female,STU,AFR,0,1,0,0,0,1,2,0,2,0,0,0,2,1,0,0,1,1,0,0,2,2,0,1,0,0,0,0,0,0,0,0,0,2,0,0,0,0,0,0,1,0,2,0,0,0,1,2,0,0
male,CHB,AFR,0,0,1,0,0,0,2,0,0,0,0,0,2,1,0,0,1,0,0,0,0,2,0,0,0,0,0,0,0,0,0,0,0,1,0,0,0,0,0,0,1,0,2,0,0,0,0,1,1,0
male,GBR,SAS,0,2,2,1,0,0,2,0,0,0,0,1,2,0,0,2,1,1,0,0,0,2,0,0,0,0,0,0,0,0,1,0,0,0,1,0,0,0,0,0,1,0,0,0,0,0,2,2,0,0
male,CEU,AMR,0,0,1,1,0,0,2,0,0,0,1,1,2,0,0,0,2,0,0,0,0,1,0,0,0,0,1,0,0,0,0,0,0,0,0,0,0,0,1,0,2,1,1,0,0,0,1,1,0,0
female,IBS,AMR,0,1,0,0,0,0,2,0,0,0,1,0,1,0,1,0,2,1,0,2,0,1,0,0,1,0,0,0,0,0,0,0,0,1,0,1,1,2,0,0,2,0,2,0,0,0,0,1,0,0
female,GWD,AFR,0,2,0,0,0,0,2,0,0,0,0,0,2,0,0,0,1,1,0,0,0,2,0,1,0,0,2,0,1,1,1,0,0,1,0,1,0,0,0,0,1,2,1,0,1,0,1,1,0,0
male,ESN,AFR,0,2,0,0,0,0,2,0,0,0,0,0,2,1,0,0,1,0,0,1,0,2,0,0,0,0,0,0,0,0,0,0,0,0,0,0,0,0,0,0,1,0,1,0,1,0,0,2,0,1
male,CHB,AFR,0,2,0,0,1,0,2,1,0,0,0,1,2,0,0,0,2,0,0,0,2,2,0,2,0,0,1,0,1,0,0,1,0,1,1,0,0,2,0,0,1,0,1,0,0,0,2,2,0,0
female,ACB,SAS,0,2,1,0,0,2,2,0,0,1,0,1,2,0,0,0,2,1,0,0,1,2,0,0,0,0,1,0,1,0,0,0,0,1,2,0,0,2,0,0,1,1,2,0,0,0,1,1,0,0
female,GIH,EUR,0,2,0,0,0,0,2,0,0,0,0,0,2,0,0,1,1,0,0,0,0,1,0,0,0,0,1,0,0,0,0,0,0,1,0,0,0,2,0,0,1,1,1,0,1,0,2,1,0,0
male,ITU,EUR,0,2,2,0,1,1,2,0,0,0,0,1,2,0,0,0,1,1,0,1,0,1,0,0,0,0,1,0,0,0,0,0,0,0,0,0,0,1,0,0,1,2,0,0,0,0,1,2,0,0
female,YRI,EUR,0,0,1,0,0,0,2,0,0,0,0,1,2,1,0,0,2,1,0,1,0,2,0,0,0,0,0,0,0,0,0,0,0,1,0,0,0,0,0,0,1,0,2,0,0,0,0,0,0,0
female,ASW,SAS,0,2,0,0,0,2,2,0,0,0,0,0,2,0,0,0,2,0,0,0,0,2,0,0,0,0,0,0,0,0,0,0,1,0,2,1,0,2,0,0,1,0,0,0,0,0,0,1,1,0
female,IBS,AFR,0,1,1,0,0,0,2,0,0,0,0,0,1,0,0,1,1,0,1,1,0,1,0,0,0,0,0,0,1,0,0,0,0,0,0,0,0,2,0,0,0,1,0,0,0,0,2,2,0,0
female,ACB,EAS,0,0,1,0,0,0,2,0,0,0,0,1,2,0,0,0,2,1,0,2,0,2,0,0,0,0,1,0,0,0,0,0,0,1,0,0,0,2,0,0,1,2,2,0,0,0,1,1,0,0
female,JPT,EUR,0,2,1,0,1,0,2,0,1,0,0,0,2,0,0,0,1,0,0,1,0,2,0,0,0,0,0,0,0,0,0,1,1,0,2,0,0,1,0,0,1,0,2,0,0,0,0,2,0,0
male,LWK,EAS,0,1,0,0,0,1,2,0,0,0,0,2,2,0,0,0,1,1,0,0,0,2,0,0,0,0,0,0,0,0,0,1,0,1,0,0,0,2,0,0,1,0,1,0,0,0,1,1,0,0
male,ESN,AMR,0,0,1,0,0,0,2,0,0,0,0,2,2,0,1,0,1,0,0,0,0,2,0,0,0,0,0,0,0,0,0,0,0,1,0,0,0,0,0,0,0,0,1,0,0,0,1,1,0,1
male,IBS,SAS,0,2,1,0,0,2,1,0,0,0,0,0,1,1,0,0,0,1,0,2,0,1,0,0,0,0,1,0,0,0,0,1,0,0,0,0,0,2,0,0,1,0,2,0,1,0,1,1,0,0
female,BEB,EAS,0,1,1,0,0,1,1,0,1,0,0,1,0,2,0,0,1,0,0,2,0,2,0,0,0,0,0,1,0,0,0,0,0,1,0,0,0,2,0,0,1,0,2,0,0,0,1,2,0,0
female,PEL,EAS,0,1,0,0,0,0,2,0,0,0,0,0,2,0,0,0,0,0,0,0,0,2,0,0,0,0,0,0,0,0,0,0,1,0,0,0,0,2,0,0,1,1,1,0,0,0,1,0,0,0
male,TSI,EAS,0,1,0,0,0,0,2,0,0,0,1,0,2,0,0,0,1,0,0,1,1,2,0,0,0,0,1,0,0,0,0,0,0,0,0,0,0,0,0,0,1,1,1,0,0,0,2,1,2,0
male,CEU,AFR,0,2,0,0,0,0,2,0,0,0,0,0,2,2,0,0,1,0,0,1,0,2,0,0,0,0,0,0,0,1,0,0,0,0,0,0,0,2,0,0,1,1,0,0,0,0,1,1,2,0
female,GIH,AFR,1,1,0,0,0,1,2,0,1,0,0,1,2,0,0,0,2,0,0,1,0,2,0,0,0,0,0,0,0,0,0,0,1,0,0,1,0,0,0,0,1,0,2,0,0,0,2,1,0,0
female,ACB,AFR,0,2,0,1,0,0,2,0,0,0,0,0,2,2,0,0,1,0,0,1,0,2,0,0,0,2,0,0,0,0,0,0,0,0,1,0,0,2,0,0,1,0,2,0,0,0,2,0,0,0
female,GWD,EAS,0,1,0,0,0,1,2,0,0,0,0,2,1,0,0,0,1,0,0,0,0,2,0,0,0,0,0,0,0,0,0,0,0,1,0,0,0,2,1,0,0,0,0,0,0,0,0,1,1,0
male,PEL,AFR,0,2,0,0,0,1,2,0,0,0,0,2,2,0,0,0,2,0,0,0,0,2,0,0,0,0,0,0,0,0,0,0,0,1,1,0,0,0,0,0,0,0,2,0,2,0,2,1,0,0
male,CEU,AFR,0,1,0,0,0,0,2,0,0,0,1,2,2,1,0,0,1,1,0,0,0,2,0,0,0,1,1,0,0,1,0,0,0,1,0,0,0,0,0,0,1,1,2,0,0,0,0,1,0,0
female,PEL,AFR,0,1,1,0,1,0,2,0,0,0,0,0,2,1,0,0,0,2,0,0,0,0,0,0,1,0,1,0,0,0,0,0,0,1,1,0,1,2,0,0,1,1,1,0,0,0,0,2,0,0
female,ESN,EUR,0,2,1,0,0,0,2,0,0,0,0,2,1,1,2,0,0,0,0,0,1,1,0,0,1,0,0,0,1,0,0,0,0,0,1,0,0,2,0,0,1,1,0,0,0,0,1,2,0,0
female,GWD,EAS,0,0,1,0,0,1,2,0,0,0,0,0,2,1,0,0,2,0,0,1,0,2,0,0,0,0,0,0,0,0,0,0,0,1,1,0,0,2,1,0,1,0,1,0,0,0,0,1,1,0
male,CHS,EUR,0,0,0,0,0,0,2,0,0,0,0,0,2,0,0,0,2,0,0,0,0,2,0,1,0,0,1,0,0,0,0,0,0,1,0,0,0,0,0,0,0,1,1,0,1,0,1,1,0,0
male,CEU,EAS,0,2,1,0,0,0,2,0,0,0,0,1,2,2,0,1,2,0,0,1,0,2,0,0,0,0,0,0,0,0,0,0,0,0,1,0,0,0,0,0,1,1,1,0,0,0,1,2,0,0
male,TSI,EAS,0,0,0,0,0,0,2,0,0,0,1,0,1,0,0,0,1,0,0,0,0,0,0,1,0,0,0,0,0,0,1,0,0,1,1,0,0,2,0,0,2,2,2,0,0,0,1,0,0,0
male,ESN,AMR,0,1,0,0,0,2,2,0,1,0,0,1,2,0,0,0,0,0,0,2,0,1,0,0,0,0,0,0,0,0,0,0,0,1,0,0,0,0,0,0,1,2,0,0,0,0,0,1,0,0
female,MSL,AFR,0,2,2,0,0,0,2,0,0,0,0,0,2,0,0,0,1,0,0,0,0,2,0,0,0,0,1,0,0,1,1,1,0,1,0,0,0,2,0,0,0,1,1,0,0,0,1,1,1,0
female,PEL,AMR,0,2,1,0,0,0,2,0,0,0,0,0,2,2,0,0,2,1,0,1,0,2,0,0,0,0,1,0,0,0,0,0,0,1,0,0,0,2,0,0,0,0,1,0,1,0,0,1,0,0
female,JPT,AMR,0,2,2,0,0,0,2,0,0,0,0,1,2,0,0,0,1,0,0,0,0,1,0,0,0,1,0,0,0,0,0,0,0,2,0,0,0,0,0,0,0,1,2,0,0,0,0,2,0,0
female,GWD,AMR,0,2,0,0,0,0,2,0,0,0,0,0,2,0,0,0,1,0,0,2,0,2,0,0,0,0,0,0,0,0,0,0,0,0,1,0,0,1,0,0,0,0,2,0,0,0,1,1,0,0
male,GIH,EAS,0,2,0,0,0,0,2,0,0,0,1,0,2,0,0,0,1,1,0,2,0,2,0,0,0,0,0,0,0,0,0,0,1,1,1,0,0,2,0,0,0,0,1,0,0,0,2,1,0,0
male,PEL,EAS,0,2,1,0,0,0,2,0,0,0,0,0,1,0,0,1,1,0,2,2,0,2,0,0,0,0,0,0,1,0,0,0,1,1,1,0,0,0,0,0,0,0,1,0,0,0,2,1,0,0
female,CLM,EAS,0,1,1,0,0,0,2,0,1,0,0,0,2,0,0,1,1,0,0,0,0,2,0,1,0,0,0,0,0,0,0,0,0,1,1,1,0,2,0,0,2,0,1,0,0,0,0,1,0,0
male,CHS,AFR,0,2,0,0,0,0,2,0,0,0,0,0,2,0,0,0,2,0,0,2,0,2,0,1,0,0,0,0,0,0,0,0,0,2,0,0,0,1,0,0,1,1,2,0,0,0,2,1,0,0
female,ASW,AFR,0,2,0,1,0,0,2,0,1,0,0,0,1,0,0,0,2,1,0,0,0,2,0,0,0,0,1,0,0,0,0,0,0,1,0,0,0,2,0,0,1,0,2,0,0,0,2,2,2,0
male,PJL,EAS,0,1,0,0,0,0,2,0,0,0,0,0,2,0,0,0,1,1,0,1,0,1,0,0,0,0,0,0,0,0,0,0,0,1,0,0,0,2,0,0,0,0,0,0,2,0,0,2,0,0
female,YRI,AFR,0,1,1,0,0,0,2,0,0,0,1,0,2,0,0,0,1,0,0,2,0,2,0,0,0,0,0,0,0,1,0,1,0,0,2,0,0,1,0,0,0,1,0,0,1,0,1,1,0,0
female,PEL,AFR,0,0,1,0,0,0,1,0,0,0,0,0,2,0,1,0,1,1,0,0,0,2,0,0,0,0,0,0,1,0,0,0,0,1,0,0,0,1,0,0,1,1,0,0,1,0,1,1,0,0
male,ITU,AFR,0,2,0,0,0,0,2,0,0,0,0,1,2,0,0,0,2,0,0,0,0,2,0,0,0,0,1,0,0,0,0,0,0,0,2,0,0,0,0,0,1,1,0,0,0,0,2,1,1,0
female,GIH,EUR,0,1,0,0,0,0,2,0,0,0,0,0,2,1,0,0,1,0,0,0,1,2,0,0,0,0,1,0,0,0,0,0,0,0,0,0,0,2,0,0,1,1,2,0,0,0,1,2,0,0
male,PEL,AFR,0,0,0,0,0,0,2,0,1,0,0,0,2,2,0,0,2,0,0,0,0,2,0,0,0,0,0,0,0,0,0,0,0,1,0,0,0,0,0,0,1,0,2,0,1,0,1,1,0,0
male,CHS,AFR,1,0,2,0,0,0,2,0,2,0,0,0,1,0,0,0,1,1,0,0,1,0,0,0,0,0,0,0,1,0,0,0,1,0,0,0,0,1,0,0,2,0,1,0,1,0,0,1,1,0
male,IBS,SAS,0,1,2,0,0,0,2,0,0,0,0,0,0,0,1,0,1,1,0,0,0,2,0,0,0,0,0,0,0,0,0,0,0,0,1,0,0,1,0,2,0,0,1,1,0,0,2,1,0,0
female,ESN,EAS,0,0,1,0,0,0,2,0,0,0,0,1,2,0,0,1,1,2,0,0,1,0,0,0,0,0,0,0,0,0,0,0,0,1,0,0,0,1,0,0,2,0,1,0,2,0,2,1,0,0
male,LWK,AFR,0,0,0,0,0,0,2,0,1,0,0,0,2,1,0,0,1,0,0,1,0,2,0,0,0,0,1,0,1,0,0,0,0,1,0,0,0,2,0,0,2,0,2,0,1,0,1,2,0,0
female,ITU,AFR,0,1,1,0,0,0,2,0,1,0,0,0,2,0,2,0,0,0,0,0,0,2,0,0,0,0,0,0,0,0,0,0,0,0,0,0,0,2,0,0,1,0,1,0,0,0,0,2,0,0
male,MSL,EUR,0,2,0,0,0,0,2,0,0,0,0,1,2,1,0,0,0,0,0,0,0,2,0,0,0,0,0,0,0,0,0,0,0,1,0,0,0,2,0,0,1,0,2,0,0,0,0,2,0,0
male,ESN,AMR,0,0,1,0,0,0,2,0,0,0,0,1,2,0,1,0,2,1,0,1,0,2,0,1,0,0,1,0,0,0,0,0,0,0,1,0,0,0,0,0,0,0,2,0,0,0,1,2,1,0
female,IBS,AFR,0,2,0,0,0,0,2,0,0,0,0,2,2,0,0,0,1,1,0,0,0,2,0,0,1,0,0,0,0,0,0,0,0,1,0,0,0,1,0,0,2,0,2,0,0,0,2,2,0,0
male,PUR,EAS,0,1,0,0,0,0,1,0,2,0,0,0,2,1,0,0,2,0,0,2,0,2,0,0,0,0,0,0,0,0,0,0,1,1,0,1,0,2,0,0,1,0,0,0,0,0,0,1,0,1
male,TSI,AMR,0,0,0,0,0,0,2,0,2,0,0,2,2,0,0,0,2,0,0,0,0,2,0,1,0,0,0,0,0,0,0,0,0,0,1,0,0,2,0,0,1,1,1,0,0,0,1,1,0,0
male,GIH,SAS,1,0,0,0,0,0,2,0,0,0,0,0,2,2,1,0,0,0,0,0,1,1,0,1,0,0,1,0,0,0,0,0,0,1,1,0,0,2,0,0,0,0,1,0,0,0,1,1,0,0
male,ITU,EAS,1,2,1,0,0,0,2,0,0,0,1,1,1,0,1,0,2,0,0,0,1,2,0,0,0,0,1,0,0,0,1,0,0,1,0,0,0,1,0,0,0,1,2,0,0,0,0,1,0,0
female,CHS,AFR,0,2,0,0,0,0,2,1,0,0,0,0,2,0,1,0,1,0,0,0,0,2,0,0,1,1,1,0,0,0,0,0,0,0,0,0,0,2,0,0,2,0,0,0,1,0,2,1,0,0
male,ESN,AMR,0,1,0,0,0,0,2,0,0,0,0,2,2,0,1,0,2,1,0,2,1,2,0,0,0,0,0,0,0,0,1,0,0,1,0,0,0,2,0,0,2,0,2,0,0,0,0,2,1,0
male,IBS,EUR,0,1,1,0,0,0,2,0,0,0,0,1,2,0,0,0,1,1,0,1,0,2,0,0,0,0,1,0,1,0,1,0,1,2,0,0,0,2,0,0,1,0,1,0,0,0,1,1,1,0
female,CHB,AFR,0,1,2,0,0,1,2,0,0,0,0,2,2,0,0,0,0,1,0,0,0,2,0,0,0,0,0,0,0,0,2,0,1,0,0,0,0,0,0,0,1,0,0,0,1,0,1,2,2,0
male,ESN,SAS,0,2,2,0,0,0,2,0,0,0,0,0,2,0,0,0,2,0,0,0,0,2,0,0,0,0,0,0,0,0,0,0,0,0,0,0,0,2,0,0,0,1,1,0,0,0,1,2,0,0
male,MSL,EUR,0,1,2,0,0,1,2,0,0,0,0,0,2,2,0,0,2,0,0,0,0,2,0,0,0,0,0,0,0,0,1,0,0,1,1,0,0,2,0,0,1,0,1,0,0,0,2,2,0,1
female,PEL,AFR,0,0,1,0,0,1,2,0,0,0,0,1,2,0,0,0,2,1,0,0,0,1,0,1,0,0,1,0,0,0,0,0,0,1,0,0,0,1,0,0,2,0,0,0,0,0,2,0,0,0
female,KHV,AFR,0,0,1,0,0,0,2,0,0,0,0,0,2,0,0,0,2,1,0,0,0,2,0,0,0,1,0,0,0,0,0,0,0,1,1,0,0,1,0,0,0,1,2,0,0,0,1,2,0,0
male,ACB,EAS,0,1,0,0,0,0,2,0,0,0,0,1,2,0,0,0,2,1,0,0,0,2,0,0,1,0,0,0,0,0,0,0,2,0,0,0,0,0,0,0,1,0,1,0,0,0,2,1,0,0
male,IBS,AFR,0,2,0,0,0,0,2,0,0,1,0,2,2,0,0,2,1,1,0,0,0,2,0,0,0,0,1,0,0,0,0,1,0,0,0,0,0,1,0,0,0,0,1,0,0,0,1,1,0,0
male,YRI,EUR,0,2,1,0,0,0,2,0,0,0,0,2,2,1,0,0,2,1,0,0,0,2,0,1,0,1,1,0,0,0,0,0,0,0,0,0,0,2,1,0,1,0,2,0,0,0,2,0,2,0
male,GIH,SAS,0,2,0,0,0,0,2,0,1,0,0,0,1,1,0,1,1,0,0,0,0,2,0,1,1,0,0,0,0,0,0,0,0,2,1,0,1,0,0,0,1,1,0,0,0,0,0,1,1,0
male,GBR,AFR,0,0,0,0,0,2,2,0,0,0,0,0,2,2,0,0,1,0,0,1,2,2,1,0,0,1,0,0,2,0,0,1,0,1,0,0,0,1,1,0,1,1,0,0,1,0,2,1,0,0
female,ESN,EUR,0,1,2,0,0,0,2,0,0,0,0,0,2,1,0,0,2,0,1,0,0,1,0,1,0,0,2,0,0,0,0,0,0,1,0,0,0,2,0,0,1,0,0,0,0,0,2,2,0,1
male,PUR,AMR,0,1,0,1,0,0,2,0,0,0,0,0,2,2,0,0,1,0,0,2,0,2,0,0,0,0,0,0,0,1,0,0,0,0,0,0,0,0,0,0,1,0,2,0,0,0,1,1,1,0
male,IBS,AFR,0,2,0,0,0,0,2,0,0,0,2,0,2,0,0,0,1,2,0,0,0,2,0,2,0,0,1,0,0,0,0,0,0,1,0,0,0,0,0,0,2,0,1,0,0,0,1,1,1,0
female,PEL,EUR,0,1,0,0,0,1,2,0,0,0,0,0,2,2,1,0,0,0,0,0,0,2,0,0,0,0,0,0,2,2,1,0,0,1,2,0,0,1,0,0,1,0,2,1,1,0,1,1,1,0
male,GWD,AFR,0,1,0,0,0,0,2,0,0,0,0,0,2,0,0,0,1,0,1,0,0,2,0,0,0,0,1,0,0,0,0,0,1,1,0,0,0,0,0,0,2,0,2,0,0,0,2,1,0,0
female,GIH,EUR,0,0,2,0,0,0,2,0,0,0,0,0,2,0,0,0,2,0,0,0,0,2,0,0,0,0,0,0,0,0,0,0,0,1,0,0,0,2,0,0,0,0,2,0,0,0,0,1,0,0
male,YRI,EUR,1,1,1,0,0,1,2,0,0,0,0,1,2,0,0,0,2,0,0,0,0,1,1,0,0,0,0,0,0,0,0,0,0,2,2,0,0,1,0,0,0,1,1,0,0,0,0,1,0,0
male,PEL,EUR,0,0,2,0,0,0,2,0,0,0,0,1,2,0,0,0,0,0,0,0,0,1,0,0,0,0,0,0,0,0,2,0,0,1,0,0,0,0,0,0,0,0,1,0,0,0,2,1,0,0
male,CDX,AMR,0,0,1,2,0,0,2,0,1,1,2,0,2,0,0,1,1,0,0,0,1,2,0,0,1,0,0,0,2,0,1,0,0,0,2,0,0,0,0,0,0,0,0,0,1,0,2,1,0,0
female,BEB,EUR,0,2,0,0,0,0,2,0,0,0,0,0,0,0,0,0,1,0,0,0,0,2,0,0,0,0,0,0,0,0,0,0,0,0,0,0,0,0,0,0,1,1,0,0,0,0,1,1,0,0
male,CDX,AFR,0,2,0,0,0,0,2,0,0,0,0,2,2,0,0,0,1,0,0,2,0,2,0,0,0,0,0,0,0,0,0,0,0,0,0,0,0,2,0,0,0,0,2,0,0,0,2,1,0,0
male,PUR,EAS,0,1,1,0,0,0,2,0,0,0,0,2,1,0,0,0,2,0,0,2,0,2,0,1,0,0,1,0,0,0,0,0,1,0,0,0,0,1,0,1,0,1,1,0,0,0,2,0,0,0
male,YRI,EAS,0,0,0,0,0,0,2,0,0,0,1,1,2,2,0,0,1,0,0,2,0,2,0,0,1,0,0,0,0,0,1,0,1,1,1,0,0,1,0,0,1,0,2,0,0,0,1,1,1,0
male,CHB,AFR,0,2,0,0,0,1,2,0,0,0,0,0,2,0,0,0,0,0,0,0,0,1,0,0,0,0,0,0,0,0,1,0,0,1,1,0,0,2,0,0,0,0,1,0,0,0,0,0,0,0
female,IBS,AMR,0,2,2,0,0,0,1,0,0,0,0,0,2,0,0,0,1,1,1,0,1,2,0,0,0,0,1,0,0,0,0,0,0,2,0,0,1,2,0,0,1,0,0,0,0,0,2,2,0,0
male,LWK,AFR,0,1,1,0,0,1,2,0,0,0,0,0,2,0,0,0,1,2,0,0,1,2,0,0,0,1,1,0,0,0,0,0,1,0,0,0,0,2,0,0,0,0,1,0,1,0,2,1,0,1
male,PUR,EUR,0,2,2,0,0,0,2,0,0,0,0,0,2,0,0,0,1,0,0,0,0,2,0,1,0,0,1,0,0,0,0,0,2,0,2,0,0,0,0,0,0,0,1,0,1,0,2,1,0,1
male,ITU,AFR,0,2,0,0,0,0,2,0,0,0,0,1,2,0,0,0,1,0,0,0,0,2,0,0,0,0,0,0,0,0,0,0,0,0,1,0,0,2,0,0,1,1,0,0,0,0,0,1,0,0
male,STU,EUR,0,0,0,0,0,0,2,0,0,0,0,0,1,1,0,0,1,0,0,0,0,2,0,0,0,0,0,0,0,0,0,0,1,1,2,0,0,2,0,0,1,0,2,0,0,0,2,2,0,0
female,IBS,AFR,0,0,1,0,0,1,2,0,1,0,1,0,1,0,0,0,2,2,0,1,0,2,0,0,0,0,0,0,0,0,1,0,0,0,2,0,0,0,0,0,1,1,1,0,0,0,2,2,0,0
male,YRI,EAS,0,0,0,0,0,1,2,0,0,0,0,0,2,0,0,0,2,0,0,2,0,2,1,0,0,0,0,0,0,0,0,1,0,0,0,0,0,2,0,0,0,1,2,0,0,0,2,2,0,0
male,MSL,AMR,0,0,0,0,0,0,2,0,1,0,0,0,2,0,0,0,1,0,0,2,0,2,0,0,1,0,1,0,0,0,0,0,0,0,1,0,0,1,0,0,0,1,2,0,0,0,1,1,0,0
male,ESN,SAS,0,1,2,0,0,1,2,0,0,0,0,1,2,0,0,0,2,0,0,0,1,2,0,0,0,0,0,0,0,0,0,0,0,0,0,0,0,1,0,0,0,0,0,0,0,0,2,1,0,0
female,ITU,EUR,0,0,1,0,0,0,2,0,1,0,0,0,1,0,0,0,1,0,0,0,0,2,0,0,0,0,0,0,1,1,1,0,0,1,2,0,0,1,0,0,1,0,1,0,0,0,1,1,0,0
male,ACB,AFR,0,0,0,0,0,1,2,0,1,2,1,1,2,0,0,0,2,1,0,0,0,2,0,0,0,0,2,0,0,0,0,0,0,0,0,0,0,1,0,0,0,0,2,0,1,0,1,2,1,0
male,LWK,EUR,0,2,0,1,0,1,2,0,0,0,0,2,2,1,0,0,1,0,0,2,0,1,0,2,0,0,0,0,0,0,1,1,0,0,1,0,0,0,0,0,1,0,2,0,1,0,1,0,0,0
female,ASW,EUR,0,1,0,0,0,0,2,0,0,0,0,1,2,0,0,0,1,1,1,1,0,2,0,0,0,0,0,0,0,0,0,0,0,1,1,0,0,0,0,0,1,0,2,0,0,0,0,2,1,0
female,ITU,AFR,0,2,0,0,0,0,2,0,0,0,0,0,2,1,0,0,2,1,0,0,0,2,0,0,0,0,0,0,0,0,2,0,0,0,1,0,0,2,0,0,1,1,0,0,0,0,0,1,0,0
male,CHS,AFR,0,0,0,0,0,0,2,0,0,0,0,1,2,2,0,0,1,0,0,1,0,1,0,0,0,0,0,0,1,0,0,0,0,0,0,1,0,0,0,0,0,0,1,0,0,0,2,2,0,0
male,ASW,EUR,0,0,2,0,0,0,2,0,1,0,0,0,2,0,0,0,2,1,0,2,0,2,0,0,0,0,0,0,0,0,0,0,0,1,2,0,0,1,0,0,1,0,2,0,0,0,0,1,0,0
female,PUR,EUR,0,2,0,0,0,0,2,0,0,0,0,0,2,0,0,0,1,0,0,0,0,2,0,0,0,0,1,1,0,0,0,0,0,0,2,0,0,2,0,0,1,0,2,0,0,0,1,2,0,0
male,IBS,EUR,0,2,1,1,0,0,2,0,0,0,0,0,2,0,0,0,2,0,0,1,1,2,0,0,0,0,1,0,0,0,0,0,0,0,0,0,0,0,0,0,1,2,0,0,0,0,0,2,0,0
female,PEL,SAS,0,1,0,0,0,0,2,0,0,0,0,0,2,1,0,0,1,0,0,0,0,0,0,0,0,0,0,0,0,0,1,0,0,0,1,0,0,2,0,0,1,2,1,0,0,2,0,0,0,0
male,ITU,AFR,0,1,2,0,1,0,2,0,0,0,0,0,2,0,0,0,2,0,0,1,0,2,0,0,0,0,0,0,1,0,1,0,1,1,2,1,0,0,0,0,0,1,2,0,0,0,0,2,1,0
male,JPT,EAS,0,2,1,0,0,0,2,0,0,0,0,1,2,0,0,0,2,0,1,0,0,2,0,0,0,0,0,0,1,0,0,0,0,1,1,0,0,0,0,0,1,0,2,0,0,0,2,1,1,0
male,ITU,EUR,0,0,1,1,0,0,2,0,0,0,0,0,2,0,0,0,1,1,0,0,0,2,0,0,0,0,0,0,0,0,0,0,0,0,0,0,0,2,0,0,0,0,0,0,0,0,1,1,1,0
male,GIH,EAS,0,0,0,0,0,1,2,0,0,0,0,0,2,1,0,0,1,0,0,0,1,2,0,0,0,0,0,0,0,0,1,0,0,1,0,0,0,0,0,0,0,0,1,0,0,0,1,1,0,0
male,ESN,AFR,0,2,1,1,0,0,2,0,0,0,0,0,2,1,0,0,1,0,0,2,1,1,0,1,0,0,1,0,1,0,0,0,1,1,0,0,0,0,1,0,1,0,2,0,0,0,1,1,1,0
male,BEB,EAS,0,1,0,0,0,0,2,0,0,0,0,0,2,0,0,0,2,0,0,0,0,2,0,1,0,0,0,0,0,0,1,0,0,1,0,0,0,1,0,0,1,1,2,0,0,0,2,1,0,0
male,STU,AMR,0,2,2,0,0,1,2,0,0,0,2,0,2,0,0,2,2,0,0,1,1,2,0,0,1,0,0,0,0,0,0,0,0,2,1,0,0,1,0,0,0,2,1,0,0,0,1,1,0,0
male,CEU,AFR,0,1,0,0,0,0,2,0,0,0,0,0,2,0,0,0,1,1,0,0,0,2,0,0,0,0,0,0,0,0,0,0,1,1,0,0,0,0,0,0,1,1,2,0,0,0,0,1,0,0
female,PJL,AFR,0,2,2,0,0,0,2,0,0,0,0,0,2,1,0,0,2,0,0,0,0,2,0,0,0,0,1,0,1,0,0,0,0,0,1,0,0,2,0,0,1,0,2,1,1,0,2,2,0,0
male,CHB,EUR,0,2,1,1,0,0,2,0,0,0,0,1,2,2,0,0,1,0,0,0,0,2,0,1,0,0,1,0,0,0,0,0,0,2,2,0,0,1,0,0,1,0,2,0,0,0,2,1,1,0
male,ESN,AMR,0,2,1,0,0,0,2,0,0,0,0,1,2,2,0,0,1,1,0,0,1,1,1,0,0,0,0,0,0,0,0,0,0,1,1,0,0,1,0,0,2,2,1,0,0,0,1,1,0,0
male,YRI,EUR,0,2,1,0,1,0,2,0,0,0,0,1,2,0,1,1,1,0,0,1,0,2,0,1,0,0,0,0,0,0,2,0,0,1,1,0,0,1,0,0,1,0,2,0,0,0,2,1,1,1
female,TSI,AFR,0,1,1,0,0,0,2,0,0,0,1,0,2,0,0,0,1,1,0,0,0,2,0,0,0,0,0,0,0,0,0,0,0,0,1,0,0,0,0,0,2,0,2,0,0,0,2,2,0,0
female,ESN,EAS,0,1,1,0,0,0,2,0,0,0,0,0,1,0,0,0,1,1,0,2,0,2,1,0,0,0,0,0,0,0,0,1,0,0,0,0,0,2,0,0,1,0,1,0,0,0,0,1,2,0
female,IBS,EAS,0,2,1,0,0,0,2,0,0,0,0,0,2,0,0,0,1,1,0,0,0,1,0,0,0,0,0,0,0,0,0,0,0,0,0,0,0,2,0,0,0,0,2,0,0,0,0,1,1,0
female,ASW,AFR,0,0,1,1,0,0,2,0,0,0,0,0,1,0,0,0,1,0,0,1,0,2,0,0,0,0,1,0,0,0,0,0,0,0,0,0,0,1,1,1,1,1,1,0,0,0,1,2,0,0
male,TSI,SAS,0,0,1,0,0,0,2,0,0,0,0,0,2,0,1,0,1,1,0,2,0,1,0,0,0,0,0,0,0,0,0,1,0,0,0,0,0,2,0,0,1,0,0,0,0,0,1,1,0,0
male,PJL,EUR,0,1,1,0,0,0,2,0,0,0,0,0,2,1,0,0,2,0,0,1,0,2,0,0,0,0,0,0,0,0,0,0,0,1,1,0,0,2,0,0,1,1,2,0,0,0,2,2,0,0
male,PJL,AFR,0,2,0,0,0,1,2,0,0,0,0,0,2,0,0,0,2,1,0,1,0,2,0,0,0,0,0,0,0,0,0,0,0,0,0,0,0,1,2,0,1,0,0,0,0,0,1,1,0,0
female,LWK,EAS,0,0,0,0,0,2,2,0,0,0,0,0,2,0,0,0,1,1,0,2,0,2,0,0,0,0,2,0,0,0,0,0,0,2,0,0,0,2,0,0,1,0,1,0,0,0,0,1,0,0
female,GIH,AMR,0,1,1,0,0,0,2,0,0,0,0,1,2,0,0,0,1,0,0,2,0,2,0,0,0,0,0,0,0,0,0,0,0,0,1,1,0,2,0,0,2,0,1,0,0,0,2,1,0,0
male,ACB,AFR,0,2,0,0,0,0,2,0,0,0,0,0,2,0,0,0,2,1,0,0,0,2,0,0,0,0,0,0,0,1,0,0,0,0,0,0,0,1,0,0,1,0,0,0,1,0,0,1,0,0
female,PJL,EAS,0,1,0,1,0,0,2,0,0,0,0,1,2,1,0,0,2,0,0,2,0,1,0,0,0,0,1,0,1,0,0,0,0,0,1,0,1,2,0,0,2,0,2,0,0,0,1,2,0,0
male,ITU,EUR,0,1,0,0,0,0,2,0,0,0,0,0,2,0,0,0,1,0,0,0,0,2,0,0,0,0,0,0,0,0,0,0,1,1,1,0,0,1,0,0,1,0,2,0,0,0,2,1,0,0
female,JPT,SAS,0,2,1,0,0,1,2,0,0,0,0,2,2,2,0,0,1,0,0,0,1,2,0,0,0,0,0,0,1,0,1,0,0,2,0,0,0,2,0,0,1,0,2,0,0,0,2,1,0,0
female,GIH,AFR,0,0,0,0,0,0,2,0,0,0,2,0,2,1,0,0,1,0,0,0,0,2,0,0,0,0,0,0,0,0,0,0,0,1,0,0,0,2,0,0,0,1,0,0,0,0,1,2,0,0
female,ESN,AFR,0,0,0,0,0,1,2,0,0,0,0,0,2,2,0,0,2,0,0,0,0,2,1,0,0,0,0,0,0,0,0,0,0,1,0,0,0,1,0,0,1,1,1,0,0,0,1,1,1,0
female,GIH,EAS,0,1,0,0,0,0,2,0,0,0,0,1,2,0,0,0,2,0,0,0,0,2,0,0,0,0,0,0,0,0,0,0,0,1,0,0,0,2,0,0,0,0,1,0,0,0,1,2,0,0
male,MSL,EAS,0,0,2,1,0,0,2,0,2,0,0,0,1,0,0,0,0,1,0,2,0,1,0,0,0,0,0,1,0,0,0,1,0,1,1,0,0,0,0,1,2,1,2,0,0,0,1,1,0,0
male,PJL,EUR,0,2,0,0,0,0,2,0,1,0,0,0,2,0,0,0,2,1,0,0,0,2,0,1,0,0,1,0,0,0,0,0,0,1,0,0,0,2,1,0,1,0,1,0,0,0,0,1,0,0
male,STU,AFR,0,2,0,0,0,0,2,0,0,0,0,0,2,1,0,0,2,0,0,0,0,2,0,0,0,0,0,0,0,0,2,0,0,0,0,0,0,2,0,0,1,0,1,0,1,0,2,1,0,0
male,CHS,AFR,0,1,1,0,1,0,2,0,0,0,0,0,2,2,0,0,2,1,0,1,0,2,0,0,0,0,0,0,1,0,1,0,0,0,0,0,0,2,0,0,2,1,1,0,2,0,2,2,0,0
male,YRI,EUR,0,0,0,0,0,0,1,0,0,0,0,1,2,0,0,0,2,0,0,1,0,2,0,0,0,0,0,0,0,0,0,0,0,1,1,0,0,1,0,0,0,0,2,0,0,0,2,0,0,0
male,ESN,EAS,0,1,0,1,0,0,2,0,0,0,0,1,2,0,0,0,1,1,0,1,1,2,0,0,0,0,1,0,0,0,0,0,0,1,0,0,0,1,0,0,1,0,0,0,0,0,2,1,0,1
female,KHV,AFR,0,1,2,0,0,0,2,0,1,0,0,0,2,0,2,0,1,0,2,0,0,2,0,0,0,0,1,0,1,0,0,0,2,1,0,0,0,1,0,0,0,1,1,0,1,0,0,1,0,2
male,ESN,AFR,0,0,1,0,0,0,2,0,0,0,0,0,2,0,0,0,2,0,0,0,0,2,0,0,1,0,0,0,0,0,1,0,0,1,2,0,0,2,0,0,1,1,2,0,0,0,1,0,0,0
male,LWK,EAS,0,1,1,0,0,0,2,0,0,0,0,0,2,0,0,0,2,0,0,0,1,2,0,0,0,0,0,0,0,0,0,0,0,0,1,0,0,0,0,0,2,0,1,0,0,0,0,0,0,0
male,ACB,AFR,0,1,0,1,0,0,2,0,0,0,0,1,2,0,0,0,1,1,0,0,0,2,0,0,0,0,0,0,1,0,0,0,0,1,1,2,0,0,0,0,1,1,2,0,0,0,1,2,0,0
female,CLM,SAS,0,2,0,0,0,0,1,0,0,0,1,0,1,0,0,0,1,0,0,0,0,2,0,0,0,0,0,0,0,0,0,0,0,1,1,1,1,2,0,0,1,1,2,0,0,0,1,1,0,0
male,MXL,EAS,0,0,0,0,0,0,2,0,0,0,0,1,2,1,0,0,2,0,0,2,1,1,1,0,1,0,0,0,0,0,1,1,0,1,1,1,0,2,0,0,2,1,1,0,0,0,1,0,0,0
female,ACB,EUR,0,2,0,1,0,0,2,0,0,0,0,2,2,0,0,0,2,1,0,0,0,2,0,0,0,0,0,0,1,0,0,0,0,1,0,0,0,1,0,0,1,1,1,0,0,0,1,1,0,0
male,GIH,EAS,0,0,0,0,0,0,2,0,1,0,0,2,2,0,0,0,2,0,0,2,0,1,0,0,0,0,1,0,0,0,0,0,0,1,0,0,0,1,0,0,0,0,2,0,1,0,1,1,0,0
male,KHV,EUR,0,0,0,0,0,0,2,0,0,0,0,0,2,0,0,0,1,0,0,2,0,2,0,0,0,0,0,1,0,0,0,0,0,0,1,0,0,2,0,0,1,0,1,0,0,0,1,1,0,0
male,PEL,SAS,0,1,0,0,0,0,2,0,1,1,1,0,2,0,0,0,0,1,0,0,0,1,0,2,0,1,1,0,0,0,2,0,0,1,0,0,0,1,0,0,1,1,1,0,1,0,2,1,1,0
male,ITU,EAS,0,1,1,0,0,0,2,0,0,0,0,0,2,1,1,0,1,0,0,2,1,2,0,0,0,0,0,0,0,0,1,0,0,0,2,0,1,0,0,0,1,1,1,1,1,0,2,2,2,0
female,GWD,EAS,0,1,0,0,0,1,2,0,0,0,0,1,2,2,0,0,1,0,0,0,0,2,0,0,1,1,0,0,0,0,0,0,0,1,0,2,0,2,0,1,1,0,1,0,0,0,2,1,0,0
male,GIH,SAS,0,2,1,0,0,0,2,0,0,0,0,2,2,1,0,0,0,0,0,1,1,2,0,1,0,0,0,0,0,0,0,0,0,1,1,0,0,0,0,0,0,0,0,0,0,0,2,2,0,0
male,MSL,EAS,0,2,0,0,0,0,2,0,0,0,0,0,2,2,0,0,1,0,0,0,0,2,0,2,0,0,0,0,0,0,0,0,0,0,1,0,0,0,0,0,1,0,0,1,0,1,0,1,0,0
male,ESN,EUR,0,2,1,0,0,0,2,0,0,0,0,0,2,0,1,1,1,1,0,0,0,2,0,1,0,0,0,0,0,0,0,0,0,0,0,0,0,0,0,0,1,2,0,0,1,0,0,0,0,0
female,ASW,EAS,0,2,1,0,0,0,2,0,0,0,0,0,2,0,0,1,1,0,0,1,0,1,0,0,1,0,0,0,0,0,0,1,0,1,0,0,0,2,0,0,1,0,1,0,0,0,1,2,0,0
male,FIN,SAS,0,2,1,0,0,0,2,0,0,0,1,0,2,0,0,0,2,0,1,2,0,2,0,0,0,0,0,0,1,0,0,0,0,0,0,0,0,1,0,0,2,1,2,0,0,0,2,2,2,0
male,ESN,EAS,0,2,2,0,0,0,2,0,1,0,0,0,2,1,0,0,1,0,0,1,0,1,0,1,0,1,0,0,0,0,0,1,0,0,0,0,0,0,0,0,0,1,1,1,0,0,2,1,0,0
male,MSL,AFR,0,0,0,0,0,0,2,0,0,0,0,1,1,0,0,0,1,1,0,0,0,2,0,0,0,0,0,0,0,0,0,0,0,1,0,1,0,2,0,0,0,2,1,1,0,0,2,1,1,0
male,ESN,AFR,0,0,0,0,0,0,2,0,0,0,0,0,2,0,0,0,1,1,0,0,0,2,0,0,0,0,0,0,0,0,1,0,0,0,0,0,0,0,0,0,1,0,1,0,1,0,2,2,0,0
female,ITU,EAS,0,0,2,0,0,1,2,0,0,0,0,0,1,2,0,1,1,0,0,1,1,2,0,0,0,0,0,0,2,0,0,0,0,1,0,0,0,0,0,0,0,0,1,0,1,0,1,0,0,0
male,GIH,EAS,0,2,0,0,0,0,2,0,0,0,0,0,2,0,1,0,2,1,0,2,0,2,0,0,0,0,1,0,1,0,0,0,0,0,0,0,0,0,0,0,1,0,1,0,0,1,2,2,0,0
male,IBS,AMR,0,2,0,0,0,0,2,0,0,0,1,1,1,0,1,0,0,0,0,0,0,2,0,0,0,0,0,0,1,0,0,0,0,1,1,1,0,2,0,0,1,1,1,0,0,0,2,1,0,0
male,LWK,EAS,0,1,1,0,0,1,2,0,1,0,0,1,2,1,0,0,1,0,0,0,1,1,0,0,0,0,1,0,1,0,0,0,0,2,0,0,0,2,0,0,1,0,0,0,0,0,2,1,0,0
male,YRI,EAS,0,2,0,2,0,0,2,0,0,0,0,0,1,0,0,0,1,0,0,0,0,2,0,0,1,0,0,0,1,0,0,0,0,1,0,0,1,2,0,0,1,1,1,1,0,0,0,2,2,0
female,CHB,EUR,0,2,0,0,0,0,2,0,0,0,0,1,1,0,0,1,0,1,0,2,0,1,0,0,1,0,0,0,1,0,0,0,0,2,0,0,0,0,0,0,0,0,2,1,0,0,0,2,1,0
female,ESN,AMR,0,1,0,1,0,1,2,0,2,0,0,1,2,0,0,0,2,0,0,0,0,2,0,2,0,1,0,0,0,0,0,0,0,1,0,0,0,2,0,0,1,1,2,0,0,0,1,1,1,0
male,GIH,EUR,0,0,1,0,0,0,2,0,0,0,1,1,2,0,0,0,1,0,0,0,0,1,0,0,0,0,0,0,0,0,0,0,0,0,1,0,0,0,0,0,1,0,2,0,0,0,0,1,0,0
male,ESN,SAS,0,2,1,0,0,0,2,0,0,0,0,1,2,0,1,0,2,0,0,2,0,2,0,2,0,0,1,0,0,0,0,0,0,1,1,1,0,2,0,0,1,1,2,1,0,0,2,1,0,0
male,CHS,AFR,0,2,1,0,0,0,2,0,0,0,0,0,1,1,0,0,1,0,0,0,0,2,0,0,0,0,0,0,1,0,0,0,0,1,0,1,0,2,0,0,1,0,2,0,0,0,1,1,0,0
male,TSI,AFR,0,0,0,0,0,0,2,0,0,0,0,0,1,0,0,0,2,1,2,0,0,2,0,2,0,0,2,0,0,0,0,0,0,2,1,0,0,2,0,0,0,0,1,0,0,0,2,2,0,0
female,MSL,EAS,0,1,0,1,0,0,2,1,0,0,0,1,2,1,0,0,1,2,0,0,0,2,0,0,0,0,0,0,0,0,0,0,0,0,0,0,0,2,0,0,1,0,2,0,0,0,2,1,0,0
male,GWD,AFR,0,0,0,0,0,0,2,0,0,0,0,0,0,0,0,0,2,0,0,1,0,2,0,0,0,0,0,0,0,0,0,1,0,0,0,0,0,2,0,0,1,0,1,0,0,0,0,1,0,0
male,CHB,AFR,0,0,0,0,0,0,2,0,1,0,0,2,1,1,0,0,2,0,1,0,0,2,0,0,0,0,2,0,0,0,0,0,0,0,1,0,0,0,0,0,1,0,2,0,1,0,0,1,0,0
male,LWK,AFR,0,2,2,0,0,0,2,0,0,0,1,0,2,0,0,0,2,0,0,1,1,2,0,0,0,0,0,0,0,0,0,0,0,1,0,0,1,2,0,0,0,0,1,0,1,0,2,0,0,0
male,CHB,EAS,0,0,0,0,0,0,2,1,0,0,0,0,1,2,0,1,1,0,0,2,0,2,0,0,0,0,0,0,0,0,1,0,0,1,1,0,0,0,0,0,1,2,1,0,0,0,0,2,0,1
female,TSI,AFR,0,1,0,0,0,0,2,0,0,0,0,1,2,0,0,0,2,1,0,0,1,1,0,0,0,0,1,0,0,0,0,0,0,0,0,0,0,1,0,0,0,0,2,0,0,0,2,2,0,0
male,YRI,SAS,0,0,1,0,0,0,2,0,1,0,0,1,1,0,0,0,2,1,0,1,1,2,0,1,0,0,0,0,0,0,2,0,0,0,0,0,0,0,0,0,1,1,1,0,0,0,2,1,1,0
male,GIH,AFR,0,2,0,1,0,0,2,0,0,0,0,2,2,1,0,0,2,2,0,1,0,2,0,0,0,0,0,0,0,0,0,0,1,0,0,0,0,2,0,0,1,0,1,0,0,0,2,2,0,0
male,FIN,EUR,0,1,0,0,0,0,2,0,0,0,0,0,2,2,0,1,1,0,0,0,0,2,0,0,0,0,0,0,0,0,0,0,1,1,0,0,0,0,0,0,1,0,1,1,0,0,0,2,1,0
male,GWD,EUR,0,2,0,0,0,1,2,0,2,0,0,0,2,0,0,1,2,0,0,2,0,2,0,0,0,0,0,0,0,0,0,0,0,1,0,0,0,2,0,0,0,0,2,0,0,1,1,1,0,0
female,ESN,EUR,0,1,0,0,0,1,2,1,0,0,0,2,2,0,0,0,1,0,0,1,0,1,0,0,0,0,0,0,0,0,0,0,0,1,0,0,0,2,1,0,0,0,2,0,1,0,2,1,0,0
male,CLM,AFR,1,1,0,0,0,0,2,0,0,0,0,1,2,2,0,0,1,0,1,0,0,2,0,0,0,0,0,0,0,0,1,1,0,2,1,1,1,1,1,0,1,1,1,0,0,0,1,1,0,0
female,LWK,SAS,0,0,1,1,0,1,2,0,0,0,0,0,2,0,0,0,1,0,0,0,0,2,0,0,0,0,0,0,0,0,0,0,0,1,0,0,0,2,0,0,1,2,1,0,1,0,0,1,0,0
female,PEL,AFR,0,0,1,0,0,0,2,0,0,0,0,0,2,2,0,0,1,0,0,2,0,2,0,0,0,0,1,0,0,0,0,0,0,0,0,0,0,2,0,0,1,0,2,0,0,0,2,1,0,0
female,GIH,EAS,0,2,0,0,0,0,1,0,0,0,0,0,2,0,0,0,0,0,0,0,0,2,0,0,0,0,0,0,0,0,0,0,0,0,1,0,0,1,0,0,1,0,2,0,0,0,2,0,2,0
female,YRI,EAS,0,2,0,0,0,1,1,0,1,0,0,0,2,1,0,0,1,2,0,0,0,0,0,0,0,0,0,0,1,1,0,0,0,0,0,0,0,2,1,0,1,0,2,0,1,0,0,1,2,0
male,ITU,AFR,0,2,0,0,0,1,2,0,1,0,0,0,2,0,0,1,1,1,0,1,0,2,0,0,0,0,0,0,0,0,0,0,1,1,0,0,0,2,0,0,1,0,1,0,1,0,0,2,1,0
male,PEL,EAS,0,0,1,0,0,0,2,0,1,0,0,0,2,0,0,0,1,0,0,0,0,2,1,0,0,0,0,0,0,0,0,0,0,1,1,0,0,0,0,0,1,0,0,0,1,0,2,1,0,0
male,MXL,EUR,0,0,0,0,0,0,2,0,0,0,0,0,2,0,0,0,1,0,1,2,0,2,0,0,1,0,0,0,0,0,0,0,1,1,0,0,0,0,0,0,1,0,1,0,0,0,0,1,0,0
female,IBS,EUR,0,0,0,0,0,0,2,0,0,0,1,0,2,0,0,0,2,0,0,0,1,0,0,0,0,0,0,0,0,0,0,0,0,1,0,0,0,1,0,0,1,0,2,0,2,0,0,1,0,0
male,CEU,SAS,0,2,0,0,0,0,2,0,0,0,0,2,2,1,0,0,1,0,0,1,0,2,0,0,0,0,0,0,1,0,0,0,0,0,0,1,0,0,0,0,2,0,1,0,0,0,2,1,1,0
female,ASW,AFR,0,1,0,0,0,0,2,0,1,0,1,0,1,0,1,0,1,0,0,2,0,2,0,0,0,0,0,0,0,0,0,0,0,0,1,0,0,0,0,0,1,0,0,0,0,0,2,1,0,0
male,GIH,SAS,0,2,0,0,0,0,2,0,0,0,0,0,1,0,0,1,1,0,0,1,0,2,0,1,0,0,0,0,0,0,0,2,1,0,0,0,0,0,0,0,0,0,0,0,0,0,1,2,0,0
male,PUR,AFR,0,2,0,1,0,0,1,0,0,0,1,0,0,0,0,0,1,1,0,1,0,0,0,0,0,0,0,0,0,0,0,0,0,1,2,0,0,0,0,0,0,2,1,0,0,0,2,2,0,0
male,GWD,EUR,0,2,0,0,0,0,2,0,0,0,0,0,2,0,0,0,1,0,0,2,0,2,0,0,0,0,0,0,0,0,1,0,0,1,1,0,0,2,0,0,1,0,1,0,0,0,2,2,0,1
male,ESN,AFR,0,2,0,0,0,0,2,0,0,0,0,1,2,0,0,0,0,0,0,0,0,2,0,0,0,0,0,0,1,0,1,0,0,0,0,0,0,1,0,0,0,0,2,0,0,0,0,2,0,1
male,CEU,EAS,0,0,2,0,0,1,2,0,0,0,0,0,2,0,0,0,1,0,0,0,0,2,0,0,1,0,0,0,1,0,0,0,0,1,0,0,0,2,0,0,0,2,0,0,1,0,2,2,0,0
male,CEU,SAS,0,0,0,0,0,0,2,0,0,0,0,0,2,0,0,0,2,0,0,0,0,1,0,0,0,0,0,0,0,1,0,0,0,2,2,2,0,0,0,0,0,1,1,0,0,0,1,1,1,0
female,ITU,EAS,0,2,0,0,0,0,2,0,1,0,0,0,2,0,0,0,1,1,0,2,0,2,0,0,1,0,0,0,0,0,0,0,0,0,0,0,0,2,0,0,0,0,2,0,0,0,0,1,0,0
female,FIN,AFR,0,2,0,0,0,0,2,0,1,0,0,1,2,1,0,0,2,0,0,2,0,2,0,0,0,0,1,0,0,1,0,0,0,1,1,0,0,2,0,0,1,0,0,0,0,0,2,2,0,0
male,YRI,SAS,0,2,0,0,0,0,2,0,0,0,0,0,2,0,0,0,1,2,0,0,0,2,0,0,0,0,1,0,0,0,1,0,0,1,1,0,0,0,0,0,1,1,0,0,0,0,1,1,0,0
male,PUR,EAS,0,2,0,0,0,0,2,0,0,0,0,1,1,1,0,0,1,1,0,2,0,1,0,0,0,0,1,0,0,0,0,0,0,1,0,0,0,2,0,0,1,0,1,0,0,0,1,1,0,0
male,ITU,AFR,0,2,2,1,0,1,2,0,0,0,0,1,2,2,0,1,1,1,0,0,0,2,0,0,1,0,0,0,0,0,0,0,0,1,1,0,0,0,0,0,2,2,0,0,0,0,2,1,0,0
female,GIH,EUR,0,1,0,0,0,0,2,0,0,0,0,0,2,0,0,0,1,0,0,0,1,2,0,1,0,0,0,0,0,0,0,0,0,1,0,0,0,0,0,0,2,1,1,0,0,0,2,0,0,0
female,CEU,AFR,0,0,0,0,0,0,2,0,0,0,0,1,2,0,0,0,1,1,0,0,0,2,1,0,0,0,0,1,0,0,0,0,0,1,1,0,1,2,0,0,1,1,2,0,0,0,2,2,1,0
male,ITU,EUR,0,1,0,0,0,1,2,1,0,0,1,0,2,0,1,0,0,1,0,0,0,2,0,0,1,1,0,0,1,0,0,0,0,0,0,0,0,2,0,0,1,0,1,0,0,0,0,1,0,0
male,PEL,AFR,0,0,0,0,0,0,2,0,0,0,0,0,2,1,0,0,2,2,0,0,0,1,0,0,0,0,1,0,0,0,0,1,0,0,0,0,0,0,0,0,0,1,0,0,0,1,1,1,0,0
male,TSI,SAS,0,1,2,0,0,0,2,0,1,0,0,1,2,0,0,0,0,1,0,0,0,0,0,0,0,0,0,0,0,0,0,0,0,1,0,0,0,0,0,0,0,0,1,0,0,0,2,2,0,1
male,BEB,AFR,0,0,0,1,0,0,2,0,0,0,1,0,2,0,0,0,0,0,0,0,0,2,0,0,0,0,0,0,0,0,0,0,2,1,0,1,0,0,0,0,2,0,2,0,1,0,1,0,0,0
male,CDX,EAS,0,1,1,0,0,0,2,0,0,0,0,0,1,0,0,0,1,0,0,0,0,2,0,0,0,0,0,0,0,0,0,0,1,1,0,1,0,0,0,0,1,0,1,0,0,0,0,1,0,0
female,ESN,EAS,0,2,0,0,0,1,2,0,0,0,0,0,2,0,0,0,2,1,0,0,0,2,0,0,0,0,1,0,0,0,0,0,0,1,0,0,0,2,0,0,0,1,1,0,0,0,2,0,0,0
male,STU,AFR,0,1,0,0,0,0,2,0,0,0,0,0,2,0,0,0,1,0,0,0,0,2,0,0,0,0,0,0,1,0,0,0,0,1,0,1,0,2,0,0,1,1,0,0,1,0,1,1,0,0
male,ITU,EAS,0,2,1,0,0,0,2,0,0,0,0,0,2,0,0,0,2,1,0,0,0,2,0,0,0,0,1,0,0,0,0,0,0,0,0,0,0,1,0,0,0,1,0,0,0,0,0,0,0,0
female,ESN,AFR,0,1,0,0,0,0,2,1,0,0,0,0,2,0,0,0,2,1,0,0,0,2,0,0,1,0,0,0,0,0,0,0,1,1,0,0,0,2,0,0,0,2,1,0,0,0,1,1,0,0
female,MXL,SAS,0,0,0,0,0,0,2,0,1,0,0,0,2,0,0,0,2,0,0,1,1,1,0,0,0,0,1,0,0,0,0,0,0,1,0,0,0,0,0,0,1,0,2,0,0,0,1,1,0,0
male,PUR,EUR,0,2,1,0,0,0,2,0,1,0,2,0,2,0,0,0,1,1,0,1,0,2,0,0,0,0,0,0,0,0,0,0,0,1,2,0,0,1,0,0,0,2,0,0,0,0,2,1,0,0
male,JPT,AFR,0,2,1,0,0,1,2,0,1,0,0,2,1,0,0,0,1,1,0,0,2,2,0,1,1,0,0,0,0,1,0,1,0,1,1,0,0,0,0,0,0,0,2,0,0,0,1,1,0,0
male,CEU,EAS,0,2,0,0,0,0,2,0,0,0,0,1,2,2,0,0,1,0,1,0,0,2,0,0,1,0,0,0,0,0,0,0,0,0,0,0,0,2,0,0,1,0,0,0,0,0,1,1,0,0
female,ESN,AFR,0,1,0,0,0,0,2,0,0,0,0,0,2,0,2,2,2,0,0,0,0,2,0,0,0,1,0,0,0,0,0,0,0,1,1,0,0,0,0,0,1,1,1,0,1,0,1,0,1,0
male,TSI,AMR,0,0,0,0,0,0,2,0,0,0,0,0,2,0,0,0,2,0,0,1,0,2,0,0,0,0,0,0,0,0,0,0,0,0,0,0,0,0,0,0,1,0,1,0,0,0,2,1,1,0
female,GIH,AMR,0,2,1,0,0,0,2,0,0,0,0,0,2,0,0,1,2,0,0,0,1,2,0,0,0,0,0,0,1,0,0,0,1,2,1,0,0,1,0,0,2,0,1,0,1,0,0,1,0,0
female,CHS,AFR,0,2,0,0,0,0,2,0,0,0,0,0,2,2,2,1,2,0,0,0,0,2,0,0,0,0,0,0,0,0,0,1,0,1,0,0,0,0,0,0,1,0,2,0,0,0,1,2,1,0
male,CHB,AFR,0,0,1,0,0,0,2,0,0,0,2,0,2,0,1,1,1,1,1,1,0,2,0,0,0,0,0,0,0,0,1,1,0,1,0,2,1,2,0,0,0,0,1,0,0,0,2,1,0,0
female,ASW,AMR,0,2,1,1,0,0,1,0,1,0,0,1,2,2,0,0,2,0,0,1,0,1,0,1,1,0,0,0,1,0,1,0,0,0,0,0,0,1,1,0,0,0,1,0,0,0,1,1,0,0
female,GWD,EUR,0,2,0,0,0,0,2,0,1,0,0,2,2,0,0,1,2,0,0,0,0,2,0,0,0,0,0,0,0,0,0,0,0,1,1,0,0,1,0,0,1,0,0,0,0,0,0,2,0,0
male,ITU,SAS,1,2,0,0,0,0,2,0,1,0,0,0,2,2,0,0,1,0,0,0,0,1,0,0,0,0,0,0,0,0,0,0,0,0,0,0,0,0,0,0,0,0,2,0,0,0,0,2,0,0
male,BEB,EAS,0,1,0,0,0,0,1,0,0,0,1,1,2,2,0,2,1,1,0,0,0,2,0,0,0,0,0,0,1,0,0,1,0,0,2,0,0,2,0,0,1,1,1,0,0,0,2,2,0,0
male,CHS,EAS,0,1,2,1,0,0,2,0,0,0,1,0,2,0,0,0,1,0,0,0,0,2,0,1,0,0,0,0,0,0,0,0,0,0,1,0,0,1,0,0,1,1,1,0,0,0,0,2,0,1
female,PUR,AFR,0,0,1,0,0,0,2,0,0,0,0,0,2,0,0,1,2,0,0,0,0,1,0,0,1,0,0,0,0,0,0,0,0,1,0,0,0,2,0,0,1,1,1,0,1,1,0,1,0,0
male,ITU,EUR,0,2,0,0,0,1,2,0,0,0,0,0,2,0,0,0,2,0,0,0,0,2,0,0,0,0,0,0,0,0,0,0,1,1,0,0,0,1,0,0,0,1,2,0,0,0,0,2,0,0
female,ITU,AMR,0,1,0,0,0,0,2,0,1,0,0,0,2,0,0,0,2,0,0,1,0,2,0,0,0,0,0,0,1,0,0,0,0,1,1,0,0,2,0,0,1,0,1,0,0,0,2,1,0,0
male,ACB,AFR,0,0,1,0,0,0,2,0,0,0,0,0,2,0,0,0,1,0,0,2,0,2,0,0,0,0,0,0,0,0,0,0,0,0,0,0,0,1,0,0,0,0,0,0,1,0,0,2,0,1
male,FIN,EUR,0,0,1,0,0,0,1,1,0,0,0,0,0,1,0,0,0,0,0,0,0,2,0,0,0,0,0,0,0,0,0,0,0,0,1,0,0,1,0,0,2,1,1,0,0,0,2,1,0,0
female,GIH,SAS,0,2,0,0,0,0,2,0,1,0,0,0,2,0,0,0,2,0,0,2,0,2,0,0,0,0,0,0,0,0,1,0,1,2,0,1,0,1,0,0,1,0,1,0,0,0,1,2,1,0
male,CHS,EUR,0,1,0,1,0,0,2,0,0,0,0,0,2,0,0,0,1,1,0,1,0,2,0,0,0,0,0,0,0,0,0,0,0,0,2,0,0,2,0,0,0,0,2,0,0,0,0,1,0,0
male,JPT,EUR,0,2,0,0,0,0,2,0,0,0,0,2,2,0,1,0,1,0,0,1,1,1,0,0,0,0,1,0,0,0,0,0,0,0,1,0,0,0,0,0,1,1,2,2,0,0,1,0,0,0
male,GWD,SAS,0,2,1,0,0,0,2,0,0,0,0,0,2,0,0,0,1,1,0,0,0,2,0,0,0,0,0,0,0,0,0,1,0,1,1,0,0,0,0,0,1,0,1,0,0,0,0,1,0,0
female,FIN,EAS,1,2,1,0,0,0,2,0,0,0,0,0,2,0,0,0,1,0,0,0,0,2,0,0,0,0,0,0,0,0,0,0,0,1,0,0,0,1,0,0,1,2,0,0,0,0,2,2,0,0
male,TSI,AMR,0,2,0,0,0,0,2,0,0,0,0,2,1,0,1,0,2,0,0,0,1,2,0,1,0,0,0,0,0,0,0,0,0,0,0,0,0,0,0,0,0,0,1,0,1,0,1,1,0,0
female,STU,AFR,0,2,0,0,0,0,2,0,1,0,0,0,2,0,0,0,1,1,0,2,1,2,0,0,0,0,1,0,0,0,0,0,0,0,0,0,0,0,0,0,0,0,2,1,0,0,0,1,1,0
male,PUR,EAS,0,1,0,0,0,1,2,0,1,0,0,1,2,0,0,0,2,0,0,2,0,2,0,0,0,0,0,0,0,0,0,0,0,1,0,1,0,0,0,0,0,0,2,0,1,0,0,2,0,0
male,PJL,SAS,0,2,2,0,0,0,2,1,0,0,0,0,2,0,1,0,0,0,0,1,0,2,0,0,0,2,0,0,0,0,1,0,0,1,1,1,0,0,0,0,0,0,2,0,0,0,2,1,0,0
male,PUR,EUR,0,0,0,0,0,0,2,0,1,0,0,0,2,0,0,0,1,2,0,2,0,2,0,0,0,0,0,0,0,0,2,0,1,1,0,0,0,2,0,0,0,0,0,0,0,0,2,1,0,0
female,YRI,SAS,0,2,2,0,0,0,2,0,1,0,0,0,2,0,0,0,1,1,0,1,0,2,0,0,0,0,0,0,0,0,1,1,0,0,0,0,0,0,0,0,1,0,2,0,0,0,2,2,0,0
male,CLM,AFR,0,0,1,0,0,0,2,0,1,0,0,0,1,0,0,0,2,0,0,2,0,1,0,0,0,0,0,0,2,0,0,0,1,0,0,0,0,2,0,0,1,1,1,0,0,0,0,1,0,0
female,CEU,EAS,0,1,0,0,0,0,2,0,0,0,1,0,2,1,1,0,2,0,0,2,1,1,0,0,0,0,0,0,0,0,0,0,2,1,1,0,0,0,0,0,0,0,2,0,1,0,1,1,2,0
male,LWK,EUR,0,0,1,0,0,0,2,0,0,0,0,1,1,0,0,0,2,0,0,2,0,2,0,0,0,0,0,0,0,0,0,0,0,0,0,0,0,2,0,0,1,1,2,0,0,0,1,2,0,0
female,PUR,EUR,0,1,0,0,0,0,2,0,0,0,1,1,2,0,0,0,1,1,0,0,0,2,0,1,0,0,0,0,1,0,0,0,0,1,0,0,0,1,0,0,0,0,2,0,0,0,2,2,1,0
male,CHS,EUR,0,0,1,0,0,0,2,0,1,0,0,0,2,0,0,0,1,0,0,0,0,2,0,0,0,0,0,0,1,0,0,0,1,2,1,0,0,0,0,0,0,1,1,0,0,0,1,2,0,0
male,ACB,EAS,0,1,0,0,0,0,2,0,0,0,0,2,2,1,0,0,2,2,0,0,0,2,0,0,0,0,0,0,0,0,0,0,0,0,0,0,0,1,0,0,2,0,2,0,0,0,1,2,0,0
male,IBS,SAS,0,2,1,0,0,0,2,0,0,0,0,0,2,1,0,0,1,0,0,0,0,2,0,0,0,0,0,0,0,0,0,0,0,1,0,0,0,2,0,0,2,1,1,0,0,0,1,1,0,1
male,GIH,EAS,1,2,1,0,0,1,2,0,0,0,0,1,2,0,1,0,1,0,0,0,0,1,0,1,0,0,1,0,0,0,0,0,1,0,0,0,0,1,0,0,0,1,1,0,0,0,1,1,0,0
male,STU,EAS,1,0,0,0,0,2,2,0,0,0,0,0,2,2,0,0,2,0,0,1,1,2,0,0,0,0,1,0,0,0,0,0,1,1,0,0,0,2,0,0,1,1,0,0,0,0,0,1,0,0
male,MSL,EUR,0,2,1,0,0,0,2,0,0,0,0,0,2,0,0,0,2,0,0,0,0,2,0,0,0,0,0,0,0,0,0,0,0,1,0,0,0,0,0,0,1,0,2,0,0,0,0,1,0,0
female,LWK,SAS,0,0,2,0,0,1,2,0,0,0,0,1,2,0,0,0,1,0,0,1,0,1,0,0,0,0,0,0,0,0,0,0,0,0,1,0,0,1,0,0,0,0,2,0,0,0,2,1,0,0
female,FIN,AMR,0,2,1,0,0,0,2,0,0,0,0,0,2,2,0,0,1,0,0,2,0,2,0,0,0,0,1,0,0,0,0,0,0,1,0,1,0,2,0,0,0,2,2,0,0,0,2,2,1,0
male,CHB,AMR,0,1,0,0,0,0,2,0,0,0,0,1,2,0,0,0,1,1,0,0,0,2,0,0,0,0,1,0,0,0,0,0,0,1,0,0,0,2,0,0,2,0,2,0,0,0,2,2,0,0
male,PUR,AFR,0,0,0,0,0,0,2,0,0,0,0,2,1,0,0,0,0,0,0,0,0,1,0,0,0,0,0,0,0,0,0,0,0,0,1,0,0,0,0,0,0,0,1,0,0,0,2,2,1,0
male,CHB,SAS,0,0,0,0,0,0,2,0,0,0,0,1,2,0,0,0,1,0,0,0,0,1,0,0,0,0,0,0,0,0,0,0,0,1,2,0,0,0,0,0,0,0,1,0,1,0,2,2,2,0
male,PUR,AMR,0,2,1,0,0,0,2,0,0,0,0,2,2,0,0,0,0,0,0,0,1,1,0,0,0,0,0,0,0,1,0,0,0,1,1,0,0,2,0,0,1,0,1,0,0,0,0,1,1,0
male,GWD,EUR,0,2,0,0,0,0,1,0,0,0,1,2,2,0,0,1,1,0,0,1,0,2,0,0,0,0,1,0,0,0,0,0,0,1,2,0,0,2,0,1,2,1,1,0,0,0,1,1,0,0
male,ITU,EUR,0,2,2,0,0,1,2,0,1,0,1,0,2,0,0,0,1,0,0,0,0,2,0,0,1,0,2,0,1,0,0,0,0,0,0,0,0,2,0,0,1,1,1,0,0,0,0,1,1,0
male,ITU,AFR,0,2,0,0,0,0,2,1,1,0,0,1,2,0,0,0,2,1,0,2,0,2,0,0,0,0,0,0,0,1,0,0,0,0,0,0,0,0,0,0,0,2,2,0,1,0,2,1,0,0
male,ESN,AFR,0,1,1,0,0,0,2,0,0,0,1,0,2,0,0,1,2,1,0,0,1,2,0,0,0,0,0,0,0,0,0,0,1,0,0,0,0,0,0,0,1,1,0,0,0,0,2,2,0,0
female,PUR,EUR,0,0,1,0,0,1,2,0,0,0,2,0,2,0,0,0,2,1,0,1,0,2,0,0,0,0,1,0,1,0,0,0,0,1,0,0,0,2,0,0,0,1,0,0,1,0,2,2,0,0
male,PUR,SAS,0,1,2,1,0,0,2,0,0,0,0,1,2,0,0,1,2,1,0,2,0,2,0,0,0,0,0,0,0,0,0,0,0,1,1,0,0,0,0,0,2,1,2,0,0,0,2,2,0,0
male,ITU,SAS,0,1,0,0,0,0,2,0,0,0,0,0,1,0,0,1,1,0,0,2,0,2,0,0,1,0,0,0,0,0,0,0,0,1,2,0,0,2,0,0,1,1,0,0,0,1,0,2,0,0
female,TSI,AFR,0,2,2,0,0,0,2,0,0,0,1,2,2,0,0,1,1,1,0,0,0,2,0,0,0,0,1,0,0,0,0,0,0,1,2,1,0,0,0,0,1,1,0,0,1,0,1,2,0,0
male,STU,AFR,0,0,0,0,0,0,2,0,0,0,0,0,2,0,0,0,1,2,0,0,0,2,0,1,0,0,0,0,0,0,0,0,1,1,0,0,0,2,0,0,2,1,1,0,0,0,2,1,1,0
female,MXL,EAS,0,0,0,0,0,0,2,0,0,0,0,0,2,0,0,0,1,0,0,0,0,2,0,0,0,0,0,0,0,0,0,0,0,2,0,0,0,2,0,0,1,0,1,0,0,0,1,1,0,0
male,ITU,EUR,0,2,1,0,0,1,2,0,0,0,0,1,2,0,0,0,1,1,0,0,0,2,0,0,0,0,0,0,0,1,0,0,0,1,0,0,0,1,0,0,1,0,1,0,0,1,0,1,0,0
female,GIH,EAS,0,1,1,1,0,0,2,0,0,0,0,2,1,0,0,0,1,2,0,1,0,2,0,0,0,0,0,0,0,0,0,0,0,0,1,0,0,2,0,0,1,1,1,0,0,0,2,2,0,0
female,KHV,AFR,0,1,0,0,0,0,2,0,0,0,2,1,2,0,0,0,1,0,0,0,2,2,0,0,0,0,0,0,0,0,0,1,0,1,0,0,1,1,0,0,0,0,1,0,1,0,2,1,0,1
female,ITU,AFR,0,2,1,0,0,0,2,0,0,0,0,1,2,0,0,0,1,0,0,0,0,2,0,1,0,0,0,0,0,0,1,0,0,1,1,0,0,1,0,0,1,0,2,0,0,0,1,2,0,0
female,BEB,AFR,0,2,0,0,0,0,2,0,0,0,0,0,2,1,0,0,1,0,0,1,0,2,0,0,1,0,0,0,0,0,0,0,0,1,0,0,0,1,0,0,0,1,2,0,0,0,2,1,0,1
male,BEB,AFR,0,2,0,0,0,1,2,1,0,0,0,0,1,0,0,0,1,0,0,0,0,1,0,0,0,0,1,0,0,0,0,0,0,1,1,0,0,0,0,0,0,0,2,0,0,0,2,1,0,0
male,CEU,AFR,0,1,0,0,0,0,1,0,0,0,0,0,2,0,0,0,2,0,0,0,0,1,0,1,0,2,1,0,0,0,0,0,0,1,0,0,0,1,0,0,2,1,2,0,0,0,2,1,0,0
female,ITU,SAS,0,1,0,0,0,0,2,0,0,0,0,1,2,0,1,0,2,0,0,0,0,2,0,0,0,0,0,0,0,0,0,0,0,0,0,0,0,0,0,0,1,1,2,0,0,0,2,1,0,0
female,GIH,AMR,0,2,0,1,0,0,2,0,0,1,0,0,2,1,0,0,2,1,0,0,0,2,1,0,1,0,0,0,0,0,0,0,0,1,1,0,0,0,0,0,1,2,2,0,0,0,0,1,1,0
female,FIN,AFR,0,2,0,0,0,0,2,0,0,0,0,0,2,0,0,0,1,0,0,0,0,2,0,0,0,0,0,0,0,0,0,0,0,1,1,1,0,1,0,0,1,0,2,0,0,0,1,1,0,0
female,CHB,EUR,0,0,2,1,0,0,2,1,0,0,0,0,1,0,0,0,2,0,0,0,1,2,0,1,0,0,0,0,0,0,0,0,0,1,0,0,0,1,0,0,1,1,2,0,0,0,2,1,0,0
male,KHV,EUR,0,2,0,0,0,0,2,1,0,0,0,1,2,0,0,0,2,0,0,0,0,2,0,0,0,0,0,0,1,0,1,0,0,1,2,0,0,2,0,0,0,0,2,0,1,0,2,1,0,0
female,IBS,EAS,0,0,1,0,0,0,2,0,0,0,0,2,2,0,0,0,1,0,0,1,0,2,0,0,0,1,1,0,0,0,0,0,0,1,0,0,0,2,0,0,1,0,2,0,0,0,2,1,0,0
female,ACB,AFR,0,2,0,0,0,0,2,0,0,0,0,0,2,0,1,1,2,1,0,0,0,1,0,0,0,0,1,0,1,0,0,1,0,1,0,0,0,1,1,0,0,2,0,0,0,0,0,2,1,0
male,TSI,EAS,0,2,1,0,0,0,2,0,1,0,0,1,2,0,0,0,2,0,0,1,0,2,0,0,0,0,0,0,1,0,0,1,0,1,0,0,0,2,0,0,0,0,1,0,0,0,0,2,0,0
female,ITU,AFR,0,2,0,0,0,0,2,0,0,0,0,0,2,0,0,1,1,1,0,0,0,2,0,0,0,0,0,0,0,0,0,0,1,1,1,0,1,2,0,0,1,0,2,0,1,0,1,2,0,0
male,PEL,AMR,0,1,1,0,0,0,2,0,0,0,0,0,2,0,0,0,1,0,0,0,0,1,0,0,0,0,0,0,1,0,1,0,0,1,0,0,0,1,0,0,1,0,1,0,0,0,0,1,1,0
male,LWK,AFR,0,2,0,0,0,0,2,0,0,0,0,1,2,0,0,0,1,0,0,2,0,2,0,0,0,0,0,0,0,0,0,0,0,1,0,0,0,0,0,0,0,0,2,0,0,0,1,2,0,0
male,CHB,EAS,0,1,0,0,0,0,2,0,1,0,0,0,2,0,0,0,1,0,0,0,0,2,0,0,0,0,0,0,1,0,0,0,0,1,0,0,0,0,1,0,1,1,2,0,0,0,2,1,0,0
male,ITU,AFR,0,0,1,0,0,0,2,0,0,0,0,0,2,0,0,0,2,0,0,0,0,2,1,0,0,0,1,0,1,0,0,0,1,1,0,0,0,1,0,0,1,0,1,0,0,0,0,0,0,0
male,ESN,AFR,0,1,1,0,0,1,2,1,0,0,0,1,1,0,0,1,2,0,1,0,0,2,1,1,0,0,0,0,1,0,0,0,0,0,1,0,0,1,2,0,0,0,1,1,0,0,2,2,0,0
male,CHB,EAS,0,2,0,0,0,0,2,1,1,0,0,0,2,1,0,0,2,1,0,0,0,2,0,1,0,0,0,0,0,0,0,0,0,0,0,0,0,0,0,0,1,2,2,0,1,0,2,0,0,0
female,CHB,EAS,0,0,0,0,0,0,2,0,2,0,0,0,2,0,0,0,2,0,0,0,0,2,0,0,0,0,0,0,0,0,0,0,0,0,1,0,0,2,0,0,1,2,2,0,1,2,2,0,0,0
male,ACB,EAS,0,1,2,0,0,0,2,0,1,0,0,0,1,0,0,0,1,0,0,0,0,2,0,0,0,1,0,0,0,0,0,0,0,0,1,1,0,2,0,0,0,0,1,0,0,0,2,1,0,0
female,PUR,SAS,0,2,0,0,0,0,1,0,0,0,0,1,2,0,0,0,1,0,0,1,0,2,0,0,0,0,2,0,0,0,0,0,0,1,1,0,0,2,0,0,1,1,1,1,0,0,2,1,1,0
female,IBS,AMR,0,2,2,0,0,0,2,0,0,0,0,2,2,0,0,0,1,0,0,1,0,2,0,1,0,0,0,0,1,0,0,0,0,0,1,0,0,1,0,0,1,2,1,0,0,0,2,1,0,0
female,CHB,EUR,0,0,0,0,0,1,2,0,0,0,2,0,2,0,0,0,2,0,0,1,0,2,0,0,0,0,1,0,0,0,0,0,0,0,0,0,0,2,0,0,1,0,1,0,0,0,2,1,0,0
male,CHS,AFR,0,1,1,0,0,0,2,0,0,0,0,0,1,1,0,0,1,0,0,0,1,0,0,0,0,0,0,0,0,0,0,0,0,0,0,0,0,1,0,0,0,1,1,0,0,0,1,1,0,0
female,GIH,AMR,0,1,1,0,0,1,2,0,0,0,0,0,2,0,0,0,1,1,0,1,0,1,0,0,0,0,0,0,0,0,0,0,0,0,0,0,0,0,0,1,1,1,1,0,1,0,2,2,0,1
male,MXL,SAS,0,1,0,0,0,0,2,0,0,0,2,0,2,1,0,0,2,0,0,0,0,2,0,0,0,0,1,0,0,0,0,0,0,0,2,0,0,0,0,0,1,1,2,0,0,0,0,1,0,0
male,LWK,AFR,0,2,1,2,0,1,2,0,2,0,0,0,2,0,0,0,1,0,0,0,0,2,0,0,1,0,0,0,1,0,1,1,0,1,0,0,0,1,0,0,0,1,2,0,1,0,1,2,1,1
male,ESN,AMR,0,2,2,0,0,0,2,0,1,0,0,0,2,0,0,1,1,2,0,0,0,2,0,0,0,0,0,0,1,0,0,0,1,0,0,1,0,1,0,0,0,1,1,0,0,0,2,1,0,0
male,MSL,AMR,0,1,0,0,0,0,2,0,0,0,1,0,1,0,0,0,1,0,1,1,0,2,0,0,0,0,0,0,0,0,0,0,1,0,1,0,0,2,0,0,1,0,1,1,0,0,1,2,2,0
male,GWD,AMR,0,1,0,1,0,0,2,0,0,0,0,2,2,0,0,0,2,0,0,2,0,2,0,0,0,0,0,0,0,0,0,1,0,0,0,0,0,2,0,0,1,2,0,0,0,0,2,1,0,0
male,CHB,SAS,0,2,0,0,0,0,2,0,0,0,1,0,2,1,1,1,2,0,0,0,0,2,0,0,0,0,0,0,0,0,0,0,0,1,0,0,0,0,0,0,2,0,2,0,0,0,0,2,2,0
male,ACB,AFR,0,2,1,0,0,0,2,0,1,0,0,0,2,0,1,0,1,1,0,0,0,2,0,1,0,0,0,0,0,0,0,0,1,1,0,1,0,2,0,0,1,1,2,0,0,0,2,2,0,0
male,GIH,EUR,0,2,0,0,0,0,2,0,0,0,0,0,1,0,0,0,2,0,0,2,0,1,0,0,0,0,1,0,1,0,0,0,1,1,1,1,0,0,0,0,0,0,2,0,0,0,0,1,0,0
female,ESN,EUR,0,0,0,0,0,0,2,0,1,0,0,0,2,1,0,0,1,1,0,1,0,2,0,0,0,0,2,0,0,0,0,0,0,1,1,0,0,2,0,0,0,0,0,0,0,0,1,1,2,0
female,ASW,EUR,0,0,1,1,0,0,2,0,0,0,0,2,2,0,0,0,2,0,0,1,0,1,0,2,0,0,0,1,2,0,0,0,0,1,1,0,0,0,0,0,1,0,2,0,0,1,2,1,1,0
female,STU,EAS,0,2,0,0,0,0,2,0,1,0,0,0,2,0,0,0,1,1,0,2,0,2,0,0,0,0,1,0,0,1,0,0,0,2,0,0,0,0,0,0,1,0,2,0,1,0,0,1,0,0
male,ACB,AMR,0,0,0,1,0,0,2,0,0,0,0,0,0,0,0,0,1,0,0,1,0,2,0,0,0,0,0,0,2,0,0,0,0,0,0,0,0,2,0,0,1,0,1,0,0,0,0,1,0,0
male,PUR,AFR,0,2,1,0,0,2,2,0,0,0,0,0,2,1,1,1,2,0,0,0,0,2,0,0,0,0,0,0,1,0,0,0,0,1,0,0,0,1,0,0,1,1,1,0,2,0,2,1,0,0
female,ITU,SAS,0,0,0,1,0,1,2,0,0,0,0,0,2,0,2,0,2,0,0,2,0,1,0,0,0,0,0,0,0,0,1,0,0,2,0,0,1,2,0,0,1,0,1,0,0,0,2,1,1,0
male,IBS,EAS,0,1,1,0,0,0,2,0,1,0,0,0,2,1,0,1,2,1,0,0,0,2,0,0,0,0,0,0,0,1,1,0,0,1,0,0,0,2,2,0,1,1,2,0,0,0,0,2,0,0
female,ACB,EUR,0,2,2,0,0,0,2,0,1,0,1,0,2,0,1,0,2,0,0,0,0,2,0,1,0,1,0,0,0,0,0,1,0,0,0,0,0,1,0,0,0,0,1,0,0,0,2,1,2,1
female,LWK,AFR,0,0,1,0,0,0,2,0,0,0,0,1,2,0,0,0,1,1,0,0,0,2,0,0,0,0,1,0,0,0,0,0,0,0,1,0,0,2,0,1,0,1,2,0,1,0,0,1,0,0
female,GWD,EAS,0,2,0,0,0,0,2,0,1,0,1,0,2,0,1,0,1,1,0,1,0,2,0,0,0,0,0,0,0,0,0,0,0,2,1,0,0,0,0,0,1,0,1,0,0,1,1,2,0,0
female,ACB,AFR,0,0,0,0,0,0,2,0,0,0,1,1,2,0,0,0,1,0,0,0,0,2,0,0,0,0,0,0,0,0,0,0,0,1,0,0,0,2,0,0,1,0,0,1,0,0,0,1,0,0
male,JPT,EAS,0,0,0,0,0,0,2,0,0,0,0,0,2,0,0,0,1,0,0,1,0,2,0,0,0,0,0,0,0,0,1,0,2,1,0,0,0,2,0,0,1,1,1,0,1,0,0,1,0,0
female,GIH,AMR,0,2,1,0,0,0,2,0,0,0,0,0,2,0,0,0,1,1,0,0,0,2,0,1,0,0,0,0,0,0,0,0,0,1,0,0,1,1,0,0,0,1,1,0,0,0,2,2,0,0
male,GBR,EAS,0,2,0,2,0,1,2,0,0,0,0,0,2,0,0,0,1,1,0,2,0,1,0,0,0,0,0,0,0,0,0,0,0,1,0,0,0,2,2,0,2,0,2,0,0,0,1,2,0,0
male,LWK,SAS,0,0,2,0,0,0,2,0,1,0,0,0,2,0,0,0,2,1,0,0,0,2,0,0,0,0,0,0,1,0,1,0,0,0,2,1,0,2,0,0,2,1,1,0,0,0,0,1,0,0
male,CHB,SAS,0,2,0,0,0,0,2,0,0,0,0,0,2,0,0,0,1,1,0,0,0,2,0,0,0,0,0,0,0,1,2,0,0,1,0,0,0,2,0,0,1,1,2,0,0,0,0,2,0,0
female,YRI,AFR,0,2,1,0,0,0,2,0,0,0,0,1,2,0,0,1,2,0,0,0,0,2,0,0,0,0,0,0,0,0,0,0,0,0,0,0,0,0,0,0,1,0,1,0,1,0,1,1,0,0
male,ESN,EAS,0,0,0,0,0,0,2,0,0,0,0,0,2,2,0,0,2,1,0,0,0,2,0,1,0,0,0,0,0,0,0,0,0,1,0,1,0,0,0,0,1,1,2,0,0,0,2,1,0,0
male,PUR,EAS,1,0,2,0,0,0,2,0,0,0,0,0,2,0,0,0,2,0,0,1,0,2,0,0,0,0,0,0,2,0,0,0,0,1,1,0,0,0,0,0,1,0,2,0,0,0,0,0,0,0
male,GWD,EAS,0,2,0,0,0,0,2,0,1,0,0,2,1,0,0,1,2,1,0,2,1,2,0,0,0,0,1,0,0,0,1,0,0,0,0,2,0,0,0,0,0,0,2,0,0,0,1,2,0,0
male,GBR,SAS,0,1,0,0,0,0,2,0,0,0,0,0,2,0,0,0,2,0,0,0,0,2,0,0,0,0,1,0,0,0,0,0,0,0,1,0,0,0,0,0,1,1,0,0,0,0,2,2,0,0
female,FIN,EAS,0,0,2,0,0,0,2,0,0,0,0,0,1,0,1,0,2,0,0,0,0,2,0,0,0,0,0,0,1,0,0,0,0,1,1,0,0,2,0,0,1,0,1,0,0,0,1,1,0,0
female,GWD,EAS,0,2,0,0,0,0,2,0,0,0,0,2,1,0,0,1,1,0,0,0,0,2,0,0,0,0,0,0,0,0,0,0,0,1,0,0,0,0,0,0,1,0,1,0,0,0,0,2,0,0
male,PEL,AFR,0,2,2,0,0,0,2,0,0,0,1,0,2,0,0,0,2,0,0,0,0,1,0,1,0,1,0,0,2,0,1,0,0,1,2,0,0,1,0,0,0,2,0,0,0,0,0,1,0,0
male,JPT,EAS,0,0,1,0,0,0,2,0,0,0,0,1,1,0,0,0,1,0,0,1,0,0,0,0,0,1,1,0,0,0,1,0,0,0,0,1,0,0,0,0,1,0,2,0,0,0,2,1,0,0
male,ITU,EAS,0,2,0,1,0,0,2,0,0,0,0,0,2,0,0,0,1,2,0,0,0,2,0,0,0,0,0,0,0,0,0,0,0,1,0,0,0,0,0,0,1,1,1,0,0,0,1,1,0,0
female,CHS,EUR,0,2,1,0,0,0,2,0,0,0,2,0,2,0,0,0,1,1,0,0,0,2,0,0,0,0,0,0,0,0,0,0,1,0,0,0,0,0,0,0,0,0,2,0,0,0,0,1,0,0
male,CHS,AFR,0,2,2,0,0,0,2,0,2,0,0,0,2,0,0,0,1,0,0,2,0,2,1,0,0,0,1,0,0,0,1,0,0,1,0,0,0,0,0,0,1,0,0,0,0,0,1,0,0,0
female,GWD,AFR,0,1,0,0,0,1,2,0,0,0,1,1,1,0,0,0,2,0,0,1,0,2,0,0,0,0,1,0,1,0,0,1,0,0,0,0,0,1,0,0,0,0,2,0,0,0,2,1,0,0
female,GIH,AFR,0,2,0,0,0,0,2,0,0,0,0,1,1,0,0,1,1,0,0,0,0,2,0,0,0,0,0,0,0,0,0,1,0,1,0,0,0,0,0,0,1,0,0,0,0,0,2,2,0,0
male,CHB,SAS,0,1,0,0,0,0,2,0,0,0,0,0,2,0,0,0,1,0,0,0,0,2,0,0,0,0,0,0,0,0,0,0,0,0,0,0,0,1,0,0,1,0,1,0,0,0,2,1,0,0
male,GWD,EUR,1,2,0,0,0,0,2,0,0,1,0,0,2,0,0,0,1,1,0,1,0,2,0,0,0,1,0,0,0,0,0,0,1,1,0,0,0,1,0,0,0,0,2,0,0,0,0,0,0,0
female,CLM,SAS,0,0,1,0,0,0,2,0,0,0,0,0,2,0,0,0,2,0,0,1,0,1,0,0,0,0,0,0,1,0,0,0,0,1,1,2,0,2,0,0,2,0,1,0,0,0,2,2,0,0
female,ACB,EUR,0,1,0,0,0,0,2,0,0,0,0,2,2,1,0,0,2,0,0,0,0,2,0,1,1,0,0,0,0,0,0,0,0,1,0,0,0,0,0,0,1,1,2,0,0,0,2,1,0,0
male,LWK,SAS,0,0,0,0,0,0,2,0,1,0,0,0,2,0,0,0,2,0,0,0,0,2,0,0,0,0,0,0,0,0,0,0,0,0,2,0,0,0,0,0,1,0,1,1,0,0,0,2,0,0
female,CDX,SAS,0,1,0,0,0,0,1,0,0,0,0,0,2,0,0,0,2,0,0,2,0,2,0,2,0,0,0,0,0,0,0,0,1,0,0,0,0,1,0,0,1,0,2,0,0,0,2,2,0,0
male,ITU,EUR,0,0,2,0,0,0,2,0,0,0,0,0,2,0,0,0,0,0,0,0,0,2,0,0,0,0,1,0,0,0,0,0,0,1,0,1,0,1,0,0,1,0,1,0,0,0,2,1,0,0
female,GBR,EAS,0,0,1,0,0,0,2,0,0,0,0,1,2,0,0,0,2,0,0,1,1,2,0,0,0,0,0,0,0,0,0,0,0,0,2,0,0,0,0,0,1,1,2,0,0,0,2,2,0,0
female,LWK,EUR,0,2,0,0,0,0,2,0,1,0,0,1,2,0,0,1,2,0,0,1,0,2,0,0,0,0,2,0,0,0,0,0,0,1,2,0,0,2,0,0,0,0,2,0,1,0,1,2,0,0
female,PEL,EAS,1,0,0,0,0,0,2,0,2,0,0,0,1,0,1,0,1,0,0,0,1,2,0,0,0,0,2,0,0,0,1,0,0,0,0,0,0,1,0,1,0,0,2,0,1,0,0,2,2,0
female,LWK,AFR,0,2,1,0,0,0,2,0,0,0,0,0,2,0,0,0,1,0,0,1,0,2,0,0,0,0,0,0,0,0,0,0,0,0,1,0,0,0,0,0,0,2,2,0,0,0,0,2,1,0
male,GBR,AMR,0,0,0,0,0,0,2,0,0,1,0,0,2,0,0,0,1,0,0,0,1,2,0,0,0,0,0,0,0,0,0,0,0,0,1,0,0,0,0,0,0,0,0,0,0,0,2,2,0,0
female,YRI,EAS,0,1,1,0,0,0,2,0,0,0,0,0,2,0,0,0,2,1,0,1,0,2,0,0,0,0,0,0,0,0,0,0,0,1,1,0,0,0,0,0,2,0,2,0,0,0,2,2,0,0
male,MSL,SAS,0,2,0,0,0,0,2,0,0,0,0,0,2,0,0,0,1,1,0,0,1,2,0,0,0,0,0,0,0,0,0,0,1,1,0,0,0,2,0,0,1,0,1,0,0,0,2,1,0,0
female,ACB,EAS,0,1,1,0,0,0,1,0,1,0,0,2,0,0,0,0,0,1,0,2,0,2,0,0,0,0,2,0,0,0,1,0,0,0,2,0,0,1,0,0,2,1,2,0,0,0,0,1,0,0
male,GIH,AFR,0,2,0,0,0,0,2,0,0,0,0,0,2,0,0,0,2,0,0,1,0,1,0,0,0,0,0,0,0,0,0,0,0,0,0,0,0,1,0,0,1,0,2,0,0,0,0,2,0,0
female,GIH,EAS,0,1,1,0,0,0,2,0,0,0,1,0,2,1,1,0,2,1,0,0,1,1,0,1,0,0,0,0,0,0,0,0,2,1,0,0,0,2,0,0,1,0,2,0,0,0,1,2,0,0
female,GBR,AMR,0,1,0,0,0,0,2,0,0,0,0,0,2,1,0,0,2,1,0,0,0,2,0,1,1,0,0,0,1,0,0,0,0,0,1,0,1,0,0,0,1,0,1,0,2,0,0,2,0,0
male,CHB,AFR,0,0,0,0,1,0,2,0,0,0,0,0,2,0,0,0,1,0,0,1,0,1,0,0,0,0,1,0,0,0,0,0,0,1,0,0,0,0,0,0,1,1,2,1,0,0,2,2,0,0
male,ESN,EUR,0,0,0,0,0,0,1,0,0,0,0,0,2,0,0,0,2,0,0,0,0,2,0,0,0,0,0,0,0,0,0,0,0,2,0,0,0,2,0,1,1,1,1,0,0,0,0,1,0,0
female,PJL,SAS,0,0,0,1,0,1,2,0,1,0,0,0,1,0,0,0,2,0,0,1,1,2,0,0,0,0,0,0,0,1,1,0,0,1,0,0,0,0,0,0,1,0,2,0,0,0,1,1,0,0
male,PJL,SAS,0,0,0,0,0,0,2,0,1,0,0,1,2,1,0,0,2,1,0,0,0,2,0,0,0,0,0,0,2,0,0,0,0,0,1,1,0,0,0,0,0,1,0,0,0,0,2,2,0,0
male,TSI,EUR,0,2,0,0,0,0,2,0,1,0,0,1,2,0,0,0,1,0,0,0,2,2,0,0,0,0,0,0,0,0,2,0,0,0,2,0,0,0,0,1,1,0,2,0,0,1,1,1,1,0
female,ITU,EAS,0,1,0,0,0,0,2,0,0,0,0,1,2,1,0,0,1,0,0,2,1,1,0,0,0,0,1,0,0,0,0,1,0,1,1,0,0,2,0,0,1,0,0,0,0,0,1,2,1,1
male,CHS,AFR,0,2,1,0,0,0,2,1,0,0,0,0,1,0,0,0,1,0,0,0,0,2,0,0,0,0,0,1,0,0,0,0,0,1,2,0,0,2,0,0,1,0,2,0,0,0,0,1,0,0
female,GIH,EAS,0,0,1,0,0,0,2,0,0,0,0,1,2,0,0,0,1,0,0,0,0,2,0,0,0,0,0,0,0,0,0,0,0,0,0,0,0,1,0,0,1,1,2,0,0,0,2,2,0,0
male,ESN,EAS,0,2,1,0,0,0,2,0,1,0,0,1,2,0,1,0,2,0,0,2,0,2,0,0,0,0,1,0,0,0,1,0,0,1,0,0,0,0,0,0,1,0,2,0,1,0,1,1,0,0
male,IBS,EAS,0,1,0,0,0,0,2,0,1,0,0,0,2,0,0,0,2,2,0,2,0,2,0,0,0,0,1,0,1,1,0,0,0,2,0,1,0,0,0,0,1,0,0,0,0,0,2,1,0,0
male,ITU,EUR,0,1,1,1,0,0,2,0,0,0,0,2,0,1,1,0,1,0,0,2,0,2,0,1,0,0,0,0,0,0,0,0,0,0,1,0,0,1,0,0,1,0,1,0,0,0,1,1,1,0
male,GWD,AFR,0,2,0,0,0,0,2,0,2,0,0,0,1,0,0,0,1,0,0,0,0,2,0,0,0,0,0,0,0,0,0,0,0,0,0,0,0,2,0,0,0,0,1,0,1,0,2,2,1,0
female,GIH,EAS,0,0,0,0,0,0,2,0,0,0,1,2,2,0,0,0,2,0,0,1,0,2,0,1,0,0,0,0,0,0,0,0,0,0,1,0,0,1,0,0,2,0,2,0,1,0,0,1,0,0
female,CHB,SAS,0,2,0,0,0,0,1,0,0,0,0,0,2,0,0,0,2,0,0,0,0,2,0,1,0,1,0,0,1,2,0,0,1,1,1,0,0,2,0,0,1,0,2,0,0,0,1,2,1,1
male,CHS,EAS,0,0,0,0,0,0,2,0,1,0,0,1,2,0,1,0,0,0,0,0,0,2,0,0,0,0,0,0,0,0,0,0,0,2,1,1,0,0,0,0,1,0,2,0,0,0,1,1,0,0
male,CHS,EUR,0,2,0,0,0,0,2,0,0,0,0,0,2,0,0,0,1,0,0,1,0,0,0,2,0,1,1,0,0,0,0,0,0,1,1,0,0,0,0,0,1,0,0,0,0,0,2,1,0,1
female,MXL,SAS,0,0,2,0,0,2,2,0,0,0,0,1,2,1,1,0,1,0,0,0,1,2,1,0,0,0,0,0,0,0,0,0,1,1,0,0,0,1,0,0,0,0,0,0,0,0,0,0,0,0
female,IBS,EAS,1,1,0,0,0,1,2,0,0,0,0,1,2,1,0,0,1,1,0,2,0,2,1,0,0,0,0,0,1,0,0,0,1,0,1,0,0,0,0,0,0,0,2,0,0,0,0,1,2,0
male,ESN,EUR,0,2,0,0,0,0,1,0,0,0,0,0,2,1,0,0,2,1,0,1,0,2,0,0,0,0,0,0,0,0,0,0,0,0,0,0,0,2,0,0,1,2,2,0,0,0,1,2,1,0
male,CDX,AFR,0,0,0,0,0,0,2,0,0,0,0,0,2,2,0,0,1,0,0,2,0,1,0,0,0,0,0,0,0,0,0,0,0,0,0,0,0,1,1,0,1,1,2,0,0,0,1,1,0,0
male,ITU,EAS,0,2,1,0,0,0,2,0,1,0,0,0,2,0,0,0,1,1,0,0,0,2,0,1,1,0,0,0,0,0,0,0,0,1,0,0,0,0,0,0,0,0,1,0,0,2,2,0,1,0
male,KHV,EUR,0,0,1,0,0,0,2,1,0,0,2,0,2,1,0,0,1,0,0,0,0,2,0,1,0,1,0,0,1,1,0,0,0,0,0,0,0,0,0,0,1,0,1,0,0,0,2,1,1,0
male,BEB,EUR,0,0,0,0,0,0,2,0,1,0,0,0,2,2,0,0,2,0,0,0,0,2,0,1,0,0,0,0,1,0,0,0,1,2,0,0,0,2,0,0,1,0,1,0,0,0,2,1,0,0
female,CHB,AFR,0,1,0,0,0,0,2,0,0,0,0,0,2,0,0,0,1,0,0,0,0,2,0,0,0,0,0,0,0,0,0,0,0,1,0,0,0,2,0,0,1,0,2,0,0,0,2,1,1,0
female,ESN,EAS,0,2,0,0,0,0,1,0,0,0,0,1,1,0,0,0,1,1,0,0,0,2,0,0,0,0,0,0,0,0,1,0,0,1,2,0,0,0,0,0,2,1,2,0,0,1,2,2,0,0
female,CHB,EAS,0,2,0,1,0,0,2,0,0,0,0,0,2,0,1,0,2,0,0,2,0,2,0,0,0,0,0,0,0,0,1,0,0,0,0,0,0,2,0,0,0,1,2,0,0,0,2,1,0,0
male,ITU,EUR,0,2,0,0,0,0,2,0,0,0,0,0,2,0,1,0,2,0,0,0,0,2,1,0,0,0,1,0,2,0,0,0,0,0,0,0,0,2,0,0,0,0,2,0,2,0,2,1,0,0
male,GIH,EUR,0,1,1,0,0,0,2,0,0,0,0,2,2,0,0,0,2,1,0,0,0,2,0,0,0,0,0,0,0,0,0,0,0,1,0,0,0,0,0,0,0,0,2,0,0,0,2,1,0,0
female,CEU,AFR,0,1,0,0,0,0,2,0,0,0,0,0,1,0,0,0,0,1,0,0,0,2,0,0,0,0,0,0,0,0,0,0,0,0,0,1,0,0,0,0,0,1,1,0,1,0,2,2,0,0
female,GWD,EAS,0,2,1,1,0,1,2,0,2,0,0,0,2,0,0,0,1,1,0,0,0,2,0,1,0,0,1,0,1,0,2,1,0,1,0,0,0,1,0,0,1,0,2,0,0,0,0,1,1,0
male,CHB,AMR,0,2,0,0,0,0,2,0,1,0,0,0,2,0,0,0,1,0,0,0,0,2,0,0,0,0,0,0,0,0,0,0,0,2,0,0,0,2,0,0,1,0,1,0,0,0,0,2,1,0
female,CHB,EAS,0,1,1,0,0,0,2,0,0,0,0,0,2,0,1,0,1,1,0,2,0,2,0,0,0,0,0,0,0,0,1,0,0,1,0,0,0,0,0,0,2,0,1,1,0,0,2,1,0,0
male,ASW,EAS,0,2,1,0,0,0,2,0,1,0,0,0,2,0,0,0,1,0,0,2,0,2,0,0,0,0,0,0,0,1,0,0,0,1,2,0,0,2,2,0,0,0,2,0,1,0,2,1,1,0
male,GBR,EAS,0,2,0,1,0,0,2,0,0,0,0,0,2,0,0,0,1,1,0,2,0,2,0,0,0,0,0,0,0,0,0,0,0,1,1,0,0,2,0,0,1,0,2,0,0,0,1,2,0,0
male,JPT,AMR,0,1,0,0,0,0,2,0,0,0,0,0,1,1,0,0,2,0,0,0,0,2,0,0,0,0,0,0,0,0,0,0,0,0,1,0,0,2,0,0,1,1,2,0,0,0,0,2,0,0
male,LWK,EAS,0,1,1,0,0,1,2,0,0,0,0,1,1,2,0,0,1,0,0,0,0,1,0,0,0,0,0,0,1,0,0,0,0,1,1,0,0,2,0,0,0,1,2,0,0,0,2,2,1,0
male,BEB,EAS,0,2,0,0,0,0,2,0,0,0,1,1,2,0,0,0,2,1,0,0,0,2,0,0,0,0,0,0,0,0,0,0,0,0,0,1,0,0,0,0,2,1,2,0,0,0,2,1,0,0
male,ITU,EAS,0,0,0,0,0,0,2,0,0,0,0,0,1,0,0,0,1,2,0,0,0,2,0,0,0,0,0,0,0,0,0,0,0,0,0,0,0,0,0,0,2,1,2,0,0,0,2,2,0,0
female,KHV,EAS,0,0,2,0,0,0,2,0,1,0,0,1,2,0,0,1,1,0,0,0,0,2,0,0,1,0,0,0,0,0,0,0,0,0,0,0,0,0,0,1,1,0,2,0,0,0,1,1,0,1
female,JPT,AFR,0,2,2,0,0,0,2,0,0,0,0,0,2,0,0,0,1,0,0,0,0,2,0,1,0,0,0,0,0,0,0,1,0,1,1,0,0,2,0,0,1,0,2,0,0,0,0,0,2,0
male,GWD,AFR,0,2,0,0,0,1,2,0,0,0,0,0,1,0,0,0,1,0,0,1,0,2,0,0,0,0,0,0,0,0,1,0,0,1,1,0,0,2,0,0,1,0,1,0,0,0,2,2,0,0
male,YRI,EAS,0,1,0,0,0,0,2,0,0,0,0,0,2,0,0,0,2,0,0,0,0,2,0,0,0,0,0,0,0,0,0,0,0,0,2,0,0,2,0,0,0,0,1,0,1,0,0,1,0,0
female,CDX,AFR,0,2,1,1,0,0,2,0,0,0,0,0,2,0,0,0,1,0,0,0,0,1,0,0,0,0,1,0,0,0,0,0,0,0,0,0,0,2,0,0,1,0,2,0,0,0,2,2,0,0
male,TSI,EUR,0,0,1,0,1,0,1,0,0,0,0,0,2,0,0,0,1,0,0,1,1,2,0,0,0,0,2,0,0,0,0,0,1,0,0,0,0,1,1,0,0,1,0,0,2,0,2,2,0,0
male,ESN,AFR,0,2,0,0,0,0,2,0,1,0,1,0,1,0,0,0,2,1,0,0,0,2,0,0,0,0,0,0,0,0,0,0,1,0,1,1,0,1,0,0,1,0,1,0,1,0,0,2,0,0
female,GIH,AMR,0,2,0,0,1,0,2,0,1,0,0,0,2,0,0,0,2,0,0,0,0,2,0,0,0,0,0,0,0,0,0,0,0,0,0,0,0,0,0,0,1,0,1,0,0,0,2,2,0,0
male,GIH,EUR,0,2,0,0,0,0,1,0,0,0,0,0,2,0,0,1,1,0,0,2,0,2,0,0,0,0,0,0,0,0,0,0,0,0,1,0,0,2,0,0,1,2,2,0,0,0,0,2,0,0
male,CEU,EAS,0,1,0,0,0,0,2,0,1,0,0,0,1,2,0,0,2,0,0,0,0,2,0,1,0,0,0,0,0,0,1,0,0,2,0,0,0,0,1,0,1,1,2,0,1,0,1,2,0,0
male,LWK,AFR,0,0,1,0,0,0,2,0,1,0,0,0,2,0,0,1,1,0,0,2,0,2,0,0,0,0,1,0,0,0,0,0,0,1,2,0,0,1,0,0,0,2,2,0,0,0,1,1,0,0
male,PEL,EUR,0,0,0,0,0,0,2,0,0,0,0,0,2,0,0,0,1,0,0,1,0,2,0,0,0,0,0,0,0,0,0,1,0,0,0,0,0,1,0,0,1,0,1,0,1,0,1,1,0,0
male,ESN,AFR,0,2,0,0,0,1,2,0,0,0,0,0,2,0,0,1,1,2,0,2,0,2,0,0,1,0,0,0,1,2,0,0,0,1,1,0,0,1,0,0,1,0,2,0,0,0,1,1,0,0
male,GWD,AMR,0,0,0,1,0,0,2,0,0,0,0,0,2,0,0,0,2,0,0,0,0,2,0,0,0,0,0,0,1,0,0,0,1,1,0,0,0,0,0,0,1,0,2,0,0,0,0,1,2,0
female,JPT,EAS,0,0,0,0,0,0,2,0,0,1,0,0,2,0,0,0,1,2,0,1,0,2,0,2,0,0,0,0,0,0,0,0,0,0,0,0,0,0,1,0,1,1,2,0,0,0,2,2,0,0
male,STU,SAS,0,1,0,0,0,0,2,0,1,0,0,0,2,0,0,0,2,0,0,2,0,1,0,0,0,0,0,0,0,0,0,0,0,1,0,0,0,0,0,0,0,0,1,0,0,0,0,2,0,0
male,CLM,AFR,0,0,0,0,0,0,1,0,0,0,0,0,2,0,0,0,2,0,0,0,0,2,0,0,0,0,1,1,0,0,1,0,2,0,0,0,0,0,0,0,0,0,0,0,0,0,0,1,1,0
male,GIH,SAS,0,1,0,0,0,0,2,0,0,0,0,0,2,2,0,0,1,0,0,0,1,2,0,1,1,0,0,0,0,0,0,0,0,1,1,0,0,2,0,0,0,1,1,0,0,0,1,1,0,0
male,BEB,EAS,0,2,1,0,0,0,2,0,1,0,0,0,2,0,0,0,1,0,0,0,0,2,0,0,0,0,0,0,1,1,0,0,0,1,1,0,0,2,0,0,0,1,0,0,0,0,0,1,0,0
female,PEL,EUR,0,1,0,0,0,0,2,0,0,0,0,1,2,1,0,0,1,1,1,0,0,2,0,0,0,0,1,0,0,0,0,1,0,0,0,0,0,2,0,0,1,1,2,0,0,0,0,1,0,0
female,CEU,EAS,0,0,1,0,0,0,1,0,0,0,0,0,2,1,0,0,0,0,0,2,1,0,0,1,0,0,0,0,0,0,0,0,0,1,1,0,0,2,0,0,0,0,1,0,0,0,0,2,0,0
male,CEU,AFR,0,1,0,1,0,0,2,0,1,0,0,0,2,0,0,0,2,1,0,0,0,2,0,0,0,0,1,0,0,0,0,0,0,0,0,0,0,2,0,0,1,0,2,0,0,0,2,2,0,0
male,PUR,EAS,0,0,0,0,0,0,2,0,0,0,0,0,2,0,0,0,1,1,0,2,0,2,0,0,0,0,1,1,0,1,0,0,0,1,0,1,0,1,0,0,2,0,0,0,0,0,0,2,1,0
male,MSL,EAS,0,1,0,0,0,0,2,0,0,0,0,1,2,0,0,1,2,0,0,0,0,2,1,0,0,0,1,0,1,0,0,1,0,0,0,0,0,2,0,0,0,0,1,0,0,0,0,2,0,0
female,GWD,EUR,0,0,0,0,1,1,2,0,0,0,0,0,2,0,0,1,0,1,1,1,0,1,0,0,0,0,0,0,0,0,0,0,0,1,0,0,0,2,0,0,1,0,2,1,1,0,1,2,0,0
male,CEU,AFR,0,0,0,1,0,0,2,0,0,0,0,1,2,0,0,0,2,0,0,2,0,2,0,0,1,0,0,0,0,0,0,0,1,1,1,1,0,0,0,0,0,0,2,0,0,1,0,2,0,0
female,MXL,EUR,0,2,0,0,0,0,2,0,0,0,0,0,2,0,0,0,1,0,0,0,0,2,0,0,0,0,0,0,0,0,0,0,0,1,0,0,0,0,0,0,0,1,0,0,0,0,2,1,0,0
male,TSI,EAS,0,1,1,0,0,0,2,0,1,0,0,0,2,1,0,0,2,0,0,0,0,1,0,0,0,0,1,0,0,0,0,0,0,1,0,0,0,2,0,0,2,1,1,0,0,0,2,1,0,0
female,ITU,SAS,0,2,1,0,0,0,2,0,0,0,0,0,2,0,1,0,1,0,0,1,0,2,0,2,0,0,0,0,0,0,0,1,0,1,2,0,0,1,0,0,1,0,1,0,0,0,1,2,0,0
male,KHV,SAS,0,1,0,0,0,1,2,0,0,0,0,0,2,0,0,0,2,1,0,2,0,2,0,0,0,0,1,0,0,0,0,0,0,1,1,0,0,0,0,0,0,0,0,0,0,0,1,1,0,0
female,PUR,AFR,0,1,0,0,0,1,1,0,0,0,0,1,1,2,0,1,2,1,0,2,2,2,0,0,1,0,0,0,0,0,0,0,0,0,2,0,0,0,0,0,1,0,1,0,0,0,2,0,0,1
male,PEL,AFR,0,2,0,1,0,0,2,0,0,0,0,0,2,0,0,0,2,0,0,2,1,2,0,1,0,0,0,0,0,1,0,1,0,1,0,0,0,0,0,0,0,0,1,0,0,0,1,1,0,0
male,KHV,EUR,0,0,0,0,0,0,2,0,0,0,1,1,2,1,0,0,2,1,0,2,1,2,1,0,0,0,0,0,1,0,0,0,0,0,2,0,0,1,0,0,0,0,2,0,1,0,1,0,2,0
male,ITU,EUR,0,2,2,0,1,1,2,0,1,0,1,1,1,0,0,1,2,1,0,0,0,2,0,0,0,0,2,0,0,0,0,0,0,1,1,0,0,2,0,0,0,2,1,0,0,0,2,2,0,0
female,TSI,EAS,0,0,1,0,0,0,2,0,1,0,0,0,0,0,0,0,2,0,0,0,0,2,0,0,0,0,1,0,0,0,0,0,0,1,2,0,0,0,0,0,1,1,1,0,0,0,1,2,0,0
male,PUR,AFR,0,1,1,0,0,0,2,0,0,0,0,0,1,0,0,0,1,0,0,0,0,1,0,0,0,0,0,0,0,0,1,0,0,0,2,0,0,2,0,0,1,0,2,0,0,0,1,2,0,0
female,CDX,EAS,0,2,1,0,0,0,2,0,0,0,0,0,2,2,0,0,2,1,0,0,0,1,0,0,0,0,0,0,1,0,1,1,0,1,2,0,0,1,0,0,1,0,0,0,0,0,2,1,0,0
male,FIN,EUR,0,2,0,1,0,0,2,0,0,0,0,0,2,0,0,0,1,0,0,0,0,2,0,0,0,0,0,0,0,1,1,0,0,1,0,0,0,2,0,0,0,0,2,0,0,0,1,0,1,0
female,ACB,EUR,0,1,0,0,0,0,2,0,0,0,0,1,2,0,0,0,2,1,0,1,0,2,0,0,0,0,1,0,0,1,0,0,0,1,1,0,0,2,0,0,1,1,2,0,0,0,0,0,0,0
female,STU,AMR,1,0,1,1,0,0,2,0,0,0,0,0,2,2,0,0,1,0,0,0,1,2,0,0,1,0,0,0,0,0,0,0,0,2,0,0,0,2,0,0,0,0,0,1,0,0,2,2,1,0
male,GWD,SAS,0,2,0,0,0,0,2,0,1,0,0,1,2,0,0,0,1,0,0,1,1,2,0,0,0,0,0,0,0,0,0,1,0,1,0,0,0,1,0,0,1,0,1,0,1,0,0,2,0,0
male,LWK,EAS,0,2,0,0,0,0,2,0,0,0,0,0,2,0,0,0,2,0,0,0,0,2,0,0,0,0,1,0,2,0,0,0,0,0,1,0,0,2,0,0,0,0,1,0,1,0,2,2,0,0
female,ESN,AFR,0,1,0,0,0,0,2,0,0,0,0,2,1,1,0,1,0,0,0,0,0,2,0,1,0,0,0,0,1,0,0,0,0,1,1,0,0,0,0,0,1,0,2,0,0,0,0,0,0,0
male,CHS,AMR,0,2,0,0,0,0,1,0,0,0,0,0,2,1,1,0,1,0,0,2,0,2,0,0,0,0,0,0,0,0,0,0,0,1,0,0,0,2,0,0,0,0,0,0,0,1,0,2,0,0
female,CHS,AFR,0,2,0,0,0,0,2,0,0,1,0,0,2,0,2,1,1,1,0,0,1,2,0,0,0,0,0,0,0,0,0,0,1,1,0,0,0,1,1,0,1,2,2,0,1,0,0,1,2,0
female,LWK,AFR,1,0,1,0,0,0,2,0,1,0,0,2,2,0,1,0,1,1,0,1,0,2,0,0,0,0,0,0,0,0,0,0,0,1,1,0,0,0,0,0,2,0,2,0,0,0,0,1,1,0
female,PJL,EUR,0,1,1,0,0,0,2,0,0,0,0,1,2,0,0,0,2,1,0,0,0,2,0,0,0,0,0,0,0,0,0,0,0,1,0,0,0,2,0,0,1,0,1,0,1,0,0,1,0,0
male,GIH,AMR,0,0,1,0,0,0,2,0,0,0,0,0,1,0,0,0,2,0,0,2,0,2,0,0,0,0,0,0,1,0,0,0,0,1,0,1,0,2,0,0,1,0,0,0,0,0,2,1,0,0
female,ACB,AFR,0,2,0,0,1,0,1,0,0,0,0,2,2,0,0,0,2,0,0,1,0,2,0,0,0,0,1,0,0,0,0,0,0,2,1,0,0,2,0,0,1,1,2,0,0,0,2,2,0,0
female,CEU,EUR,0,2,1,0,0,0,2,0,0,0,0,1,2,0,0,0,1,0,0,0,0,2,0,0,1,0,1,0,0,0,0,0,0,0,0,0,0,1,0,0,0,0,2,0,0,0,0,1,0,0
male,CLM,EUR,0,2,2,0,0,0,2,0,0,0,1,0,2,1,1,0,1,0,0,0,0,2,0,0,1,0,0,0,0,0,0,0,0,1,0,0,0,2,0,0,1,1,0,0,0,0,2,0,0,0
female,STU,EAS,0,0,2,0,0,0,2,0,0,0,0,1,2,1,0,0,0,1,0,1,0,2,0,0,0,1,0,0,0,0,0,0,0,1,0,0,0,0,0,0,1,1,2,0,0,0,1,1,0,0
female,GIH,EAS,0,0,0,0,0,1,2,0,0,0,0,0,2,2,0,0,0,0,0,1,0,2,0,0,0,0,1,0,0,0,0,0,0,0,1,0,0,0,0,0,1,0,1,0,1,0,0,2,0,1
female,ACB,EAS,0,2,0,0,0,0,2,0,0,0,0,0,2,1,0,0,2,0,0,0,0,2,0,0,0,0,0,0,1,0,0,0,0,1,0,0,0,2,0,0,0,0,1,0,0,0,0,1,0,0
male,CLM,AFR,0,2,1,0,0,0,2,0,0,0,0,0,2,0,0,0,0,0,0,0,0,2,0,0,0,0,0,0,0,0,0,0,1,1,0,1,0,2,0,0,1,0,2,2,1,0,2,1,0,0
female,TSI,EAS,0,1,0,1,0,0,1,0,1,0,0,1,2,1,0,0,1,0,0,0,0,2,0,0,1,1,0,0,0,0,1,1,0,1,1,0,0,2,0,0,0,0,2,0,0,0,2,1,1,0
female,TSI,AFR,0,1,1,0,0,0,2,0,0,0,0,0,1,0,0,0,2,0,0,0,0,2,0,0,0,0,1,0,0,0,0,0,0,1,0,0,0,0,0,0,1,1,2,0,0,0,1,1,0,0
female,GWD,EAS,0,0,2,1,0,1,2,0,0,0,0,0,2,0,0,0,2,0,0,1,1,1,0,0,0,0,2,0,1,0,0,0,0,0,1,0,0,2,0,0,1,0,1,0,0,0,2,2,0,0
female,ASW,SAS,0,2,0,0,0,0,2,0,0,0,0,0,1,0,0,0,2,0,0,0,0,1,0,0,0,0,0,0,0,0,0,0,0,1,0,0,0,2,0,0,0,0,1,0,0,0,0,1,0,0
female,ASW,EAS,0,1,0,0,0,0,2,0,1,0,0,0,2,0,0,0,0,0,0,1,0,1,0,0,0,0,0,0,0,0,0,0,0,1,0,0,0,1,1,0,1,0,1,0,0,0,0,2,0,0
male,MXL,EUR,0,2,1,0,0,0,2,0,0,0,0,0,2,0,0,0,2,0,0,1,0,2,0,0,0,0,0,0,0,0,0,0,0,1,0,0,0,2,0,0,2,0,2,0,2,0,0,0,0,0
female,STU,EUR,0,0,0,0,0,0,2,0,0,0,0,0,2,0,0,0,1,0,0,0,0,2,0,0,0,0,0,0,0,0,0,0,0,0,0,0,0,0,0,0,1,1,0,0,0,0,1,1,0,0
male,YRI,AFR,0,0,0,0,0,1,2,0,0,0,0,2,2,0,0,0,1,0,0,2,0,1,0,0,0,0,0,0,0,0,0,0,0,1,2,1,0,1,0,0,2,0,2,0,0,0,0,1,0,0
female,ITU,SAS,0,2,1,0,0,0,2,0,0,0,0,0,2,0,1,1,2,0,0,0,0,2,0,0,0,0,0,0,0,0,0,0,0,0,0,0,0,0,0,0,0,0,1,0,0,0,2,2,0,0
female,GIH,AFR,0,1,1,0,0,1,2,0,0,0,0,0,2,0,0,0,1,0,0,0,0,2,0,0,0,0,0,0,0,0,0,0,1,0,1,0,0,0,0,0,0,0,2,0,0,0,1,1,0,0
male,PEL,AFR,0,0,0,0,0,0,2,0,0,0,0,2,1,0,1,0,2,0,0,0,0,2,0,0,0,1,0,0,0,0,0,1,0,0,0,0,0,1,0,0,0,0,2,0,0,0,2,1,0,0
male,MXL,AFR,0,2,0,0,0,0,2,0,1,0,0,0,2,0,0,0,1,0,1,0,0,2,0,0,0,0,0,0,1,0,1,0,0,1,2,0,0,2,0,0,1,1,2,0,0,0,2,1,0,0
female,MXL,SAS,0,1,1,0,0,0,2,0,0,0,0,0,2,0,0,0,2,1,0,0,0,2,0,0,0,0,1,0,0,0,0,0,0,1,0,0,0,2,0,0,2,0,0,0,0,0,0,1,1,0
male,CHB,AFR,0,2,1,0,0,0,2,0,0,0,0,1,2,0,2,0,2,1,0,1,0,2,0,0,0,0,0,0,0,0,1,0,0,1,0,0,0,2,0,0,0,1,2,0,0,0,0,2,0,0
female,MSL,AFR,0,0,2,0,0,0,2,0,0,0,0,0,1,0,0,0,0,0,0,1,0,2,0,0,0,0,0,0,0,0,0,0,1,0,0,0,0,2,0,0,1,0,2,0,1,0,0,2,1,0
male,GWD,AMR,0,0,0,0,0,0,2,0,0,0,0,0,2,0,0,0,2,0,0,0,0,2,0,1,0,0,0,0,0,0,1,0,0,0,1,0,0,0,0,0,0,0,1,0,0,0,1,2,0,0
female,CHS,SAS,0,1,0,0,0,0,2,0,1,0,0,1,2,0,1,0,2,0,0,0,0,1,0,0,0,0,1,0,0,0,0,0,0,1,2,0,0,0,0,0,2,2,2,0,0,0,2,1,0,0
female,ITU,AFR,0,0,0,0,0,0,2,0,0,0,0,1,2,0,0,1,1,1,0,0,0,2,0,0,0,0,0,0,0,0,0,1,0,1,0,0,0,1,0,0,1,0,2,1,0,0,2,0,1,0
female,IBS,EUR,0,2,1,0,0,2,2,0,0,0,0,0,2,0,1,0,2,0,0,0,1,2,0,0,1,0,1,0,0,0,0,0,1,1,0,0,0,2,0,0,1,0,0,0,0,0,2,1,0,0
female,ESN,AMR,0,0,0,0,0,0,2,0,0,0,0,0,2,0,0,0,2,0,0,0,1,2,0,0,0,0,0,0,0,0,1,0,0,1,1,0,0,2,0,0,0,1,1,0,0,0,1,2,2,0
male,PUR,EUR,0,2,0,0,0,0,2,0,0,0,0,0,2,0,0,0,1,1,0,1,0,2,0,1,0,0,1,0,0,0,1,1,0,0,1,0,0,0,0,0,1,1,2,0,0,0,2,2,0,0
male,ESN,EUR,0,1,1,0,0,1,2,0,0,0,0,0,2,0,0,0,1,0,0,1,0,2,0,0,0,0,1,0,0,0,1,0,0,0,0,0,0,2,0,0,1,0,2,0,0,0,1,2,0,0
male,CHB,AMR,0,2,1,0,0,0,2,0,0,0,0,0,2,2,0,0,1,1,0,0,0,2,0,0,0,0,0,0,0,0,0,0,0,1,1,0,0,2,0,0,1,0,1,0,0,0,1,2,0,0
male,LWK,EUR,0,1,1,0,0,0,2,0,1,0,0,0,2,0,1,0,1,0,0,0,0,2,0,0,0,0,0,0,0,0,0,0,0,1,2,0,0,1,0,0,0,0,2,0,1,0,0,1,0,0
male,PUR,AFR,0,2,1,1,0,1,2,0,1,0,0,0,2,0,0,1,2,0,0,1,0,2,0,1,0,0,0,0,0,0,0,0,0,1,1,1,0,1,0,0,2,1,1,0,0,1,1,1,0,0
female,CEU,EAS,0,2,1,0,0,0,2,0,0,0,0,1,2,0,0,0,2,0,0,2,0,2,0,0,1,1,0,0,0,0,0,1,1,0,0,0,0,2,0,0,0,0,1,0,0,0,0,1,0,0
male,GWD,AFR,0,2,0,0,0,1,1,0,0,0,0,0,2,0,0,0,1,0,0,2,1,2,0,0,0,0,0,0,1,0,0,0,0,1,2,0,0,2,0,0,0,0,1,0,0,0,0,1,0,0
female,FIN,AFR,0,1,0,1,0,0,2,0,0,0,1,1,2,0,0,0,1,0,0,1,0,2,0,0,0,0,0,0,0,0,0,2,0,1,0,0,0,0,0,0,0,0,2,0,0,0,2,1,0,0
male,PUR,EUR,0,2,0,0,0,0,2,0,0,0,0,0,2,0,0,0,1,0,0,1,0,2,0,0,0,0,0,0,0,0,0,0,0,1,0,0,0,2,0,0,1,0,1,0,0,0,0,0,0,0
male,JPT,SAS,0,1,2,0,0,0,2,0,0,0,1,0,2,0,0,0,0,0,0,1,0,2,0,0,0,0,0,0,0,0,0,0,0,1,1,0,0,2,0,0,1,0,2,0,1,0,0,2,0,0
male,CEU,EUR,0,2,1,0,0,1,2,1,1,0,0,0,2,0,0,0,1,0,0,0,0,1,0,0,0,0,0,0,1,0,0,0,0,1,2,0,0,2,0,0,1,0,1,0,0,0,0,1,0,0
male,CLM,AMR,0,1,1,0,0,0,2,0,0,1,0,0,1,0,0,0,2,0,0,0,0,2,0,0,0,0,0,0,0,1,1,0,0,0,1,0,0,2,0,0,1,1,2,0,0,0,1,1,0,1
male,PJL,EUR,0,2,0,0,0,0,2,0,0,0,0,0,2,0,0,0,1,0,0,0,0,2,0,1,0,0,1,0,0,0,0,0,0,0,1,0,0,2,0,0,1,0,2,0,0,0,0,1,0,0
male,PEL,SAS,0,0,0,0,0,0,1,0,0,0,1,0,1,1,0,0,2,0,0,2,0,2,0,0,0,0,0,0,0,0,0,0,0,0,1,0,0,2,0,0,1,2,1,0,0,0,1,1,1,0
female,CEU,EUR,0,2,0,0,0,0,2,0,0,0,0,0,2,0,0,0,2,0,0,0,0,2,1,0,1,0,0,0,0,0,0,0,0,1,0,0,0,2,0,0,0,0,1,0,0,0,2,2,1,0
male,FIN,EAS,0,2,0,0,0,0,1,0,0,0,0,0,2,0,0,0,2,0,0,2,0,1,0,0,0,0,1,0,1,0,0,0,0,0,0,0,0,2,0,0,1,1,0,0,0,0,2,2,0,0
male,GBR,AFR,0,1,0,0,0,0,2,1,0,0,2,0,2,2,0,0,1,1,0,0,0,2,0,0,0,0,0,0,0,0,0,0,0,1,1,0,0,0,0,0,0,1,2,0,0,1,2,1,0,0
female,ASW,AFR,0,0,0,0,0,0,2,0,0,0,0,0,2,0,0,0,1,0,0,0,0,1,0,0,0,0,0,0,0,0,0,0,0,1,1,0,0,1,1,0,1,0,2,0,0,0,0,1,1,0
male,PEL,AMR,0,0,1,0,0,1,2,0,0,0,0,0,2,1,1,0,2,1,0,1,0,2,0,0,0,0,0,0,0,0,0,0,0,1,0,1,0,2,0,0,1,0,0,0,0,0,0,1,0,0
male,CHB,EAS,0,1,1,1,0,1,2,0,0,0,0,2,2,2,0,1,1,1,0,0,0,2,1,1,0,0,2,0,0,0,0,1,0,1,0,1,0,2,0,0,0,0,2,0,0,0,2,2,1,0
male,FIN,AMR,0,2,1,0,0,0,2,0,1,0,0,1,2,0,0,0,2,0,0,2,0,2,0,0,0,0,2,0,0,0,0,0,0,0,0,1,0,2,0,0,1,0,0,0,1,0,2,0,0,0
male,CHB,AFR,0,0,0,0,0,0,2,0,0,0,0,0,2,0,0,1,0,1,0,1,0,2,0,0,1,0,0,0,0,1,0,0,1,0,1,0,0,2,0,0,1,1,2,0,0,0,1,1,0,0
male,LWK,AMR,0,2,1,0,0,0,2,0,1,0,0,0,2,1,0,0,1,1,0,2,0,2,0,0,0,0,2,0,0,0,0,0,0,1,1,0,0,0,0,0,0,0,0,0,0,0,2,1,0,0
male,ACB,EAS,0,2,0,0,0,0,0,0,0,0,2,0,2,0,0,0,1,0,0,0,0,2,0,1,0,0,0,0,0,0,0,0,0,0,1,0,1,1,1,0,1,0,2,0,0,0,0,1,0,0
male,CHB,AFR,0,0,0,0,0,0,2,0,0,0,0,0,2,0,0,0,1,1,0,0,1,2,0,0,1,0,0,0,0,0,0,0,0,1,0,0,0,2,0,0,1,2,0,0,0,0,0,2,0,0
male,CHS,AMR,0,1,0,0,0,0,2,0,1,0,0,0,2,0,0,0,2,1,0,1,0,2,1,0,0,0,1,2,0,1,2,0,0,1,0,0,0,1,0,0,0,0,1,0,0,0,2,1,0,0
female,IBS,EUR,0,2,0,1,0,0,2,0,0,0,0,0,2,0,0,1,2,0,0,1,0,2,0,0,0,0,0,0,0,0,0,0,0,1,2,0,0,0,0,0,1,0,2,0,0,0,0,2,0,0
female,ITU,EAS,0,2,1,0,0,0,2,0,1,0,0,1,1,0,0,0,0,0,0,0,0,2,0,0,0,0,0,0,1,1,0,0,0,0,0,1,0,0,0,0,0,1,0,0,0,0,2,1,0,0
male,ASW,EUR,0,0,1,0,0,0,2,0,2,0,0,0,2,0,0,0,1,0,0,1,0,2,0,0,0,0,1,0,0,1,0,0,1,1,0,0,0,2,0,0,1,1,1,0,0,0,0,1,2,0
male,GWD,EAS,0,1,2,0,0,1,1,0,0,0,0,0,2,0,0,0,2,2,0,2,1,2,0,0,0,0,0,0,1,0,0,0,0,1,0,0,0,2,0,0,1,2,1,0,0,0,0,2,0,0
male,STU,EAS,0,2,1,0,0,0,2,0,0,0,0,0,2,2,1,0,1,0,0,0,0,2,0,0,0,0,0,0,0,0,0,0,0,1,1,0,0,0,0,0,0,2,2,0,0,0,2,1,0,0
female,PUR,EUR,0,2,1,0,0,0,2,0,0,1,0,0,2,1,0,0,2,1,0,0,0,2,0,0,0,1,0,0,0,0,0,0,0,1,1,0,0,1,0,0,1,0,2,0,0,0,2,1,0,0
male,GWD,EUR,0,2,0,0,1,1,2,1,0,0,0,0,2,2,0,0,2,1,0,1,0,1,0,0,1,0,0,0,0,0,0,0,1,1,0,0,0,1,0,0,1,0,0,0,0,0,0,2,0,0
male,FIN,EUR,0,0,1,0,0,0,2,0,0,0,0,0,2,0,0,0,1,0,0,0,0,1,0,0,0,0,0,0,0,0,1,0,0,1,1,0,0,2,0,0,0,1,2,0,0,0,0,1,1,0
female,CHB,AFR,0,1,0,0,0,1,2,0,0,0,0,0,2,1,1,0,0,0,0,0,0,1,0,0,1,0,1,0,0,0,0,0,0,0,1,1,0,2,0,0,0,2,2,0,0,0,2,2,1,0
male,MXL,EAS,0,0,1,1,0,0,2,0,0,0,0,1,1,0,0,0,2,0,0,0,0,1,0,0,0,0,1,0,0,0,2,1,0,2,0,0,0,0,0,0,0,0,1,0,0,0,1,1,0,0
male,PEL,AFR,0,2,1,0,0,0,2,0,0,0,0,0,2,1,1,0,1,0,0,0,1,2,0,0,0,0,0,0,0,0,0,0,0,1,0,0,0,0,0,0,1,1,1,0,0,0,2,2,1,0
male,ACB,EUR,0,2,0,0,0,0,2,0,0,0,1,1,1,1,0,0,0,0,0,0,0,2,0,0,0,0,1,0,0,0,1,0,0,2,0,0,1,2,0,0,2,0,2,0,0,0,0,0,0,0
male,ACB,AFR,0,1,2,0,0,1,2,0,0,0,0,0,2,0,0,1,1,1,0,2,0,2,0,0,0,0,0,0,0,0,1,0,0,1,0,0,0,2,0,1,1,0,2,0,0,0,1,1,0,0
male,PEL,AFR,0,1,1,0,0,1,2,0,2,0,0,0,1,0,0,0,2,1,0,1,0,2,0,0,0,1,0,0,0,0,2,1,0,0,2,0,0,0,0,0,0,0,2,0,2,0,1,1,1,0
male,TSI,AFR,0,0,0,0,0,0,2,0,0,0,1,0,2,0,1,0,1,0,0,2,0,2,0,1,0,0,0,0,0,0,1,0,0,0,1,0,0,0,0,0,1,0,2,1,0,0,1,0,0,0
male,CHS,AFR,0,2,0,0,0,0,2,0,0,0,0,1,2,0,0,0,2,1,0,0,0,2,0,0,0,0,0,0,0,0,0,0,0,1,0,0,0,0,0,0,1,0,1,0,0,0,2,2,0,0
female,GIH,AFR,0,2,0,0,0,1,1,0,0,1,0,0,2,0,0,0,2,1,0,0,1,2,0,0,0,0,1,0,0,0,0,0,1,0,1,0,0,1,0,0,0,0,2,0,0,0,1,1,0,0
male,BEB,EAS,0,0,0,0,0,0,2,0,0,0,1,0,2,1,0,1,2,1,0,2,0,2,0,0,0,0,0,0,0,0,0,0,0,2,0,0,0,0,1,0,1,0,2,0,1,0,0,2,0,0
male,LWK,AMR,0,1,0,0,0,0,2,0,0,0,0,0,2,0,0,1,1,0,0,0,0,2,0,0,0,0,0,0,0,0,0,0,0,1,0,0,0,2,0,0,0,1,1,0,0,0,1,1,0,0
male,PUR,AMR,0,0,1,0,0,0,2,0,0,0,0,0,2,0,0,0,2,1,0,0,0,2,0,0,0,0,0,0,0,0,0,0,0,0,0,1,0,2,0,0,2,0,2,0,0,0,0,2,0,0
female,PUR,AFR,0,1,0,0,0,0,2,0,2,0,0,0,2,0,0,0,1,0,0,0,0,1,0,0,0,0,0,0,0,0,0,0,0,0,1,0,0,1,0,0,1,1,2,0,2,0,1,1,1,0
male,TSI,AFR,0,1,0,0,0,0,2,0,0,0,0,0,2,0,0,0,2,1,0,0,0,1,0,1,0,0,0,0,1,0,0,0,0,1,0,0,0,1,0,0,1,0,1,0,2,0,2,1,0,0
male,ESN,EUR,0,2,1,0,0,0,2,0,0,0,0,0,2,1,1,0,1,0,0,2,0,2,1,1,0,0,1,0,0,0,0,0,1,1,0,0,0,2,0,0,0,1,0,1,0,0,1,2,0,0
male,ACB,EUR,0,1,0,0,0,0,2,0,0,0,1,2,2,1,0,1,1,1,0,2,0,2,0,0,0,0,0,0,0,0,0,0,0,0,0,1,0,2,0,0,1,1,2,0,0,0,1,2,0,0
male,GIH,AFR,0,1,1,0,0,1,2,0,0,0,0,0,1,0,0,0,1,0,0,2,1,2,0,0,0,0,1,0,0,1,0,0,0,1,0,0,0,0,0,0,0,0,2,0,0,0,2,2,0,0
male,PJL,SAS,0,0,0,0,2,0,2,0,0,0,0,0,2,0,0,0,1,0,0,1,2,2,0,0,0,0,2,0,0,0,0,0,0,2,0,0,0,2,0,0,1,2,0,0,0,0,2,1,0,0
male,CHS,EUR,0,0,1,0,0,0,2,0,0,0,0,1,2,1,1,0,2,1,0,2,0,2,0,0,0,0,0,0,0,0,0,0,0,0,2,0,0,0,0,0,0,1,1,0,0,0,1,2,0,0
female,ESN,AFR,0,1,0,0,0,0,2,0,0,0,0,1,1,0,0,0,0,0,0,1,1,2,0,0,0,0,0,0,0,0,0,0,0,1,0,0,0,2,0,0,1,1,1,0,1,0,2,1,0,0
female,GIH,EAS,0,2,0,0,0,0,2,0,0,0,0,0,2,0,0,1,1,0,0,0,0,1,0,0,0,0,0,0,0,0,0,0,0,1,1,1,0,0,0,0,1,1,1,0,0,0,0,1,0,1
male,CLM,EUR,0,0,0,0,0,1,2,0,0,0,0,1,2,0,0,0,1,0,0,0,0,2,0,0,0,0,0,0,0,0,0,0,0,0,0,0,0,0,0,0,0,0,2,0,0,0,1,2,0,0
female,CDX,EUR,0,2,1,0,0,0,2,0,0,0,0,0,2,0,0,0,1,1,0,0,0,2,0,0,0,0,1,0,0,0,1,0,0,2,0,0,0,1,0,0,1,1,2,0,0,0,2,1,0,0
male,IBS,SAS,0,0,2,0,0,0,2,0,0,0,0,0,2,0,0,0,1,0,0,0,0,2,1,0,0,0,0,0,0,0,0,0,0,1,0,0,0,0,0,0,1,1,1,0,1,0,2,0,0,0
female,STU,EAS,0,2,2,1,0,0,2,0,0,0,0,0,1,0,0,0,1,1,0,0,0,2,0,0,0,0,1,0,1,0,1,0,0,0,2,1,0,2,0,0,1,1,2,0,0,0,2,2,0,0
male,FIN,AFR,0,0,0,1,0,0,2,0,0,0,0,2,2,0,0,0,2,1,0,2,0,2,0,0,0,0,0,0,0,0,0,0,0,0,0,0,0,0,0,0,2,1,2,0,0,0,0,2,0,0
female,ACB,AFR,0,2,1,0,0,1,2,0,1,0,0,0,2,0,1,0,1,0,0,1,0,2,0,0,0,1,0,0,0,0,0,0,0,1,1,0,0,0,0,0,1,0,2,0,0,1,2,2,0,0
male,TSI,AFR,0,1,1,0,0,0,2,0,0,0,0,0,2,0,1,0,2,0,0,1,0,2,0,0,0,0,0,0,0,0,1,0,1,0,1,0,0,2,0,0,1,0,0,0,1,0,2,2,0,0
male,JPT,AMR,0,0,1,2,0,0,2,0,0,0,0,1,2,0,0,1,1,0,0,0,1,2,0,0,0,0,0,0,0,0,0,0,0,0,2,0,0,0,0,0,1,0,2,0,0,0,0,0,0,0
female,ITU,AMR,0,2,1,0,0,0,2,0,1,0,0,0,2,0,0,0,1,1,0,0,0,2,0,0,1,0,0,0,0,0,0,0,0,2,0,0,0,1,0,0,0,0,1,0,0,0,2,1,0,0
female,GWD,EAS,0,0,0,0,0,1,2,0,0,0,0,0,2,1,0,0,2,0,0,0,1,2,0,0,0,0,0,0,1,0,0,0,0,0,0,2,0,1,0,0,1,1,2,0,1,0,0,1,0,1
female,ITU,AFR,0,1,2,0,0,0,2,0,2,0,0,0,2,2,0,0,1,0,0,2,0,2,0,0,0,0,0,0,1,0,0,0,0,0,1,0,0,1,0,0,1,0,0,0,0,0,0,2,0,0
female,LWK,SAS,0,0,2,0,0,0,2,0,1,0,0,0,2,2,0,0,1,2,0,0,0,2,0,0,1,0,1,0,0,0,0,0,0,0,0,0,0,2,0,0,1,0,0,0,0,0,1,1,0,0
female,ESN,EUR,1,2,0,0,0,0,2,0,0,0,1,2,2,1,1,0,1,1,0,2,0,2,1,0,0,0,0,0,0,1,0,0,0,2,2,0,0,1,0,0,1,1,2,0,1,1,0,1,0,0
male,ITU,AFR,0,1,1,0,0,0,2,0,0,0,0,1,2,1,0,0,1,0,0,2,0,2,0,2,0,0,1,0,0,0,0,0,0,1,2,0,0,2,0,0,1,2,2,0,0,0,1,1,0,0
male,ESN,EUR,0,2,0,0,0,0,2,0,0,0,0,2,2,0,0,0,1,0,0,0,0,2,0,0,0,0,0,0,0,0,0,0,1,0,2,1,0,0,0,0,2,1,2,0,0,0,0,1,0,0
male,CLM,EUR,0,0,0,0,0,0,2,0,1,0,0,0,2,0,0,0,1,0,0,2,0,2,0,0,0,0,1,0,0,0,0,0,0,0,1,0,0,0,0,0,0,2,2,0,1,0,1,2,0,0
male,GIH,AFR,0,1,2,0,0,0,2,0,0,0,0,0,1,0,1,1,2,0,0,2,0,2,0,0,0,0,0,0,0,0,0,0,0,1,1,0,0,1,0,1,1,0,2,0,0,0,2,1,1,0
male,CHS,AFR,0,1,0,0,0,1,0,0,0,1,0,0,2,0,0,0,1,0,1,0,1,2,0,0,0,0,2,0,0,0,0,0,0,0,1,0,0,0,0,0,1,1,2,0,0,0,1,1,0,0
female,STU,EAS,0,0,0,0,0,0,2,0,1,0,0,0,2,0,0,1,1,1,0,2,0,2,0,0,0,0,0,0,0,0,1,0,1,1,0,0,0,0,0,0,1,0,2,0,0,0,0,0,0,0
male,PEL,EAS,0,0,0,0,0,0,2,0,1,0,0,1,2,0,0,0,1,0,0,0,1,2,0,0,0,0,0,0,0,0,1,0,0,1,0,0,0,0,0,0,1,0,2,0,0,0,2,2,0,0
male,LWK,EAS,0,1,1,0,0,0,2,0,0,0,0,0,2,0,0,0,2,2,0,1,0,1,0,0,0,0,0,0,0,0,0,0,0,0,0,0,0,2,0,0,1,0,2,0,0,0,1,1,0,0
female,GWD,AFR,0,2,0,0,0,0,2,0,0,0,0,0,2,0,0,0,2,0,0,2,0,2,0,0,0,0,0,0,0,0,0,0,0,0,1,0,0,0,0,0,1,1,0,0,0,0,1,1,0,0
male,KHV,EAS,0,2,0,0,0,0,2,0,0,0,0,1,0,0,0,0,1,0,0,1,0,2,0,0,1,0,1,0,0,0,0,0,1,2,0,0,0,0,0,0,1,1,1,0,0,0,2,1,1,0
male,YRI,EAS,0,2,1,0,0,0,2,1,0,0,0,0,2,1,0,0,2,0,0,2,0,1,0,0,1,0,0,0,0,0,1,0,0,1,0,0,0,0,0,2,1,1,1,0,0,0,0,1,0,0
male,GIH,AFR,0,1,2,0,0,0,2,0,0,0,0,1,2,2,0,0,2,1,0,0,0,2,0,0,0,1,0,0,0,0,0,0,0,1,0,0,0,0,0,0,1,1,2,0,1,0,2,1,1,0
female,BEB,SAS,0,1,0,0,0,1,2,0,0,0,0,1,2,0,0,0,2,1,0,1,0,2,0,0,1,0,2,0,0,0,1,1,0,1,1,0,0,1,0,0,1,0,2,0,0,0,2,1,0,0
male,ITU,EAS,0,2,1,0,0,0,1,0,0,0,0,0,2,0,0,0,1,0,0,2,0,2,0,0,0,0,0,0,0,0,0,1,0,1,0,0,0,2,0,0,1,0,2,0,0,0,2,2,0,0
male,GIH,AFR,0,0,1,0,0,0,2,0,1,0,0,1,2,1,1,0,0,0,0,2,0,2,0,2,0,0,0,0,0,0,0,0,0,0,1,0,0,1,0,0,0,0,2,0,1,0,2,1,0,0
male,CHB,EAS,0,0,0,0,0,0,2,0,0,0,0,0,2,0,0,0,1,0,0,2,0,2,0,0,0,0,0,0,0,0,1,0,0,0,1,0,0,0,0,0,0,1,1,0,1,0,0,1,0,0
female,ITU,EAS,0,2,0,0,0,0,2,0,0,0,0,1,2,0,0,0,2,1,0,1,0,2,0,0,0,0,0,0,0,0,1,0,0,0,0,0,0,1,0,0,0,1,2,0,0,0,2,2,0,0
male,STU,AFR,0,0,0,0,0,0,2,0,0,0,0,1,1,0,0,0,2,1,0,0,0,2,0,1,0,0,0,0,0,2,1,0,1,1,1,0,0,1,0,0,1,0,1,0,0,0,2,1,0,0
male,GBR,EUR,0,0,0,0,0,1,2,0,0,0,0,0,1,0,0,0,1,1,0,0,1,2,0,0,0,0,0,0,2,0,0,0,0,0,0,0,0,0,0,0,1,0,2,0,0,0,1,1,0,0
female,CLM,AMR,0,2,1,0,0,0,2,0,0,0,1,1,0,0,0,0,1,0,0,1,0,2,0,1,0,0,0,0,0,0,2,0,0,1,0,0,0,1,0,0,1,0,2,0,0,0,1,2,0,0
male,GIH,EAS,0,1,0,0,0,1,2,0,1,0,0,0,2,0,0,0,1,1,0,0,0,2,0,0,0,0,0,0,0,0,0,0,1,1,0,0,0,0,0,0,1,0,0,0,1,1,0,2,0,0
male,ESN,AFR,0,1,0,0,0,0,2,0,0,0,0,0,2,0,0,1,1,0,0,0,0,2,0,0,1,0,1,0,0,0,0,0,0,1,0,0,0,2,0,0,1,0,2,0,0,0,0,1,0,0
male,ACB,AFR,0,2,0,0,0,0,1,0,0,0,0,0,2,0,0,0,2,1,0,0,0,2,0,1,0,0,0,0,0,0,1,0,0,0,0,0,0,2,0,0,0,0,2,0,0,0,1,2,0,0
male,GWD,SAS,0,0,0,0,0,0,2,0,0,0,0,0,2,0,0,0,1,0,0,1,0,2,0,1,0,0,0,0,0,0,0,0,0,1,1,0,1,2,0,0,1,0,1,0,0,0,1,1,0,0
female,GIH,SAS,0,2,0,0,0,0,2,0,0,0,0,0,2,2,0,0,1,0,0,0,0,1,0,0,0,0,0,0,0,0,0,0,0,0,0,0,0,1,0,0,2,1,2,0,1,0,1,1,0,0
male,MSL,EAS,0,0,1,1,0,0,2,1,0,0,0,2,2,0,0,0,2,0,0,0,0,1,1,0,0,0,0,0,1,0,0,0,0,1,0,0,0,2,0,0,2,2,2,0,0,0,0,1,2,0
male,CEU,AFR,0,2,0,0,0,0,2,0,0,0,0,0,2,0,0,0,1,0,0,1,1,2,0,0,0,1,0,0,0,0,0,0,0,1,0,1,1,2,0,0,1,1,1,0,0,0,1,2,0,0
female,CHS,AFR,0,1,2,0,0,0,2,0,1,0,0,1,2,2,0,0,1,0,1,0,0,2,0,0,1,0,2,0,0,0,0,0,0,1,1,0,0,2,0,0,0,0,2,0,0,0,2,1,1,0
female,ESN,AMR,0,2,1,0,0,0,2,0,0,0,2,0,2,0,0,0,1,0,0,0,0,2,0,0,0,0,0,0,0,0,0,0,0,0,1,0,0,0,0,0,0,0,2,0,0,0,1,1,0,0
male,YRI,EAS,0,0,1,0,0,0,2,0,0,0,0,1,2,0,0,0,1,1,0,1,0,2,0,1,0,0,0,0,1,0,0,0,1,1,0,2,0,1,0,0,1,0,1,0,0,0,0,1,0,0
female,GIH,EUR,0,1,0,0,0,0,2,0,0,0,0,0,2,0,0,0,2,0,0,1,0,2,0,0,0,0,0,0,0,0,0,0,0,1,1,0,1,2,0,0,0,1,2,1,0,0,0,1,0,0
male,CHB,EAS,0,2,1,0,0,0,2,0,0,0,1,0,2,0,0,0,1,0,0,2,1,2,0,1,0,0,1,0,0,0,1,0,0,0,1,0,0,0,0,0,2,0,0,0,1,0,0,1,0,0
female,GWD,EAS,0,1,0,0,0,0,2,0,1,0,0,1,1,0,1,1,1,0,0,1,0,1,0,0,1,0,0,0,0,0,0,0,0,1,0,0,0,2,0,0,1,0,1,0,0,0,1,2,0,0
female,YRI,EAS,0,2,2,0,0,0,2,0,0,0,0,0,2,1,0,0,1,0,0,0,0,2,0,0,0,0,1,0,0,0,0,0,0,1,1,1,0,2,0,0,0,0,1,0,0,0,1,1,0,0
female,PUR,EUR,0,1,0,0,0,0,2,0,0,0,0,0,2,0,0,0,1,0,0,0,0,0,0,0,0,0,1,0,0,0,0,0,0,1,0,0,0,1,0,0,0,1,2,0,1,0,1,1,0,0
female,GIH,EUR,0,1,0,0,0,0,2,0,1,0,0,1,2,2,0,1,2,0,0,0,0,2,0,0,0,0,1,0,0,0,0,0,0,1,0,0,0,2,0,0,1,2,1,0,0,0,0,1,0,0
male,GWD,AFR,0,2,2,1,0,0,2,0,0,0,0,0,1,0,0,0,1,2,0,1,0,1,0,0,1,1,0,0,0,0,0,0,0,1,1,0,0,1,0,0,1,0,2,0,1,0,2,1,0,0
female,ESN,AMR,0,1,0,0,0,0,1,0,1,0,1,0,1,0,0,0,2,0,0,0,0,2,0,0,0,0,0,0,0,0,1,0,0,1,1,0,0,0,0,0,1,1,2,0,0,0,0,1,0,0
female,ESN,AFR,0,2,0,0,0,0,2,0,0,0,0,0,2,0,0,0,1,0,0,0,0,2,0,0,0,1,0,0,0,0,0,0,0,0,0,0,0,1,0,0,1,0,0,0,0,0,0,0,0,0
male,BEB,EAS,0,2,1,0,0,1,2,0,0,0,0,0,2,0,0,1,1,0,0,1,1,2,0,0,0,0,0,0,0,0,1,0,0,0,1,0,0,2,0,0,2,0,0,0,0,0,1,0,0,0
female,YRI,EAS,0,1,0,0,0,0,2,0,1,0,0,2,1,0,0,0,2,1,0,0,0,2,0,0,0,0,0,0,0,0,1,0,0,1,0,1,0,0,0,0,1,1,1,0,1,0,0,1,0,0
female,ITU,SAS,0,2,0,0,0,0,2,0,0,0,0,0,2,0,0,0,1,0,0,0,0,2,0,0,0,0,0,0,0,0,0,0,0,0,0,0,0,0,0,0,1,1,1,0,0,0,0,1,0,0
male,PUR,EAS,0,0,2,0,0,1,2,0,0,0,0,1,2,1,0,0,1,0,0,0,0,2,0,0,0,0,0,0,0,0,0,0,0,0,1,0,1,2,0,0,1,1,1,0,0,1,0,1,1,0
male,PEL,AFR,0,2,0,0,0,0,2,0,1,0,0,0,2,1,0,0,1,0,0,1,0,2,0,0,0,0,0,0,0,0,0,0,0,0,1,0,0,0,0,0,1,0,0,0,0,0,0,2,0,0
male,ESN,EUR,0,1,0,0,0,1,2,0,0,0,0,0,2,1,0,0,1,0,0,0,0,2,0,0,0,0,0,0,0,0,0,0,0,1,0,0,1,2,0,0,0,2,2,0,0,0,2,1,0,0
male,FIN,AFR,0,2,0,0,0,0,2,0,1,0,0,0,2,0,0,0,0,0,0,0,0,1,0,0,0,0,0,0,1,0,1,0,0,1,0,0,0,0,0,0,1,1,2,0,0,0,1,1,0,0
female,CEU,SAS,1,0,0,0,0,0,2,0,1,0,0,1,2,0,0,0,1,0,0,2,0,2,0,0,0,0,0,0,0,0,1,1,0,0,1,0,0,0,0,0,1,2,2,0,0,0,0,2,0,0
male,MXL,AFR,0,0,1,0,0,1,2,0,0,0,0,0,2,0,0,1,1,1,0,0,0,2,0,1,0,0,0,0,0,0,0,0,0,0,0,0,0,2,0,1,1,1,1,0,0,0,2,2,0,0
female,ACB,AFR,0,2,1,0,1,0,2,0,0,0,0,1,0,0,1,1,2,0,0,1,0,2,0,1,0,0,0,0,0,1,0,0,0,0,0,0,0,0,0,0,1,0,2,0,0,0,0,1,1,0
female,CHS,AMR,0,2,0,1,0,0,2,0,0,0,0,1,2,0,0,0,2,1,0,2,0,2,0,2,0,0,0,0,0,0,0,0,0,1,1,0,0,1,0,0,2,1,1,0,0,0,1,2,1,0
male,ASW,AFR,0,0,0,0,0,0,2,0,0,0,0,0,2,2,0,0,0,2,0,0,0,2,0,1,0,0,0,0,0,0,1,0,0,1,1,0,0,2,0,0,1,1,0,0,1,0,1,1,0,0
female,GBR,AFR,0,2,1,0,0,0,2,0,0,0,0,0,2,1,0,0,1,1,0,0,0,2,0,0,0,0,0,0,1,1,0,0,0,0,0,0,0,0,0,0,0,0,2,0,0,0,2,2,0,0
male,CDX,EAS,0,0,0,0,0,1,2,0,0,0,0,0,2,0,0,0,1,1,0,0,0,2,0,0,0,0,1,0,2,0,0,0,0,0,0,0,0,2,0,0,0,1,2,0,0,0,1,2,0,0
female,TSI,EAS,0,1,1,0,0,0,2,0,1,0,0,1,2,0,0,0,2,1,0,0,1,2,0,0,0,0,0,0,0,0,0,0,0,2,1,0,0,2,0,0,1,1,1,2,1,0,1,1,0,0
male,FIN,EAS,0,1,0,0,0,0,2,0,0,0,0,0,2,0,0,0,2,1,0,0,0,1,0,0,0,0,0,0,0,0,0,0,0,0,0,0,0,0,0,0,1,0,2,0,0,0,2,2,1,0
male,LWK,AFR,0,0,1,0,0,0,2,0,0,0,0,0,1,1,1,0,1,0,0,2,0,2,0,0,1,0,0,0,0,0,0,0,0,0,0,0,0,0,0,0,1,0,1,0,0,0,2,1,0,0
male,ACB,AFR,0,2,0,0,0,0,2,0,0,0,1,0,2,1,0,0,1,0,0,0,0,1,0,0,0,0,0,0,0,0,1,0,0,2,0,0,0,2,0,0,1,2,1,0,1,0,2,0,0,0
female,CEU,AFR,0,0,1,0,0,0,2,0,0,0,0,1,2,0,1,0,0,0,0,0,0,2,0,0,0,0,1,0,0,0,0,1,1,0,0,0,0,2,0,0,1,1,2,0,1,0,1,2,0,0
female,GIH,EUR,0,0,1,0,0,0,1,0,0,0,0,0,2,0,1,0,2,2,0,0,0,2,0,0,0,0,0,0,0,0,0,0,0,1,1,1,0,0,0,0,1,0,2,0,0,0,2,2,0,0
female,PEL,EUR,0,0,0,0,0,0,2,0,0,0,0,1,1,0,0,0,2,0,0,0,0,2,0,0,0,0,0,0,0,0,0,0,0,1,0,0,0,2,0,0,2,0,1,0,0,0,0,0,0,0
male,CHB,AFR,0,1,2,0,0,0,2,0,1,0,0,0,2,0,0,0,2,1,1,2,0,2,0,0,0,0,0,0,0,0,1,0,0,0,1,0,0,2,0,0,2,1,2,0,0,0,2,2,0,0
male,CEU,EAS,0,2,0,0,0,0,2,0,0,0,0,0,2,0,1,0,1,1,0,0,1,1,0,0,0,0,0,0,0,0,0,0,0,1,2,0,0,1,0,0,1,0,2,0,0,0,0,2,0,0
female,ESN,AFR,0,0,1,0,0,0,2,0,0,0,0,1,2,0,0,0,1,0,0,0,0,1,0,0,0,0,1,1,0,0,0,1,0,2,1,0,0,2,0,0,1,0,2,0,0,0,1,0,1,0
female,CHS,EAS,0,0,1,0,0,0,2,0,0,0,0,0,2,1,0,0,1,1,0,0,0,1,0,0,0,0,1,0,0,0,1,1,0,1,0,0,0,1,1,0,2,1,2,0,0,1,1,1,0,0
male,TSI,EAS,0,1,0,0,0,0,2,0,0,0,0,0,2,0,0,0,2,0,0,2,1,2,0,0,0,0,0,0,0,0,0,0,0,1,1,0,0,2,0,0,0,0,1,0,0,0,2,1,0,1
female,ITU,AFR,0,2,0,0,0,0,2,0,0,0,0,0,2,0,1,0,1,0,0,2,0,2,0,0,0,0,0,0,0,0,0,0,0,1,0,0,0,1,0,0,1,0,2,0,0,0,0,1,0,0
female,CEU,EAS,0,2,0,1,0,0,2,0,1,0,0,0,2,0,1,1,1,0,0,2,0,1,0,0,0,0,1,0,0,0,0,0,1,0,0,0,0,1,0,1,1,0,0,0,0,0,1,1,0,0
male,CHB,EUR,0,0,2,0,0,0,2,0,1,0,0,1,2,2,0,0,2,0,0,0,0,2,0,1,1,0,1,0,1,0,0,0,0,0,1,1,0,0,0,0,1,2,2,0,0,0,2,2,0,1
female,ITU,AMR,0,0,0,0,0,1,2,0,0,0,1,0,2,0,1,0,1,0,0,2,0,2,0,0,0,1,0,2,0,1,0,0,0,0,0,1,0,1,0,0,0,0,2,0,1,0,0,2,0,0
female,ITU,AFR,0,1,0,0,0,1,2,0,1,0,0,0,2,0,0,0,2,0,0,0,0,2,0,0,0,0,0,0,0,0,0,0,2,1,0,0,0,1,0,0,0,0,0,0,0,0,2,2,0,1
female,BEB,EUR,0,2,1,1,0,0,2,0,0,0,0,0,2,0,0,0,1,1,0,0,0,2,0,0,0,1,0,0,0,0,0,0,0,1,0,1,0,0,0,0,1,2,2,0,0,0,1,1,1,0
male,GIH,EUR,0,2,1,1,0,0,2,0,0,0,0,0,2,0,0,1,1,0,0,1,0,2,0,1,0,0,1,0,0,0,0,1,0,0,0,0,0,0,0,0,1,1,1,0,0,0,1,2,1,0
male,IBS,EAS,0,2,2,0,0,0,2,0,0,0,0,0,1,0,0,0,1,1,0,0,0,2,0,0,0,0,0,0,0,0,0,0,0,1,1,1,0,0,0,0,0,0,2,0,0,0,0,1,0,0
male,LWK,SAS,1,2,1,0,0,1,2,0,0,0,1,1,1,1,0,0,2,0,0,1,0,2,0,1,0,0,1,0,0,0,0,0,1,2,0,0,0,0,0,0,1,0,0,0,0,0,2,2,0,0
female,ESN,AFR,0,1,0,0,0,0,2,0,2,0,0,0,2,0,0,0,1,1,0,0,0,2,0,0,0,0,0,0,0,1,0,1,0,1,0,0,0,0,0,0,1,2,1,0,0,0,2,2,0,0
male,CHB,SAS,0,2,0,0,0,0,1,0,0,0,0,1,2,0,0,0,2,2,0,0,0,2,0,0,0,0,0,0,0,0,0,0,0,0,0,0,0,2,0,0,1,1,0,0,1,0,1,1,0,0
male,LWK,SAS,0,1,0,0,0,0,2,0,0,0,0,1,2,0,0,0,1,0,0,2,0,2,0,0,0,0,0,0,0,0,0,0,0,0,1,0,0,2,0,0,0,0,1,0,0,0,0,0,1,0
male,PUR,EUR,0,2,1,0,0,0,2,0,0,0,0,0,1,0,0,0,1,0,0,1,0,0,0,0,0,0,1,0,0,0,0,0,0,1,0,0,0,1,0,0,1,1,1,0,1,0,1,1,2,0
male,LWK,EUR,0,2,0,0,0,0,2,0,0,0,0,1,2,2,0,0,1,1,0,0,1,2,0,0,0,0,0,0,1,0,0,0,0,1,0,0,0,0,0,0,1,0,2,0,0,0,1,2,0,0
female,ACB,AFR,0,0,0,0,0,0,2,0,0,0,0,0,2,0,0,0,1,0,0,1,0,2,0,0,0,0,0,0,0,0,0,0,1,1,1,0,0,1,0,0,1,0,2,0,0,0,0,1,0,0
female,ESN,EUR,0,0,0,0,0,0,2,0,0,0,0,0,1,1,0,0,1,0,0,0,0,2,0,0,0,0,1,0,0,0,0,0,0,0,0,0,0,2,0,0,0,1,2,0,1,0,1,1,0,0
male,CEU,EAS,0,2,2,0,0,1,2,0,0,0,0,0,1,0,0,1,1,1,0,0,0,1,0,0,0,0,0,0,0,0,0,0,0,1,1,0,0,2,0,0,0,0,1,0,0,0,0,0,0,0
female,GWD,AFR,0,0,2,0,1,0,2,0,0,0,0,0,1,0,0,0,0,2,0,1,1,2,0,0,0,0,1,0,1,1,0,0,0,1,2,0,1,2,0,0,1,0,0,0,1,0,1,2,0,2
female,PEL,EUR,0,1,0,0,0,0,2,0,0,0,0,1,2,0,0,0,0,1,0,1,0,2,1,0,0,0,1,0,0,0,0,0,0,1,0,0,0,1,0,0,2,2,2,0,0,0,1,1,0,0
male,CHB,SAS,0,0,1,0,0,0,2,1,0,0,0,0,2,1,0,0,2,1,0,0,0,2,0,0,1,0,1,0,1,0,0,0,1,1,1,0,0,2,0,0,0,1,1,0,0,0,2,2,0,0
male,GWD,EAS,0,1,1,0,0,1,2,0,1,0,0,0,1,2,0,0,1,1,0,2,0,2,0,0,0,0,0,0,0,0,1,0,1,0,0,0,0,2,0,0,1,0,1,0,0,0,2,1,0,0
female,ITU,AFR,1,0,0,1,0,0,2,0,0,0,0,1,2,0,0,0,2,0,0,0,0,1,0,0,0,0,1,0,0,0,0,0,0,1,0,0,0,0,0,0,1,1,2,0,0,0,2,2,0,0
male,IBS,EAS,0,1,0,0,0,0,2,0,1,0,1,0,2,0,0,1,1,1,0,0,2,2,0,1,0,0,0,0,0,0,1,0,0,1,0,0,0,2,0,0,0,0,2,0,1,0,2,2,0,1
female,ESN,EUR,0,2,0,1,0,0,2,0,0,0,0,1,2,0,0,0,2,0,0,1,0,1,0,0,0,0,0,1,0,0,0,0,0,1,0,0,0,0,0,0,1,0,2,0,1,0,0,2,0,0
male,PUR,AFR,0,2,1,0,0,0,2,1,1,0,0,1,0,1,0,1,2,1,0,2,0,2,0,0,0,0,0,0,1,0,0,0,0,1,0,1,0,2,1,0,1,0,1,0,0,0,0,1,1,0
female,GBR,AMR,1,0,0,0,0,0,2,0,1,0,0,1,2,1,0,0,2,1,0,0,0,2,0,0,0,0,0,0,1,0,0,0,0,1,0,0,0,0,0,0,0,1,0,0,0,0,0,1,0,0
female,ESN,EAS,1,1,2,0,0,0,2,0,0,0,0,1,2,0,0,1,1,0,0,0,0,2,0,0,0,0,0,0,2,0,0,0,0,1,0,0,0,2,0,0,1,1,1,0,0,0,2,0,0,0
male,ESN,EUR,0,1,0,0,0,1,2,0,1,0,0,1,2,0,0,0,2,0,0,0,1,1,0,0,0,0,0,0,0,0,0,0,0,0,0,0,0,2,0,0,1,1,1,0,0,0,0,1,0,0
female,ACB,AMR,0,1,1,0,0,0,2,0,0,0,0,1,2,0,0,0,2,1,1,1,0,1,0,0,0,1,1,0,0,1,0,0,1,0,1,0,0,2,0,1,1,0,1,0,0,0,1,1,0,0
male,ACB,AFR,0,2,1,0,0,0,2,0,0,0,0,0,2,0,0,0,1,0,0,0,0,2,0,0,0,0,0,0,0,0,0,0,0,1,1,0,0,2,0,0,1,0,2,0,0,0,1,1,2,0
male,PUR,EAS,0,1,2,0,0,0,2,0,0,0,0,1,2,0,0,1,1,1,0,0,0,2,0,0,0,0,0,0,0,0,0,0,0,0,2,0,0,2,0,0,1,0,0,0,0,0,0,2,0,0
male,CDX,AMR,0,0,0,0,0,0,2,0,1,0,0,2,2,0,0,0,2,0,0,2,0,2,0,0,0,0,0,0,0,0,0,0,0,1,1,1,1,1,0,0,1,1,2,0,0,0,0,2,0,0
female,TSI,EUR,0,0,0,0,0,0,2,0,0,0,0,0,2,0,0,0,1,0,0,1,0,2,0,0,0,0,0,0,0,0,0,0,0,1,1,0,1,2,0,0,2,0,2,0,1,0,1,2,0,0
male,MXL,AMR,0,1,1,0,0,0,2,0,0,0,0,2,2,2,0,0,2,1,0,0,0,2,0,0,0,1,0,1,0,0,0,0,0,0,1,0,0,2,0,0,1,1,0,0,0,0,0,2,0,0
male,GWD,EAS,0,1,0,0,0,0,2,0,0,0,0,0,2,0,0,0,2,0,0,0,0,1,0,0,0,0,1,0,0,0,0,0,1,0,0,0,0,0,0,0,1,1,2,0,0,0,0,1,0,0
female,JPT,SAS,0,0,1,0,0,1,2,0,0,1,0,0,2,2,0,1,1,0,0,2,0,1,0,0,1,0,0,0,0,0,0,0,0,1,2,0,0,2,0,0,1,2,2,0,0,0,0,0,1,0
male,GBR,SAS,0,0,1,0,0,0,2,0,0,0,0,0,2,1,0,0,2,1,0,0,0,2,0,0,0,0,1,0,0,1,0,0,0,0,0,0,0,2,0,0,1,0,1,0,0,0,0,1,2,0
male,ESN,EUR,1,1,0,0,0,0,2,0,0,0,0,1,0,0,0,0,2,0,0,0,0,2,0,0,0,0,0,0,0,0,0,0,0,1,0,0,0,1,0,0,0,1,2,0,0,0,1,1,0,0
male,CHS,SAS,0,2,2,0,0,1,2,0,0,0,0,0,0,0,2,1,2,0,0,0,0,2,0,0,1,0,0,0,1,0,1,0,0,0,0,0,0,2,0,0,1,0,2,0,0,0,2,1,0,1
male,STU,SAS,0,2,0,1,0,0,2,0,0,0,0,1,2,2,0,0,1,1,0,1,0,2,0,0,0,0,1,0,0,0,0,0,0,1,0,0,0,2,0,0,0,1,0,0,0,0,1,1,1,0
female,CHS,AMR,0,2,1,0,0,0,2,0,1,0,0,0,2,0,0,0,1,0,0,0,1,2,0,0,0,0,0,0,0,0,0,0,0,1,0,0,0,0,0,0,0,0,1,2,0,0,2,1,0,0
female,ACB,AFR,0,1,2,0,0,0,2,0,0,0,0,2,2,1,0,0,1,1,0,0,0,2,0,0,0,0,0,0,1,1,1,0,1,1,0,0,0,1,0,0,2,0,2,0,0,0,1,1,0,0
male,KHV,EUR,0,2,0,0,0,0,2,0,0,0,0,1,2,2,0,1,1,0,0,0,0,2,1,0,0,0,0,0,0,1,0,0,1,1,0,0,1,0,0,0,1,1,2,0,0,0,0,0,0,0
male,FIN,EUR,0,0,0,0,0,0,2,0,0,0,0,0,2,0,1,0,2,0,0,2,0,2,0,0,0,0,1,0,0,0,0,1,0,0,1,0,0,2,0,0,1,1,2,0,0,0,0,2,1,0
female,CDX,EUR,0,2,1,0,0,1,2,0,0,0,0,0,2,0,0,0,0,0,0,1,0,2,0,0,0,0,1,0,0,0,0,0,1,0,0,0,0,2,0,0,0,0,2,0,1,0,1,2,1,0
male,GWD,SAS,0,0,1,0,0,1,2,0,1,0,0,1,1,0,0,0,2,2,0,2,0,2,0,1,0,0,0,0,0,0,0,0,0,1,0,0,0,1,0,0,0,0,1,1,0,0,2,2,0,0
male,LWK,EAS,0,2,0,0,0,0,1,0,0,0,0,0,2,2,0,0,1,0,0,1,0,2,0,0,0,0,0,0,0,0,1,0,0,1,0,0,0,0,0,0,1,0,2,0,0,0,1,2,0,0
female,ESN,EAS,0,2,2,0,0,0,1,0,0,0,0,0,2,0,0,0,1,0,0,0,0,2,0,0,0,0,0,0,0,0,0,0,0,0,0,1,0,0,0,0,1,0,0,0,0,0,0,1,0,0
male,LWK,SAS,0,1,2,0,1,0,2,0,0,0,1,0,2,0,0,1,1,1,0,1,0,2,0,0,1,0,0,0,0,0,0,0,0,0,1,0,0,0,0,0,2,0,1,0,0,0,2,2,0,0
male,GWD,EAS,0,2,0,0,0,0,1,0,0,0,0,1,2,0,0,0,2,1,0,0,0,2,0,0,0,0,0,0,0,1,0,0,0,1,1,0,0,2,0,0,0,1,1,0,0,0,1,2,0,0
female,ITU,EAS,0,1,1,0,0,0,2,0,0,0,0,0,2,0,0,0,2,0,0,2,0,2,0,0,0,0,0,0,0,0,0,0,0,0,1,0,0,2,0,0,0,0,2,0,0,0,0,2,0,0
female,ESN,AFR,0,2,2,0,0,1,2,0,1,0,1,2,2,0,0,0,1,0,0,0,0,2,1,0,1,0,0,0,1,0,0,0,0,1,1,0,0,1,0,0,2,1,1,0,0,0,0,2,0,0
female,IBS,AMR,0,0,0,0,0,0,2,0,0,0,0,0,2,0,0,0,2,0,0,2,0,2,0,0,0,0,0,0,0,0,0,0,0,1,1,0,0,0,0,0,0,0,1,0,0,0,2,1,0,0
female,ACB,EUR,0,2,0,0,0,0,2,0,0,0,0,0,2,0,0,0,1,1,0,0,0,2,0,1,0,0,2,0,0,0,2,0,1,2,0,0,0,1,1,1,2,0,1,0,0,0,1,1,0,0
male,GIH,SAS,0,0,0,0,0,0,2,0,0,0,0,0,2,0,0,0,2,0,0,1,0,2,0,0,0,0,1,0,0,1,0,0,1,1,1,0,0,0,0,0,1,1,2,0,0,0,1,2,0,0
female,LWK,EUR,0,2,1,0,1,0,2,0,1,0,0,0,2,0,0,0,0,0,0,0,0,2,0,0,0,0,0,0,1,0,0,0,0,2,1,0,0,0,0,0,1,1,1,0,0,0,0,0,1,0
male,GIH,AFR,0,2,2,0,0,0,2,0,1,0,1,0,2,1,0,0,2,0,0,2,0,2,0,0,0,0,0,0,0,0,0,0,0,0,1,0,0,1,0,0,1,0,2,0,0,0,0,2,2,0
male,YRI,EUR,0,2,1,1,0,0,2,0,1,1,0,0,2,0,1,0,1,0,0,0,1,0,1,0,0,0,0,0,1,0,0,0,0,1,0,0,0,2,0,0,0,0,0,0,0,0,0,1,0,0
female,IBS,AFR,0,2,0,0,0,0,2,0,0,0,0,0,1,2,0,1,1,0,0,1,1,1,0,0,0,0,0,0,0,0,1,0,0,1,0,0,0,0,0,0,0,1,0,0,1,0,2,1,0,0
female,ESN,EAS,0,0,2,1,0,1,2,1,0,0,0,0,2,0,0,0,2,0,0,1,0,1,0,0,0,0,1,0,0,0,0,0,0,1,1,0,0,0,0,0,1,1,0,0,0,0,1,2,0,0
female,LWK,EAS,0,0,1,0,0,0,1,0,0,0,0,0,1,0,0,0,1,1,0,1,1,2,0,0,0,1,0,0,0,0,1,0,0,1,0,1,0,2,0,0,1,0,1,0,1,0,1,2,0,0
female,ITU,AFR,1,2,0,0,0,0,2,0,0,0,0,0,2,2,1,1,2,0,0,1,0,2,0,0,0,0,0,0,0,0,0,1,2,1,0,0,0,2,0,0,1,0,1,0,0,0,2,1,0,0
male,CLM,EUR,0,1,0,0,0,1,2,0,0,0,0,0,1,2,0,0,2,1,0,0,0,2,0,0,1,0,0,0,1,0,0,0,0,1,2,0,0,1,0,0,2,0,2,0,0,0,1,1,0,0
male,MSL,EAS,0,2,0,0,0,1,2,0,0,0,0,0,2,0,0,0,2,1,0,0,0,2,0,0,0,0,0,0,0,0,0,0,1,0,0,0,1,0,0,0,1,0,2,0,0,0,0,2,0,0
male,GIH,EUR,0,1,0,0,0,0,2,0,1,0,0,0,2,0,0,0,2,1,0,1,0,2,0,0,0,1,0,0,0,0,0,0,1,1,1,0,0,1,0,0,0,0,1,0,0,0,1,0,0,0
female,LWK,EAS,0,2,1,0,0,0,2,0,0,0,0,0,1,0,0,1,2,0,0,2,0,2,0,0,0,0,0,0,0,0,0,0,0,1,2,0,0,0,0,0,1,1,2,0,0,0,2,1,0,0
female,CEU,EUR,0,1,1,0,0,0,2,0,0,0,0,0,2,2,0,0,1,0,0,1,0,1,0,0,0,0,0,0,0,0,0,0,0,1,0,0,0,1,0,0,1,1,2,0,2,0,1,1,0,0
male,ASW,EAS,0,0,0,0,0,1,1,0,0,1,0,0,2,0,0,0,0,0,0,0,0,1,0,2,0,0,1,0,0,1,0,0,0,1,0,1,0,0,0,0,0,1,0,0,0,0,0,2,0,0
female,JPT,EAS,0,2,1,0,0,0,2,0,0,0,0,0,2,0,0,0,1,1,0,0,0,2,0,0,0,0,0,0,0,0,0,0,1,1,0,0,0,2,0,0,0,0,1,0,0,0,0,2,0,0
male,JPT,AFR,0,2,0,0,0,0,2,0,0,0,1,0,2,1,0,0,1,0,0,0,0,2,0,0,0,0,0,0,0,0,0,0,0,0,0,0,0,1,0,0,1,1,2,2,0,0,0,2,0,0
female,PUR,SAS,0,0,0,0,0,0,2,0,0,0,1,1,2,0,0,0,1,0,0,0,0,2,0,0,0,0,0,0,1,0,0,0,0,1,0,0,0,2,0,0,1,0,2,0,0,0,2,0,0,0
male,LWK,EAS,0,2,0,0,0,1,2,0,0,0,1,0,2,1,0,1,1,0,0,0,1,2,0,0,0,0,2,0,0,0,0,0,0,0,0,0,0,2,0,0,1,0,2,0,0,0,1,1,0,0
female,ITU,AFR,0,2,0,0,0,0,2,0,0,0,0,0,2,0,0,0,2,1,0,0,0,2,0,0,1,0,1,0,0,0,0,0,0,0,1,0,0,1,0,0,1,0,1,1,0,0,0,2,0,0
male,PEL,SAS,0,1,1,0,0,0,2,0,2,0,1,0,2,0,1,0,0,0,0,2,0,2,0,0,0,0,0,0,0,0,0,0,0,0,0,0,0,0,0,0,1,0,0,0,0,0,1,2,0,0
female,PEL,AMR,0,2,1,0,0,0,2,0,0,0,1,0,2,0,0,0,1,0,0,0,0,2,0,0,0,0,1,0,0,0,0,0,1,1,1,0,0,1,0,0,1,0,1,0,0,0,0,2,0,0
female,CHS,EAS,0,2,0,0,0,0,2,0,0,0,0,1,2,0,0,1,1,0,0,0,0,2,0,0,0,0,0,0,0,0,0,0,0,1,0,0,0,0,0,0,1,1,2,0,0,0,2,2,0,1
female,PJL,EAS,0,1,1,0,0,0,2,0,0,0,0,0,2,0,0,0,2,1,0,1,0,2,0,0,0,0,1,0,0,0,1,0,0,1,1,0,0,0,0,0,1,0,2,0,0,0,0,1,1,0
male,ESN,EUR,0,1,0,1,0,0,2,0,1,0,0,1,1,0,0,1,1,1,0,1,0,1,0,0,0,0,0,0,0,1,0,0,0,0,1,0,1,0,0,1,1,0,1,0,0,0,2,0,0,0
male,GBR,AMR,0,2,0,0,0,0,2,0,0,0,0,0,1,2,0,0,2,0,0,2,0,2,0,0,0,1,0,0,1,0,0,0,0,1,0,0,0,1,0,0,1,1,2,0,1,0,2,2,0,0
female,KHV,AFR,0,0,0,1,0,0,2,0,0,0,0,0,2,0,0,0,1,2,0,0,0,2,0,0,0,0,0,0,0,0,0,1,1,0,0,0,0,2,0,0,1,0,1,1,0,0,1,1,0,0
male,CDX,EUR,0,0,0,0,0,0,2,1,0,0,0,0,2,0,0,0,1,0,0,2,0,2,0,0,0,0,1,0,0,0,0,0,0,0,0,0,0,0,0,0,1,0,1,0,0,0,2,1,0,0
male,CEU,AMR,0,1,1,0,0,0,2,0,0,0,0,0,2,1,0,0,2,0,0,0,1,2,1,0,0,0,0,0,0,0,0,0,0,1,1,0,0,1,0,0,1,0,1,0,0,0,1,1,0,0
male,ASW,EAS,0,1,2,0,0,1,2,0,1,0,1,0,2,0,0,0,1,0,0,0,0,2,0,0,0,0,0,0,1,0,0,0,0,1,1,0,0,2,0,0,1,0,1,0,0,0,1,1,0,1
female,YRI,SAS,0,2,0,1,0,0,2,0,0,0,1,0,1,0,0,0,2,0,0,0,0,2,0,0,0,0,0,0,0,0,0,0,0,0,1,0,0,1,0,0,0,0,0,0,0,0,1,1,0,0
female,ASW,SAS,0,2,0,0,0,1,2,0,0,0,0,0,2,0,0,0,1,0,0,0,0,2,0,0,0,0,0,0,0,0,1,0,0,1,0,0,0,2,0,0,0,0,2,0,0,0,1,2,0,0
female,GBR,AFR,0,0,0,1,0,0,2,0,0,0,0,1,1,0,0,0,2,0,1,0,1,2,0,0,0,0,0,0,0,0,0,0,0,1,0,0,0,1,1,0,0,1,1,0,0,0,2,1,0,0
female,KHV,EUR,0,0,1,0,0,0,2,0,0,0,0,0,2,0,0,0,1,2,0,2,0,2,1,0,1,0,1,0,0,0,1,0,1,0,1,2,0,2,0,0,2,0,1,0,0,0,2,2,0,0
male,ASW,EAS,0,1,0,0,0,0,2,0,0,0,0,0,2,0,0,0,2,0,0,0,0,2,0,0,0,0,0,0,1,0,0,0,0,2,1,0,0,1,0,0,1,0,2,0,0,0,0,2,0,0
male,CDX,SAS,1,2,0,0,0,2,2,0,0,0,0,0,2,1,0,0,1,0,0,2,0,2,0,0,0,0,2,0,0,0,1,0,0,1,2,0,0,0,0,0,1,0,0,0,0,0,1,1,1,0
male,CHB,AMR,0,2,2,0,0,0,2,0,0,0,1,1,2,0,0,0,2,0,0,0,0,1,0,0,0,0,0,0,0,1,1,0,0,0,0,0,0,0,0,0,1,0,1,0,0,0,2,2,0,0
female,JPT,AFR,0,2,0,0,0,0,2,0,0,0,0,1,2,0,0,0,1,0,0,0,0,1,0,0,0,0,0,0,0,0,0,0,0,1,0,0,0,1,0,0,1,0,0,0,1,1,2,1,0,0
female,GWD,SAS,0,0,1,0,0,0,2,0,0,0,0,1,2,0,0,0,1,0,0,2,0,0,0,0,0,0,0,0,1,1,0,0,2,1,1,0,0,2,1,0,1,0,2,0,0,0,2,2,0,0
female,GWD,AFR,0,0,0,0,1,0,2,0,0,0,1,0,2,0,0,0,1,1,0,0,1,2,0,0,1,0,1,0,0,0,0,0,1,0,0,0,0,2,0,0,2,0,2,0,0,0,2,2,1,0
male,ITU,AFR,0,2,0,0,0,0,2,2,1,0,0,1,2,0,0,0,2,0,0,1,0,2,0,0,0,0,1,0,0,0,1,0,0,2,0,0,0,1,0,0,1,1,2,0,0,0,0,1,0,0
male,IBS,AFR,0,2,0,0,0,0,2,0,0,0,0,0,2,0,0,0,1,1,0,2,0,2,0,0,0,0,0,0,0,0,1,0,0,0,1,0,0,2,0,0,1,1,2,0,0,0,0,1,0,0
female,JPT,EAS,0,1,0,0,0,0,2,0,0,0,0,0,2,0,0,0,1,1,0,0,1,2,0,0,0,0,0,0,0,0,1,0,0,1,0,0,0,0,0,0,0,1,2,0,0,0,1,1,0,0
female,ASW,AFR,0,1,0,0,0,1,2,0,0,0,0,1,2,0,0,0,1,1,0,0,0,1,0,0,1,0,2,0,0,0,0,0,0,0,0,1,0,1,0,0,1,0,1,0,0,0,0,1,0,0
male,YRI,EUR,0,1,0,0,0,0,2,0,0,0,1,0,2,1,0,0,2,1,0,0,0,2,0,0,0,0,0,0,0,1,0,0,0,0,0,0,0,0,0,0,1,0,1,0,0,0,0,2,0,0
male,CDX,EUR,0,0,0,0,0,0,2,0,0,0,0,1,0,0,0,1,2,1,0,2,0,2,0,0,1,0,0,0,0,0,0,0,0,1,0,0,0,0,0,0,1,0,1,0,0,0,1,1,1,2
male,ACB,EUR,0,0,1,0,0,0,2,0,1,0,0,2,2,1,0,0,1,0,0,0,0,0,1,0,0,0,2,0,0,0,0,0,0,0,0,0,0,1,0,0,0,0,1,0,1,0,0,1,0,0
male,PEL,EUR,0,0,0,0,0,1,0,1,0,0,0,1,2,1,0,0,1,0,0,0,0,2,0,0,0,0,0,0,1,0,0,1,0,0,1,0,0,1,0,0,0,0,1,0,0,0,2,1,0,0
male,GIH,EAS,1,1,1,0,0,0,2,0,0,0,0,2,2,0,0,1,1,0,0,2,1,1,0,0,0,0,0,0,0,0,0,0,0,1,0,0,0,0,0,1,2,1,2,0,0,0,2,1,0,0
male,GIH,AMR,0,2,1,0,0,0,2,0,0,0,0,0,2,0,0,0,1,0,0,0,0,2,0,0,0,0,0,0,0,0,0,0,0,1,0,0,0,0,0,0,1,0,1,0,0,0,0,1,0,0
female,TSI,AFR,0,2,0,0,0,0,2,1,1,0,0,0,2,0,0,0,2,0,0,1,1,2,0,0,0,0,0,0,0,0,0,0,0,1,0,0,0,0,1,0,1,0,2,0,0,0,2,1,0,0
male,TSI,AMR,0,0,0,0,0,0,2,0,0,0,0,0,1,0,0,0,1,0,0,1,0,2,0,1,0,0,1,0,0,0,0,1,0,0,1,0,0,2,0,0,1,0,1,0,1,0,2,0,0,0
male,MSL,EAS,0,2,1,0,0,0,2,0,0,0,0,0,2,0,0,0,2,0,0,0,1,2,0,0,0,0,0,0,0,0,0,0,0,0,0,0,0,2,0,0,1,0,2,0,0,0,1,1,1,0
female,PUR,AFR,0,1,0,1,0,0,2,0,0,0,0,0,1,0,0,0,1,0,0,0,0,1,0,0,0,0,0,0,0,0,0,0,0,1,0,0,0,1,0,0,1,1,1,0,0,0,2,2,0,0
male,ESN,AFR,0,0,0,0,0,0,2,0,0,0,0,0,2,0,0,0,2,0,0,1,1,1,0,0,0,0,0,0,0,0,0,0,0,0,0,0,0,0,0,0,1,0,0,0,0,0,1,1,1,0
female,CLM,AFR,0,2,0,0,0,0,2,0,0,0,0,1,2,0,0,0,2,0,0,0,1,2,0,0,0,0,0,0,0,0,1,0,0,0,0,0,0,1,0,0,1,1,2,0,0,0,1,0,0,0
male,PEL,AFR,0,2,1,1,0,0,2,0,0,0,0,1,2,1,0,0,2,0,0,1,0,2,0,0,0,0,0,0,1,0,1,0,0,0,1,0,0,2,0,0,0,0,2,2,0,0,0,1,0,0
female,GIH,AFR,0,0,1,1,0,0,2,0,0,0,0,0,2,0,0,0,1,0,0,0,1,2,0,0,0,0,0,0,1,0,0,1,1,1,1,0,0,0,0,0,0,0,2,0,0,0,2,2,1,0
male,BEB,EUR,0,2,0,0,0,0,2,0,0,0,0,1,2,0,0,0,0,0,0,2,0,2,0,0,0,0,0,0,0,0,0,0,0,0,1,0,1,2,0,0,2,0,1,0,0,0,0,0,2,0
male,MSL,EUR,0,0,1,0,0,0,1,0,0,0,0,0,2,0,0,0,1,0,0,1,0,2,0,0,0,0,0,0,0,0,0,0,0,0,0,0,1,0,0,0,0,0,2,0,0,0,0,2,0,0
male,ESN,EUR,0,1,1,0,0,0,2,0,1,0,0,1,2,0,0,0,2,2,0,0,0,2,0,0,0,0,1,0,0,0,0,0,0,0,1,0,0,2,0,0,1,1,2,0,0,0,1,0,0,0
female,ITU,EUR,0,2,1,0,0,0,2,1,0,0,0,0,2,1,0,0,1,1,0,0,0,2,0,0,0,0,0,0,1,0,0,1,0,0,0,0,1,2,0,0,1,1,0,0,0,0,0,2,0,0
female,PUR,SAS,0,2,1,0,1,0,2,0,1,0,0,0,2,0,0,0,1,0,1,0,0,2,0,0,0,0,0,0,0,0,0,0,0,0,0,0,0,2,0,0,1,0,2,0,1,0,1,0,0,0
male,MSL,EAS,0,1,1,0,0,1,1,0,0,0,0,1,2,0,0,0,0,0,0,0,0,2,0,0,0,0,1,0,0,0,0,0,0,2,0,0,0,2,1,0,2,1,1,0,0,0,2,1,0,0
male,CHS,EUR,0,1,0,0,0,0,2,0,0,0,1,0,0,0,0,0,2,0,0,1,0,2,0,0,0,0,0,0,0,0,0,0,0,0,0,0,0,1,0,0,1,0,1,0,0,0,2,0,0,0
male,ESN,EAS,0,2,0,0,0,0,2,0,0,0,0,2,2,1,0,0,2,0,0,1,0,2,0,0,0,0,1,0,0,0,0,0,1,1,1,0,0,2,0,1,2,1,2,0,0,0,1,1,1,0
female,STU,AFR,0,0,0,0,0,0,2,0,0,0,0,0,2,0,0,0,0,0,0,0,0,1,0,0,0,0,0,0,1,0,0,0,0,0,0,0,0,1,0,0,1,0,2,0,0,0,0,2,0,0
female,LWK,EAS,0,1,0,0,0,0,2,0,0,0,0,0,2,0,0,0,1,0,1,2,1,2,0,0,0,0,2,0,1,0,0,0,0,1,0,0,0,1,0,0,0,0,2,0,1,0,0,2,1,0
female,CHB,SAS,0,0,2,1,0,0,2,0,0,0,0,0,2,0,0,0,2,0,0,0,0,2,0,0,0,0,0,1,1,0,0,0,0,1,0,0,0,0,0,0,2,0,1,0,0,1,1,2,0,0
male,PUR,SAS,0,2,0,0,0,0,2,0,2,0,0,0,2,0,0,0,1,0,0,1,0,2,0,0,0,0,0,0,0,0,0,0,1,1,1,1,1,0,0,0,0,0,1,0,0,0,2,2,0,0
male,YRI,EAS,0,0,0,0,0,0,2,0,0,0,0,2,2,0,0,0,1,1,0,1,0,2,0,0,0,0,0,0,0,0,0,0,0,2,1,0,0,0,0,0,0,1,0,0,1,0,1,1,0,0
female,CHS,AMR,0,1,0,0,0,0,2,0,0,0,0,0,2,0,0,0,1,2,0,0,1,2,0,0,1,0,0,0,0,0,0,0,0,1,0,0,0,2,0,0,0,0,1,0,0,0,0,2,0,0
female,ESN,EUR,0,1,0,0,0,0,2,0,0,0,0,2,2,0,0,1,1,0,0,2,0,1,0,0,0,0,0,0,0,0,1,0,0,1,1,0,0,0,0,0,2,2,1,0,1,0,0,2,0,0
female,PUR,AFR,0,2,0,1,0,0,2,0,0,0,0,0,1,0,0,0,1,1,0,0,0,1,1,0,0,0,0,0,0,0,1,0,0,0,2,0,0,2,0,0,1,0,1,0,0,0,0,1,0,1
female,LWK,EUR,0,0,1,0,0,0,2,0,0,0,0,0,2,2,0,0,1,1,0,0,0,2,0,0,0,0,0,0,0,0,0,0,0,0,0,0,0,0,0,0,2,0,2,0,0,0,1,1,0,0
female,MXL,EUR,0,2,1,0,0,0,2,0,0,0,0,0,2,0,2,0,2,0,1,1,0,2,0,0,0,0,0,0,0,0,0,0,0,0,0,0,0,1,0,0,0,0,1,0,1,0,0,1,0,0
female,PEL,EAS,0,1,0,0,0,0,2,0,0,1,1,0,1,0,0,0,2,2,0,0,0,2,0,1,0,0,0,0,0,0,0,0,0,1,0,0,0,2,0,0,0,1,2,0,0,0,0,1,0,0
male,CHS,EUR,0,2,0,0,0,0,2,0,0,0,0,0,2,0,0,0,1,1,0,0,0,2,0,0,0,0,0,0,0,0,0,0,0,1,0,0,0,0,0,0,2,0,1,0,0,0,2,1,0,0
female,ESN,EAS,0,2,1,0,0,0,2,0,0,0,0,0,2,1,0,0,2,0,0,1,0,2,0,0,0,0,0,0,0,0,0,0,0,1,0,0,0,0,0,0,0,1,2,0,0,0,1,1,0,0
male,PUR,EUR,0,1,1,0,0,0,2,0,0,0,0,0,2,0,0,0,1,0,0,0,1,2,0,0,0,0,0,0,0,0,0,0,0,1,1,0,0,0,0,0,0,1,2,0,0,0,2,1,0,0
male,ESN,EUR,0,0,1,1,0,0,2,0,1,0,0,0,2,2,0,0,2,1,0,0,1,2,0,0,0,0,1,0,1,0,0,0,0,1,0,0,0,2,0,0,0,2,2,0,0,0,2,1,1,0
male,PUR,EAS,0,2,0,1,0,0,2,0,0,0,0,2,2,0,0,0,2,0,0,0,0,1,0,0,0,0,1,0,0,0,0,0,0,0,1,0,0,0,0,0,1,2,2,0,0,0,1,2,2,1
male,CHS,AMR,0,1,0,0,0,0,2,0,1,0,0,0,2,0,0,1,1,1,0,2,0,1,0,0,0,0,0,0,0,0,1,0,0,1,1,0,0,1,0,0,1,0,1,0,0,0,2,1,0,0
female,LWK,AFR,0,2,1,0,0,1,2,0,0,0,0,0,2,0,0,0,2,0,0,0,0,2,0,2,1,0,0,0,0,0,1,0,0,0,0,0,0,1,1,0,1,2,2,0,1,0,2,1,0,0
female,GBR,EAS,0,2,1,0,0,0,2,0,0,1,1,0,2,0,0,0,2,0,0,0,0,2,0,0,0,0,1,0,0,0,0,0,0,0,0,0,0,0,0,0,1,2,2,0,0,0,0,2,0,0
female,ITU,EAS,0,0,0,0,0,0,2,0,0,0,0,2,2,0,0,0,2,1,0,0,0,1,0,0,0,0,1,0,1,0,0,0,0,0,0,0,1,0,0,0,1,1,1,0,0,0,1,1,0,0
male,BEB,AFR,0,2,1,0,0,1,2,0,0,0,0,0,2,1,0,0,1,1,0,0,0,1,0,0,0,1,1,0,0,0,0,0,0,0,1,0,0,0,0,0,2,0,0,0,0,0,2,1,0,0
male,CDX,EAS,0,0,2,0,0,0,2,0,0,0,0,1,2,1,1,0,1,2,0,2,0,2,0,0,0,0,0,0,0,0,0,1,0,1,0,0,0,0,0,0,0,1,0,0,0,0,1,1,0,0
male,ASW,EAS,0,2,0,0,1,0,2,0,0,0,0,0,2,0,0,0,1,0,0,2,0,2,0,0,0,0,0,0,0,0,0,0,1,1,1,0,0,2,0,0,1,0,1,0,0,0,0,2,1,0
male,JPT,AFR,0,2,1,0,0,0,2,0,0,0,0,0,2,0,0,0,1,1,0,0,0,2,1,1,0,0,0,0,0,0,0,0,0,0,1,0,0,0,0,0,1,1,1,0,0,0,2,1,0,0
male,GIH,EAS,0,1,0,0,0,0,2,0,0,0,0,0,2,0,0,0,1,0,0,0,0,2,0,1,0,0,0,0,0,0,0,0,0,0,0,0,0,2,0,0,0,0,2,0,0,0,0,2,0,0
male,GIH,AFR,0,0,1,0,0,0,2,0,0,0,0,0,2,0,0,0,2,0,0,1,0,2,0,0,0,0,0,0,0,0,0,0,1,0,0,0,0,2,0,0,2,1,1,0,0,0,0,0,1,0
female,ITU,EUR,0,2,0,0,0,0,2,0,0,0,0,0,2,1,0,0,1,0,0,1,0,2,0,0,0,0,1,0,0,0,0,0,0,1,0,0,0,2,0,0,0,0,2,0,1,0,0,2,0,0
male,PJL,AFR,0,2,0,0,0,0,2,0,0,0,0,0,2,1,0,0,2,0,0,0,1,2,0,0,0,0,1,0,1,0,0,0,1,0,1,1,0,2,0,0,0,0,1,1,0,0,0,2,0,0
male,STU,AFR,0,2,2,0,0,0,2,0,0,0,0,0,2,0,0,0,2,0,0,0,2,2,0,0,1,0,0,0,0,0,0,0,1,0,0,0,0,1,0,0,1,0,1,0,0,0,1,1,0,0
female,ITU,AFR,0,1,1,1,0,0,2,0,0,0,0,0,1,0,0,0,1,0,0,2,0,2,0,0,0,0,0,0,0,0,0,0,0,1,0,0,0,1,0,0,1,1,1,0,0,0,0,2,0,0
male,ITU,AFR,0,2,0,0,0,1,2,0,0,0,0,1,2,0,0,0,2,0,0,1,0,2,0,0,0,0,0,0,0,0,0,0,0,2,0,0,0,1,1,0,2,0,1,0,0,0,2,1,1,0
female,PUR,AFR,0,0,1,0,0,0,2,0,0,0,0,1,2,0,0,0,2,0,0,2,0,1,0,0,0,0,0,0,0,0,0,0,0,1,1,1,0,0,0,0,1,0,1,0,1,0,2,1,0,0
male,IBS,EAS,0,1,0,0,0,0,2,0,0,0,0,0,1,2,0,0,2,0,0,2,1,1,0,0,0,0,0,0,0,0,0,0,0,1,0,0,0,2,0,0,1,0,2,0,0,0,2,2,0,0
male,STU,AFR,0,0,0,0,0,0,2,0,0,0,0,1,2,0,0,1,1,1,0,0,0,2,0,0,0,0,2,1,0,0,0,0,0,0,1,0,0,0,0,0,0,2,2,0,0,0,0,2,0,0
male,LWK,AFR,0,2,0,0,0,0,2,0,0,0,2,1,2,1,0,0,0,2,0,0,0,1,0,0,0,0,1,0,0,0,1,0,0,1,2,1,0,1,0,0,1,1,1,0,1,0,0,1,0,0
male,ACB,SAS,0,1,2,1,0,0,2,0,0,0,2,0,2,2,1,0,2,2,0,2,0,2,0,0,0,0,2,0,1,0,0,0,0,0,0,0,0,1,0,0,1,1,1,0,1,0,0,1,0,0
male,CEU,AFR,0,1,0,0,0,0,2,0,0,0,0,0,2,0,1,0,2,0,0,0,0,2,0,0,0,0,0,0,0,0,0,0,0,1,2,0,0,1,0,0,0,1,1,0,0,0,2,0,0,0
female,CLM,AMR,0,0,0,0,0,0,2,0,0,0,0,0,2,0,1,0,1,0,0,0,0,2,0,0,0,0,0,0,0,1,0,1,0,0,0,0,0,1,0,0,1,1,0,0,0,0,2,2,0,0
male,TSI,EUR,0,0,0,0,0,0,2,0,1,0,1,1,1,0,0,0,1,0,0,0,0,1,0,0,0,0,0,0,0,1,0,0,0,0,2,0,0,2,0,0,0,0,0,2,0,0,0,2,0,0
male,CHB,AFR,0,1,0,1,0,0,2,0,1,0,0,0,2,0,2,0,1,0,0,2,0,2,0,0,0,0,1,0,0,0,0,0,0,1,1,0,0,1,0,0,2,0,2,0,0,0,1,2,0,0
male,BEB,EAS,0,0,0,0,0,0,2,0,1,0,0,1,2,0,0,0,2,0,0,0,1,2,0,0,0,0,1,0,1,0,0,0,0,1,0,0,0,2,0,0,0,0,1,0,0,0,0,1,0,0
male,ESN,AFR,0,2,1,0,0,1,2,0,0,0,0,1,2,0,0,0,1,0,0,1,1,2,0,0,1,0,0,0,0,1,0,0,0,1,1,0,0,0,0,0,0,0,2,0,0,0,0,1,1,0
female,GIH,SAS,0,0,0,0,0,1,2,0,0,0,0,1,2,0,0,0,1,0,0,0,0,2,0,0,0,0,0,0,0,0,0,0,0,0,1,1,0,2,0,0,1,1,2,0,0,0,2,1,1,0
female,ESN,EAS,0,1,0,0,0,0,2,0,0,0,0,0,2,0,0,0,2,1,0,2,1,2,0,1,0,0,0,0,1,0,0,0,0,0,0,0,0,2,0,0,2,1,1,0,0,0,1,0,1,0
female,ACB,EAS,0,1,0,0,0,0,2,0,0,0,0,0,2,2,0,0,2,0,0,0,0,2,0,0,0,0,0,0,0,0,0,0,0,1,0,1,0,0,0,0,0,1,1,0,0,0,2,0,0,0
male,LWK,EUR,0,0,0,0,0,1,2,0,0,0,0,0,2,2,0,0,2,1,0,0,0,2,0,0,0,0,0,1,0,0,0,0,0,2,0,0,0,2,0,0,2,0,2,0,0,0,1,1,0,0
male,ESN,SAS,0,2,0,0,0,0,2,0,0,0,0,0,2,0,0,0,2,0,0,0,0,2,0,0,0,0,0,0,0,0,0,0,0,1,0,0,0,1,0,0,1,0,2,0,0,0,1,1,0,0
male,ESN,AMR,0,2,1,0,0,0,2,0,0,0,0,0,2,0,0,0,1,2,0,1,0,1,0,1,0,0,1,0,1,0,0,0,1,1,0,0,0,0,0,0,0,0,0,0,0,0,2,2,0,0
female,PEL,AFR,0,1,1,0,0,1,2,0,0,0,0,1,2,2,0,1,2,0,0,0,0,2,0,0,0,0,0,0,1,0,0,0,0,1,1,0,0,1,0,0,2,1,2,0,0,0,2,1,0,0
male,CHB,AMR,0,1,1,0,0,1,2,0,1,0,0,2,2,2,0,0,1,0,0,1,1,1,0,0,0,0,0,0,0,0,0,0,0,0,0,0,0,1,0,0,2,0,2,0,0,0,1,2,0,0
male,CDX,AMR,0,2,0,0,0,0,2,0,1,0,0,0,2,0,0,0,1,1,0,0,0,2,0,0,0,0,1,0,0,0,0,2,0,0,1,0,0,0,0,0,1,1,1,0,0,0,1,2,0,1
female,ITU,AFR,0,2,0,0,0,1,2,1,0,0,0,2,1,0,0,0,1,1,0,1,0,2,0,0,0,0,0,0,0,0,0,0,0,1,0,0,0,0,0,0,1,1,2,0,0,0,1,2,0,0
female,PUR,AFR,0,0,0,0,0,1,2,0,0,0,0,1,2,1,0,1,2,0,0,1,0,2,0,0,0,0,0,0,0,0,0,0,0,1,1,0,0,2,0,0,1,0,1,0,0,0,2,2,0,0
male,ITU,AFR,0,2,0,0,0,0,2,0,0,0,0,0,2,0,0,0,2,0,0,0,0,2,0,0,0,0,0,0,0,0,0,0,1,1,1,0,0,2,0,0,1,1,1,0,0,0,1,1,0,0
male,ITU,AFR,0,2,0,0,0,0,2,0,0,0,0,2,2,0,0,0,2,1,0,2,0,2,0,0,0,0,0,0,0,0,0,0,0,2,0,0,0,0,0,0,1,0,0,0,0,0,0,1,1,0
female,CEU,EUR,0,0,2,0,0,1,2,0,0,0,0,0,2,0,1,0,2,0,0,0,0,2,0,0,0,0,0,0,0,0,0,0,0,0,1,0,0,0,0,0,1,0,2,0,1,0,2,1,0,0
female,ITU,SAS,0,2,0,0,0,0,2,1,0,1,0,2,2,0,0,0,1,0,0,0,0,2,0,0,0,0,0,0,0,0,0,1,0,2,0,0,0,1,0,0,0,0,1,0,0,0,2,1,0,0
male,PUR,AFR,0,1,2,1,0,0,2,0,0,1,0,0,2,2,0,0,2,1,0,1,0,2,0,1,0,0,1,0,0,0,1,0,0,1,0,0,0,0,0,1,0,1,2,0,1,0,1,1,0,1
male,GIH,AFR,0,0,1,0,0,0,2,0,0,0,0,2,2,0,0,0,1,2,0,2,0,2,0,0,1,0,0,0,0,0,0,0,0,1,0,0,0,0,0,0,1,0,1,0,0,0,1,1,0,0
male,PJL,EAS,0,2,1,0,0,0,2,0,0,0,0,1,2,0,0,0,1,1,0,1,0,2,0,0,0,0,1,0,0,0,0,0,1,1,0,0,0,1,0,0,0,2,2,0,1,0,0,1,0,0
female,LWK,EUR,0,0,2,0,0,1,2,0,0,1,0,0,2,0,0,0,1,0,0,0,0,2,0,1,0,0,1,0,0,0,1,0,0,1,0,0,0,2,0,0,0,0,1,0,0,0,2,1,0,0
female,ESN,SAS,0,2,0,1,0,0,2,0,0,0,0,2,2,0,0,0,2,0,0,0,1,2,0,0,0,0,1,0,0,0,0,0,0,0,0,0,0,2,0,0,1,1,1,0,0,0,0,2,0,0
male,CHS,SAS,0,1,0,0,0,1,2,0,0,0,0,1,2,0,1,0,2,1,0,0,0,2,0,0,0,0,0,0,0,0,0,1,0,0,0,0,0,0,0,0,2,1,1,0,0,0,0,1,0,0
male,TSI,AFR,0,2,0,0,0,0,2,0,0,0,1,0,2,0,0,0,1,0,0,0,0,2,0,1,0,0,0,0,0,0,0,0,0,1,1,0,0,1,0,0,0,0,2,0,0,0,2,1,0,0
male,CHS,AFR,0,2,0,0,0,1,2,0,0,0,0,0,2,1,0,1,2,1,0,0,0,2,0,0,0,0,0,0,0,0,0,0,0,1,0,1,0,1,0,0,1,1,1,0,0,0,0,1,1,0
female,LWK,AFR,0,0,0,0,1,0,2,0,0,0,0,0,1,0,0,0,1,0,1,0,0,2,0,0,0,0,0,0,0,0,0,1,1,0,0,0,0,0,0,0,0,1,1,0,0,0,0,1,0,0
female,ASW,EUR,0,1,0,0,0,1,2,0,0,0,0,0,2,0,0,0,2,1,0,1,0,2,0,0,0,0,0,0,1,0,0,0,0,2,0,0,0,0,0,0,0,0,1,0,0,0,1,1,0,0
male,GIH,EAS,0,2,0,0,0,1,2,0,0,0,0,0,1,0,1,0,2,0,0,1,0,2,0,0,0,0,0,0,0,0,0,0,0,1,0,0,0,0,0,0,1,0,1,0,0,0,0,0,0,0
female,CEU,AMR,0,1,0,1,0,0,2,0,0,0,0,1,2,1,0,0,1,0,0,0,0,1,0,0,0,0,0,0,0,0,0,0,1,1,0,0,0,2,0,0,0,0,2,0,2,0,1,2,1,0
male,JPT,EUR,1,0,1,0,0,0,2,0,0,0,0,1,2,0,0,0,0,0,0,2,1,2,0,0,0,0,0,0,0,0,0,0,1,0,0,0,0,0,2,0,1,0,2,0,0,0,1,0,0,1
female,JPT,AFR,0,1,0,0,0,1,2,0,1,0,2,1,2,1,0,0,1,0,0,2,0,1,0,1,0,0,0,0,0,0,0,0,0,2,1,2,0,2,0,0,2,1,1,0,0,0,1,1,0,1
female,MXL,AFR,0,2,1,0,0,0,1,0,0,0,0,2,2,1,0,0,2,1,0,1,0,1,0,0,0,0,1,0,0,0,0,1,1,0,1,1,0,0,0,0,1,0,2,0,0,0,2,2,0,0
male,PUR,EUR,0,1,2,0,0,0,2,0,0,0,0,0,2,0,0,0,2,0,0,1,0,2,0,0,0,0,0,0,0,0,1,0,0,1,0,0,0,0,0,0,1,1,2,0,0,0,0,1,1,0
male,MSL,AFR,0,1,0,0,0,0,2,0,0,1,0,0,2,0,0,0,1,0,0,1,0,2,0,0,0,0,1,0,1,0,0,0,0,0,2,2,0,2,0,0,1,2,2,0,0,0,0,2,0,0
male,MSL,EUR,0,2,2,0,0,0,2,0,0,0,1,0,1,2,2,0,2,0,0,1,1,2,1,0,1,0,2,0,0,0,0,1,0,2,0,0,0,0,0,0,1,0,0,0,0,0,2,1,0,0
female,ACB,SAS,0,2,0,0,0,0,2,0,0,0,0,0,2,0,0,0,1,0,0,0,0,2,0,0,0,0,0,0,0,0,0,0,1,2,1,0,0,2,0,0,1,1,2,0,0,0,0,0,0,0
female,CHB,AFR,0,2,1,0,0,0,2,0,0,0,0,0,2,1,0,0,2,0,0,0,0,2,0,0,0,0,0,0,1,0,1,0,0,1,1,1,0,0,0,0,1,0,2,0,0,0,2,2,0,0
female,CHS,EAS,0,1,1,0,0,0,2,0,2,0,0,0,1,0,0,0,1,1,0,0,0,1,0,0,0,0,1,0,0,0,0,0,1,0,2,0,0,0,0,0,1,0,0,0,0,0,0,2,0,0
female,CLM,AFR,0,1,2,0,0,0,2,0,0,0,1,1,2,0,0,1,1,1,0,0,0,2,0,0,0,0,1,0,0,0,2,0,0,1,1,0,0,1,0,0,1,1,1,0,1,0,1,1,0,0
female,YRI,AFR,1,2,2,0,0,0,2,0,1,0,0,0,2,2,1,0,1,0,0,0,0,1,0,0,0,0,1,0,1,0,1,1,0,1,0,0,0,1,1,0,1,1,0,1,0,0,1,2,1,1
male,STU,EUR,0,2,2,1,0,0,2,0,0,1,0,1,1,0,0,0,2,0,0,0,1,2,0,0,1,0,1,0,0,0,0,0,0,0,1,0,0,2,0,0,0,0,2,0,0,0,0,1,0,0
male,STU,AFR,0,2,0,2,0,0,2,0,0,0,0,1,2,0,0,0,2,0,0,1,0,2,0,0,0,0,0,0,0,0,1,0,0,0,0,0,0,1,0,0,1,1,2,0,0,0,2,0,0,1
male,CLM,SAS,0,1,2,1,0,0,2,0,0,0,0,1,2,0,0,0,1,0,0,2,0,2,0,0,0,0,0,0,1,0,0,0,0,1,0,0,0,2,0,0,0,0,1,0,0,0,1,1,1,1
male,ITU,AFR,0,0,0,0,0,0,2,0,1,0,0,1,2,0,0,1,2,0,0,0,1,1,0,0,0,0,0,0,1,0,0,0,0,1,0,0,0,0,0,0,1,0,1,0,0,0,2,1,0,0
male,ACB,EAS,0,1,1,0,0,0,2,0,1,0,0,0,1,0,0,0,1,0,0,1,0,2,0,0,0,0,0,0,0,0,0,1,0,1,0,0,0,0,0,0,1,0,2,0,0,0,1,1,0,0
male,MXL,EUR,0,2,1,0,0,0,2,0,1,0,0,0,2,0,0,0,1,0,0,1,1,2,0,0,1,0,1,0,0,0,0,0,0,0,2,0,0,0,0,0,1,2,1,0,1,0,0,2,0,0
male,MSL,AMR,0,0,0,0,0,0,2,0,0,0,0,0,2,0,0,0,1,1,0,0,0,2,0,0,0,0,0,0,0,0,0,0,0,1,0,0,0,0,0,0,1,0,1,0,0,0,1,1,0,0
female,ITU,EUR,0,2,2,0,0,0,2,0,0,0,0,0,2,1,0,1,1,0,2,1,0,2,0,2,0,0,0,0,0,2,0,0,0,2,2,0,0,2,0,0,1,0,1,0,0,0,0,1,1,0
female,LWK,EAS,0,0,0,0,0,2,2,0,0,0,0,0,2,0,1,0,1,1,0,0,0,1,0,0,0,0,0,0,0,0,0,0,0,1,0,0,0,0,0,0,1,1,2,0,0,0,2,2,1,0
female,FIN,SAS,0,1,1,0,0,0,2,0,1,0,0,1,2,0,0,0,2,0,0,0,0,2,0,0,1,0,1,0,0,0,1,0,0,2,1,0,0,1,1,0,1,1,0,0,0,0,1,1,0,0
female,CHB,EUR,0,0,1,0,0,1,2,0,0,0,1,1,2,2,0,0,2,1,0,2,0,2,0,0,0,0,0,0,0,0,0,0,0,2,0,0,0,0,0,0,1,1,2,0,1,0,1,0,0,0
male,PJL,AFR,0,0,1,0,0,0,2,0,0,0,0,1,2,0,0,0,2,0,0,1,0,2,0,0,0,0,0,0,1,0,0,0,0,0,0,0,0,2,0,0,1,0,2,0,1,0,0,1,0,0
female,CHS,AMR,0,2,1,0,0,0,1,0,0,0,0,0,2,0,0,0,2,0,0,0,0,2,0,0,0,0,1,0,0,0,0,0,0,1,1,0,0,1,0,0,0,0,0,0,0,0,2,1,0,0
male,CLM,EUR,1,0,0,0,0,0,2,0,0,0,1,2,2,0,0,0,1,0,0,2,0,1,0,1,0,0,0,0,0,0,1,0,0,1,0,0,0,0,0,0,1,0,0,0,1,0,2,1,0,0
male,ASW,EUR,0,0,0,0,0,0,2,0,1,0,0,0,2,0,0,1,1,0,0,1,0,2,0,0,0,0,0,0,0,0,0,0,0,1,2,0,0,0,0,0,1,1,2,0,1,1,0,1,0,0
male,CHS,EAS,0,2,1,1,0,0,2,0,0,1,0,1,2,2,1,0,1,0,0,0,0,2,0,0,1,0,0,0,0,1,1,0,1,0,0,0,0,1,0,0,1,1,1,0,0,1,1,1,1,0
male,FIN,AFR,0,2,0,0,0,1,2,0,0,0,1,1,2,1,0,0,2,0,0,0,0,2,0,0,0,0,0,0,0,0,0,0,0,1,1,1,0,0,0,0,1,0,2,0,0,0,1,1,0,0
female,ACB,EUR,0,0,1,0,0,0,2,0,0,0,1,0,2,0,0,0,1,1,0,0,1,2,0,0,0,0,0,0,0,0,0,0,1,0,0,1,0,2,1,0,1,0,2,0,1,0,2,2,0,0
male,CHB,EUR,0,2,1,0,0,1,2,0,0,0,0,0,2,0,0,0,1,0,0,0,0,2,0,1,0,0,0,0,0,0,0,0,0,0,0,0,0,0,0,0,1,0,1,0,0,0,1,1,0,0
male,CDX,AFR,1,2,1,1,0,1,2,0,0,0,0,1,2,1,0,0,2,1,0,2,0,2,1,0,0,0,0,0,0,0,0,0,0,1,0,0,0,1,0,0,1,2,2,0,1,0,1,2,0,0
male,ITU,AFR,0,2,0,0,0,0,2,0,0,0,0,0,2,1,0,0,2,1,0,0,0,2,0,0,0,0,0,0,0,0,0,1,0,1,1,0,0,2,0,0,0,0,2,0,0,0,2,1,0,0
male,CHB,AFR,0,0,0,0,0,0,2,0,0,0,0,1,1,2,0,0,2,1,0,1,0,1,0,0,0,0,1,0,0,0,0,0,1,1,1,0,0,2,0,0,1,1,0,0,0,0,1,1,1,0
female,ITU,EUR,0,1,1,1,0,0,2,0,0,1,0,1,2,1,0,0,1,1,0,0,0,2,0,0,0,0,1,0,0,0,0,0,0,0,1,0,0,2,0,0,1,1,1,0,0,0,1,1,1,0
male,JPT,EAS,0,2,0,0,0,1,2,0,0,0,1,1,2,0,0,0,2,0,0,2,0,2,0,0,1,0,1,0,0,0,0,0,0,0,1,1,0,2,0,0,1,0,2,0,0,0,2,2,0,0
female,PUR,AFR,0,1,1,0,0,0,2,0,0,0,0,1,2,1,0,0,1,0,0,0,0,2,0,1,1,0,1,0,1,0,1,0,0,1,0,0,0,2,1,0,1,1,2,0,0,0,0,1,0,0
male,YRI,EAS,0,0,0,0,0,0,2,0,0,0,0,0,2,0,0,0,1,0,0,0,1,2,0,1,0,0,2,0,0,0,1,0,0,0,0,0,0,1,0,0,1,0,1,0,0,0,0,2,1,0
male,TSI,EUR,0,0,0,1,0,0,2,0,0,0,0,0,2,0,0,0,2,0,0,0,0,2,0,0,0,0,0,0,0,0,1,0,0,1,0,0,0,2,0,0,1,0,1,0,0,0,0,1,0,0
male,ITU,SAS,0,2,0,0,0,0,2,0,0,0,0,0,2,1,1,0,1,0,0,0,0,2,0,0,0,0,0,0,0,0,1,0,0,2,1,0,0,0,0,0,1,0,0,0,0,0,2,2,0,0
female,STU,EAS,0,2,0,0,0,0,2,0,0,0,0,0,2,0,1,0,2,1,0,0,2,0,0,0,1,0,0,0,0,0,0,0,0,0,1,2,0,2,0,0,0,0,2,0,0,0,2,1,0,0
male,CHB,SAS,0,1,0,0,0,0,2,0,1,0,0,0,1,0,0,0,1,0,0,0,0,2,0,0,0,0,2,0,0,0,0,0,0,0,0,0,0,1,0,0,2,1,2,0,0,0,0,1,0,0
male,CEU,AFR,0,0,2,0,0,0,2,0,0,0,0,2,2,2,0,0,1,0,0,0,0,2,0,0,0,0,1,0,0,0,0,0,0,0,0,0,1,0,0,0,0,1,2,0,1,0,0,1,0,0
female,CEU,EUR,0,1,0,0,0,0,2,0,0,0,0,0,2,1,0,0,2,0,0,0,0,2,0,0,0,0,0,0,1,0,1,0,0,0,0,0,0,1,0,0,1,0,1,0,0,0,1,2,0,1
male,ESN,EAS,0,1,0,0,0,0,2,0,0,0,0,1,2,0,0,0,2,1,0,1,0,2,0,0,0,0,0,0,0,0,0,0,1,0,0,0,0,2,0,0,0,2,1,0,0,0,0,1,0,0
female,PUR,SAS,0,2,0,1,0,0,2,0,0,0,0,0,0,0,0,0,1,0,0,0,1,2,0,1,0,0,0,0,0,0,0,0,0,1,1,0,0,1,0,0,1,0,0,0,0,0,0,2,0,0
male,CHS,AMR,0,2,2,0,0,0,2,0,1,0,1,2,2,2,0,0,2,1,0,1,0,1,0,0,0,0,0,0,0,0,0,1,0,2,0,0,1,1,0,0,0,0,2,1,0,0,1,2,0,0
male,GIH,AFR,0,2,0,0,0,0,2,0,0,0,1,2,2,0,0,0,1,1,0,1,2,2,0,0,0,0,0,0,0,0,1,0,0,1,1,0,0,2,0,0,1,0,2,0,0,0,2,1,1,0
female,GWD,AFR,0,0,0,0,0,0,2,0,0,0,0,0,2,0,1,0,1,0,0,0,1,2,0,0,0,0,0,0,0,0,1,0,0,0,0,0,0,0,0,0,1,0,1,0,0,0,0,2,0,0
male,LWK,AFR,0,2,1,0,0,0,2,0,1,0,0,2,2,0,1,0,1,0,0,0,0,2,0,0,0,0,0,0,0,0,1,0,0,0,0,0,0,1,0,0,1,1,2,0,1,0,0,2,0,0
female,BEB,EAS,0,2,1,0,0,1,2,0,0,0,0,0,2,0,0,0,1,0,0,0,0,1,0,0,1,0,0,1,0,0,0,0,0,2,0,0,0,0,0,0,1,0,0,0,0,0,0,1,0,1
female,BEB,EAS,0,1,0,0,0,0,2,0,0,0,0,1,2,0,0,0,2,0,0,0,0,1,0,0,0,0,0,0,0,0,0,0,0,1,1,0,0,0,0,0,0,0,0,0,0,0,2,2,0,0
male,BEB,SAS,0,0,0,0,0,0,2,0,1,0,0,0,2,0,0,0,2,1,0,2,0,2,0,1,1,0,0,0,0,0,0,1,1,0,1,1,0,2,0,0,1,1,1,0,0,0,0,0,0,0
female,JPT,SAS,0,0,1,0,0,0,2,0,0,0,0,0,1,0,1,0,1,0,0,2,1,2,0,1,0,0,0,0,0,0,0,0,0,0,0,0,0,2,0,0,0,0,1,0,0,0,0,2,1,0
female,ITU,AFR,0,2,0,0,0,1,1,0,0,0,0,0,2,0,0,0,1,1,0,2,0,2,0,0,0,0,1,0,0,0,0,0,0,1,0,0,0,1,0,0,2,0,2,0,0,0,2,2,0,0
male,PJL,AFR,0,2,0,1,0,0,2,0,1,0,0,1,1,1,0,0,2,0,0,0,1,1,0,0,0,1,0,0,1,0,0,0,0,1,2,0,0,1,0,0,0,0,2,0,0,0,1,1,0,0
male,FIN,SAS,0,1,0,0,0,0,2,0,0,0,0,0,1,0,0,0,2,0,0,1,0,2,0,0,0,0,0,1,1,0,0,0,0,1,1,1,0,1,0,0,2,1,1,0,0,0,1,0,0,0
female,ESN,AFR,0,2,0,0,0,0,2,0,0,0,0,0,2,1,1,1,1,0,0,0,0,2,0,0,0,0,1,0,0,0,1,0,1,1,0,0,0,0,0,0,0,0,1,0,0,0,0,2,1,0
male,ITU,SAS,0,1,1,0,0,1,2,0,0,0,0,0,2,0,0,0,1,0,0,1,0,1,0,0,0,0,0,0,0,0,0,0,0,0,0,0,0,0,0,0,1,1,0,0,1,0,1,1,1,0
female,PUR,EAS,0,2,0,1,0,0,2,0,0,0,0,0,2,1,0,0,2,0,0,1,0,2,0,0,0,0,1,0,1,1,0,0,0,2,0,0,0,0,0,0,2,0,2,0,0,0,0,2,0,0
male,GIH,EAS,0,1,0,0,0,1,2,0,1,0,0,2,1,0,0,0,1,0,0,0,0,2,0,0,0,2,1,0,0,0,0,0,0,2,1,0,0,0,1,0,0,0,1,0,0,0,1,1,0,0
male,MSL,EUR,0,1,0,0,0,0,2,0,0,0,0,2,2,0,0,0,0,1,0,0,1,2,0,1,0,0,0,0,0,0,0,0,0,0,0,0,0,2,0,0,1,0,2,0,0,0,2,2,0,1
male,LWK,EUR,0,1,0,1,0,0,2,0,0,0,0,1,2,0,0,0,1,0,0,1,0,2,0,0,0,0,0,0,1,0,0,0,1,1,1,0,0,0,0,0,1,0,2,0,0,0,0,1,0,0
male,CEU,EUR,0,0,1,0,0,1,2,0,1,1,0,0,2,0,0,0,0,0,0,0,0,2,0,0,1,1,0,0,0,0,0,0,0,1,1,0,0,1,0,0,2,0,2,0,0,0,2,1,0,0
female,BEB,AFR,0,1,1,0,0,0,2,0,1,1,0,0,1,0,0,0,1,0,0,2,0,2,0,0,0,0,1,0,0,0,1,0,0,1,1,0,0,1,0,0,1,0,1,0,0,0,1,1,0,0
male,KHV,AMR,0,0,2,0,0,0,1,0,1,0,2,0,2,0,0,0,2,1,0,0,0,2,0,0,0,0,0,0,0,0,0,0,0,1,1,0,0,1,0,0,1,2,1,0,1,0,2,1,0,0
male,GIH,SAS,0,0,1,0,0,1,2,0,1,0,0,0,2,1,0,0,1,0,0,0,0,2,0,0,0,0,1,0,0,0,0,0,0,0,1,1,0,0,0,0,1,0,2,0,0,0,1,2,0,0
female,STU,AFR,0,2,1,0,0,0,2,0,0,0,0,1,2,0,0,0,0,0,0,0,0,2,0,0,1,0,0,0,0,0,0,0,0,0,1,0,0,2,0,0,1,1,0,0,0,0,2,2,0,0
male,ASW,EAS,0,0,1,0,0,0,2,0,0,0,0,0,2,0,0,0,2,1,0,1,0,2,0,0,0,0,1,0,0,0,0,1,0,0,0,0,0,0,0,0,0,0,2,0,1,0,1,1,0,0
female,CHB,EUR,0,2,1,0,0,0,2,0,0,0,0,0,1,0,0,0,1,0,0,2,0,2,0,0,0,0,1,0,0,0,2,0,0,1,1,0,0,2,0,0,2,0,2,0,0,0,2,0,0,0
male,ESN,EAS,0,2,1,0,0,0,2,1,0,0,0,0,2,0,0,0,2,0,0,1,0,2,0,0,0,0,0,0,0,0,0,0,0,0,1,0,0,1,0,1,1,0,2,0,0,0,2,2,0,0
male,LWK,AMR,0,2,0,1,0,0,2,0,0,0,1,0,2,0,0,1,1,0,0,1,1,2,0,0,0,0,0,0,0,1,1,0,0,0,1,0,0,2,0,0,0,1,1,0,1,0,0,1,0,0
male,MSL,AFR,0,2,1,0,0,0,2,0,0,0,0,1,2,0,0,0,2,0,0,0,0,1,0,0,0,0,0,0,2,0,0,1,0,1,0,0,0,2,0,0,0,0,1,0,0,0,2,0,0,0
female,IBS,AMR,0,1,0,0,0,0,2,0,0,0,1,0,2,0,0,0,2,1,0,1,1,2,0,2,0,0,0,0,0,0,0,0,1,2,0,0,0,2,0,0,1,2,2,0,0,1,1,0,1,0
male,GIH,EAS,0,1,1,0,0,0,2,0,0,0,0,1,2,0,0,0,1,1,0,0,2,2,0,0,0,0,0,0,0,0,0,0,0,1,0,0,0,2,0,0,1,0,0,0,1,0,2,1,0,0
female,PUR,EUR,1,1,0,0,0,1,1,0,0,0,1,0,1,0,0,0,1,1,0,0,0,2,0,0,0,0,0,0,0,0,0,0,0,1,2,0,0,0,0,0,0,2,2,0,2,0,0,2,1,0
male,TSI,AFR,1,2,0,0,0,0,2,0,1,0,0,1,2,2,0,0,2,1,0,1,0,2,0,0,1,0,0,0,0,0,1,0,0,0,0,0,0,1,0,0,1,0,1,0,1,0,1,1,1,1
male,GWD,AFR,0,2,0,0,0,1,2,0,0,0,0,1,2,0,0,0,0,0,0,0,1,2,0,0,0,0,0,0,1,0,0,0,0,1,1,1,0,0,0,0,2,0,0,0,1,1,0,1,0,0
female,ITU,EAS,0,0,0,0,0,1,2,0,0,0,0,0,2,2,0,0,2,0,0,2,1,2,0,0,0,0,2,0,0,0,0,0,1,1,0,1,0,2,0,0,1,1,2,0,1,0,2,2,0,0
female,IBS,EAS,1,0,1,0,0,0,2,0,0,0,0,0,1,0,0,0,2,1,0,0,0,1,1,0,0,0,2,0,0,0,0,1,0,1,0,2,0,1,0,0,2,0,0,0,0,0,2,2,0,0
male,ITU,SAS,0,2,0,0,0,0,2,0,0,0,0,0,2,0,0,1,2,0,0,1,0,2,0,1,0,0,0,0,0,0,0,1,0,2,0,0,0,2,0,0,1,1,1,0,0,0,2,2,0,0
female,FIN,EUR,0,2,0,0,0,0,1,0,1,0,0,1,2,0,0,0,1,1,1,2,0,2,0,0,0,0,2,0,0,0,0,0,0,0,2,0,0,2,0,0,2,2,0,0,0,0,0,2,0,0
male,ITU,AFR,0,0,2,0,0,0,2,0,0,0,0,1,2,0,0,1,1,0,0,0,0,2,0,0,0,0,0,0,0,0,0,0,0,0,0,0,0,2,0,0,1,0,1,0,0,0,1,1,0,0
female,CHB,EAS,0,2,0,0,0,0,2,0,0,0,0,0,2,0,2,0,1,1,0,1,0,2,0,0,0,0,1,0,0,0,0,0,0,2,0,0,0,2,0,0,2,0,0,0,0,0,2,0,0,0
male,YRI,AFR,0,2,0,0,0,0,2,0,0,1,0,0,2,0,0,0,1,0,0,1,0,0,0,0,1,0,0,0,0,0,0,0,0,1,0,0,0,0,0,0,0,0,2,0,0,0,0,2,0,0
female,ACB,SAS,0,2,0,0,0,0,2,0,0,0,0,1,2,0,0,0,1,1,0,0,1,0,0,0,0,0,0,0,1,0,0,1,0,0,0,0,0,0,0,0,1,1,2,0,1,0,2,1,1,0
male,ESN,EAS,0,0,0,0,0,0,2,0,0,0,0,0,2,0,0,0,2,0,0,1,0,1,0,1,0,0,1,0,0,0,1,0,0,1,2,0,0,1,0,1,1,1,1,0,1,0,2,0,0,0
male,GIH,AMR,0,2,1,1,0,0,2,0,0,0,0,0,2,2,0,1,1,0,0,0,0,2,0,1,0,0,0,0,0,0,0,0,0,0,0,0,0,0,0,0,2,1,2,0,0,0,2,1,0,0
female,ACB,AFR,0,1,1,0,0,1,2,0,0,0,0,0,2,0,0,0,0,0,0,0,1,2,0,0,0,1,0,0,0,0,1,0,0,0,1,0,0,0,0,0,1,0,0,0,1,0,0,2,1,0
female,GBR,EAS,0,2,2,0,0,0,2,0,0,0,0,0,2,0,0,0,1,0,0,0,1,2,0,0,0,0,0,0,0,0,0,0,1,1,1,0,0,2,0,0,1,1,1,1,0,0,2,2,0,0
female,ESN,AFR,0,1,0,0,0,0,2,0,1,0,0,1,2,0,0,0,2,1,0,0,0,2,0,0,0,0,0,0,0,0,0,0,0,1,0,0,0,0,0,0,0,0,2,0,0,0,0,2,1,0
male,ESN,EAS,0,2,0,0,0,0,2,0,0,0,0,1,2,1,0,0,1,1,0,0,0,2,0,1,0,0,1,0,0,0,0,0,0,0,1,0,0,1,0,0,1,0,2,0,1,0,1,2,1,0
male,ESN,AFR,0,1,0,0,0,0,2,0,0,0,0,0,2,1,0,0,1,0,0,0,0,2,0,0,0,0,0,0,1,0,0,0,0,0,0,0,0,1,0,0,1,0,0,0,1,0,0,1,0,0
male,LWK,EAS,0,1,0,0,0,1,2,0,0,0,1,0,2,1,0,0,1,0,0,0,1,2,0,0,0,0,1,0,0,0,0,0,0,1,0,0,0,2,0,0,2,0,2,0,0,0,0,2,0,0
female,PEL,AFR,0,1,0,0,0,0,2,0,0,0,0,0,2,0,0,0,1,0,0,1,0,2,0,0,0,0,0,0,0,0,0,0,0,1,1,0,0,0,0,0,1,2,2,0,0,0,2,1,0,0
male,YRI,EAS,1,1,0,0,0,0,2,0,0,0,0,0,1,0,0,1,2,1,0,1,1,2,0,0,0,0,0,0,0,0,0,0,0,1,1,0,0,0,0,0,0,0,1,0,0,1,2,1,0,1
male,TSI,EAS,0,1,0,0,0,0,1,0,1,0,0,0,2,0,0,0,1,0,0,2,0,2,1,1,0,0,0,0,0,0,0,0,0,0,1,1,0,2,0,0,1,1,0,0,0,0,2,2,1,0
male,ACB,AFR,0,2,0,0,0,0,1,0,0,0,0,0,2,2,0,0,2,0,0,1,0,2,0,0,0,0,1,0,0,0,0,0,0,0,0,0,0,1,0,0,1,0,2,0,0,0,1,2,0,0
male,IBS,AFR,0,1,1,1,0,0,2,0,2,0,0,2,2,0,2,0,2,0,0,2,0,2,1,0,0,0,1,0,1,0,0,0,0,0,0,0,0,0,0,0,0,0,1,0,1,0,2,2,0,0
male,STU,AFR,0,1,0,1,0,0,2,0,0,0,0,1,2,0,0,0,1,0,0,2,0,2,0,0,0,0,0,0,0,0,1,0,0,1,0,0,0,2,0,0,1,0,0,0,0,0,0,2,0,1
male,LWK,SAS,0,1,0,0,0,1,2,0,0,0,0,0,0,0,0,0,1,0,0,0,0,2,0,0,0,0,0,0,0,0,1,1,0,1,1,0,0,0,0,0,0,2,2,0,0,0,2,2,1,0
female,GIH,EAS,0,2,2,0,0,0,2,0,0,0,0,0,2,0,0,0,1,0,0,2,0,1,0,0,0,1,0,0,0,0,1,0,0,0,1,0,0,0,0,0,2,0,2,0,0,0,0,1,0,0
female,CDX,AFR,0,2,2,0,0,1,2,0,0,0,0,0,2,0,0,0,1,1,0,0,0,2,0,0,0,0,1,0,0,0,1,0,0,0,0,0,0,0,1,0,1,0,2,0,2,0,2,1,0,0
male,GWD,SAS,0,1,1,0,0,0,2,0,1,0,0,0,2,0,0,0,2,1,0,0,0,1,0,0,0,0,0,0,0,0,0,0,0,0,0,0,0,2,0,0,1,0,2,0,0,0,1,1,0,0
male,ACB,AFR,0,2,2,0,0,0,2,0,0,0,1,1,2,0,0,0,0,1,0,0,0,2,0,0,0,0,0,0,0,1,1,0,0,1,0,0,0,0,0,0,2,0,0,0,0,0,2,1,1,0
male,CEU,EUR,0,1,0,0,0,0,1,1,0,0,0,0,2,0,0,0,1,0,0,0,0,1,0,0,0,1,0,0,0,1,0,0,1,1,0,0,0,2,0,0,0,0,1,0,0,0,0,2,0,0
male,MXL,EAS,0,2,1,0,0,0,2,0,0,0,0,0,1,0,0,0,0,0,0,1,0,2,0,0,1,0,0,0,0,0,1,0,0,1,0,0,0,2,1,0,2,0,2,0,0,0,1,2,1,0
male,PUR,AFR,0,2,1,1,0,0,2,0,0,0,0,0,1,0,0,0,2,1,1,0,0,2,0,0,0,0,0,0,0,1,2,1,0,0,2,0,0,2,0,0,1,1,2,0,0,0,2,1,0,0
female,ACB,AFR,1,0,1,1,0,0,2,0,1,0,1,0,2,0,0,0,1,2,0,0,0,2,0,0,0,1,0,0,0,0,0,0,0,2,1,0,0,0,0,0,1,0,2,0,2,0,0,1,0,0
female,GBR,AMR,0,2,0,0,0,0,2,0,0,0,1,0,2,1,1,1,1,0,0,2,0,2,0,0,0,0,0,0,0,0,0,0,0,1,0,0,0,0,0,0,1,1,2,0,0,0,0,2,1,0
male,ACB,SAS,0,2,1,0,0,0,2,0,0,0,0,0,2,0,0,0,1,1,0,1,0,1,0,0,0,0,0,0,0,0,1,0,0,0,1,0,0,1,0,0,1,0,1,0,0,0,0,2,0,0
female,YRI,SAS,0,2,0,0,0,0,2,0,0,0,0,0,2,0,0,0,1,1,0,0,0,2,0,0,0,0,0,0,0,0,0,0,1,0,0,1,0,2,0,1,0,0,2,0,0,0,1,1,0,0
male,GWD,AFR,0,1,0,0,0,0,2,0,0,0,0,0,2,0,0,0,1,0,0,0,0,2,0,0,0,0,0,0,0,0,0,0,0,1,0,0,0,0,1,0,0,0,2,0,0,0,2,1,0,0
male,TSI,EAS,0,0,1,0,0,1,2,0,0,0,0,0,2,0,1,0,2,0,0,1,0,2,0,0,0,0,0,0,0,0,0,0,0,1,2,1,0,2,0,0,1,0,1,0,0,0,2,2,0,0
male,ASW,EAS,0,1,1,1,0,0,1,0,0,0,0,0,1,0,0,1,1,2,0,0,0,2,0,0,0,1,0,0,0,0,0,1,0,1,0,0,0,0,0,0,0,0,0,0,0,0,1,1,0,0
male,ACB,EUR,0,0,0,0,0,0,2,0,0,0,1,0,2,0,0,0,1,0,0,0,1,2,0,1,0,0,0,0,0,0,0,0,0,0,2,1,0,0,0,0,1,0,0,0,0,0,2,0,1,0
male,ASW,EUR,0,0,1,0,0,1,2,0,0,0,0,0,2,2,0,0,2,2,0,1,0,2,0,1,0,0,0,0,0,0,0,0,0,0,0,0,0,0,0,0,2,0,2,0,0,0,2,1,0,0
female,GBR,EAS,0,0,0,0,0,0,2,0,0,0,0,0,2,1,0,0,2,1,0,2,0,2,0,0,0,0,0,0,0,0,0,0,0,1,0,0,0,2,0,0,1,1,2,0,0,0,1,1,0,0
male,PUR,EUR,0,2,0,0,0,0,2,0,1,0,0,0,2,0,0,0,2,1,0,1,0,2,0,0,0,0,0,0,1,0,0,0,0,0,0,0,0,2,0,0,1,0,2,0,0,0,2,1,0,0
male,GWD,EUR,0,2,0,0,0,0,2,0,0,0,1,1,2,0,0,0,1,1,0,0,0,2,0,0,0,0,0,0,1,0,0,0,0,1,2,0,0,1,0,0,1,1,0,0,0,0,2,1,0,0
male,PUR,AMR,0,2,2,0,0,0,2,0,0,0,0,0,2,0,0,0,1,1,0,2,0,2,0,0,0,0,0,0,1,0,0,0,0,1,0,0,0,2,0,0,1,0,2,0,1,0,1,1,1,0
male,GIH,EUR,0,2,0,0,0,0,2,0,0,0,0,0,2,0,0,0,2,0,0,2,0,2,0,0,1,0,0,0,1,0,0,0,0,1,1,0,0,1,0,0,1,0,1,0,0,0,0,1,0,0
male,YRI,AFR,0,2,0,0,0,1,2,0,1,0,0,0,2,0,0,0,2,0,0,1,0,2,0,0,0,0,2,0,0,0,0,0,0,0,1,0,1,1,0,0,1,0,0,0,0,0,2,1,1,0
female,ESN,EAS,0,1,0,0,0,0,2,0,0,0,0,0,2,0,0,0,1,0,0,0,0,2,0,0,0,0,0,0,0,0,0,1,0,1,0,0,0,2,0,0,1,0,2,0,1,0,1,0,0,0
female,PUR,EUR,0,1,0,0,0,0,2,0,0,0,1,1,2,2,0,0,1,0,0,1,0,2,0,0,0,0,0,0,0,0,0,0,0,1,0,0,0,1,0,0,1,0,1,0,0,0,2,2,0,0
female,ESN,EUR,0,2,0,0,0,0,2,0,0,0,0,2,1,1,0,0,1,0,0,0,0,1,0,0,0,0,1,0,0,0,1,1,1,0,1,0,0,2,0,0,1,2,2,0,1,0,0,1,0,0
female,ASW,EUR,0,2,0,0,0,0,2,0,0,0,1,0,2,0,0,0,2,1,0,0,0,1,0,1,0,0,0,0,0,0,0,0,0,0,0,0,0,1,0,0,2,0,2,0,0,0,2,1,0,0
male,TSI,AFR,0,1,1,0,0,0,2,0,0,0,0,0,0,2,0,0,1,0,0,1,0,2,0,1,0,1,0,0,0,2,1,0,0,1,0,0,1,0,0,0,0,0,0,0,0,0,1,1,0,0
female,CLM,EAS,0,2,1,0,0,1,2,1,0,1,0,2,2,1,0,0,1,0,0,0,0,2,0,0,0,1,0,0,0,0,0,0,0,1,0,0,0,2,0,0,2,0,1,0,0,0,1,1,2,0
male,MSL,SAS,0,0,1,0,0,0,2,0,0,0,0,0,2,0,0,1,1,1,0,1,0,2,0,0,0,0,0,0,0,1,0,0,0,1,1,0,0,0,0,0,1,1,2,0,0,0,0,1,1,0
female,YRI,EAS,0,0,0,0,0,0,2,0,0,0,0,0,2,0,0,0,2,0,1,2,0,2,0,0,0,0,1,0,0,0,0,0,0,1,1,0,0,2,0,0,1,0,1,0,1,0,0,2,0,0
male,CLM,AFR,0,2,1,0,0,0,1,0,0,0,0,2,2,2,0,0,1,1,0,2,0,1,0,0,0,0,0,0,0,0,0,0,0,1,1,0,0,1,0,0,0,0,0,0,0,0,0,2,0,0
female,TSI,EAS,0,1,1,1,0,0,1,0,0,0,0,0,2,1,0,0,0,0,0,2,0,2,0,0,0,0,0,0,0,0,0,0,0,0,0,0,0,2,0,0,0,0,2,0,0,0,1,2,0,0
female,YRI,SAS,0,2,1,0,0,0,2,0,0,0,0,1,2,0,0,0,1,0,0,2,0,1,0,1,0,0,1,0,0,0,2,0,0,0,0,0,0,0,0,0,2,0,0,0,0,0,2,1,0,0
male,IBS,AFR,0,1,1,0,0,1,2,0,0,0,0,0,2,2,0,0,1,0,0,0,0,2,0,1,0,0,0,0,0,0,0,0,0,1,1,0,0,1,0,0,1,0,2,0,0,0,2,1,0,0
male,GIH,AMR,0,2,1,0,0,0,2,0,0,0,0,0,2,0,0,0,1,0,0,1,1,2,0,0,0,0,0,0,0,0,0,0,0,1,0,0,0,0,0,0,2,0,2,0,0,1,0,2,0,0
male,GWD,EUR,0,2,0,1,0,0,2,1,1,0,0,0,2,0,0,1,0,0,0,1,0,2,0,0,0,0,0,0,0,0,2,0,0,0,0,0,0,0,0,0,1,0,1,0,1,0,1,1,0,0
male,TSI,AFR,0,2,0,0,0,0,2,0,0,0,0,1,2,0,0,0,2,1,0,0,0,2,0,0,0,0,1,0,0,0,0,0,0,1,0,0,0,1,0,0,0,0,1,0,0,0,0,1,0,0
female,ITU,AMR,0,2,2,0,0,0,2,0,0,0,0,2,2,2,0,1,2,1,0,1,0,1,0,0,1,0,0,0,0,0,2,0,1,0,0,0,0,1,0,0,1,0,2,0,0,0,1,2,1,0
female,PEL,AFR,0,2,0,0,0,0,2,0,0,0,0,0,2,0,0,0,1,0,0,0,0,2,0,0,0,0,1,0,0,0,0,0,0,0,1,0,0,2,0,0,1,0,2,0,0,0,2,1,0,0
male,GIH,EAS,0,0,1,0,0,0,2,0,0,0,0,0,2,1,0,0,1,1,0,2,0,2,0,0,0,2,0,0,0,0,0,0,0,2,2,0,0,0,0,0,1,1,1,0,0,0,2,2,0,0
female,YRI,EUR,0,2,1,0,0,1,2,1,1,0,1,0,1,2,1,1,1,0,0,0,0,2,0,0,0,0,0,0,0,0,1,0,0,1,0,0,0,0,0,0,1,0,1,0,0,0,0,2,0,0
male,ASW,EUR,0,2,2,0,0,0,1,0,0,0,0,2,1,0,0,0,1,1,0,2,0,2,0,0,2,0,0,0,0,0,0,0,0,1,1,0,0,0,0,0,1,2,1,0,0,0,0,1,0,0
male,ESN,EAS,0,0,1,0,0,0,2,0,1,0,0,0,2,0,0,0,2,1,0,0,0,2,0,0,0,0,0,0,0,0,0,1,0,0,2,1,0,1,0,0,0,0,1,0,1,0,2,2,0,0
male,CLM,EUR,0,0,0,0,0,0,2,0,0,0,0,0,2,0,0,0,1,1,0,1,0,2,0,0,0,0,1,0,0,0,0,0,0,1,0,0,0,2,0,0,1,0,1,0,0,0,0,2,0,0
female,TSI,AFR,0,2,0,0,0,0,2,0,0,0,2,0,2,0,0,0,2,0,0,0,0,1,0,0,0,0,1,0,0,0,0,1,0,0,0,0,0,0,0,0,1,0,1,0,0,0,2,1,0,0
male,GBR,SAS,0,1,1,0,1,0,2,0,0,0,1,1,0,2,0,0,2,0,1,2,0,2,0,0,1,0,0,0,0,0,1,0,0,1,0,0,0,2,0,0,1,0,2,0,0,0,2,1,1,0
male,PJL,AFR,0,0,2,0,0,1,2,0,0,0,0,0,0,1,1,0,1,0,0,2,0,2,0,0,0,0,1,0,0,0,1,0,0,1,0,0,0,2,0,0,0,1,2,0,0,0,2,1,0,0
male,TSI,EUR,0,0,0,0,0,0,2,0,0,0,0,0,2,0,0,0,1,2,0,1,0,2,0,0,0,0,0,0,0,0,0,1,1,1,2,0,0,2,0,0,1,0,1,0,0,0,1,1,2,0
female,PUR,AFR,0,1,0,0,0,0,2,0,0,0,0,0,2,1,0,0,2,1,0,0,0,2,0,1,0,0,1,0,0,0,0,0,0,1,0,0,0,0,0,0,0,0,1,0,0,0,1,1,0,0
male,PEL,AFR,0,1,0,0,0,0,2,0,0,0,0,0,2,0,0,0,1,0,0,0,0,2,0,1,0,0,1,0,0,1,0,0,0,0,1,0,0,1,0,0,1,0,0,0,0,0,0,2,0,0
female,IBS,EAS,0,0,1,0,0,1,2,0,0,0,0,0,2,0,1,0,0,0,0,2,0,1,0,0,0,0,1,0,0,1,2,0,0,1,0,0,0,2,1,0,2,0,2,0,1,0,0,2,0,0
female,CEU,EAS,0,2,0,0,0,0,2,0,0,0,0,0,2,0,0,0,0,0,0,0,0,2,0,0,0,0,0,0,0,0,0,0,0,0,0,0,0,0,0,0,0,0,2,0,0,0,0,1,0,0
male,KHV,SAS,0,0,1,0,0,0,2,0,1,0,0,0,2,1,0,0,1,0,0,0,1,2,0,0,0,0,0,0,0,0,0,0,0,0,0,0,1,0,0,1,0,1,1,0,0,0,0,0,0,0
female,IBS,AFR,0,2,0,0,0,1,2,0,0,0,0,0,2,1,0,0,2,0,0,1,0,2,0,0,0,0,0,0,1,0,0,0,0,0,1,0,0,2,0,0,1,0,1,0,0,0,1,2,0,0
female,MXL,SAS,0,2,1,0,0,0,2,0,0,0,0,0,2,2,1,0,2,1,0,2,0,2,1,0,0,0,0,0,0,0,0,0,0,0,0,0,0,2,0,0,2,0,2,0,0,0,2,2,1,0
male,GWD,AMR,0,2,1,0,0,0,2,0,0,0,0,0,2,2,0,0,0,0,0,1,0,2,0,0,0,0,1,0,0,0,0,0,1,2,0,0,0,2,0,0,0,0,2,0,0,0,0,1,0,0
female,GWD,EAS,0,2,0,0,0,0,2,0,0,0,0,1,2,1,0,0,2,0,0,0,0,2,0,0,0,0,0,0,0,0,0,0,0,1,0,0,0,0,0,0,1,2,2,0,0,0,2,2,0,0
male,GWD,AFR,0,2,0,0,0,0,2,0,0,0,0,0,2,0,0,0,2,1,0,1,0,2,0,1,0,0,0,0,0,0,0,0,0,0,1,0,0,1,0,0,0,0,0,0,0,0,1,1,1,0
male,ESN,AFR,0,1,0,0,0,0,2,0,0,0,1,2,2,0,1,0,1,0,0,0,0,2,0,1,0,1,0,0,0,0,1,0,0,1,0,0,0,2,0,0,2,0,2,0,1,0,0,1,0,1
male,CHS,EUR,0,2,1,0,0,0,2,0,0,0,0,0,0,0,0,0,1,0,0,0,0,2,0,0,0,0,0,0,0,0,0,0,0,1,0,1,0,2,0,0,2,0,1,0,0,0,1,2,0,0
female,ITU,AMR,0,2,1,0,0,0,1,0,0,0,0,2,1,1,0,0,1,0,0,1,0,2,0,0,0,1,0,0,0,1,0,0,0,1,0,0,0,1,0,0,2,0,0,0,2,0,0,1,0,0
male,ESN,AFR,0,2,1,0,0,0,2,0,0,0,0,1,1,0,0,0,1,0,0,2,0,2,1,0,0,0,1,0,0,0,0,0,0,0,0,0,0,0,0,0,1,0,2,0,0,0,0,2,0,0
male,PUR,EUR,0,2,1,0,0,0,2,0,2,0,0,0,2,0,0,1,0,0,0,1,0,2,0,0,0,0,0,0,0,0,0,0,0,0,1,0,0,1,0,0,1,2,1,0,0,0,2,2,1,0
female,PEL,AFR,1,1,0,0,0,0,2,1,1,0,0,0,0,0,0,0,2,0,0,0,0,2,0,2,0,0,0,0,0,0,0,0,0,0,1,0,0,0,0,0,1,0,2,0,0,0,2,0,0,0
female,PJL,AFR,0,2,0,0,0,0,2,0,0,0,2,1,2,0,0,1,1,1,0,0,1,2,0,0,0,0,0,0,1,0,0,0,0,1,1,0,1,0,0,0,0,0,1,0,0,0,1,1,0,0
male,CHS,EAS,0,1,0,0,0,0,2,0,0,0,0,0,2,0,1,0,1,1,0,0,0,0,0,0,0,0,0,0,0,0,0,0,0,1,0,0,0,0,0,0,1,0,1,0,0,0,2,2,1,0
male,MSL,EUR,0,0,1,1,0,0,2,0,0,0,0,0,2,1,0,0,1,0,0,0,0,2,0,0,0,0,0,0,0,0,0,0,0,1,1,0,0,1,0,0,1,1,1,0,1,0,2,1,0,0
female,TSI,EUR,0,2,0,0,0,0,2,0,0,0,1,0,1,0,0,0,1,0,0,0,0,2,0,0,0,0,0,0,0,0,0,0,0,0,0,0,0,0,0,0,1,1,0,0,0,0,1,0,0,0
male,GWD,AFR,0,2,1,0,0,0,2,0,0,0,0,0,2,1,0,0,1,1,0,0,1,2,1,0,0,0,0,0,0,0,0,0,0,1,0,0,0,2,0,0,1,1,2,0,0,0,0,2,0,0
male,CHS,SAS,0,1,0,0,0,0,2,0,0,0,2,0,2,1,0,0,1,0,0,0,0,2,0,2,0,0,0,0,0,0,0,0,0,1,0,0,0,1,0,0,2,0,2,0,0,0,0,0,0,0
female,ITU,EUR,0,1,0,0,0,0,2,0,1,0,0,0,2,0,0,0,2,0,0,2,1,2,0,0,0,0,0,0,0,0,0,0,0,1,1,0,0,0,0,0,1,1,2,0,1,0,2,1,0,0
male,CEU,AMR,0,0,1,0,0,0,1,0,0,0,0,0,1,0,0,0,1,2,0,0,2,2,0,0,0,0,0,0,0,0,0,0,0,0,1,1,0,0,0,0,0,0,1,0,0,0,2,2,0,0
male,TSI,SAS,0,2,0,0,0,0,2,0,0,0,0,0,2,0,0,1,1,1,0,0,0,2,1,0,0,0,0,0,0,0,0,0,0,0,0,0,0,1,0,0,1,0,1,0,0,0,2,0,0,0
male,CEU,EUR,0,2,0,1,0,0,2,0,0,0,0,0,2,2,0,1,1,0,0,0,0,1,0,2,0,0,0,0,0,0,1,0,0,1,0,0,0,1,0,0,1,1,0,0,1,0,1,1,0,1
female,LWK,AFR,0,2,1,0,0,0,2,0,0,0,0,0,2,0,0,0,1,1,0,0,0,2,0,0,0,0,0,0,0,0,0,0,0,0,1,0,0,1,0,0,0,0,0,0,0,0,0,2,0,0
male,STU,SAS,0,2,0,0,0,0,2,0,0,0,0,1,1,0,0,0,1,1,0,0,0,2,0,1,0,0,2,0,1,0,0,0,0,0,1,0,1,0,0,0,0,0,2,0,0,0,2,1,0,0
male,ESN,AFR,0,1,0,1,0,0,1,0,0,0,1,0,2,0,0,0,1,1,0,0,0,2,0,0,0,0,0,0,2,0,0,0,0,1,0,0,0,1,0,0,0,1,2,0,0,0,0,2,0,0
male,CDX,EUR,0,2,0,0,0,0,2,0,0,0,0,0,2,0,0,0,2,0,0,2,0,2,0,0,0,1,0,0,0,0,0,0,1,0,1,0,0,2,0,0,0,0,1,1,0,0,1,2,0,0
female,IBS,AFR,0,1,0,0,0,0,2,0,0,0,0,0,2,1,0,0,1,1,0,1,0,2,0,0,0,0,1,0,0,0,1,0,0,2,2,0,1,2,1,0,0,0,1,0,0,0,1,0,0,0
male,TSI,AFR,0,2,1,1,0,0,2,0,0,0,0,1,2,1,0,0,1,0,0,0,0,2,0,0,0,0,1,0,0,1,0,0,0,0,0,1,0,1,0,0,2,0,1,0,0,0,2,2,0,0
female,LWK,EUR,0,2,0,0,0,1,2,0,0,0,0,0,2,0,0,0,1,1,0,2,0,2,0,0,0,0,2,0,0,0,0,0,0,0,0,0,0,0,0,0,2,1,2,0,0,0,2,1,0,0
male,CHB,SAS,0,2,1,0,0,0,2,0,0,0,0,0,2,0,0,0,1,1,0,0,0,1,0,1,0,0,0,0,0,0,0,0,0,1,1,1,0,2,1,0,1,1,2,0,0,0,1,2,0,0
female,LWK,SAS,0,0,1,0,0,0,2,0,0,0,0,1,1,0,0,0,2,0,0,0,1,2,0,1,0,0,0,0,0,0,0,0,0,0,0,0,0,0,0,1,1,0,1,0,0,0,2,1,0,0
female,PEL,EUR,0,0,1,0,0,0,2,0,0,0,0,1,2,0,0,1,2,0,0,1,0,2,0,0,1,0,0,0,0,0,0,0,0,1,0,0,0,1,0,0,1,0,1,0,0,0,1,1,0,0
female,ESN,AFR,1,2,0,0,0,0,2,0,0,0,0,0,2,0,0,0,2,1,0,2,0,2,0,0,0,0,0,0,1,0,0,0,0,0,2,0,0,0,0,0,1,1,0,0,1,0,2,1,1,0
male,ESN,EUR,0,0,0,0,0,0,2,0,0,0,0,0,2,0,0,0,1,0,0,1,0,2,0,1,0,0,0,0,1,0,0,0,2,0,0,0,0,2,0,0,0,1,0,0,0,0,1,1,0,0
male,GIH,AMR,0,0,2,0,0,0,2,0,0,0,0,1,2,0,0,0,2,2,0,2,0,2,0,0,0,1,0,0,0,0,0,1,0,1,1,0,0,1,0,0,0,0,1,0,0,0,0,0,0,0
male,ITU,SAS,0,2,1,0,0,0,2,0,0,0,1,0,2,0,0,0,2,1,0,1,1,2,0,1,0,0,0,0,0,0,0,0,0,0,1,1,0,0,0,0,0,0,0,0,0,0,2,1,0,0
male,ESN,AFR,0,0,0,0,0,0,2,0,0,0,0,0,2,0,0,0,1,0,0,1,0,2,0,0,0,1,0,0,0,0,0,0,0,0,0,0,0,0,1,0,1,0,2,0,1,0,1,1,0,1
male,ESN,EUR,0,1,1,0,0,0,2,0,0,0,0,0,2,0,0,0,1,0,0,0,0,2,0,0,0,0,0,0,0,0,0,0,0,2,0,0,0,2,0,0,0,0,1,0,0,0,1,1,0,0
male,CLM,SAS,0,0,0,0,0,1,2,0,0,1,0,0,2,0,0,0,2,0,0,0,0,2,1,0,0,0,0,0,0,0,1,1,0,2,0,0,0,0,1,0,2,1,1,0,0,0,0,1,0,0
female,ASW,EAS,0,2,0,0,0,1,2,0,0,0,0,0,2,1,0,0,2,0,0,0,0,2,0,0,0,0,0,0,0,0,0,0,0,0,1,0,0,2,0,0,0,0,1,0,0,0,1,1,0,0
female,GIH,EUR,1,0,1,0,0,0,2,0,0,0,0,0,2,0,0,0,2,1,0,1,0,2,0,0,1,0,1,0,0,0,0,0,0,0,0,0,0,2,0,0,1,2,0,0,0,1,2,1,0,0
male,LWK,SAS,0,0,1,0,0,0,2,0,0,0,0,0,2,0,0,0,1,0,0,0,0,2,0,0,0,0,0,0,1,0,0,0,0,0,0,0,0,2,0,0,2,0,2,0,0,0,2,2,0,0
male,MXL,AFR,0,1,2,0,0,0,2,0,1,0,0,0,2,0,0,0,2,0,0,0,0,2,0,0,0,0,0,0,0,0,0,0,0,0,0,0,0,2,0,0,1,0,2,0,1,0,2,2,0,0
male,ESN,AFR,0,2,1,1,0,0,2,1,0,0,0,2,2,0,0,0,2,0,0,1,0,2,0,0,0,0,0,0,0,0,0,0,0,1,0,0,0,2,0,0,1,0,1,0,0,0,2,1,1,0
male,JPT,AFR,0,2,1,0,0,0,2,0,0,0,0,0,1,1,0,0,1,1,0,1,0,2,0,0,0,0,0,0,0,0,0,0,1,1,1,0,0,1,0,0,0,0,2,0,0,0,1,1,0,0
male,CEU,SAS,0,1,0,0,0,0,2,0,0,0,0,1,2,0,0,0,1,1,0,0,1,1,0,0,0,0,0,0,0,0,0,0,0,1,1,0,0,0,0,0,0,2,1,0,0,0,1,1,0,0
male,YRI,EUR,0,2,2,0,0,0,2,0,0,0,0,0,1,1,0,0,2,0,0,0,0,2,0,0,0,0,0,0,1,0,0,1,0,1,0,0,0,0,0,0,2,1,1,0,0,0,0,1,0,0
female,GBR,EUR,0,2,1,0,0,0,2,0,0,0,0,0,2,0,0,0,1,0,0,1,0,2,0,0,0,0,0,0,0,1,0,0,0,1,1,0,0,0,1,0,0,2,1,0,0,0,1,2,1,0
male,YRI,EAS,0,0,0,0,0,0,2,0,0,0,0,0,2,2,0,0,1,1,0,0,0,1,1,0,0,0,0,0,0,0,0,0,0,1,2,1,0,2,0,0,1,0,2,0,0,0,2,1,0,0
female,ACB,EAS,0,2,1,0,0,0,2,0,1,0,0,0,2,1,0,0,0,0,0,0,0,1,0,0,0,0,0,0,0,0,0,0,0,0,0,0,0,0,0,0,0,0,2,0,1,0,0,2,0,0
male,LWK,EAS,0,2,1,0,0,0,2,0,0,0,0,0,2,0,0,0,1,1,0,1,0,2,0,0,0,0,0,0,0,0,0,0,0,0,0,0,0,2,0,0,0,0,1,0,0,0,2,1,0,0
male,CHS,EUR,0,1,0,1,0,0,2,0,0,0,0,0,1,0,0,1,2,0,0,0,0,1,0,1,0,0,2,0,0,0,0,0,0,0,0,1,1,0,0,1,1,0,2,0,1,0,1,1,0,0
female,ESN,AFR,0,1,1,0,0,0,2,0,0,0,0,0,1,0,0,0,2,1,0,0,0,2,0,0,0,0,1,0,0,1,0,0,0,1,1,0,0,1,0,0,1,0,2,0,0,0,2,1,1,0
female,GBR,AFR,0,0,0,0,0,0,2,0,0,0,0,1,1,0,0,0,2,0,0,0,1,2,0,1,1,0,0,0,0,0,0,0,0,1,0,0,0,1,0,0,1,0,2,0,0,0,0,2,0,0
female,ITU,EAS,0,0,0,0,0,0,2,0,0,0,0,0,2,1,0,0,1,0,0,0,1,2,0,0,0,0,0,0,0,0,1,0,0,1,0,0,0,2,0,0,0,0,2,0,0,0,0,1,0,0
male,CHS,EAS,0,1,2,0,0,1,2,0,0,0,0,0,2,0,1,0,1,0,0,1,0,2,0,0,0,0,0,0,0,0,0,0,0,1,2,0,0,1,0,0,1,0,2,0,0,0,2,1,0,0
male,CHB,AFR,0,2,1,0,0,0,2,0,0,0,1,2,2,0,0,0,2,0,0,0,0,2,0,0,0,0,1,0,0,0,0,0,0,1,0,0,1,2,0,0,2,0,0,0,0,0,1,0,1,0
male,YRI,AFR,0,2,2,0,0,0,2,0,0,0,0,1,1,0,0,0,1,0,0,1,0,2,0,0,0,0,0,0,0,0,0,0,0,1,0,0,0,2,0,0,1,0,2,0,0,0,0,2,0,0
male,ITU,SAS,1,2,2,0,0,0,2,0,0,0,0,0,2,0,0,0,2,2,0,0,0,2,0,0,0,0,0,0,0,0,0,0,0,0,0,0,0,2,0,0,1,0,1,0,0,0,1,1,0,1
male,FIN,EUR,0,0,0,0,0,0,2,0,1,0,1,1,2,0,0,0,2,0,0,0,0,2,0,0,1,0,0,0,0,0,0,0,0,1,0,0,0,1,0,0,1,0,2,1,1,0,2,2,0,0
female,CDX,AMR,0,2,2,0,0,0,2,0,0,0,0,0,2,0,0,0,2,0,0,1,0,2,0,0,0,0,0,0,0,0,0,0,0,0,1,0,0,2,0,0,0,0,2,0,1,1,0,1,0,0
male,PUR,EAS,0,2,0,0,0,0,2,0,0,0,0,1,2,0,0,0,2,0,0,0,1,1,0,0,0,0,0,0,0,0,0,0,0,1,0,0,0,1,0,0,1,0,2,0,1,0,1,1,0,0
male,LWK,EUR,0,2,0,2,0,0,2,0,1,0,1,0,2,0,0,0,2,0,0,2,0,1,0,1,0,0,0,0,0,0,0,0,0,1,0,0,0,1,0,0,0,0,2,0,0,0,0,1,0,0
female,CHS,EUR,0,0,1,0,0,0,2,0,2,0,1,0,1,1,1,1,2,0,0,2,0,2,0,0,0,0,0,0,0,0,1,0,0,2,1,0,0,1,0,0,1,1,1,0,1,0,1,2,0,0
female,GBR,EAS,0,2,0,0,0,0,2,0,1,1,0,1,2,0,0,0,0,0,1,0,0,1,0,0,0,0,1,0,0,0,0,0,0,0,2,1,0,2,0,0,2,0,0,0,0,0,2,1,0,0
female,ACB,AFR,1,2,0,0,0,0,2,1,1,0,0,0,2,1,0,0,1,0,0,1,0,2,0,0,0,0,2,0,0,0,0,0,0,1,0,0,0,2,0,0,0,0,2,0,0,0,2,2,0,0
female,BEB,AFR,0,0,1,0,0,1,2,0,0,0,0,1,2,0,0,0,1,2,0,0,0,2,0,0,0,0,0,0,1,0,1,0,0,1,0,0,0,2,0,0,1,1,0,0,0,0,2,1,0,0
male,YRI,AFR,0,2,0,0,0,1,2,1,0,0,0,0,2,0,1,0,1,0,0,2,0,2,0,0,0,0,0,0,0,0,0,0,0,1,2,0,0,2,1,0,0,0,1,0,0,0,1,1,2,0
female,CEU,EUR,0,0,1,0,0,0,2,1,1,0,0,0,2,0,0,0,2,0,0,0,0,2,0,0,0,0,1,0,0,0,0,0,0,1,0,0,0,0,0,0,0,0,0,0,0,0,1,0,0,0
male,CHB,EUR,0,2,1,0,0,0,2,0,0,0,1,0,2,0,0,0,1,1,1,1,0,2,0,0,0,0,0,0,0,0,0,0,0,1,1,0,0,2,0,0,1,0,1,0,0,0,2,1,0,0
female,ESN,SAS,0,2,1,0,0,0,2,0,0,0,0,0,1,1,0,0,1,1,0,1,0,2,0,0,0,1,0,0,0,1,0,0,0,1,0,0,0,2,0,0,0,0,1,0,0,0,1,2,2,0
male,CLM,AFR,0,2,1,0,0,0,2,0,0,0,0,0,2,0,0,0,1,1,0,2,0,2,0,1,0,0,0,0,0,0,0,1,0,0,1,0,0,1,0,0,0,0,1,0,0,0,0,2,1,0
male,ESN,AMR,0,1,1,0,0,0,2,0,0,0,0,1,2,0,0,0,1,0,0,1,0,2,0,1,0,0,0,0,0,0,0,0,0,0,1,0,0,0,0,0,2,0,1,0,2,0,0,2,0,0
male,TSI,AMR,0,0,0,0,0,0,2,0,0,0,0,1,2,1,0,0,1,0,0,1,0,2,0,1,0,0,0,0,0,0,0,0,0,1,1,0,0,0,0,0,1,0,2,0,0,0,0,1,0,0
female,JPT,EAS,0,0,1,0,0,0,2,0,0,0,0,1,2,0,0,1,1,0,0,1,0,2,0,0,0,0,0,0,0,0,0,0,0,0,0,0,0,2,0,0,0,0,1,0,0,0,1,1,0,0
male,ASW,EAS,0,1,0,0,0,1,2,0,0,0,0,0,2,0,1,0,1,0,0,1,0,1,0,1,0,0,1,0,0,0,0,0,1,2,1,0,0,1,0,0,1,2,2,0,1,0,1,2,0,0
male,GBR,EAS,0,1,0,0,0,0,2,0,0,0,1,1,2,2,0,0,2,1,0,0,0,2,0,0,0,0,0,0,0,0,0,0,0,1,0,1,0,2,0,0,0,0,2,0,0,0,1,1,0,0
female,CHB,AFR,0,1,0,0,0,0,2,0,0,0,0,0,1,0,0,0,1,1,0,2,0,2,0,0,0,0,0,0,0,0,1,0,0,1,0,0,0,2,0,0,1,0,2,0,0,0,1,1,0,0
male,CLM,AFR,0,2,1,0,0,1,2,0,0,0,0,0,2,2,0,0,1,0,0,2,0,2,0,0,0,0,0,0,0,0,0,0,0,1,0,0,1,2,0,0,2,0,2,0,0,0,2,1,0,0
male,MSL,EAS,0,2,0,0,0,0,2,0,0,0,0,0,2,0,0,0,1,0,0,0,1,2,0,0,0,0,1,0,0,0,0,0,0,0,0,1,0,0,0,0,1,1,2,0,2,0,0,2,1,0
male,GBR,EUR,0,2,1,0,0,0,2,0,0,0,0,2,0,0,0,0,1,1,0,0,1,2,0,0,0,0,0,0,2,0,0,0,0,1,2,0,0,0,0,0,0,0,1,0,1,0,0,2,1,0
male,GWD,EUR,0,2,0,0,0,0,2,0,0,0,0,0,2,0,0,0,1,0,0,1,0,2,0,0,0,0,1,0,0,0,0,0,0,1,0,0,0,1,0,0,1,0,2,0,0,0,0,2,0,0
female,ACB,EAS,0,2,0,0,0,1,2,0,0,0,0,0,1,0,0,0,1,1,0,0,0,2,0,0,0,0,0,0,0,0,0,0,0,0,0,0,0,0,0,0,1,0,2,0,1,0,2,2,0,0
male,LWK,EAS,0,2,1,0,0,0,2,0,0,0,0,0,2,1,0,0,1,0,0,1,0,2,0,0,0,0,0,0,0,0,0,0,0,1,0,0,0,1,0,0,0,0,2,0,0,0,2,2,0,0
female,ASW,AMR,0,1,0,0,0,1,2,0,0,0,0,1,1,0,0,0,2,0,0,0,0,2,0,0,0,0,0,0,0,0,0,0,0,1,0,2,0,2,0,0,1,1,0,0,0,0,2,2,0,0
male,CHS,EUR,0,1,2,1,0,0,2,0,1,0,0,0,2,0,0,0,1,1,0,0,1,2,0,0,1,0,1,0,0,0,0,0,0,0,2,0,0,1,0,0,0,0,2,0,0,0,2,1,0,0
male,CDX,AFR,0,0,0,0,0,0,2,0,0,0,0,0,0,0,0,0,2,0,0,0,0,2,0,0,0,0,0,0,0,0,0,0,0,0,1,0,0,2,0,0,2,0,1,0,0,0,0,1,1,0
male,JPT,AFR,0,0,0,0,0,0,2,0,0,0,0,0,2,2,0,0,1,0,0,0,0,2,0,0,0,0,0,0,0,0,0,0,0,1,0,0,0,2,0,0,1,0,2,0,1,0,0,2,0,0
male,PEL,EAS,0,0,0,0,0,0,2,0,0,0,0,0,2,0,0,0,1,0,0,0,0,1,0,1,1,0,1,0,0,0,0,2,0,0,1,0,0,1,0,0,0,1,1,0,0,0,2,2,0,0
male,ACB,EUR,0,1,1,0,0,0,2,0,0,1,0,0,1,0,0,0,1,0,0,1,0,1,0,0,0,1,1,0,0,0,0,0,0,1,1,0,0,2,0,0,1,2,0,0,0,0,1,2,0,1
male,LWK,EAS,1,2,1,0,0,0,2,0,1,0,0,0,1,2,0,0,2,0,0,0,0,2,0,0,0,0,1,0,1,1,0,0,0,0,0,0,0,2,0,0,0,0,2,0,0,0,1,1,1,0
male,CHS,EAS,0,0,0,0,0,1,2,0,0,0,0,2,2,0,0,0,2,0,0,2,1,2,0,0,0,0,0,0,0,0,0,0,0,0,0,0,0,2,0,0,1,0,2,0,0,0,1,1,0,0
male,TSI,EUR,0,2,0,0,0,0,2,0,0,0,0,2,2,0,1,1,1,0,0,1,0,2,0,1,0,0,0,0,0,0,0,0,0,1,0,0,0,2,0,0,0,0,1,0,0,0,2,0,0,1
male,PUR,EAS,0,2,0,0,0,0,2,0,0,0,1,0,2,0,0,0,1,2,0,0,1,2,0,1,0,0,0,0,0,0,0,0,0,2,0,0,0,0,0,0,0,1,2,0,1,0,0,2,0,0
male,GIH,EAS,0,2,0,0,0,0,2,0,1,0,0,0,2,0,1,0,1,0,0,0,0,2,0,0,0,0,0,0,0,0,0,0,0,1,1,0,0,1,0,0,0,2,0,0,0,0,0,2,0,0
male,GIH,AMR,0,1,0,0,0,1,2,0,0,0,0,0,2,0,0,0,1,1,1,1,0,1,0,0,0,0,0,0,0,0,0,0,0,0,0,0,0,1,0,0,1,0,2,0,0,0,2,1,1,0
female,PUR,SAS,0,0,0,0,0,0,2,0,0,0,0,0,1,0,1,0,1,1,0,1,0,2,0,0,0,0,0,0,0,0,0,0,0,2,0,0,0,2,0,0,1,0,0,0,1,0,2,2,1,0
male,BEB,SAS,0,0,1,0,0,0,2,0,2,0,1,0,2,0,0,0,1,0,0,0,0,2,0,1,0,0,0,0,0,0,0,0,0,1,0,0,0,1,0,0,0,0,1,2,0,0,0,2,0,0
male,LWK,EUR,0,2,1,0,0,0,2,0,1,0,0,0,2,0,1,0,1,1,0,0,0,2,0,0,0,0,0,0,0,1,1,0,0,0,0,0,0,0,0,0,0,0,1,0,0,0,2,1,0,0
female,CHS,EUR,0,0,1,0,0,0,2,1,0,0,0,0,2,0,0,0,1,1,0,0,0,2,0,0,0,0,0,0,0,0,1,0,0,1,0,0,0,1,1,0,0,0,2,0,0,0,0,1,0,0
male,BEB,EUR,0,0,0,0,0,0,2,0,0,0,0,0,2,0,0,0,1,2,0,0,0,2,0,1,0,0,1,0,0,0,0,1,1,0,1,0,0,2,0,0,1,2,1,0,0,0,0,1,0,0
female,CHS,EUR,0,1,1,1,0,0,2,0,0,0,0,0,2,0,1,0,1,1,0,0,0,2,0,0,0,0,0,0,0,0,1,1,0,1,0,0,0,2,0,0,0,0,2,0,1,0,0,2,0,1
female,PEL,EAS,0,2,0,0,0,0,2,0,0,0,0,0,2,0,0,0,2,1,0,0,0,2,0,0,0,0,1,0,0,0,0,1,0,1,1,1,0,0,0,0,0,2,1,0,0,0,2,0,0,0
male,PUR,AFR,0,2,0,0,0,0,2,0,0,0,0,0,2,0,0,0,2,0,0,0,0,2,0,1,0,0,0,0,0,0,0,0,0,0,0,2,0,2,0,0,0,0,2,0,0,0,1,0,0,0
female,CLM,EAS,0,1,0,0,0,1,2,0,0,0,0,0,2,2,0,0,1,0,0,0,0,2,1,0,0,0,1,0,0,0,0,0,0,2,0,0,0,2,0,0,1,2,2,0,0,0,1,1,0,0
male,CDX,SAS,0,0,0,1,0,1,2,0,0,0,0,0,2,0,0,0,1,2,0,2,0,2,0,1,0,0,0,0,0,0,0,0,0,0,1,0,0,1,0,0,1,0,2,0,1,0,2,1,0,0
male,CHB,SAS,0,1,0,1,0,0,2,0,0,0,0,1,2,0,0,0,2,1,0,1,1,2,0,0,0,0,1,0,1,0,0,0,0,0,2,0,0,0,0,0,1,0,1,0,0,0,2,2,0,0
male,GWD,AFR,0,1,0,0,0,0,2,0,0,0,1,0,2,1,0,1,2,0,0,1,0,2,0,1,0,0,1,0,0,0,0,0,0,1,1,0,0,0,0,0,2,1,2,0,0,0,0,2,0,0
female,GBR,AFR,0,0,2,0,0,0,2,0,0,0,0,1,2,0,0,0,1,1,1,1,0,2,0,1,0,1,1,0,0,0,0,0,0,0,0,0,1,2,0,0,1,1,0,1,0,0,0,1,0,1
female,MSL,EAS,0,2,0,0,0,1,2,0,0,0,1,0,2,0,1,0,1,2,0,0,0,2,0,0,0,0,0,0,0,0,2,0,0,1,0,0,0,0,0,0,1,0,1,0,0,0,2,2,2,0
female,CHB,EAS,0,1,2,0,0,0,2,0,0,0,0,0,2,0,0,0,1,0,0,0,0,2,0,0,0,0,0,0,0,0,1,0,0,1,1,0,0,2,0,0,0,0,1,0,0,0,2,1,0,0
female,ITU,EUR,0,2,1,0,0,0,2,0,1,0,0,0,2,1,0,0,1,0,0,1,0,1,0,0,0,0,1,0,0,0,0,0,0,1,0,0,0,0,0,0,1,1,1,0,0,0,1,1,0,0
female,JPT,EAS,0,1,0,0,0,0,2,0,0,0,0,0,2,2,0,0,2,1,0,0,0,1,0,0,0,0,0,0,0,0,0,0,1,0,1,0,0,2,0,0,1,0,2,0,1,0,2,0,0,0
female,FIN,EAS,0,2,0,0,0,0,2,0,0,0,0,1,1,0,0,1,2,0,0,0,0,1,0,0,0,0,2,0,1,0,0,0,0,1,1,0,0,0,0,0,1,0,0,0,0,0,1,0,1,0
female,ACB,EUR,0,0,0,0,0,1,2,0,0,0,2,0,2,0,0,1,1,0,0,0,0,1,0,1,0,0,0,0,0,0,1,0,0,0,2,1,0,2,0,0,1,0,2,0,0,0,0,0,0,1
female,ACB,EAS,0,0,1,0,0,0,2,0,0,0,0,0,2,0,0,0,1,0,0,0,0,2,0,0,0,0,0,0,0,0,0,0,0,0,0,0,0,1,0,0,0,1,0,0,0,0,1,0,0,1
male,YRI,AMR,0,2,1,0,0,0,2,0,0,0,0,0,2,0,0,0,1,1,0,0,0,1,1,0,0,0,0,0,0,0,0,0,0,1,0,0,0,0,0,1,2,0,2,0,0,0,0,2,0,0
female,PJL,EUR,0,1,1,0,0,0,2,0,1,0,1,1,2,0,0,0,1,1,0,0,0,2,0,0,0,0,0,0,0,0,0,0,0,0,0,0,0,2,0,0,2,0,0,0,0,0,0,2,0,2
male,CHS,EUR,0,1,0,0,0,0,1,0,0,0,0,1,1,0,0,0,1,1,0,0,0,2,0,0,0,0,0,0,0,0,1,0,0,0,0,1,0,2,0,0,2,1,1,0,0,0,1,2,0,0
female,ESN,SAS,0,2,1,0,0,1,2,0,0,1,0,0,2,0,0,0,2,0,0,0,0,2,0,2,0,0,1,0,0,0,0,0,1,1,1,1,0,0,0,0,2,1,2,0,0,0,0,1,0,0
male,ITU,AMR,0,1,0,0,0,1,2,0,1,0,0,0,2,0,0,0,1,0,0,0,1,1,0,0,0,0,0,0,0,1,0,0,0,0,1,0,0,2,0,0,0,0,0,0,0,0,2,1,0,0
female,KHV,EAS,0,2,0,1,0,0,2,0,0,0,0,0,2,0,0,0,2,0,0,2,0,2,0,0,0,0,0,0,1,0,0,0,0,0,2,0,0,2,0,0,1,0,1,0,2,0,0,0,0,0
male,ACB,AMR,0,2,1,0,0,0,2,0,1,0,0,1,2,0,0,0,1,0,0,1,0,2,0,0,0,0,0,0,0,0,1,0,0,1,1,0,0,2,0,0,1,0,2,0,0,0,1,1,0,0
male,CHB,AMR,0,0,2,0,0,1,2,0,1,1,0,0,2,0,0,0,1,0,1,0,0,2,0,0,0,0,1,0,0,0,1,0,0,0,0,0,0,0,0,0,1,2,1,0,1,0,0,2,0,0
male,GWD,AFR,0,1,0,0,0,0,2,0,0,0,1,0,2,1,0,0,2,0,0,1,1,2,0,0,0,0,0,0,0,0,0,0,0,0,0,0,0,2,0,0,0,0,1,0,0,0,2,1,0,0
male,CEU,AFR,0,1,0,0,0,0,2,0,0,0,0,0,2,0,0,0,1,0,0,1,0,2,0,1,0,0,1,0,0,0,0,0,0,1,0,0,0,2,0,0,1,0,0,0,0,0,2,1,0,0
male,GWD,AFR,0,2,0,0,0,0,2,0,0,0,0,0,2,1,0,1,1,0,0,0,0,2,0,0,0,0,0,0,0,0,0,0,0,1,1,0,0,0,0,0,1,0,0,0,1,0,0,1,0,0
male,ITU,EAS,0,0,2,0,0,0,2,0,0,0,0,0,2,0,0,0,2,0,0,1,0,2,0,0,0,1,0,0,0,0,1,0,1,0,1,1,0,0,0,0,2,1,1,0,0,0,1,1,0,0
female,PEL,AMR,0,1,0,0,0,0,2,0,0,0,0,0,2,0,0,0,1,0,0,2,0,2,0,0,0,0,2,0,0,0,0,0,0,1,1,0,0,1,0,0,1,0,1,0,0,0,1,1,0,0
male,CHS,EUR,0,2,0,0,0,0,2,0,0,0,0,2,2,0,1,0,2,0,1,0,0,2,0,0,0,0,1,0,0,0,0,0,1,0,1,2,1,2,0,0,2,0,2,0,1,0,0,2,1,0
female,MSL,AMR,0,0,0,0,0,1,1,0,1,0,0,0,1,0,0,0,2,1,0,2,0,2,0,0,0,0,1,0,0,0,0,1,0,1,0,0,0,0,0,0,1,1,2,0,0,0,0,2,0,0
female,ITU,EUR,0,2,0,0,0,0,2,0,0,0,0,0,2,0,0,0,1,0,0,1,0,2,0,1,0,0,0,0,0,0,0,0,0,1,0,0,0,0,0,0,1,1,0,0,0,0,0,1,0,0
male,ESN,EUR,0,2,1,0,0,0,2,0,0,0,0,0,2,0,0,0,2,1,0,1,0,2,0,0,0,0,0,0,1,0,0,0,0,1,2,0,0,0,0,0,1,2,1,0,1,0,2,0,1,0
male,ESN,EAS,1,1,0,0,0,0,2,0,0,0,1,1,1,0,0,0,1,1,1,0,0,2,0,0,0,1,1,1,0,0,1,0,1,0,0,0,0,0,0,0,1,0,2,0,0,0,1,1,0,0
male,ACB,EAS,0,0,1,1,0,0,2,0,0,0,0,0,1,0,0,0,1,0,0,0,0,2,0,0,0,0,0,0,0,0,0,1,0,1,0,0,0,1,0,0,1,0,1,0,0,0,0,1,0,0
male,ESN,AFR,0,0,1,0,0,0,2,0,0,0,0,1,2,0,0,0,1,0,0,1,0,1,0,0,0,0,0,0,0,0,0,0,0,1,2,0,0,0,0,0,1,0,0,0,0,0,0,1,0,0
female,YRI,AFR,1,1,0,0,0,0,2,0,0,0,0,0,1,1,0,0,2,1,0,1,1,2,0,1,0,0,0,0,0,0,0,0,0,1,0,0,0,1,0,0,1,2,2,0,0,0,0,2,0,0
male,JPT,SAS,0,0,0,0,0,0,1,0,0,0,1,1,2,0,0,0,1,1,0,2,0,2,0,0,1,0,0,0,0,0,1,0,0,1,1,0,0,2,0,0,2,0,1,0,0,0,1,0,0,0
female,JPT,SAS,0,2,0,0,0,0,2,0,0,0,0,1,2,2,0,0,2,0,0,0,0,2,0,0,0,0,0,0,1,0,1,0,0,1,2,1,0,2,0,0,0,2,0,0,1,0,2,2,0,0
male,PUR,AFR,0,2,1,1,0,0,2,0,0,0,0,0,2,0,0,0,2,0,0,0,0,1,0,0,0,0,1,0,0,0,0,0,0,2,0,1,0,0,0,0,1,1,2,0,0,0,2,0,1,0
female,CHB,EUR,0,2,0,0,0,0,2,0,0,0,0,0,2,2,0,0,1,1,0,1,0,1,0,0,0,0,0,0,0,0,0,0,0,0,2,1,0,0,0,0,1,0,2,0,0,0,0,2,0,0
male,ESN,AMR,0,1,0,0,0,0,2,0,0,0,0,1,2,0,0,0,2,0,1,1,0,2,0,0,0,0,0,0,0,0,0,0,0,1,1,0,0,1,0,0,0,0,1,0,0,0,0,1,0,0
female,FIN,AFR,0,1,1,0,0,1,2,0,0,0,1,1,2,1,0,0,1,1,0,2,0,2,0,2,0,0,0,0,0,1,0,1,0,1,0,2,0,2,0,0,1,1,1,0,0,0,1,1,0,0
female,YRI,EUR,0,1,0,0,0,0,2,0,0,0,0,2,2,0,0,0,2,1,1,0,1,1,0,0,0,0,0,0,0,0,0,0,0,1,1,0,0,2,0,0,2,0,0,0,1,0,1,2,0,0
male,PEL,AFR,0,1,0,0,0,0,2,0,0,0,0,0,2,0,0,1,2,1,0,0,0,2,0,0,0,0,1,1,1,0,1,0,0,1,1,0,0,1,0,0,0,0,2,0,0,0,2,1,0,0
male,BEB,SAS,0,0,0,0,0,0,2,0,0,0,0,0,2,0,0,0,1,0,0,2,0,2,0,0,0,0,0,0,0,0,0,0,0,0,1,0,0,2,0,0,1,1,2,0,0,0,2,1,0,0
male,IBS,EAS,0,0,0,0,0,0,2,1,0,0,0,1,2,1,1,0,2,1,0,0,0,2,0,1,0,0,0,0,0,0,0,0,0,0,1,1,0,2,0,0,2,1,2,0,0,0,1,1,0,0
female,PJL,EUR,0,0,0,0,0,0,2,0,0,0,0,0,2,2,0,0,1,0,0,0,0,2,0,0,0,0,0,0,0,0,1,0,1,1,0,1,0,2,0,0,1,0,2,0,0,0,2,2,1,0
female,ESN,SAS,1,1,0,0,0,0,2,0,1,0,0,0,2,0,0,0,1,0,0,0,1,2,0,0,0,0,0,0,1,0,0,0,0,1,0,0,0,1,0,0,1,0,1,0,0,0,2,2,0,0
male,ITU,EUR,0,1,0,0,0,0,2,0,0,0,0,0,2,2,0,0,2,1,0,1,1,2,0,0,0,0,0,0,0,0,1,0,0,0,0,0,0,2,0,0,1,0,1,0,0,0,1,1,0,0
male,CDX,AFR,0,1,1,0,0,0,2,0,0,0,0,0,2,0,0,0,1,1,0,1,0,1,0,0,0,0,0,0,0,0,0,0,0,0,0,0,1,0,0,0,0,1,2,0,0,0,2,1,0,0
male,ACB,AFR,0,1,0,0,0,0,2,0,0,0,0,0,2,1,0,0,2,0,0,2,0,2,0,0,0,0,0,0,0,0,0,0,0,0,0,0,0,1,0,0,1,2,2,0,0,0,1,2,2,0
female,ASW,AFR,0,0,0,1,0,0,2,0,0,0,0,0,2,2,0,1,2,0,0,2,0,2,0,2,0,0,0,0,0,0,0,0,0,1,0,0,0,2,0,0,1,0,0,0,0,0,1,2,0,0
female,YRI,SAS,0,1,2,0,0,0,2,0,0,0,1,2,1,0,0,0,2,0,0,2,1,2,0,0,1,0,1,0,1,0,0,0,0,1,0,0,0,0,0,0,1,2,0,0,1,0,1,1,2,0
male,BEB,SAS,0,2,1,0,0,0,2,0,0,0,0,0,2,0,0,0,1,1,0,0,0,2,0,0,0,0,1,0,0,1,0,0,0,1,1,1,0,2,0,0,0,0,2,0,0,0,2,1,0,0
female,ACB,AFR,0,0,0,0,0,0,2,0,0,0,0,0,2,0,0,0,2,0,0,0,0,2,0,0,0,0,0,0,0,0,0,0,0,0,2,0,0,0,0,0,0,1,2,0,0,0,2,2,0,0
male,PEL,EAS,0,0,0,0,1,1,2,0,2,0,0,1,2,0,0,0,2,1,0,0,0,2,0,0,0,0,2,0,0,1,0,0,0,1,0,0,0,0,0,0,1,2,0,0,0,0,0,2,0,0
male,PEL,EAS,0,2,1,1,0,0,1,0,0,0,0,1,1,1,0,2,1,1,0,0,1,2,0,0,1,1,0,0,0,0,1,0,0,1,1,1,0,2,0,0,1,1,1,0,0,0,2,1,0,0
female,STU,SAS,0,0,0,0,0,0,2,0,0,0,0,1,2,0,0,0,1,0,0,0,0,2,0,0,0,0,0,0,0,0,0,0,0,1,0,0,0,0,0,0,1,0,1,0,1,0,1,2,0,0
male,GWD,EUR,0,1,1,0,0,0,2,0,1,0,0,0,2,0,0,0,2,0,0,0,0,2,0,0,0,0,0,0,0,0,0,0,0,0,0,0,0,2,0,0,1,1,2,0,1,0,0,2,0,0
male,CHB,SAS,0,2,0,0,0,0,2,0,0,0,0,0,2,0,0,0,2,1,0,0,0,2,0,0,0,0,1,0,1,0,0,1,0,1,0,0,0,1,0,0,0,0,2,0,0,1,2,2,0,0
male,YRI,EAS,0,1,0,0,0,0,1,1,0,0,0,0,1,0,0,0,1,0,0,2,0,2,0,0,0,0,0,0,0,0,1,0,0,1,0,0,1,2,0,0,1,1,2,0,0,0,0,1,0,0
female,KHV,EUR,0,0,1,0,0,0,2,0,0,0,0,0,2,2,0,0,1,1,1,0,0,2,0,0,0,0,1,0,0,0,0,0,0,0,0,0,0,1,0,0,1,1,2,0,0,0,1,1,0,0
male,TSI,AFR,0,2,0,0,0,0,2,0,0,0,0,1,2,0,0,0,1,0,0,0,0,1,0,0,1,0,1,0,1,0,0,0,0,2,0,0,0,1,0,0,1,0,1,0,0,0,0,0,0,0
male,MXL,AMR,0,1,1,0,0,1,2,0,0,0,0,0,1,0,1,0,1,0,0,1,0,2,0,0,0,1,0,0,0,0,1,0,0,1,1,0,0,0,0,0,1,0,2,0,1,0,0,2,0,0
male,PEL,SAS,0,2,1,0,0,0,2,0,0,0,0,1,0,0,2,0,1,1,0,0,0,2,0,1,0,1,0,0,0,1,0,0,0,1,0,0,1,0,2,0,1,1,1,0,0,0,0,1,0,0
male,GIH,EUR,0,0,2,0,0,1,1,0,0,0,1,0,2,0,0,0,2,2,0,0,0,2,0,0,1,1,0,0,1,0,1,0,0,0,0,0,0,0,0,1,0,0,2,0,0,0,0,2,1,0
male,JPT,SAS,0,2,1,0,0,0,2,1,0,0,0,0,2,0,0,0,2,1,0,0,0,2,0,0,1,1,1,0,0,0,0,1,1,0,1,0,0,0,0,0,1,0,1,0,0,0,0,1,0,0
female,MXL,AFR,0,0,0,0,0,0,2,0,0,0,0,0,2,0,1,0,1,1,0,0,0,2,0,0,0,0,0,0,1,0,1,0,0,1,0,0,0,1,0,0,0,0,2,0,1,0,1,1,0,0
male,ACB,EUR,0,2,0,0,0,0,2,0,0,0,0,0,2,1,0,0,1,0,0,0,0,2,0,0,0,0,1,0,0,0,0,0,0,0,0,0,0,0,0,0,0,0,2,0,0,0,0,2,0,0
male,ITU,SAS,0,2,0,0,0,1,2,0,0,0,0,0,2,0,0,0,1,0,0,0,0,2,0,0,0,0,0,0,1,0,0,0,0,0,0,0,0,2,0,0,1,0,2,0,0,0,2,1,0,0
female,YRI,AFR,0,0,1,0,0,0,2,0,1,0,0,1,1,0,0,0,1,0,0,2,0,2,0,0,1,0,0,0,0,0,0,0,0,0,0,0,0,1,0,0,1,1,1,0,0,0,2,2,1,0
female,YRI,EAS,0,2,2,0,0,0,2,0,0,0,0,0,2,0,0,0,2,1,0,0,0,2,0,0,0,0,1,0,1,0,0,0,1,1,0,0,0,1,0,0,2,1,2,0,0,0,1,2,0,0
female,CLM,AFR,0,1,1,0,0,1,2,0,0,0,0,0,2,0,0,0,0,1,0,2,0,2,0,0,0,0,1,0,0,0,0,0,0,0,0,0,0,0,1,0,1,0,0,0,0,0,2,1,0,0
male,CHS,EAS,0,2,0,0,0,0,2,0,0,0,0,0,2,0,0,0,1,1,0,0,0,1,0,0,0,0,0,0,2,0,0,1,0,0,0,0,0,1,0,0,1,0,0,0,1,0,1,2,1,0
male,KHV,AMR,0,2,1,0,0,0,2,0,0,0,0,2,1,1,0,0,1,0,0,1,0,2,0,0,0,0,0,0,0,0,1,0,0,0,0,0,0,2,0,0,1,0,2,0,1,0,2,1,0,0
male,PUR,SAS,0,1,1,0,0,0,2,0,0,0,0,0,2,0,0,0,1,1,0,2,0,2,0,0,0,0,0,0,1,0,0,0,0,1,1,0,0,0,0,0,1,2,2,0,0,0,0,0,0,0
female,ESN,EAS,0,0,0,0,0,0,2,0,0,0,1,1,2,1,0,1,2,1,0,2,1,2,0,1,0,0,0,0,0,0,0,0,0,0,0,0,0,1,0,0,1,1,1,0,1,0,2,1,0,0
female,TSI,EUR,0,2,0,0,0,0,2,0,0,0,0,1,2,0,0,0,1,0,0,1,0,2,0,0,0,0,2,0,1,0,0,0,1,1,0,0,0,2,0,0,1,0,0,0,0,0,2,2,0,0
male,STU,AMR,0,2,1,0,0,0,2,0,0,0,1,0,2,0,0,0,0,0,0,0,0,2,0,0,0,0,0,0,0,0,0,0,0,1,0,0,0,0,0,0,1,0,0,0,0,0,1,2,1,0
male,ACB,AFR,0,2,0,0,0,0,2,0,1,0,0,2,2,1,0,0,1,1,0,1,0,2,0,0,0,0,0,0,1,0,0,0,1,2,0,0,0,1,0,0,1,0,2,0,2,0,2,1,0,0
female,CDX,EAS,0,0,2,0,0,0,2,0,0,0,0,0,0,0,0,0,1,1,1,1,2,2,0,0,0,0,0,0,0,0,0,0,0,1,0,0,0,2,0,0,1,1,0,0,1,0,2,1,0,0
female,CHB,AFR,0,0,0,0,0,0,2,0,0,1,0,0,2,0,0,0,1,0,1,0,0,2,0,0,0,0,0,0,0,0,1,0,1,0,0,0,0,1,0,0,1,0,2,0,0,0,2,2,0,0
male,GWD,EUR,0,2,0,1,0,0,2,0,0,0,0,0,2,1,0,0,2,0,0,0,0,2,0,0,0,0,0,0,0,0,0,0,1,0,0,0,0,2,0,0,2,0,1,0,0,0,0,2,0,0
male,LWK,EAS,0,2,1,0,0,0,2,0,0,0,0,0,2,0,0,0,1,0,0,0,0,1,0,1,0,0,0,0,0,0,1,0,0,1,0,0,0,0,0,0,1,0,0,0,0,0,0,1,0,0
female,TSI,EAS,0,1,0,0,0,0,2,0,0,0,0,2,2,0,0,0,2,1,0,0,1,2,0,0,0,0,0,0,1,0,0,0,0,0,2,0,0,2,0,0,0,0,2,0,0,0,1,1,0,0
male,TSI,AFR,0,1,1,0,0,0,2,0,0,0,0,0,2,0,0,0,1,0,1,0,0,2,0,0,0,0,0,0,0,0,0,0,0,0,0,0,0,2,0,0,1,1,2,0,0,0,1,1,0,0
male,CLM,EAS,0,1,1,0,0,0,2,0,1,0,2,0,2,0,0,0,1,0,0,2,0,2,0,0,0,0,0,0,0,0,0,0,0,0,0,0,0,2,0,0,0,0,1,0,0,0,2,1,0,0
female,YRI,AMR,0,1,2,1,0,0,2,0,0,0,0,0,2,1,0,0,1,1,0,0,0,2,0,0,0,0,0,0,0,0,0,0,0,0,0,0,0,2,0,0,1,1,2,0,0,0,0,2,0,1
female,GWD,EAS,0,1,2,0,0,0,1,0,0,0,0,0,2,1,2,1,2,1,0,0,0,1,0,0,0,0,2,0,0,0,0,0,0,0,0,0,1,2,0,0,1,1,1,0,0,0,0,1,0,0
male,PJL,EUR,0,0,1,0,0,1,1,0,0,0,0,0,2,0,0,0,1,0,0,1,0,2,0,0,0,0,0,0,0,0,0,0,0,0,0,0,0,0,0,0,1,0,0,0,0,0,1,1,0,0
male,MXL,EUR,0,2,1,0,0,1,2,0,0,0,0,1,2,0,0,0,2,1,0,0,0,2,0,0,0,0,0,0,0,0,0,0,0,1,2,0,1,0,0,0,1,1,0,0,0,0,2,1,0,0
male,ITU,EUR,1,0,1,0,0,0,2,0,1,0,0,0,1,1,0,0,1,1,1,2,2,2,0,0,0,0,0,0,0,0,0,0,1,1,1,0,0,2,0,0,0,0,2,0,0,0,1,1,0,1
male,LWK,SAS,0,0,0,0,0,0,2,0,0,0,0,1,2,0,0,0,2,2,0,0,1,2,0,0,0,0,1,0,0,0,0,1,1,1,0,0,0,1,0,0,2,0,1,0,0,0,1,2,1,0
male,LWK,EUR,0,2,0,0,0,0,2,0,0,1,0,1,2,0,0,0,2,0,0,2,0,2,0,0,1,0,0,0,1,0,0,0,0,1,2,0,0,1,0,0,1,0,0,0,1,0,2,1,0,0
female,CDX,AFR,0,2,0,0,0,0,2,0,2,0,0,1,2,1,0,0,1,1,0,0,0,2,0,0,1,0,0,0,0,0,1,1,1,1,0,0,0,0,0,0,1,0,2,0,0,0,0,2,0,0
female,ITU,SAS,0,0,0,0,1,0,2,0,0,0,0,1,1,0,0,1,1,1,0,2,0,2,0,0,0,0,1,0,0,0,1,0,0,1,0,0,0,0,0,0,0,1,1,0,0,0,2,1,0,0
female,GIH,AFR,0,0,0,0,0,0,2,0,0,0,0,0,2,0,0,0,2,1,0,0,0,1,0,0,0,0,2,0,0,0,0,0,1,0,0,0,0,2,0,0,2,0,2,0,1,0,1,1,0,0
male,PUR,AFR,0,2,0,0,0,0,2,0,0,0,0,0,2,1,0,0,1,0,0,1,0,2,0,1,0,0,1,0,0,0,0,0,0,1,2,0,0,2,0,0,2,0,2,0,0,0,0,2,0,1
female,BEB,EAS,0,1,0,1,0,0,2,0,0,0,0,1,2,2,1,0,2,1,0,0,0,2,0,0,0,0,0,0,0,0,0,0,0,1,0,0,0,0,0,0,0,0,1,0,1,0,1,0,0,0
male,GIH,AFR,0,2,0,0,0,0,2,0,0,0,0,1,2,0,0,0,1,0,0,1,0,2,0,0,0,0,0,0,1,0,1,0,0,1,0,0,0,0,0,0,0,0,2,0,0,0,1,0,0,0
male,ITU,AFR,0,0,1,0,0,0,2,0,0,0,0,0,2,0,0,0,1,0,0,2,0,2,0,0,0,0,2,0,0,0,0,0,0,1,1,1,0,0,0,0,0,1,1,0,0,0,0,1,0,1
male,CHB,AFR,0,2,0,0,0,0,2,0,0,0,1,0,1,0,0,0,2,0,0,2,0,2,0,0,1,0,1,0,0,0,0,0,0,1,1,1,0,2,0,0,0,0,2,0,0,0,2,1,0,0
female,GIH,AFR,0,1,0,1,0,0,2,0,0,0,0,0,2,1,0,0,2,0,0,2,0,2,0,0,1,0,0,0,0,0,0,0,0,1,0,0,0,1,0,0,1,0,2,0,0,0,2,1,2,0
female,MXL,EAS,0,2,1,1,1,0,1,0,0,0,0,2,2,2,0,0,0,0,0,0,0,2,0,0,0,0,0,0,0,0,0,0,1,1,0,0,0,0,0,1,0,0,2,0,0,0,0,1,0,0
male,BEB,AFR,0,2,1,1,0,0,2,0,0,0,0,1,2,0,0,0,1,0,0,2,0,1,0,0,0,0,1,0,0,1,0,0,0,1,0,0,0,1,0,0,1,1,1,0,0,0,0,1,0,0
female,YRI,SAS,0,2,1,0,0,0,2,0,0,0,0,0,2,0,0,0,1,1,0,2,0,2,0,0,0,0,0,0,0,0,0,0,0,0,2,0,0,0,1,0,1,0,1,0,0,0,2,2,0,0
female,YRI,EAS,0,2,0,0,0,0,2,0,0,0,0,0,2,0,0,0,2,0,0,2,0,2,0,0,0,0,1,0,0,0,0,0,0,1,2,0,0,0,0,0,0,0,2,0,0,0,0,1,0,0
male,GWD,EUR,0,1,1,0,0,1,2,0,0,0,0,1,2,1,0,0,2,0,0,2,0,2,0,0,0,0,0,0,0,0,0,0,0,1,0,0,0,2,0,0,1,0,2,0,0,0,2,1,0,0
male,TSI,AFR,0,1,0,0,0,1,2,0,0,0,0,0,2,0,0,0,1,0,0,0,0,2,0,0,0,0,0,0,0,0,0,0,0,1,1,0,0,2,0,0,1,1,2,0,0,0,0,0,0,0
female,ITU,AFR,0,1,0,0,0,0,2,0,0,0,0,0,2,0,0,0,1,0,0,0,0,2,0,0,0,0,0,0,0,0,0,0,0,0,0,1,0,0,0,0,1,0,2,0,0,0,1,2,0,0
female,LWK,EAS,0,0,0,0,0,0,2,0,0,0,0,1,2,0,0,0,1,0,0,1,0,2,0,0,0,0,1,0,0,0,0,0,1,1,0,0,0,1,0,0,1,0,0,0,0,0,1,1,0,0
male,CDX,AFR,0,2,0,2,0,1,2,0,1,0,0,1,1,2,0,2,0,1,0,1,1,2,0,1,0,0,1,0,0,1,0,0,0,0,0,2,0,1,0,0,1,2,0,0,0,0,2,1,1,0
female,ESN,EAS,0,0,0,0,0,0,2,0,1,0,1,0,2,0,0,0,1,0,0,0,0,2,0,0,0,0,1,0,1,0,0,0,0,1,1,0,0,2,0,0,0,0,2,0,0,0,1,1,1,0
female,ACB,EAS,0,1,0,1,0,0,2,0,0,0,0,0,2,2,0,0,1,2,0,1,2,2,0,0,0,1,0,0,0,0,0,1,0,1,2,0,0,1,0,0,2,1,1,0,0,0,1,1,1,0
female,KHV,EUR,0,0,0,0,0,0,2,0,0,0,1,0,2,1,0,0,1,0,0,0,0,2,0,0,0,0,1,0,2,0,0,0,0,0,1,0,0,2,0,0,1,1,2,0,1,0,1,2,0,0
male,CHS,EUR,0,2,1,0,0,0,2,0,0,0,0,1,2,0,0,0,1,1,0,2,0,2,0,0,0,0,1,0,0,1,0,0,0,1,0,0,0,2,0,0,1,0,2,0,1,0,2,2,1,0
male,ASW,EAS,0,0,1,0,0,0,2,0,0,0,0,0,2,1,0,0,1,1,0,2,0,2,0,0,0,0,0,0,0,0,0,0,1,1,0,0,0,2,0,0,1,0,2,0,0,0,2,2,0,0
male,ACB,AFR,0,1,1,0,0,0,2,0,0,0,0,1,2,0,0,0,2,0,0,2,0,2,0,0,0,0,0,0,0,0,0,1,0,0,0,0,0,2,0,0,1,0,0,0,0,0,1,2,0,0
female,PEL,SAS,0,2,0,0,0,0,2,0,0,0,0,1,2,0,0,0,1,0,0,2,0,1,0,0,0,0,0,0,0,0,0,0,0,0,0,0,0,1,0,0,0,0,0,0,0,0,0,0,0,0
male,ESN,AMR,0,2,1,0,0,0,2,0,0,0,0,1,1,0,0,0,1,0,0,0,0,2,0,0,1,0,1,0,0,0,0,0,0,1,1,0,0,2,0,0,0,1,2,0,0,0,2,2,0,0
female,ASW,EUR,0,0,1,0,0,1,2,0,0,0,0,0,2,0,0,0,1,0,0,2,0,2,0,0,0,0,0,0,0,0,0,0,1,1,0,0,0,2,0,0,0,0,1,0,0,0,2,1,0,0
male,CDX,AMR,0,2,0,0,0,0,2,0,0,0,1,0,2,0,0,0,1,0,0,2,0,2,0,0,0,1,0,0,1,0,0,0,0,1,1,0,0,2,0,0,1,0,1,0,1,0,0,0,1,0
male,GIH,EAS,0,1,0,0,0,0,2,1,0,0,0,1,2,0,0,0,1,0,0,2,0,2,0,0,0,0,1,0,0,0,0,0,0,0,0,0,0,2,0,0,1,0,1,0,0,0,0,1,0,0
female,GIH,AMR,0,0,0,0,0,0,2,0,0,0,1,0,2,0,0,0,1,0,0,0,0,2,0,0,0,0,0,0,1,0,1,0,0,0,1,0,0,1,0,0,0,0,2,0,0,0,0,2,0,0
male,ITU,EAS,0,0,1,0,0,0,2,0,1,0,0,0,1,0,0,0,1,0,0,0,0,2,0,0,0,0,1,0,0,0,1,1,0,0,0,0,0,2,0,0,0,1,2,0,1,0,2,2,1,0
male,PEL,AFR,0,1,0,0,0,0,2,0,1,0,0,2,2,0,0,0,2,0,0,0,0,2,0,0,0,0,0,0,0,1,1,0,1,0,0,0,0,0,0,0,1,0,2,0,0,0,1,0,0,0
male,ACB,EUR,0,2,0,0,0,0,2,0,0,0,0,0,2,0,0,0,1,0,0,1,1,2,0,1,0,0,0,1,0,0,1,0,0,1,1,1,0,2,0,0,0,0,2,0,0,0,0,1,0,0
male,YRI,SAS,0,2,0,0,0,0,2,0,0,0,0,1,2,0,1,0,1,0,0,1,0,2,0,0,0,0,1,1,0,0,1,0,0,0,0,1,0,0,0,0,2,1,0,0,1,0,0,2,0,0
female,GIH,EAS,0,1,1,1,0,0,2,0,0,0,0,1,2,0,0,0,1,0,0,1,0,2,0,0,0,0,2,0,0,1,1,1,1,1,1,0,0,1,1,0,1,0,0,0,0,0,0,2,0,0
female,GIH,EUR,1,1,1,0,0,0,2,0,0,0,1,0,2,0,0,0,1,0,0,2,0,2,0,0,0,0,0,0,0,0,0,0,0,1,0,0,0,1,0,0,1,0,1,0,1,0,2,1,0,0
male,ACB,SAS,0,0,0,0,0,0,0,0,0,0,0,0,2,0,0,0,0,1,0,1,0,2,0,0,0,0,0,0,0,0,0,0,1,1,0,0,0,0,0,0,1,1,1,0,0,0,1,2,0,0
female,YRI,EUR,0,0,0,0,0,0,2,0,0,0,0,0,2,2,0,0,1,0,0,0,0,2,0,0,0,0,0,0,1,0,1,0,0,0,0,0,0,1,0,0,1,0,2,0,1,0,2,2,0,0
male,PUR,AFR,0,1,0,1,0,0,2,0,0,0,0,0,2,0,0,0,2,1,0,0,0,2,0,0,0,0,0,0,0,0,0,0,0,1,0,0,0,2,0,0,0,0,1,0,0,0,2,0,0,0
female,PJL,SAS,0,0,0,0,0,0,2,0,0,0,0,1,2,0,0,0,0,0,0,1,0,2,0,0,0,0,0,0,0,1,0,0,1,1,0,0,0,2,0,0,0,1,2,0,0,0,2,2,0,0
male,ESN,EAS,0,2,0,0,0,0,2,0,0,0,0,0,2,0,0,0,2,1,0,1,0,2,0,0,0,0,1,0,0,0,0,0,0,0,2,0,0,1,0,0,0,0,2,0,0,0,2,1,0,0
male,ESN,SAS,0,1,0,0,0,0,2,0,1,0,0,1,2,1,0,0,1,2,0,2,0,2,0,0,0,0,1,0,0,0,0,0,0,1,1,0,0,0,0,0,1,0,0,0,0,0,1,2,0,0
male,KHV,SAS,0,1,0,0,0,0,2,0,0,0,0,1,1,0,0,1,2,1,0,0,0,2,0,0,0,1,0,0,0,0,1,0,0,1,0,0,0,0,0,0,1,0,1,0,0,0,0,1,0,0
female,STU,EAS,0,2,0,0,0,0,2,0,0,0,0,1,2,2,0,0,1,0,0,0,0,2,0,0,0,0,1,0,0,0,0,0,1,1,0,0,0,0,0,0,1,0,2,0,0,0,0,2,1,0
male,GIH,EUR,0,2,1,0,0,0,2,0,0,0,2,0,2,0,0,0,1,2,0,0,0,2,0,0,0,0,1,0,0,0,0,0,1,2,2,0,0,0,0,0,1,1,1,0,2,0,0,1,0,0
female,ASW,EUR,0,2,2,0,0,0,2,0,0,0,0,0,1,0,0,0,1,0,0,2,0,2,0,0,0,0,0,0,0,0,1,0,0,1,0,0,0,1,0,0,0,1,1,0,1,0,0,1,1,0
female,JPT,EAS,0,1,0,0,0,0,2,0,0,0,1,0,2,1,0,0,1,1,0,2,0,2,0,0,0,0,0,0,0,0,1,0,0,1,1,0,1,2,0,0,0,0,0,0,0,0,2,2,0,0
male,FIN,SAS,0,0,2,0,0,0,2,0,0,0,0,0,1,0,0,0,1,0,0,1,0,2,0,0,1,0,0,0,0,0,0,0,0,1,0,0,0,1,1,0,0,0,1,0,0,0,1,1,0,0
male,GWD,EAS,0,1,1,0,0,0,2,0,1,0,0,0,2,0,1,0,1,0,0,0,0,2,0,0,0,1,0,0,0,0,0,0,0,0,2,0,0,0,0,0,1,1,2,0,0,0,0,0,0,0
male,TSI,AMR,0,1,1,1,0,0,2,0,0,0,0,0,2,0,0,0,1,1,0,0,0,2,0,1,0,0,0,0,0,1,0,0,0,1,0,0,0,2,0,0,1,0,1,0,1,0,0,1,0,0
female,MSL,SAS,0,1,1,0,0,0,2,0,0,0,0,0,2,2,0,0,2,0,0,2,0,2,0,0,0,1,0,0,0,0,0,0,0,0,1,0,0,2,0,0,0,1,2,0,1,0,0,1,0,0
female,ACB,EAS,0,1,0,0,0,0,2,0,0,0,0,0,2,0,1,0,1,2,0,0,0,2,0,0,0,0,0,0,0,0,0,0,0,1,0,1,0,0,0,0,1,2,2,0,0,0,0,2,0,0
male,MXL,EAS,0,0,0,1,0,1,2,0,1,0,0,1,2,1,0,0,1,0,0,0,0,2,0,1,0,0,0,0,0,0,1,0,0,2,2,0,0,2,0,0,1,0,1,1,2,0,0,2,1,0
female,BEB,EAS,0,2,2,0,1,0,2,0,0,0,0,0,1,1,0,0,1,0,0,2,0,1,0,1,0,0,0,0,0,0,1,0,0,1,2,0,0,0,0,0,0,0,2,0,0,0,0,1,1,0
female,ESN,SAS,0,1,0,0,0,1,2,0,1,0,0,2,2,0,0,0,2,0,0,2,0,2,0,0,0,0,0,0,0,0,0,0,0,1,1,0,0,0,0,0,2,0,1,0,0,0,0,1,0,0
male,ITU,EAS,0,2,1,1,0,0,2,0,0,0,0,0,2,0,0,0,1,0,1,2,1,2,0,0,0,0,0,0,0,0,1,0,0,0,1,0,0,1,0,0,1,0,1,0,0,0,0,2,0,0
female,CHB,AFR,0,1,0,0,0,0,2,0,0,0,0,1,2,0,0,0,2,1,0,0,0,2,0,0,0,0,1,0,0,1,0,0,0,1,0,0,0,2,0,0,2,0,2,0,0,0,1,1,0,0
female,PUR,EUR,0,1,1,0,0,0,2,0,0,0,1,0,2,1,0,0,2,1,0,1,0,2,0,0,1,0,0,0,0,0,0,0,0,0,0,0,0,1,0,0,0,1,0,0,0,0,0,1,0,0
male,GIH,EUR,0,2,0,0,0,0,2,0,0,0,0,1,1,1,0,0,2,1,0,1,0,2,0,0,0,0,1,0,0,0,0,0,0,1,0,0,0,2,0,0,2,1,1,0,1,0,2,1,0,0
male,GWD,AFR,0,1,0,0,0,1,2,0,0,0,0,0,2,0,0,0,1,1,0,0,0,2,0,0,0,0,1,0,1,0,0,0,0,1,1,0,0,0,1,0,0,0,0,0,0,0,2,1,1,0
male,GIH,AFR,0,2,2,0,0,0,2,0,0,0,0,0,2,0,0,0,2,0,0,0,0,2,0,0,0,0,0,0,0,0,0,0,0,0,0,0,0,0,0,0,1,0,2,0,0,0,2,1,1,0
male,ITU,AFR,0,0,0,1,0,0,2,0,1,0,0,0,2,2,0,0,1,0,0,1,0,2,0,0,0,0,1,0,0,0,0,0,0,0,0,0,0,1,0,0,2,1,0,0,1,0,1,1,0,0
male,LWK,EAS,0,0,0,1,0,0,2,0,0,0,0,0,2,0,0,0,1,0,0,0,1,2,0,0,0,0,1,0,1,0,0,0,1,0,0,0,0,2,0,0,1,2,0,0,0,0,2,2,0,0
female,ASW,AFR,0,1,0,1,0,0,2,0,0,0,0,0,2,1,0,2,1,0,0,2,0,1,0,0,0,0,0,0,0,0,0,0,0,0,1,1,0,2,0,0,1,0,2,0,0,0,2,1,0,0
male,BEB,SAS,0,2,0,0,0,1,2,0,0,0,0,1,2,0,0,1,1,1,0,1,0,2,0,0,0,0,1,0,0,0,0,0,0,1,1,0,0,1,0,0,1,0,2,0,1,0,2,1,0,0
male,GIH,SAS,0,2,1,0,0,0,2,0,2,1,0,0,1,0,2,0,2,0,0,2,1,2,0,0,1,0,0,0,0,0,1,0,0,1,0,0,0,0,0,0,0,2,2,0,0,0,0,2,0,0
male,PUR,EUR,0,2,2,0,0,0,2,0,0,0,0,2,1,0,0,0,1,1,0,2,1,1,0,0,0,0,0,0,1,0,0,0,0,0,2,1,0,1,0,0,1,0,1,0,0,0,2,2,0,0
female,ITU,AFR,0,2,2,0,0,0,2,0,0,0,0,0,2,0,0,0,1,0,0,1,0,2,1,0,0,0,0,0,0,0,0,0,0,0,1,0,0,1,0,0,0,0,0,0,0,0,0,2,0,0
male,TSI,EAS,0,1,1,1,0,1,2,0,0,0,0,0,2,0,0,0,1,0,0,0,0,2,0,0,0,0,1,0,0,0,1,0,0,1,0,0,0,0,0,0,0,1,2,0,0,0,1,2,0,0
male,ITU,EAS,0,1,1,0,0,0,2,0,0,0,0,0,1,0,0,0,1,0,0,0,0,2,0,0,0,0,0,0,0,0,0,0,0,1,0,0,0,2,0,0,1,0,0,0,0,0,1,0,0,0
female,ASW,EAS,0,0,1,0,0,1,2,0,1,0,0,2,2,0,0,0,1,0,0,2,0,2,0,0,0,0,1,0,0,0,0,0,0,2,0,0,0,2,1,0,1,0,0,0,0,0,0,1,0,0
male,GIH,EUR,0,0,0,0,0,0,2,0,0,0,0,1,2,0,0,0,2,1,0,0,1,1,0,2,0,0,0,0,0,0,0,0,0,1,0,0,0,2,0,0,2,0,1,0,0,0,0,1,0,0
female,LWK,EUR,0,2,0,0,0,0,2,0,0,0,0,0,2,1,0,0,1,0,0,2,0,2,0,0,0,0,0,0,0,0,0,0,0,2,0,0,0,2,0,0,1,0,2,0,2,0,0,2,0,0
male,PEL,AFR,0,1,1,0,0,1,2,0,0,0,0,0,2,0,0,0,1,0,0,1,0,1,0,0,0,0,0,0,0,0,2,0,0,0,2,0,0,2,0,0,2,1,1,0,0,0,2,1,0,0
female,PEL,EAS,0,0,0,0,0,0,2,0,0,0,0,1,2,0,0,0,0,0,0,1,2,2,0,0,0,0,0,0,0,0,0,0,0,0,0,1,0,0,1,0,1,1,1,0,1,0,1,1,0,0
male,KHV,AMR,0,2,0,0,0,0,2,0,0,1,1,0,2,0,0,1,1,0,0,0,1,2,0,0,0,2,0,0,0,1,0,0,0,0,1,0,0,1,0,0,2,0,2,0,0,0,2,1,0,0
male,JPT,EAS,0,0,0,0,0,0,2,0,1,0,0,0,2,0,0,0,1,0,0,0,1,2,0,0,0,0,0,0,0,0,0,0,1,0,0,0,0,2,0,0,1,1,2,0,0,0,2,1,0,0
female,TSI,AFR,0,2,0,0,0,0,2,0,0,0,0,0,2,2,0,0,2,2,0,0,0,2,0,0,0,0,0,0,0,0,2,0,0,2,1,0,0,1,0,0,2,0,1,0,0,0,2,1,0,0
male,YRI,AFR,0,2,1,0,0,1,2,0,0,0,0,0,2,0,0,0,1,1,0,1,0,1,0,0,0,0,0,0,0,0,0,1,0,0,0,0,0,0,0,0,0,0,1,0,0,0,1,2,1,0
male,PJL,EAS,0,2,0,0,0,0,2,0,0,0,0,0,2,0,0,0,1,1,0,2,0,2,0,0,0,0,0,0,0,0,0,0,0,0,1,0,0,0,0,0,2,0,0,0,1,0,2,2,0,0
female,PUR,AFR,0,2,0,1,0,0,2,0,1,0,0,0,2,0,0,0,0,0,0,2,0,1,0,0,1,0,1,0,0,0,0,0,0,0,1,0,0,0,0,0,0,0,1,0,0,0,0,1,0,0
female,PEL,AFR,0,0,1,0,0,0,2,0,0,0,0,0,2,1,0,0,2,0,0,1,0,2,0,0,0,0,0,0,0,0,1,0,0,0,0,1,0,0,0,0,1,0,1,0,0,0,2,1,1,0
female,STU,AFR,0,1,0,0,0,0,2,0,0,0,1,1,2,0,0,0,1,1,0,0,0,2,0,0,0,0,1,0,0,0,0,0,0,0,0,0,0,0,0,0,0,1,2,0,0,0,1,1,0,0
male,PJL,EAS,0,2,1,0,0,0,1,0,0,0,0,0,2,0,2,0,2,2,0,0,0,2,0,0,0,0,0,0,0,0,0,0,0,0,0,0,0,0,0,0,1,1,2,0,0,0,2,1,0,0
male,GIH,SAS,0,2,0,0,0,0,2,0,0,0,0,0,2,1,0,0,2,0,0,2,0,2,0,0,0,0,1,0,0,0,0,0,0,1,0,0,0,2,0,0,0,1,1,0,0,0,0,2,0,0
male,ITU,AMR,1,0,0,0,0,0,2,0,0,0,0,2,1,0,0,0,1,0,0,2,1,2,0,0,0,0,1,0,0,0,0,0,0,1,1,0,0,1,0,1,0,2,1,0,0,0,1,2,1,0
male,ESN,EAS,0,0,0,0,0,1,1,0,0,0,0,0,2,0,1,0,2,0,1,0,1,2,1,0,0,0,0,0,0,0,0,0,1,0,0,0,0,2,0,0,0,0,1,0,0,0,0,2,0,0
male,CEU,SAS,0,2,0,1,0,0,2,0,1,0,0,1,1,0,0,0,2,1,0,1,1,1,0,0,0,0,0,0,0,0,0,0,0,1,0,0,1,1,0,0,1,1,0,0,1,0,0,2,0,0
male,YRI,AMR,0,1,2,0,0,0,2,0,0,0,0,0,2,1,0,0,2,0,0,1,0,2,0,1,0,0,0,0,0,0,0,0,0,1,0,0,0,0,0,0,0,2,2,0,0,0,0,2,0,0
female,YRI,EAS,0,2,0,0,0,1,2,0,0,0,0,0,2,0,0,0,1,1,0,0,0,2,0,0,0,0,0,0,1,0,0,0,0,2,0,0,0,1,0,0,1,0,2,0,0,0,2,1,0,0
male,GWD,SAS,0,1,0,0,0,0,2,0,0,0,0,0,2,1,0,0,1,0,0,0,0,2,0,0,0,0,0,0,0,0,0,0,0,0,0,0,0,1,0,0,1,1,1,0,0,0,0,1,2,0
female,YRI,AMR,0,2,0,0,0,0,2,0,0,0,1,1,2,0,0,0,1,0,0,0,1,1,0,0,0,0,0,0,0,0,0,0,0,0,0,1,0,2,0,0,1,0,0,0,0,0,0,1,2,0
male,GWD,SAS,0,0,1,0,0,1,2,0,1,0,0,0,1,1,0,0,1,0,0,0,2,2,0,1,0,0,0,0,1,0,1,0,1,0,0,0,0,1,0,0,1,0,0,0,0,0,1,2,0,0
female,GBR,EUR,0,1,0,0,0,1,2,0,0,0,0,0,2,0,0,0,1,0,0,0,1,2,0,0,0,0,0,0,0,0,0,0,0,0,0,0,0,0,0,0,0,1,1,0,0,0,2,2,0,1
male,ITU,AFR,0,0,1,0,0,0,2,0,0,0,0,0,2,1,0,0,1,1,0,2,0,1,0,0,0,0,0,0,0,0,1,0,1,1,0,0,0,0,0,0,1,0,1,0,1,0,1,2,0,0
female,GWD,AFR,0,2,1,0,0,0,0,0,0,0,0,0,2,0,0,0,2,0,0,2,0,1,0,0,0,0,0,0,0,1,0,0,0,0,1,0,0,1,0,0,0,0,2,0,1,0,2,2,0,0
female,ITU,EAS,0,1,0,1,0,0,2,0,0,0,0,1,2,2,0,0,1,1,0,2,0,1,0,0,0,0,0,0,0,1,0,0,0,1,0,0,0,0,0,0,0,0,1,0,0,0,2,1,0,0
male,ACB,AFR,0,2,1,0,0,0,2,0,0,0,0,1,2,2,0,0,2,0,0,1,0,2,0,0,0,0,1,0,0,0,0,0,0,1,2,0,0,0,0,0,0,0,0,0,0,0,0,0,0,0
male,IBS,EUR,0,1,1,0,0,1,2,1,0,0,0,0,1,0,0,0,1,0,0,1,0,2,0,1,1,0,0,0,0,0,0,0,1,2,1,0,0,2,0,0,0,0,2,0,0,1,0,2,0,0
male,LWK,AMR,0,2,1,1,0,0,2,0,0,0,0,0,2,0,0,0,2,0,0,1,0,2,0,0,0,0,0,0,0,0,0,0,0,0,0,0,0,0,0,0,1,0,1,0,0,0,0,2,1,0
male,CLM,EAS,0,2,0,0,0,0,2,0,0,0,0,0,2,1,0,0,1,0,0,0,0,2,0,0,0,0,0,0,0,0,1,0,0,1,1,0,0,2,0,0,1,0,2,0,0,0,2,0,2,0
female,ACB,EAS,0,1,0,0,0,0,2,0,0,0,0,1,2,0,0,0,1,0,0,0,0,2,0,0,0,0,0,0,0,0,0,0,0,1,0,0,0,2,0,0,1,0,2,0,0,0,1,2,0,0
male,IBS,EUR,0,2,1,1,0,0,2,0,0,0,0,1,2,0,0,0,1,0,0,0,0,2,0,2,0,0,0,0,0,0,0,0,0,1,0,0,0,0,0,0,1,1,1,0,0,0,1,1,0,0
female,ACB,EAS,0,2,0,0,0,0,2,0,0,0,0,0,2,0,0,1,2,0,0,0,1,2,0,1,1,0,0,0,0,0,0,0,0,1,0,0,0,0,0,1,1,0,2,0,1,0,0,1,0,0
male,CHS,EUR,0,2,1,0,0,0,1,0,0,0,0,1,2,0,1,0,2,0,0,0,0,2,0,0,0,0,1,0,0,0,0,0,0,1,1,0,1,0,0,0,0,0,2,0,0,0,2,2,0,0
male,CEU,AFR,0,2,0,0,0,0,2,0,0,0,0,0,2,2,0,0,1,1,0,0,0,0,0,0,0,0,1,0,0,0,0,0,0,0,1,0,0,2,2,0,0,2,2,0,1,2,0,1,0,1
female,PUR,EAS,0,2,1,0,0,0,2,0,0,0,0,2,2,2,0,0,2,1,0,0,0,2,0,0,0,0,0,0,0,0,0,0,0,2,2,0,0,2,0,0,2,1,2,0,0,0,0,2,1,0
male,PEL,EAS,0,2,1,0,0,1,2,0,0,0,0,0,2,0,0,0,1,1,0,0,0,2,0,0,0,0,1,0,1,0,0,0,0,0,0,0,0,0,0,0,2,1,2,0,1,0,2,0,1,0
female,JPT,EUR,0,1,0,0,0,1,2,0,0,0,0,0,2,0,0,0,2,0,0,0,0,2,0,0,0,0,1,0,0,0,1,0,1,0,1,1,0,0,0,0,0,0,1,0,1,0,0,1,0,0
male,ACB,AFR,0,2,2,0,0,0,2,0,0,0,0,1,2,0,0,0,2,0,0,0,0,2,0,0,0,1,0,0,0,0,0,0,0,1,0,1,0,0,0,0,0,0,1,0,0,0,1,1,0,0
female,GIH,EUR,0,1,0,0,0,0,1,1,0,0,0,0,0,0,0,0,1,2,0,0,0,2,0,0,0,0,0,0,0,0,0,0,1,1,0,0,0,2,0,0,1,0,2,0,0,0,0,0,0,0
male,CHB,AFR,0,2,0,0,0,0,2,0,0,0,0,0,2,0,0,0,1,1,0,0,1,1,0,2,0,0,0,0,0,0,0,0,1,0,2,0,0,2,0,0,2,0,0,0,0,0,1,2,0,0
female,JPT,EUR,0,0,0,0,0,0,2,0,1,0,0,0,2,1,0,0,1,1,0,0,1,1,0,1,1,0,0,0,0,0,0,0,0,0,0,0,0,1,0,0,2,0,0,0,0,0,0,2,1,0
male,PUR,AMR,0,2,0,0,0,0,2,0,0,0,0,1,2,0,0,0,2,1,0,0,0,1,0,0,0,0,1,0,0,0,0,0,0,1,2,0,0,1,0,0,0,1,2,0,0,0,0,1,0,0
female,STU,SAS,0,0,1,0,0,0,2,0,0,0,0,0,2,0,0,0,1,1,0,0,0,2,0,0,0,0,0,0,0,0,0,0,0,0,0,0,0,2,0,0,1,0,2,0,0,0,2,2,1,0
female,GWD,EAS,0,1,1,0,0,0,2,0,0,2,0,0,1,0,0,0,2,0,0,2,0,1,0,0,0,0,0,0,0,0,0,0,1,1,0,0,0,0,0,0,0,2,2,0,0,0,2,2,0,0
male,ITU,AMR,0,2,1,0,0,0,2,0,0,0,0,1,2,0,0,0,1,0,0,0,0,2,1,0,0,0,0,0,0,0,0,0,0,0,0,0,0,2,0,1,1,1,2,0,0,0,0,1,0,1
male,TSI,AFR,0,2,2,0,0,0,2,0,0,0,0,1,2,1,1,0,1,0,0,0,0,2,0,0,0,0,0,0,1,0,1,0,0,1,0,0,0,1,0,0,2,0,0,0,0,0,0,1,0,0
female,ESN,SAS,0,0,0,0,0,1,2,0,0,0,0,0,2,0,2,1,0,1,0,0,1,1,0,0,0,0,2,0,0,0,0,0,0,0,1,0,0,2,0,0,2,0,2,0,1,0,1,2,0,1
male,ESN,EUR,0,0,2,1,0,0,2,0,0,0,0,2,2,0,0,0,2,1,0,2,0,2,0,0,0,0,1,0,0,0,1,0,0,2,1,0,0,0,0,0,1,1,1,0,1,0,0,1,0,0
male,GIH,AFR,0,2,0,1,0,2,2,0,0,0,1,0,2,0,0,0,2,0,0,0,0,2,0,0,1,0,1,0,0,0,0,0,0,1,0,0,1,0,0,0,0,0,1,0,1,0,0,2,0,0
male,GIH,SAS,0,0,0,0,0,0,2,1,0,0,0,1,2,0,0,0,2,1,0,0,0,2,0,0,0,0,0,0,1,0,1,0,0,2,2,1,0,1,0,0,2,1,2,0,0,1,1,1,2,0
female,TSI,AFR,0,1,1,1,0,0,2,0,1,0,0,0,2,1,0,0,2,0,0,0,2,2,0,0,0,0,0,0,0,0,0,0,0,0,2,2,0,2,0,0,1,0,2,0,1,0,0,2,0,0
male,ESN,EUR,0,0,0,0,0,0,2,0,0,0,0,0,2,0,0,0,0,1,0,2,0,2,0,0,0,0,0,0,0,0,0,0,0,1,0,0,0,1,0,0,1,0,1,0,1,0,0,0,0,0
male,ASW,AFR,0,1,2,0,0,0,2,0,0,0,0,0,2,0,0,0,2,1,0,0,0,2,0,0,0,0,0,0,0,0,0,0,0,1,0,0,0,1,0,0,0,0,2,0,0,0,1,2,0,0
male,STU,EAS,0,1,0,0,0,1,2,0,0,0,1,1,1,0,0,1,1,0,0,0,1,2,0,0,0,0,0,0,0,0,1,0,2,1,1,0,0,0,0,0,1,1,2,0,0,0,1,2,2,0
male,PEL,EAS,0,1,1,0,0,0,2,0,0,0,0,1,2,0,0,0,1,0,0,1,0,2,0,0,0,0,0,0,0,0,0,0,0,1,0,0,0,2,0,0,1,2,1,0,1,0,2,2,0,0
male,BEB,EUR,0,1,0,0,0,0,2,0,0,0,0,1,1,0,0,0,1,0,0,1,0,2,0,0,0,0,0,0,0,0,1,0,1,0,2,1,0,0,0,0,1,0,0,0,0,0,2,1,1,0
male,CEU,EUR,0,2,1,0,0,0,2,0,0,0,0,0,2,0,0,0,1,0,0,0,0,2,0,0,0,0,0,0,0,0,0,0,0,1,0,0,0,0,0,0,1,0,2,0,0,1,0,2,0,0
male,CHS,EUR,0,0,1,1,0,0,2,0,0,0,1,0,2,0,0,0,2,1,0,0,0,2,0,0,0,0,0,0,0,0,1,0,0,1,0,0,0,2,0,0,1,1,1,0,1,0,2,1,0,0
male,CHB,EAS,0,0,1,0,0,0,2,0,0,0,0,0,2,2,0,0,2,1,0,2,0,2,0,0,0,0,0,0,0,0,0,0,0,0,1,0,0,0,0,0,1,0,2,0,0,0,1,1,0,0
female,GIH,AMR,0,0,0,0,0,0,2,0,0,0,1,1,2,0,0,0,1,1,0,2,0,1,0,1,0,0,0,0,0,0,0,0,0,1,1,1,0,2,0,0,0,0,2,0,0,0,1,1,0,1
male,ESN,SAS,1,2,1,0,0,2,2,0,0,0,0,0,2,0,0,0,2,0,0,1,1,2,0,0,0,0,0,0,0,0,0,0,0,2,2,0,0,1,1,0,1,0,2,0,0,0,0,2,0,0
female,GWD,SAS,0,2,1,1,0,0,2,0,0,0,0,0,2,0,1,1,1,0,1,0,0,1,1,0,0,0,0,0,0,0,1,0,2,1,1,0,0,0,0,0,2,0,1,0,0,0,0,2,1,0
male,CHS,AFR,0,2,0,0,0,0,2,0,2,0,0,0,2,0,0,0,2,0,0,2,0,2,0,1,0,0,1,0,0,0,0,0,0,0,1,0,0,1,0,0,2,1,1,0,0,0,1,2,0,0
male,CLM,EUR,0,0,2,0,0,0,2,0,0,0,0,0,2,0,0,0,1,1,0,0,0,2,0,0,0,0,0,0,0,0,0,0,0,1,0,0,1,1,0,0,1,1,2,0,0,0,2,1,0,0
male,IBS,EUR,0,2,0,1,0,0,2,0,0,0,0,1,1,0,0,0,2,0,0,1,0,2,0,1,0,0,0,0,0,0,0,0,0,1,1,0,0,2,0,0,1,0,1,0,0,0,1,1,0,0
male,CHB,EUR,0,2,0,0,0,0,2,0,0,1,0,0,2,0,0,0,0,1,0,0,0,2,0,1,0,0,0,1,0,0,0,0,0,0,0,0,0,0,0,0,0,1,1,0,0,0,2,2,0,0
female,FIN,EUR,0,0,0,0,0,0,2,0,0,0,0,2,2,2,0,0,1,0,0,0,1,2,0,0,0,0,0,0,0,0,0,0,0,0,0,0,0,1,0,0,0,0,2,0,0,0,0,2,0,0
female,GBR,AFR,0,0,2,0,0,1,2,0,0,0,1,0,2,0,0,0,2,0,0,1,0,2,0,0,0,0,1,0,0,0,2,0,2,0,0,0,0,2,0,0,1,2,0,0,2,0,2,1,0,0
female,YRI,EAS,0,2,0,0,0,0,2,0,0,0,0,0,2,0,0,0,1,0,0,1,0,1,0,0,0,0,1,0,0,1,0,0,0,0,1,0,0,2,0,0,0,0,0,0,2,1,0,2,0,0
female,CHB,EUR,0,2,1,0,0,1,2,0,0,0,0,0,2,0,0,0,2,1,0,0,0,2,1,0,0,0,2,0,0,0,0,0,0,0,0,0,0,2,0,0,0,0,2,0,0,0,0,1,0,0
male,ESN,AFR,0,1,0,0,0,1,2,0,0,0,0,1,2,0,0,1,1,2,0,2,0,1,0,0,0,0,0,0,1,0,0,0,0,1,0,0,0,2,0,0,0,0,1,0,0,0,1,2,1,0
female,PJL,AMR,0,0,0,0,0,0,2,0,0,0,0,0,2,0,0,0,1,1,0,2,0,2,0,0,0,0,2,0,0,0,1,0,1,1,2,0,0,0,1,0,0,1,0,0,0,0,2,1,0,0
male,TSI,AFR,0,0,0,1,0,0,2,0,2,0,0,2,2,0,0,0,1,2,0,1,1,2,0,1,0,0,0,0,0,0,0,1,0,0,1,0,0,0,0,0,0,2,1,0,2,0,0,1,0,0
male,PJL,EAS,0,0,2,0,0,1,2,0,0,0,0,1,2,2,1,0,1,0,0,0,0,2,1,1,0,0,0,0,0,0,0,1,0,1,0,0,0,2,0,0,2,0,0,0,0,0,0,1,0,0
male,PEL,AFR,0,0,1,0,0,0,2,0,0,0,0,0,2,0,0,0,1,1,0,0,0,2,0,0,0,0,0,0,0,0,0,0,0,0,0,0,0,0,0,0,0,0,1,0,1,0,2,2,0,0
female,CDX,SAS,0,2,0,0,0,0,2,0,0,0,0,0,2,1,0,1,2,0,0,2,0,1,0,0,0,0,0,0,0,0,0,1,0,2,0,0,0,1,0,0,2,0,1,0,0,1,2,2,0,0
male,ACB,AFR,0,0,0,0,0,0,2,0,0,0,0,0,2,0,0,0,0,2,0,0,1,1,0,0,0,0,2,0,0,0,1,0,0,1,0,0,0,2,0,0,1,2,1,0,0,0,1,2,0,0
female,ESN,EAS,0,1,0,0,0,0,2,0,0,0,0,0,2,0,1,0,1,0,0,1,0,2,0,0,0,0,0,0,0,0,0,1,0,1,0,1,0,2,0,0,1,0,2,0,0,0,0,1,0,0
male,CEU,AFR,0,1,1,0,0,0,2,0,0,0,0,0,2,0,0,0,1,1,0,1,0,2,0,0,0,0,0,0,0,0,0,0,0,2,1,0,0,1,0,1,1,0,1,0,0,0,1,0,0,0
male,TSI,AFR,0,0,0,0,0,0,2,0,0,0,0,0,2,0,0,0,1,1,0,1,0,2,0,0,0,0,0,0,0,1,0,0,0,0,0,1,0,0,0,0,0,0,1,0,0,0,0,2,0,0
male,PEL,EUR,0,2,2,0,0,0,2,0,0,0,0,1,2,0,0,0,1,0,0,0,0,2,0,0,0,0,0,0,0,0,0,0,0,0,0,0,0,2,0,0,0,1,0,0,0,0,0,0,0,0
female,MXL,AMR,0,0,1,0,0,0,2,0,0,0,0,0,1,0,0,0,2,1,0,0,0,2,0,0,0,1,0,0,2,0,0,0,1,1,1,0,0,2,0,0,1,0,0,0,1,1,1,1,1,0
female,GIH,SAS,0,2,0,1,0,0,2,0,0,0,0,1,2,0,0,1,2,0,0,0,1,2,1,0,0,0,1,0,0,0,1,1,0,1,2,0,1,2,0,0,0,0,2,1,0,0,0,2,0,0
female,CHS,EUR,0,1,1,0,0,0,1,0,0,0,0,0,2,0,0,0,1,0,0,2,0,2,0,0,0,0,0,0,0,0,0,0,0,0,0,0,0,0,0,0,1,0,2,1,0,1,0,1,0,0
male,CHS,AFR,0,0,1,0,0,0,2,0,0,0,0,0,2,0,0,0,1,0,0,0,0,2,0,0,0,0,0,0,0,0,0,0,0,1,2,1,0,2,0,0,1,0,1,0,0,0,2,2,1,0
female,ITU,EUR,0,2,0,0,0,0,0,0,0,0,1,0,2,0,0,0,2,0,0,2,0,2,0,0,0,0,0,0,1,0,1,0,1,0,2,0,0,2,0,0,2,0,0,0,1,0,0,1,0,0
male,PUR,AFR,0,1,2,0,0,0,2,0,0,0,0,2,2,0,0,0,2,0,0,0,0,2,0,0,0,0,1,0,0,0,0,0,0,0,0,0,0,2,0,1,1,0,2,0,0,0,1,2,2,0
male,JPT,AMR,0,2,1,0,0,0,2,1,0,0,0,2,2,0,0,0,2,0,0,0,0,2,0,0,2,0,0,0,1,0,1,1,0,0,0,0,0,2,0,0,2,1,2,0,0,0,2,1,0,0
male,BEB,AFR,0,2,1,0,0,1,2,0,0,0,0,0,0,0,0,0,2,0,0,2,0,2,0,0,0,0,0,0,0,0,0,0,0,0,1,0,0,0,0,0,0,0,1,0,0,0,2,2,0,0
male,PUR,AMR,0,2,0,0,0,0,2,0,0,0,0,0,2,0,0,0,2,0,0,1,0,2,0,0,0,0,0,0,0,0,1,0,0,0,1,0,0,1,1,0,1,1,2,0,0,0,1,2,0,1
male,MSL,EUR,0,2,0,0,0,0,2,0,0,0,0,0,2,0,0,0,2,1,1,0,0,2,0,0,0,0,0,0,0,0,0,0,0,0,0,0,0,2,0,0,1,0,1,0,0,1,0,0,0,0
male,CEU,AFR,0,1,2,0,0,0,2,0,0,0,0,0,1,0,0,0,1,1,0,0,1,2,0,0,0,1,0,0,0,0,0,0,0,1,0,0,0,0,0,0,0,0,2,0,0,0,0,2,0,0
male,IBS,EUR,0,1,0,0,0,0,2,0,0,0,0,1,2,0,0,0,1,0,0,1,0,1,0,0,0,0,0,0,0,0,0,0,0,0,0,0,0,1,0,0,0,0,0,0,0,0,2,1,0,0
male,LWK,EAS,0,0,1,0,0,0,2,0,0,0,1,1,1,0,0,1,1,0,0,0,0,2,0,0,0,0,0,0,0,0,0,0,0,0,1,0,0,1,0,0,1,0,1,0,0,0,2,2,0,0
male,GIH,SAS,1,0,2,0,0,0,2,0,0,0,0,0,2,1,1,0,2,1,0,1,0,2,0,1,0,0,0,0,0,0,0,1,0,1,0,0,0,1,0,0,0,2,0,0,0,0,2,1,0,0
female,CHB,AFR,0,0,0,1,0,0,1,1,1,0,0,0,2,0,0,1,1,0,0,2,0,2,0,0,0,0,0,0,0,0,1,0,0,0,1,0,1,1,0,0,1,1,1,1,0,0,1,0,0,0
male,MSL,AFR,0,2,0,0,0,1,2,0,0,0,0,2,2,0,0,0,1,1,0,0,0,2,0,0,0,0,0,0,0,0,0,0,1,1,0,0,0,0,0,0,2,0,2,0,0,0,2,2,0,0
male,CEU,SAS,0,1,0,1,0,0,2,0,0,0,0,0,2,0,0,0,1,1,0,0,1,2,0,0,0,0,1,0,0,0,0,0,0,1,1,0,0,1,0,0,0,0,1,0,0,0,2,0,0,0
female,CHS,SAS,0,1,0,0,0,0,2,0,0,0,0,0,2,1,0,0,2,0,0,1,0,2,0,0,0,0,0,0,0,0,0,0,0,0,0,0,0,1,0,0,1,1,1,0,0,0,0,2,0,0
male,ESN,AFR,0,0,1,1,0,0,2,0,0,0,0,0,1,0,0,0,2,0,0,1,0,2,0,0,0,0,0,0,0,0,0,0,0,1,1,0,0,2,0,0,0,0,2,0,0,0,1,0,0,0
female,PEL,AMR,0,2,0,1,0,0,2,0,1,0,1,0,2,0,0,0,1,1,0,0,0,2,0,0,0,0,1,0,0,0,0,0,0,0,0,0,0,1,0,0,2,0,1,0,0,0,2,1,0,0
male,LWK,AFR,0,2,0,0,0,0,2,0,0,0,0,1,2,0,0,0,2,0,0,2,0,2,0,0,0,0,0,0,0,0,0,0,0,0,0,0,0,2,0,0,1,0,2,0,0,0,0,2,0,0
female,TSI,SAS,0,0,0,0,0,0,2,0,0,0,0,0,2,0,0,2,1,0,0,2,0,2,0,0,0,0,1,0,1,0,0,0,0,1,0,0,0,1,0,0,2,0,2,0,0,0,0,0,0,0
male,MXL,SAS,1,2,0,1,0,0,2,0,0,0,0,0,2,1,0,0,2,1,0,0,0,2,0,0,0,0,1,0,0,0,0,0,0,0,0,0,0,2,0,0,1,0,1,0,0,0,2,1,0,0
female,PUR,SAS,0,1,0,0,0,0,2,0,0,0,0,0,2,2,0,0,1,0,0,0,0,2,0,0,0,0,0,0,1,0,0,0,0,0,0,0,0,2,0,0,1,0,2,0,0,0,1,1,0,1
male,CLM,EUR,0,2,0,1,0,0,2,0,0,0,0,0,2,0,0,0,0,0,0,1,0,2,0,0,0,0,0,0,0,0,0,0,0,1,1,0,0,0,0,0,0,0,2,1,0,0,2,1,0,0
male,LWK,SAS,0,2,0,0,0,0,1,0,0,0,0,0,2,1,0,0,2,1,0,0,0,1,0,0,0,0,0,0,0,0,0,0,0,1,0,0,0,2,0,0,0,1,1,0,0,0,0,1,0,1
female,BEB,AFR,0,2,1,0,0,1,2,0,0,0,0,0,2,2,0,0,1,0,0,0,1,2,0,0,0,0,0,0,0,0,0,0,1,0,0,2,0,2,0,1,1,0,2,1,1,0,0,1,1,0
male,PJL,AFR,0,1,0,0,0,0,1,0,0,0,0,0,2,0,0,0,1,0,0,0,0,2,0,0,0,0,1,0,1,0,0,0,0,1,0,0,1,0,0,0,1,0,2,0,1,0,1,2,0,0
female,BEB,EAS,0,2,0,0,0,0,1,0,1,0,0,0,2,0,0,0,1,0,0,2,0,2,0,0,0,0,1,0,0,0,0,0,0,1,1,0,0,1,0,0,1,0,2,0,0,0,1,1,0,0
female,CDX,EAS,0,1,1,0,0,0,2,0,0,0,0,2,2,0,1,0,1,0,0,0,1,2,0,1,0,0,0,0,0,0,0,0,0,1,0,1,0,0,0,0,0,1,0,0,0,0,1,2,2,0
female,CHS,AFR,0,1,2,0,0,0,2,0,0,0,0,1,1,1,0,1,1,1,0,0,0,2,0,0,0,0,0,0,0,0,0,0,0,0,2,0,0,2,0,0,1,1,1,0,0,0,2,0,0,0
male,IBS,SAS,0,1,0,0,0,1,2,0,0,0,0,2,2,2,0,1,2,1,0,0,0,2,0,0,0,0,0,1,0,0,0,1,0,1,2,0,0,2,0,0,1,0,2,0,0,0,1,1,0,0
female,CEU,EAS,0,0,1,0,0,0,2,0,0,0,0,0,2,0,0,0,1,0,0,1,0,2,0,0,0,0,1,0,0,0,0,0,0,2,0,1,0,0,0,0,1,0,2,0,0,0,2,1,0,0
male,LWK,AFR,0,1,0,0,0,0,2,0,0,0,0,0,2,0,0,1,1,0,0,0,0,2,0,0,0,0,1,0,0,0,1,0,0,1,0,0,0,2,0,0,1,0,2,0,1,0,2,2,0,0
male,ESN,AFR,0,1,1,0,0,1,2,0,0,0,0,1,1,1,1,0,2,0,0,0,0,2,0,0,0,0,1,0,0,0,0,0,0,1,1,1,0,1,0,0,0,2,2,0,0,0,2,2,0,0
male,ASW,EUR,0,0,0,0,0,0,2,0,0,0,0,0,1,0,0,1,1,0,0,0,0,2,0,0,0,0,2,0,2,0,0,0,2,1,2,0,0,1,0,0,1,0,0,0,0,0,2,1,0,0
male,ACB,EAS,0,2,0,0,0,0,2,0,0,0,0,2,2,0,0,0,2,0,0,1,0,1,0,0,0,0,0,0,0,0,0,1,0,0,0,1,0,1,0,0,1,1,2,0,0,0,2,2,0,0
male,MSL,AFR,0,1,0,0,0,0,2,0,1,0,0,0,2,0,0,1,2,0,0,1,0,2,0,0,0,0,1,0,0,0,2,0,1,1,0,0,0,2,0,0,2,0,1,0,0,0,1,2,0,0
male,ESN,AMR,0,2,1,0,0,0,2,0,0,0,1,0,1,0,0,0,0,0,0,0,0,2,0,0,1,0,0,0,0,0,0,0,0,1,1,0,1,1,0,0,1,0,2,0,0,0,2,1,0,0
female,ITU,EAS,0,1,0,0,0,0,2,0,0,0,1,0,2,0,0,0,0,0,0,2,0,2,0,0,0,0,0,0,1,0,0,0,0,0,0,0,0,2,0,0,1,2,1,0,1,0,1,0,0,0
male,ESN,EAS,0,2,1,0,0,1,2,0,0,0,0,1,2,0,1,1,1,0,0,1,0,2,0,0,0,1,2,0,0,0,0,0,0,0,0,0,0,0,0,0,1,0,2,0,0,0,2,1,0,0
female,GBR,SAS,0,2,0,0,0,0,2,0,1,0,0,1,2,0,0,0,0,1,0,0,0,2,0,1,0,0,0,0,0,0,0,0,0,0,1,0,0,2,0,0,0,0,1,0,0,0,0,1,0,0
female,MXL,AFR,0,2,1,0,0,0,2,0,0,0,0,2,2,0,0,0,2,0,0,0,0,2,0,1,0,0,0,0,0,0,0,0,0,1,0,0,0,0,0,0,1,1,0,0,0,0,0,1,0,0
male,GIH,AFR,0,2,1,0,0,0,2,0,0,0,0,0,2,1,0,0,2,0,0,1,0,2,0,0,1,0,0,0,0,0,0,0,0,0,0,0,0,1,0,0,2,0,1,0,0,1,2,2,0,0
male,ESN,EUR,0,2,1,1,0,0,2,0,0,0,0,0,2,0,0,0,0,1,0,0,0,2,0,1,0,0,0,0,1,0,0,0,0,0,0,0,0,0,0,0,0,0,2,0,0,0,2,0,0,0
female,ACB,EAS,0,2,0,1,0,0,2,1,0,0,0,0,2,0,0,1,1,0,0,1,0,2,0,0,0,1,0,0,1,0,0,0,0,1,0,0,0,2,2,0,1,0,2,0,0,0,2,2,0,0
male,JPT,SAS,0,1,0,1,0,0,2,0,1,0,0,2,1,0,0,0,2,0,0,1,0,1,0,0,0,0,0,0,0,0,0,0,0,1,2,0,0,0,0,0,2,0,2,0,0,0,1,2,0,0
male,PJL,EAS,0,1,0,0,0,0,2,0,2,0,1,1,2,1,0,0,2,0,0,1,0,1,0,0,0,0,0,0,0,0,0,0,0,0,0,0,0,2,1,0,2,0,2,0,1,0,1,1,0,0
male,CLM,EUR,0,1,1,1,0,0,2,0,0,0,1,0,2,0,0,0,2,0,0,0,1,2,1,0,0,0,0,0,0,0,0,0,0,1,0,0,0,2,0,0,0,1,2,0,0,0,2,2,0,0
male,STU,AFR,0,0,0,0,0,0,1,0,0,0,0,0,0,0,0,0,1,2,0,1,0,2,0,1,0,0,0,0,0,0,0,1,1,0,1,0,0,1,0,0,1,1,2,0,0,0,2,1,0,0
male,ESN,EUR,0,0,0,0,0,0,2,0,0,0,0,0,2,0,0,0,2,1,0,0,1,2,0,0,2,0,0,0,0,0,0,0,0,1,0,0,0,1,0,0,1,0,0,0,0,0,0,2,0,0
male,CHB,EAS,0,0,0,0,0,0,2,0,0,0,0,0,1,0,0,1,1,0,0,1,1,2,0,0,0,0,1,0,0,0,1,0,0,1,0,0,0,0,0,0,1,1,2,0,0,0,2,2,0,0
male,ITU,EAS,0,2,0,0,0,0,2,0,0,0,0,0,2,0,0,0,2,0,0,1,0,0,0,0,0,0,0,0,0,1,1,0,0,0,1,0,0,0,0,0,1,0,2,0,0,0,2,1,0,0
female,GIH,EAS,0,2,0,0,0,0,2,0,0,0,0,0,0,0,0,2,2,0,0,1,0,1,0,0,0,0,0,0,0,2,0,1,1,0,1,0,1,1,0,0,2,1,2,0,0,0,2,1,0,0
male,MSL,AMR,0,2,0,0,0,0,2,0,0,0,1,1,2,0,0,0,2,0,0,2,0,1,0,0,1,0,0,0,0,0,0,0,0,0,0,0,0,2,0,0,0,0,2,0,0,0,2,2,0,0
male,KHV,EUR,0,0,0,0,1,0,2,0,0,0,0,0,2,0,0,0,2,0,0,2,0,2,0,0,0,0,0,0,0,2,0,0,0,1,1,0,0,0,0,0,0,1,0,0,0,0,0,1,1,0
male,YRI,AFR,0,2,0,1,0,0,0,0,0,0,0,1,2,0,0,0,2,1,0,2,0,2,0,0,0,0,0,0,0,0,1,0,0,1,1,0,0,2,0,0,1,0,0,0,0,0,2,1,0,0
female,ESN,EUR,0,2,1,0,0,0,2,0,0,0,0,1,1,0,0,0,2,1,0,1,0,2,0,1,0,0,0,0,0,0,0,0,0,1,0,0,0,1,1,0,0,0,2,0,0,0,0,1,0,0
male,PJL,EAS,0,0,1,0,0,0,2,0,0,0,0,1,2,1,1,0,1,0,0,1,1,2,1,0,0,0,0,1,1,1,1,1,1,0,1,1,0,0,0,0,1,0,0,0,0,0,2,2,0,0
female,CHS,AFR,0,2,0,0,0,0,2,0,1,0,0,0,2,0,0,0,1,0,0,2,1,2,0,1,0,2,0,0,1,1,0,1,1,0,0,0,0,2,0,0,1,0,2,0,1,0,2,2,0,1
male,ASW,AMR,0,2,0,0,0,0,2,0,0,0,0,0,2,2,0,0,2,0,0,2,0,2,0,0,0,0,0,0,0,0,0,0,0,0,0,0,0,2,0,0,1,0,1,0,0,0,2,2,0,0
male,TSI,EUR,0,0,2,0,0,0,2,0,0,0,1,2,1,0,1,0,1,1,0,1,0,2,0,0,0,0,0,0,0,0,0,0,0,0,1,1,0,0,0,0,1,0,1,0,0,0,2,2,0,0
male,IBS,AFR,0,1,2,0,0,1,2,0,0,0,0,1,2,1,0,0,1,0,0,0,0,2,0,0,0,1,1,0,0,0,0,1,0,1,0,0,0,0,0,0,0,0,2,0,0,0,1,1,0,0
male,PEL,AFR,0,1,1,0,0,0,2,0,1,0,0,0,2,1,0,0,1,0,0,1,0,2,0,0,0,0,0,0,1,0,0,0,0,1,1,0,0,2,0,0,0,0,0,0,1,0,2,2,0,0
male,ACB,EUR,1,1,1,0,0,0,2,0,1,0,1,0,2,2,0,0,1,0,0,0,0,2,0,0,0,0,2,0,0,0,1,0,0,0,0,0,0,2,0,0,1,0,1,0,0,0,1,1,0,0
female,ITU,EUR,0,0,0,0,0,0,2,0,0,0,0,0,2,0,0,1,2,0,0,0,0,2,0,0,0,0,0,0,0,1,0,0,0,0,0,0,0,2,0,0,1,0,1,0,0,0,2,2,1,0
female,PUR,AFR,0,2,0,0,0,0,2,0,0,0,0,1,2,1,0,0,1,0,0,0,0,2,0,0,0,0,0,0,0,0,0,0,1,0,0,0,0,2,0,0,0,0,2,0,0,0,1,0,0,0
male,ITU,EUR,0,2,0,1,0,0,2,0,1,0,1,0,2,0,0,0,2,0,0,0,0,2,0,0,0,0,0,0,1,0,0,0,0,0,0,0,0,0,0,0,1,1,0,0,0,0,1,2,0,0
female,STU,EUR,0,0,0,0,0,1,2,0,1,1,0,2,1,1,0,0,1,1,0,0,0,2,0,2,0,0,0,0,0,0,1,0,0,0,0,0,0,0,0,0,1,1,1,0,0,0,1,1,0,0
female,CLM,AMR,1,2,0,0,0,0,2,0,0,0,0,1,2,0,0,0,2,1,0,1,0,2,0,0,1,0,2,0,0,0,1,0,0,1,0,2,0,0,1,0,1,1,2,0,0,0,1,2,1,0
male,KHV,EUR,0,1,0,0,0,0,2,0,0,0,1,1,2,0,0,0,1,0,0,0,0,2,0,0,0,0,0,0,0,0,0,0,0,1,0,0,0,0,0,0,1,0,2,0,0,0,2,1,0,0
male,CHS,EUR,0,0,0,1,0,1,2,0,0,0,0,0,2,0,0,0,1,0,0,2,0,2,0,0,0,0,0,0,0,0,1,0,0,1,1,0,0,0,0,0,1,0,2,0,0,0,0,1,0,0
male,JPT,AFR,0,1,0,0,0,0,2,0,0,0,0,1,2,2,0,0,2,1,0,2,0,2,0,0,0,0,0,1,0,0,1,1,0,0,1,0,1,1,0,0,0,0,1,0,0,0,1,0,0,0
male,CHB,EUR,0,2,2,0,0,0,2,0,0,0,0,2,2,0,0,0,1,0,0,0,0,2,0,0,0,0,0,0,0,0,0,0,0,0,2,0,0,2,0,0,1,0,1,0,2,0,1,1,0,0
female,YRI,AFR,0,2,0,0,0,0,2,0,1,0,0,1,1,0,1,0,2,0,0,2,0,2,0,0,0,0,0,0,0,0,0,0,0,1,1,0,0,1,0,0,1,0,1,0,0,0,0,2,1,0
male,ESN,EAS,1,2,0,1,0,1,2,2,0,0,0,0,2,0,1,0,1,0,0,0,0,1,0,0,0,0,0,0,1,0,0,0,0,0,2,0,0,0,0,0,1,0,0,0,1,0,0,1,0,0
female,PEL,EUR,0,1,1,0,0,0,2,1,0,0,0,1,2,0,0,0,1,0,0,1,0,2,0,0,0,0,0,0,0,0,1,0,1,1,0,1,0,2,0,0,0,0,0,0,0,0,2,0,2,0
male,JPT,AFR,0,2,0,0,0,0,2,0,0,0,0,1,2,0,0,0,2,0,0,2,0,2,0,0,0,0,0,0,0,0,0,0,0,1,0,0,0,0,0,0,1,0,1,0,1,0,1,1,1,0
female,IBS,EUR,0,2,0,1,0,0,2,0,0,1,0,1,2,1,0,0,2,0,0,0,0,2,0,1,0,1,0,0,0,0,1,0,0,2,1,0,0,2,0,0,0,0,2,0,0,0,2,2,0,0
female,CHB,EAS,0,2,1,0,0,1,2,0,0,1,0,1,2,0,1,0,2,0,0,0,0,2,0,0,0,0,0,0,0,0,0,0,1,0,1,0,0,2,0,0,0,0,2,0,0,0,2,2,0,0
male,ACB,AFR,0,2,0,0,0,0,2,0,0,0,0,2,2,0,0,1,2,1,0,0,0,2,0,0,0,0,1,0,0,0,1,0,0,1,1,1,0,2,0,0,0,0,0,0,0,0,1,2,1,0
male,CLM,EUR,0,2,0,0,0,0,2,0,2,0,0,0,1,0,0,0,1,0,0,0,0,2,0,0,0,0,0,0,0,0,0,0,0,1,0,0,0,2,0,0,1,1,0,0,0,0,0,2,0,0
male,ITU,AMR,0,0,0,1,0,0,2,0,0,0,1,1,2,0,0,0,2,0,0,0,0,2,0,1,0,0,0,0,0,0,0,0,0,1,1,0,0,1,0,0,1,0,1,0,0,0,0,2,0,0
female,ITU,EUR,0,1,1,0,0,0,2,0,0,0,0,0,2,0,1,0,1,2,0,0,0,1,0,0,0,0,0,0,0,0,1,0,0,1,0,0,0,1,0,0,0,1,1,0,1,0,0,1,0,1
male,ESN,AFR,0,1,0,0,0,0,2,0,0,0,0,0,1,0,0,0,0,0,1,0,0,2,0,0,0,0,0,0,0,0,2,0,2,0,0,0,0,2,0,0,1,0,1,0,0,0,0,1,0,0
male,ESN,EUR,0,2,1,0,0,0,2,0,0,0,0,0,2,2,0,0,1,0,0,0,0,2,0,0,0,0,0,0,1,0,0,0,0,0,1,0,0,2,0,0,0,1,2,0,0,0,0,1,0,0
male,LWK,EAS,0,0,1,0,0,0,0,0,0,0,1,1,2,0,0,0,1,0,0,0,1,2,0,1,0,0,1,0,0,0,0,0,0,1,1,0,0,1,0,0,1,0,2,0,0,0,1,2,2,0
female,PJL,AFR,0,1,1,0,0,0,2,0,0,0,0,0,2,0,0,0,2,0,0,1,0,2,0,0,0,0,1,0,0,0,0,0,0,1,0,1,0,0,0,0,0,0,2,0,1,0,2,1,0,0
male,MXL,SAS,0,2,1,0,0,0,2,0,0,0,0,1,2,0,1,1,2,0,0,0,0,1,0,0,1,0,0,0,0,0,0,0,0,0,1,0,0,1,0,0,1,0,2,0,0,0,1,0,0,0
male,KHV,AFR,0,2,0,0,0,1,2,0,1,0,1,1,2,0,0,0,1,1,0,0,1,2,1,0,0,0,0,0,0,1,0,0,0,0,0,0,0,1,0,0,1,0,2,0,0,0,2,2,0,0
male,ESN,AFR,0,2,0,0,0,0,2,0,0,0,0,0,2,0,2,0,1,0,0,0,0,1,0,1,0,0,0,0,0,0,0,0,1,2,0,0,1,1,0,0,2,0,1,0,1,0,0,2,0,0
male,ESN,SAS,1,2,0,0,0,0,2,0,1,0,0,0,2,0,0,0,1,1,0,2,1,1,0,0,0,0,0,0,0,0,0,0,0,0,1,0,0,0,0,0,2,2,2,0,0,0,1,2,0,0
female,ASW,AFR,0,2,1,1,0,0,2,0,0,0,0,0,1,0,0,0,1,0,0,1,1,2,0,0,0,0,0,0,0,0,0,0,0,1,0,0,0,1,0,0,1,0,2,0,0,0,2,1,0,0
female,CHS,SAS,0,1,0,0,0,1,2,0,1,0,0,0,2,0,0,0,1,0,0,2,0,2,0,0,0,0,0,0,0,0,0,0,0,0,0,0,0,1,0,0,1,1,1,0,0,0,2,1,0,0
female,JPT,AMR,0,1,1,0,0,0,2,0,0,0,0,0,2,2,0,1,1,1,0,1,0,2,0,0,0,0,2,0,1,0,1,0,0,1,0,1,0,1,1,0,0,1,1,0,0,0,1,0,1,0
male,ITU,AFR,0,2,0,0,0,0,2,0,1,0,0,2,2,0,0,0,1,1,1,1,1,1,0,0,2,0,0,0,0,0,1,0,1,1,1,0,0,0,1,0,2,0,0,0,0,0,2,2,0,0
male,PEL,AFR,0,1,0,0,0,0,1,0,0,0,1,0,2,2,0,0,1,0,0,0,0,2,0,0,0,0,1,0,0,0,0,0,1,0,1,0,0,2,0,0,1,0,2,0,0,0,2,2,0,0
male,ESN,AFR,0,1,0,0,0,0,2,0,1,0,0,2,2,0,1,0,2,1,0,0,0,2,0,0,0,0,0,0,0,0,0,0,0,1,0,0,0,1,0,0,1,1,2,0,0,0,0,2,0,0
male,CHS,AFR,0,1,0,0,0,0,2,0,1,0,0,1,2,2,0,0,1,0,0,0,0,2,0,0,0,0,0,0,0,0,0,0,0,0,2,0,0,1,0,0,1,0,2,0,0,0,2,1,0,0
male,TSI,SAS,0,0,0,0,0,1,2,0,0,0,0,0,2,0,0,0,1,1,0,0,0,2,0,0,0,0,0,0,1,0,2,0,0,0,1,0,0,0,0,0,0,0,1,0,0,0,1,1,1,0
male,CHS,AMR,0,1,0,0,0,0,2,0,0,0,1,0,2,1,0,0,1,1,0,1,0,2,0,1,0,0,0,0,0,0,0,0,0,1,0,0,0,0,0,0,2,0,2,0,0,0,1,0,0,0
female,PEL,AFR,0,0,1,0,0,0,2,0,0,0,0,0,2,0,0,0,2,0,0,0,1,2,0,0,1,0,0,0,0,0,0,0,0,1,1,0,0,0,0,0,1,1,1,0,0,0,1,1,0,0
male,PEL,EAS,0,1,0,0,0,0,2,1,0,0,1,0,2,0,0,0,1,1,0,0,0,1,0,0,0,0,0,0,0,0,0,1,0,0,0,0,0,2,0,0,0,1,2,0,1,0,2,1,0,0
male,CHB,EAS,0,2,0,0,0,0,2,0,0,0,1,0,2,1,0,0,1,0,0,0,0,2,0,0,0,0,0,0,1,0,0,0,1,0,0,0,1,0,0,0,0,1,0,0,0,0,2,1,0,0
male,ITU,EAS,0,0,0,0,0,0,2,0,0,0,0,0,2,1,0,0,1,0,0,0,0,2,0,0,0,0,0,0,0,0,0,0,0,1,0,0,0,2,0,0,1,1,1,0,0,0,2,2,0,0
female,IBS,SAS,0,2,1,0,1,0,2,0,0,0,0,0,1,1,0,0,1,0,0,0,0,2,0,0,0,0,0,0,0,0,1,0,0,0,0,0,0,2,0,0,2,0,1,0,2,0,2,0,0,0
male,ACB,SAS,0,1,0,0,0,0,2,0,0,0,1,0,2,1,0,0,0,1,0,1,0,1,0,0,0,0,2,0,0,0,0,0,0,1,1,0,0,1,0,0,1,0,1,0,0,0,0,1,1,0
male,LWK,AFR,0,2,1,0,0,1,2,0,0,0,0,0,2,0,0,0,2,0,0,2,0,2,0,0,0,0,0,0,1,0,0,0,1,0,0,0,0,0,0,0,0,2,2,0,0,0,0,1,0,0
male,PJL,SAS,0,1,0,0,0,0,2,0,0,0,0,0,2,0,0,0,2,0,0,0,0,2,1,0,0,0,1,0,0,0,0,0,0,2,0,0,0,0,0,0,2,0,1,0,1,0,1,2,0,0
male,PEL,AFR,0,1,0,0,0,0,2,0,0,0,1,0,2,0,0,0,1,1,0,2,0,2,0,0,0,0,0,0,0,0,0,0,0,0,1,0,0,1,0,0,1,0,1,0,0,0,2,1,2,0
male,ASW,EAS,0,2,0,0,0,0,2,0,0,0,1,0,1,0,0,0,1,0,0,1,0,2,0,0,0,0,0,0,1,0,0,0,0,1,0,0,0,2,0,0,0,0,2,0,0,0,2,1,0,0
female,ACB,AFR,1,2,0,0,0,0,2,0,0,0,1,2,2,1,0,0,0,0,0,0,0,2,0,0,0,0,1,0,0,0,0,0,0,1,0,0,0,1,0,0,1,0,2,0,0,0,2,2,1,0
male,KHV,SAS,0,2,0,1,0,0,2,1,1,0,0,0,2,0,0,0,1,1,0,1,0,2,0,0,0,0,0,0,0,0,0,0,0,1,0,0,0,1,0,0,1,1,2,0,2,0,2,2,0,0
male,BEB,EUR,0,2,2,0,0,0,2,0,0,0,0,0,2,0,0,0,1,0,0,0,0,2,0,0,0,0,0,0,0,0,0,0,0,0,1,0,0,2,0,0,1,0,2,0,0,0,0,1,0,0
male,JPT,EAS,0,2,2,1,0,0,2,0,1,0,0,1,2,0,0,0,2,0,0,2,0,2,0,0,1,0,0,0,0,0,1,0,0,1,0,0,0,0,0,0,1,1,2,0,2,0,0,1,0,0
male,LWK,AFR,0,1,0,0,0,0,2,0,1,0,0,1,2,0,0,0,1,0,0,0,0,2,0,0,0,0,0,0,0,0,2,0,0,0,0,0,0,2,0,0,2,0,2,0,0,0,0,1,0,0
male,PJL,EAS,0,2,0,0,0,0,2,0,0,0,0,0,2,0,0,0,2,0,0,0,0,2,0,1,0,0,0,0,2,0,0,0,0,1,2,0,0,1,0,0,1,0,0,0,0,0,0,1,0,0
male,GWD,AFR,0,1,2,1,0,0,2,0,0,0,0,0,2,1,0,0,1,0,0,0,0,2,0,0,0,0,0,0,0,0,0,0,0,0,1,0,0,2,0,0,0,0,2,0,0,0,2,2,0,0
male,ESN,EUR,0,2,0,0,0,0,2,0,0,1,0,1,2,0,0,0,2,1,0,2,0,2,0,0,0,0,0,0,0,0,1,0,0,0,0,0,0,2,0,0,1,0,1,0,0,0,0,1,1,0
female,ACB,EUR,0,2,0,1,0,0,2,0,1,0,0,1,2,0,0,0,2,0,0,0,0,2,0,0,0,0,0,0,0,0,1,0,0,1,0,0,0,0,0,0,1,1,2,0,1,0,0,2,1,0
female,TSI,AFR,0,1,2,0,0,0,0,0,1,0,0,0,2,2,0,0,2,0,0,0,0,2,0,1,0,0,0,0,0,0,1,0,1,1,1,0,0,1,0,0,1,1,2,0,0,0,0,2,0,0
female,MSL,EAS,0,2,1,0,0,0,2,0,0,0,0,0,2,0,0,0,0,1,0,2,0,2,0,0,0,0,0,0,0,0,0,0,0,1,1,0,0,1,0,0,2,1,0,0,0,0,0,1,0,0
female,BEB,EAS,0,0,0,0,0,0,2,0,0,0,0,2,2,0,0,0,1,2,0,2,0,2,0,0,0,0,1,0,0,0,1,0,0,1,0,0,0,2,0,0,1,1,0,1,1,0,1,2,1,0
male,IBS,EAS,0,0,0,0,0,0,2,0,0,0,0,0,2,1,0,0,2,1,0,1,1,2,0,0,0,0,0,0,0,0,0,0,0,1,0,0,0,0,0,0,0,1,2,0,2,0,2,2,1,0
female,ESN,SAS,0,1,0,0,0,0,2,0,0,0,0,2,2,0,0,0,2,1,0,1,0,2,0,0,0,0,0,0,0,0,0,0,0,1,0,0,0,0,0,0,1,1,2,0,0,0,0,1,0,0
male,ITU,AFR,0,2,0,0,0,1,2,0,2,0,0,0,2,0,0,0,1,0,0,0,0,2,0,0,1,0,0,0,0,0,0,0,0,1,1,0,0,0,0,0,1,1,1,0,1,0,2,1,0,0
male,MSL,SAS,0,2,0,0,0,1,2,0,0,0,0,0,2,0,0,0,2,0,1,0,0,1,0,0,1,1,0,0,1,1,1,1,0,1,1,0,0,2,0,0,1,1,2,1,0,0,2,1,0,0
male,PJL,AMR,0,2,0,1,0,0,1,0,0,0,0,1,2,2,0,1,2,0,0,0,0,1,0,0,0,0,2,0,1,0,0,0,1,2,0,0,0,2,0,0,2,0,1,0,0,0,0,1,0,0
male,IBS,SAS,0,2,0,0,0,1,2,0,0,0,1,0,2,0,0,0,1,2,0,2,0,2,0,0,0,0,0,0,0,0,0,0,0,0,1,0,0,0,0,0,0,0,1,0,1,0,1,2,0,0
male,ACB,AFR,0,2,0,0,0,0,2,0,0,0,0,1,2,0,0,1,1,1,0,2,0,2,0,0,0,0,0,0,0,0,0,0,1,1,0,0,0,2,0,0,2,1,0,0,0,0,1,2,0,0
female,PEL,AFR,0,2,0,0,0,0,2,0,0,0,0,0,2,0,0,0,1,0,0,0,0,1,0,0,0,0,1,0,0,0,0,0,0,1,0,0,0,2,0,0,0,0,2,0,0,0,2,2,0,1
male,CHB,EAS,0,2,1,0,0,0,2,1,0,0,0,0,2,1,0,0,1,1,0,1,0,1,0,0,0,0,1,0,0,0,0,0,0,1,0,1,0,2,0,0,0,0,2,0,0,1,1,0,0,1
female,PUR,AFR,0,0,1,0,0,0,2,0,0,1,0,2,2,0,1,0,2,1,0,0,0,2,1,0,0,0,0,0,0,0,0,0,0,1,0,0,2,0,0,0,1,1,0,0,0,0,1,1,1,0
male,FIN,EAS,1,0,1,0,0,0,2,0,0,1,0,0,2,1,0,1,2,0,0,1,0,2,0,1,1,0,0,0,0,0,0,0,0,1,2,2,0,2,0,0,0,0,1,0,0,0,2,1,1,0
female,JPT,SAS,0,2,0,0,0,0,2,0,0,0,0,0,2,0,0,0,1,1,0,2,0,2,0,0,0,0,0,0,0,0,0,0,0,2,1,0,0,2,0,0,0,0,1,0,0,0,0,1,0,0
female,GWD,EAS,0,1,0,0,0,0,2,0,0,0,0,0,1,0,0,0,1,0,0,1,0,2,0,0,0,0,0,0,1,0,0,0,0,2,1,0,0,2,0,0,1,0,1,0,1,0,2,1,0,0
male,PJL,EAS,0,1,0,0,0,0,2,0,0,0,0,1,2,0,0,0,2,0,0,0,0,2,1,2,0,0,1,0,0,0,1,0,0,2,0,0,0,0,0,0,0,0,2,0,0,0,2,1,2,0
female,GIH,AFR,0,2,0,0,0,1,2,0,0,0,1,0,2,0,1,1,2,0,0,0,0,1,0,0,0,1,1,0,0,0,0,0,0,1,1,0,0,0,0,0,1,2,0,0,0,0,2,1,2,0
male,PEL,AFR,0,0,1,0,0,0,2,0,0,0,0,0,2,0,0,0,1,0,0,0,0,2,0,0,0,0,0,0,0,0,0,0,0,0,0,0,0,2,0,0,2,1,2,0,0,0,0,1,0,0
female,CHB,AFR,0,0,1,0,0,0,2,0,0,0,0,1,2,0,0,0,2,0,0,0,0,2,0,1,0,0,0,0,0,0,1,0,1,0,0,0,0,2,1,0,1,1,1,0,0,0,1,2,0,0
male,MSL,AFR,0,2,0,0,0,0,2,0,0,0,0,0,2,2,0,0,2,1,0,0,0,2,0,0,0,0,0,0,0,0,0,0,0,0,1,0,0,0,0,0,1,0,1,0,0,0,0,1,1,0
male,GIH,EAS,0,0,0,1,0,1,2,0,1,0,0,0,2,0,0,1,1,1,1,0,0,1,0,0,0,0,0,0,1,0,0,1,0,1,2,0,0,1,0,0,1,1,2,1,0,0,0,0,0,0
male,CDX,EUR,0,2,0,0,0,0,2,0,0,0,0,0,2,1,0,0,1,0,0,0,0,2,0,0,1,1,0,0,0,0,0,1,0,1,0,0,0,2,1,0,1,1,1,0,0,0,0,1,0,0
male,BEB,SAS,0,0,0,0,0,0,2,0,0,0,0,1,2,0,0,0,2,1,0,2,0,2,0,0,1,0,0,0,0,0,0,0,0,0,0,0,0,2,0,0,2,1,1,0,0,0,0,1,0,0
male,ESN,AFR,0,2,0,1,0,0,2,0,0,0,1,0,1,0,0,0,2,0,0,2,0,2,0,1,0,0,0,0,0,0,0,0,0,0,1,1,0,0,0,0,1,2,2,0,0,0,1,1,0,0
female,FIN,SAS,0,2,1,0,0,0,2,0,1,1,0,0,2,2,0,0,2,0,0,0,1,2,0,0,0,1,1,0,0,0,0,0,0,0,0,0,0,2,0,0,1,1,2,0,0,0,2,1,1,0
male,MXL,AFR,0,0,1,0,0,0,2,0,0,0,0,0,2,0,0,0,0,2,0,1,0,1,0,1,1,0,1,0,1,1,0,0,0,1,0,0,0,2,0,0,1,1,2,0,0,0,1,1,2,0
male,CLM,EUR,0,0,0,0,0,1,2,0,1,0,0,0,2,0,0,0,2,0,0,0,0,2,0,0,0,0,0,0,1,0,0,0,1,0,0,0,0,0,0,0,0,0,2,0,0,0,1,0,0,0
male,ACB,AMR,0,2,0,0,0,0,2,0,1,0,0,1,2,0,0,0,2,0,0,0,0,2,0,1,0,0,0,0,0,0,0,0,0,1,0,0,0,1,0,0,1,0,1,0,0,0,0,1,0,0
male,FIN,AFR,0,2,2,0,0,0,2,0,0,0,0,0,2,0,0,0,2,0,0,2,0,2,0,0,1,0,1,0,0,0,0,0,0,1,0,0,0,0,0,0,1,1,2,1,0,0,1,1,0,0
male,ESN,AFR,0,2,0,0,0,1,2,0,0,0,0,0,2,0,0,0,1,0,0,0,0,2,0,0,0,0,1,0,0,0,0,1,0,0,0,0,0,2,0,0,1,0,1,0,0,0,1,2,1,1
male,MSL,EAS,0,0,0,0,0,0,2,0,0,0,0,0,2,0,0,1,2,0,0,1,0,1,0,0,1,0,0,0,0,0,0,0,0,0,0,0,0,2,0,1,0,2,0,1,0,0,1,1,0,0
female,ESN,EUR,0,2,1,0,0,1,2,0,2,0,0,0,2,1,0,0,1,1,0,2,0,2,0,0,0,1,0,0,0,0,0,0,0,0,0,0,1,1,0,0,1,0,1,0,0,0,2,2,0,0
female,MSL,EAS,0,1,1,0,0,0,2,0,0,0,0,0,2,0,0,0,1,0,0,0,0,2,0,0,0,0,0,0,0,0,0,0,0,0,2,0,0,1,0,0,1,1,2,0,0,0,0,2,0,0
female,IBS,AFR,0,0,0,0,0,0,2,0,1,0,0,0,1,0,0,0,2,1,0,2,0,2,0,0,0,1,0,1,0,1,0,0,0,1,0,2,0,0,0,0,1,0,2,0,1,0,0,1,0,0
male,STU,AFR,0,2,2,0,0,0,2,1,0,0,0,1,2,0,1,0,1,0,0,1,1,2,0,0,0,0,2,0,0,0,1,0,0,0,2,0,0,1,0,0,1,1,0,0,1,0,2,1,0,0
male,ESN,EAS,0,0,0,0,0,0,2,0,0,0,0,0,2,1,1,0,2,0,0,0,0,2,1,0,0,0,1,0,0,0,0,1,0,0,1,0,0,2,0,0,1,1,1,0,1,0,1,2,0,0
male,PEL,EAS,0,2,1,0,0,0,2,1,0,0,0,0,1,0,0,1,2,1,0,1,0,2,0,0,1,1,0,0,1,0,0,0,0,1,0,0,0,0,1,0,2,0,1,0,1,0,1,2,0,0
male,ACB,AFR,0,2,0,0,0,0,2,0,0,1,0,1,1,0,0,0,0,0,0,0,0,2,0,0,0,0,0,0,0,0,0,0,0,2,0,0,0,2,0,0,1,1,1,0,1,0,0,1,0,0
female,CDX,EUR,0,2,0,0,0,0,2,0,0,0,0,0,1,0,0,0,1,2,0,1,1,2,0,0,1,0,0,0,0,0,1,0,0,1,0,0,0,2,0,1,1,0,0,0,1,0,1,1,0,0
female,PUR,EUR,0,2,0,0,0,0,2,0,1,0,0,0,2,0,0,0,2,0,0,0,0,2,0,0,0,0,0,0,0,0,0,0,0,0,0,0,0,2,0,0,1,0,1,0,1,0,0,1,0,0
male,GWD,EUR,0,1,1,0,0,0,2,0,0,0,0,0,2,0,1,0,1,0,0,0,2,2,0,1,0,0,0,0,0,0,0,0,0,1,0,0,0,0,0,0,1,0,1,0,0,0,0,1,0,0
male,CDX,EAS,0,2,0,0,0,0,2,0,0,0,0,0,2,0,0,0,1,1,0,1,0,2,1,0,0,0,0,0,0,0,0,0,0,0,0,0,0,2,0,0,2,1,2,0,1,0,0,2,0,0
male,IBS,EUR,0,0,0,0,0,0,2,0,0,0,0,1,2,0,0,0,1,1,0,1,0,2,0,0,2,0,0,0,0,0,0,0,0,0,1,1,0,2,0,0,1,0,2,0,0,1,2,1,1,0
male,ITU,EAS,0,2,0,0,0,0,2,0,0,0,1,0,2,1,0,1,2,0,0,0,0,1,0,0,0,0,0,0,2,0,0,0,0,1,0,0,0,1,0,0,0,0,1,0,0,0,0,2,0,0
male,ITU,SAS,0,0,0,0,0,1,2,0,0,0,0,1,1,0,0,1,1,0,0,0,0,1,0,0,0,0,0,0,0,0,0,0,0,0,0,0,0,2,0,0,1,2,2,1,0,0,0,2,0,0
male,CLM,SAS,0,1,0,0,0,0,2,0,0,0,0,1,1,0,0,0,1,0,1,0,0,2,0,0,0,0,0,0,0,0,1,1,0,0,1,0,0,0,0,0,1,0,2,0,0,0,1,1,0,0
male,LWK,AMR,0,2,1,0,0,0,2,0,0,0,0,1,2,0,0,1,1,1,0,1,0,1,0,0,0,0,0,0,0,0,0,0,0,1,1,0,0,2,0,0,2,0,2,0,0,0,1,1,0,0
male,STU,EAS,0,2,2,0,0,0,2,1,0,0,0,1,2,0,0,0,2,1,0,0,0,1,0,0,0,0,0,0,0,0,2,0,0,1,1,0,0,0,1,0,2,0,2,0,2,0,1,0,0,0
male,CDX,EAS,0,1,0,0,0,0,2,0,0,0,0,1,2,0,0,0,1,1,0,2,1,2,0,0,0,0,0,0,1,0,1,0,0,1,1,0,0,0,1,0,0,0,0,0,0,0,0,2,1,0
female,LWK,EAS,0,1,1,0,0,0,2,0,0,0,0,0,2,0,0,0,1,0,0,1,0,2,0,0,0,0,0,0,0,0,0,0,0,0,0,0,0,0,0,0,1,1,1,0,0,0,2,1,0,0
female,TSI,AFR,0,0,2,0,0,0,2,0,0,0,0,0,2,0,1,0,2,0,0,0,0,2,0,0,0,0,1,0,0,0,0,0,0,1,1,0,0,2,0,0,1,0,2,0,0,0,1,1,0,0
male,ACB,EUR,0,1,2,0,0,0,2,0,0,1,0,0,2,0,0,0,2,0,0,2,0,2,0,0,0,0,0,0,0,0,0,0,0,0,0,0,0,0,1,0,1,0,0,0,1,0,0,1,2,0
female,LWK,EUR,0,1,0,0,0,0,2,0,0,0,0,1,1,0,0,0,1,0,1,0,0,2,0,0,0,0,0,0,0,0,1,0,0,1,1,0,0,0,0,0,0,0,1,0,0,1,2,2,0,0
female,FIN,AFR,0,2,0,0,0,0,2,0,0,0,0,0,2,0,0,0,1,0,0,0,0,2,0,0,0,0,0,0,0,0,0,0,0,0,0,0,0,2,0,0,1,0,1,0,0,0,0,1,0,0
male,ACB,EAS,0,1,0,0,0,0,2,0,0,0,1,0,2,1,0,0,2,1,0,0,0,2,0,0,0,0,1,0,0,0,0,0,0,2,0,0,0,1,0,0,1,0,0,0,0,0,0,1,0,0
male,GWD,AFR,0,0,2,0,0,0,2,0,2,0,0,0,2,0,0,1,2,0,0,0,1,2,0,0,0,0,0,0,0,0,1,0,0,0,0,1,2,0,0,0,1,0,2,0,1,0,1,2,0,0
male,ESN,AFR,0,2,0,0,0,0,2,0,1,0,0,0,2,0,0,0,2,0,0,0,0,2,0,0,0,0,0,0,0,0,0,0,0,1,0,0,0,2,1,0,0,1,2,0,1,0,0,0,1,0
female,ITU,EUR,0,0,2,0,0,0,1,0,0,0,0,0,2,2,0,0,1,0,0,1,0,2,0,1,0,0,1,0,0,0,0,0,0,1,1,0,0,1,0,0,2,0,0,0,0,0,2,1,1,0
male,ACB,AFR,0,0,0,0,0,0,2,0,0,0,0,0,2,0,0,0,1,0,0,0,0,2,0,0,0,0,1,0,0,0,0,0,0,1,0,0,0,1,0,0,1,1,1,0,0,0,0,2,0,0
male,TSI,AFR,0,2,0,0,0,0,2,0,0,0,1,0,2,0,0,0,1,2,0,2,0,2,0,0,0,0,0,0,0,0,0,0,0,1,0,0,0,0,0,0,1,0,2,0,0,0,0,2,0,0
female,GWD,EAS,0,2,1,1,0,0,2,0,0,0,0,1,0,0,0,0,2,0,0,0,1,2,0,0,0,0,0,0,0,0,0,0,0,1,1,0,0,1,1,0,2,0,1,0,0,0,1,0,0,0
female,ITU,EAS,0,1,1,0,0,0,2,0,1,1,0,1,1,2,0,0,2,1,0,0,0,2,0,0,1,0,2,0,1,0,0,0,0,1,1,0,1,2,0,0,2,1,2,0,0,0,2,1,0,0
male,MXL,AFR,0,1,2,1,0,0,2,0,0,1,0,0,2,0,0,0,2,1,0,0,0,1,0,1,0,0,1,0,0,0,1,0,0,0,0,0,0,0,0,0,1,0,2,0,0,0,0,2,0,0
female,YRI,EUR,0,1,2,0,0,0,1,0,1,0,1,1,2,1,0,1,1,1,0,0,0,2,0,0,0,0,1,0,0,0,0,0,0,0,0,0,0,0,0,0,2,1,2,0,1,0,0,1,0,0
female,BEB,EAS,0,2,0,0,0,0,2,0,0,0,0,1,2,0,0,0,2,0,0,1,0,2,0,0,0,0,0,0,0,0,0,0,0,1,1,0,0,0,0,0,0,1,2,0,0,0,2,1,0,0
male,TSI,SAS,0,2,0,0,0,0,2,0,0,0,0,1,2,0,0,0,1,0,0,1,0,2,0,0,0,0,0,0,0,0,1,0,0,1,0,0,0,1,0,0,2,1,1,0,0,0,0,1,0,0
female,CEU,EUR,0,0,0,0,0,0,2,0,0,0,0,0,2,0,0,0,1,0,0,2,0,2,0,0,0,1,0,0,0,0,0,0,0,0,1,0,0,2,0,0,1,1,1,0,1,0,1,1,0,1
female,MSL,EAS,1,0,1,0,0,1,2,0,0,0,1,0,2,1,0,0,2,1,0,1,0,2,0,0,0,0,1,0,2,0,0,0,0,0,0,1,0,2,0,0,1,0,1,0,0,0,0,2,0,1
female,CLM,AMR,0,0,2,0,0,0,2,0,0,0,0,2,2,0,0,0,1,0,0,1,0,2,0,1,0,0,0,0,0,0,0,0,0,1,0,0,0,1,0,0,0,0,2,0,1,0,1,1,1,0
male,ASW,SAS,0,1,0,0,0,1,2,0,0,0,1,0,2,0,0,0,1,0,0,0,0,2,0,0,0,0,1,0,0,0,0,0,0,1,0,0,0,2,0,0,0,0,1,0,0,0,2,1,1,0
male,IBS,EAS,0,2,0,0,0,0,2,0,0,0,0,0,2,0,0,0,1,1,0,2,0,2,0,0,0,0,0,0,0,0,0,0,0,2,1,0,1,2,0,0,1,1,1,0,0,0,2,1,0,0
female,JPT,EAS,0,0,1,0,0,0,2,0,0,0,0,2,2,0,0,0,0,0,0,1,0,2,0,0,0,0,0,0,0,0,0,0,0,1,0,0,0,0,0,0,1,0,2,0,0,0,0,0,0,0
male,CHS,SAS,0,2,0,0,1,0,2,0,1,0,0,0,2,0,0,0,2,1,1,0,0,2,0,0,0,0,0,0,0,0,0,0,0,0,1,1,0,2,0,0,1,0,1,0,0,0,1,2,0,0
male,GIH,SAS,0,1,0,1,0,0,2,0,1,0,0,1,1,0,0,1,2,1,0,2,1,1,0,0,0,1,1,1,0,0,1,0,0,1,0,0,0,0,0,0,0,0,2,0,1,0,0,1,0,0
male,YRI,EUR,0,2,0,1,0,0,2,0,0,0,0,1,2,1,0,0,2,0,0,0,0,2,1,0,0,0,0,0,0,0,0,0,0,0,2,0,0,0,0,1,0,1,1,0,1,0,0,1,0,0
female,STU,AMR,0,2,2,0,0,0,2,0,0,0,1,0,2,0,0,0,1,0,0,0,0,2,0,0,0,0,0,0,0,0,2,0,0,0,0,0,0,1,0,0,1,0,0,0,0,0,2,2,0,0
male,TSI,EAS,0,0,0,0,0,0,2,0,0,0,0,0,2,0,0,0,1,1,0,1,0,2,0,0,0,0,1,0,0,0,0,0,0,1,0,1,0,1,0,1,1,0,2,0,0,0,0,1,1,0
male,BEB,EUR,0,0,1,0,0,1,2,0,1,0,0,1,2,1,0,0,1,0,0,2,0,2,0,0,0,0,2,0,0,1,1,0,0,0,1,0,0,1,0,0,2,1,0,0,0,0,2,2,2,0
male,CEU,EAS,0,2,0,0,0,0,2,0,0,0,0,0,2,0,0,0,1,0,0,0,0,1,0,0,0,0,0,0,1,0,0,0,0,1,0,0,0,0,0,0,1,0,2,0,0,0,0,1,0,0
male,LWK,AFR,0,0,2,0,0,0,2,0,0,0,0,0,2,1,0,0,1,0,0,1,0,2,0,0,0,0,1,0,1,0,1,0,0,2,2,0,0,1,0,0,1,0,2,0,0,0,2,1,0,0
female,MSL,AFR,0,2,0,1,0,0,2,0,2,0,0,0,2,0,2,0,2,0,0,0,0,2,0,0,0,0,1,0,0,0,0,0,0,0,0,0,0,2,0,0,1,1,1,0,0,0,2,1,2,0
male,ACB,AMR,0,1,0,0,0,0,2,0,0,1,0,0,2,0,1,0,0,0,0,1,1,2,0,0,0,0,1,0,0,0,1,0,0,1,0,0,0,2,0,0,1,0,2,0,0,0,2,2,0,0
male,PUR,AFR,0,0,1,0,0,0,2,0,0,0,0,0,2,0,0,0,1,0,0,2,0,2,0,0,0,0,2,0,0,0,0,0,0,1,0,0,0,0,0,0,0,0,2,0,0,0,0,1,1,0
male,GIH,AMR,0,0,0,0,0,0,2,0,0,1,0,0,1,0,0,1,1,0,0,0,0,1,0,0,1,0,1,0,0,0,1,0,0,0,0,0,0,0,0,0,1,1,1,0,0,0,0,1,0,0
female,TSI,EAS,1,2,0,0,0,1,1,0,0,0,0,0,2,0,0,0,1,0,0,0,0,2,1,0,0,0,0,0,0,0,0,0,1,1,1,0,0,1,0,0,1,0,1,0,0,0,1,2,0,0
female,PJL,EAS,0,2,2,0,0,0,2,0,0,0,0,1,2,0,0,0,2,0,0,0,0,1,1,0,0,0,1,0,0,0,0,0,1,1,1,1,0,0,0,0,1,1,2,0,0,0,2,2,0,1
male,STU,SAS,0,0,1,0,0,1,2,0,1,0,0,1,2,0,0,0,2,0,0,0,0,2,0,0,0,0,0,0,0,0,0,1,0,0,0,0,0,2,0,0,1,1,0,0,0,0,1,1,1,0
female,PUR,AFR,0,1,0,0,0,0,0,0,0,0,0,1,2,0,0,0,2,0,0,0,0,2,0,0,0,2,0,0,0,0,0,0,1,1,0,0,0,1,0,0,1,0,1,0,1,0,2,1,0,0
female,ITU,AFR,0,0,1,0,0,0,2,0,0,0,0,1,2,0,1,0,2,0,0,1,0,2,0,0,0,0,0,0,1,0,0,0,0,0,0,0,0,2,0,0,1,0,0,0,0,0,1,2,0,0
male,PEL,AFR,0,0,1,0,0,0,2,0,0,0,0,0,2,0,0,0,0,0,0,1,0,2,1,0,1,0,0,0,0,1,0,0,0,1,0,0,0,1,0,0,1,0,2,0,0,0,0,1,0,0
male,CEU,AMR,0,0,0,0,0,0,2,0,1,0,0,0,2,0,0,1,2,0,0,1,0,0,0,0,0,0,1,0,0,0,0,0,0,0,0,1,0,0,0,0,1,0,1,0,0,0,2,2,1,0
female,PUR,AFR,0,0,1,0,0,0,2,0,1,0,0,0,0,0,0,0,2,1,0,0,0,1,0,0,0,0,1,0,0,1,0,0,0,0,0,0,0,2,0,0,1,0,1,0,0,0,2,1,0,0
female,ACB,AFR,0,0,0,0,0,0,2,0,0,0,0,2,2,0,0,0,0,1,0,2,0,2,0,1,0,0,0,0,0,0,1,0,0,0,1,0,0,2,2,0,1,0,0,0,0,0,0,1,0,0
male,MXL,AFR,0,1,1,0,0,0,2,1,0,0,0,1,2,2,0,0,1,0,0,0,0,2,0,0,0,0,0,0,0,0,1,0,0,0,1,0,0,2,0,0,0,1,0,0,0,0,0,1,1,0
female,LWK,EUR,0,2,1,0,0,0,2,0,0,0,2,0,2,0,0,0,1,1,0,0,0,2,0,0,0,0,0,0,0,0,1,1,1,1,0,0,0,2,0,0,1,0,2,0,0,0,2,1,0,0
male,CDX,EAS,0,1,2,0,0,0,2,0,1,0,0,2,2,2,0,0,2,0,0,0,0,2,0,0,0,0,0,0,1,0,0,0,0,0,0,0,0,1,0,0,1,0,2,0,0,0,1,1,0,0
female,IBS,EUR,0,0,0,0,0,0,2,0,0,0,0,0,2,0,1,0,1,0,0,2,0,2,0,0,0,0,0,0,0,0,0,0,0,1,0,1,0,2,0,0,1,0,2,0,1,0,0,1,0,0
female,ESN,AFR,0,2,0,0,0,0,2,0,0,0,0,0,2,0,0,0,2,1,0,1,0,2,0,0,0,0,0,0,0,0,0,0,0,1,1,0,0,2,0,0,0,1,1,0,0,0,0,1,0,0
female,ESN,SAS,0,2,0,0,0,0,2,0,1,0,0,1,2,0,0,0,1,0,0,2,1,2,0,0,0,0,0,0,0,0,0,0,0,1,0,0,1,0,0,0,2,0,0,0,0,0,0,2,0,0
female,GWD,AFR,0,2,2,0,0,0,2,0,1,0,0,0,2,0,1,0,1,0,0,0,1,2,0,1,0,0,0,0,1,0,0,0,0,2,0,0,0,1,0,0,0,0,2,0,0,0,1,0,0,0
female,TSI,SAS,0,0,1,0,0,0,2,0,1,0,0,0,2,1,0,0,2,1,0,0,0,2,0,0,1,0,1,0,1,0,0,0,0,1,0,0,0,2,0,0,1,0,2,1,1,0,1,1,0,0
female,BEB,EAS,0,2,0,0,0,0,2,0,1,0,0,2,2,0,0,1,1,1,0,2,0,2,0,0,0,0,0,0,0,0,0,0,0,1,1,1,0,1,0,0,1,0,2,0,0,0,2,1,1,0
male,ESN,EAS,0,1,0,0,0,0,2,0,0,0,0,0,2,0,0,0,0,0,0,0,0,2,1,0,1,0,2,0,1,0,1,0,0,0,0,0,0,2,0,0,1,0,1,0,0,0,0,1,0,0
male,MSL,SAS,0,2,2,0,0,0,2,1,0,0,1,1,2,0,0,0,1,0,0,0,1,2,0,0,0,0,0,0,0,0,0,0,0,2,0,0,0,1,0,0,1,1,1,0,0,0,0,2,0,0
female,LWK,EUR,0,1,0,1,0,0,2,0,0,0,0,0,2,1,0,0,2,0,0,2,0,2,1,0,0,1,0,0,0,0,0,0,0,1,0,0,0,2,0,0,2,0,2,0,0,0,1,1,0,0
male,GIH,EUR,0,0,1,0,0,0,2,0,0,1,0,0,1,0,0,0,1,0,0,0,0,2,0,0,0,0,0,0,0,0,0,0,0,1,1,0,0,1,0,0,2,0,2,0,0,0,2,1,0,0
female,ESN,EUR,0,1,0,0,0,1,2,1,0,0,0,0,2,0,0,0,2,2,0,0,1,2,0,2,0,0,0,0,0,1,1,0,0,1,2,0,0,2,0,0,1,0,0,0,0,0,2,1,0,0
male,ITU,EUR,1,1,0,0,0,0,2,0,1,0,0,2,2,2,0,0,1,0,0,0,0,2,0,0,0,0,2,0,0,1,0,0,0,0,0,0,0,2,0,0,1,1,2,0,0,0,0,1,0,0
male,MSL,SAS,0,2,0,0,0,0,2,0,0,0,0,0,2,0,0,0,1,0,0,0,0,2,0,0,0,2,1,0,0,0,0,0,0,1,0,0,0,2,0,0,2,0,2,0,0,0,0,2,1,0
female,KHV,EAS,0,2,0,0,0,0,2,0,0,0,0,1,2,1,0,0,2,0,0,2,0,2,0,0,0,0,0,0,0,0,0,0,0,1,1,0,0,0,0,0,1,0,1,0,0,0,0,1,0,0
male,CHB,EUR,0,1,0,0,0,0,2,0,1,0,0,1,2,0,0,0,2,1,0,1,0,2,0,0,0,0,1,0,0,0,0,0,0,1,0,0,0,0,0,0,1,0,1,0,0,0,0,2,0,0
male,ACB,AFR,0,0,0,0,1,0,2,0,0,0,0,0,1,1,0,0,1,1,0,2,0,2,0,0,0,0,0,0,0,0,2,0,0,1,0,0,0,2,0,0,1,1,2,0,0,0,2,2,0,0
male,GIH,EAS,1,0,0,1,1,0,2,0,0,0,0,0,0,1,0,0,1,0,0,0,0,1,0,1,0,0,0,0,1,0,1,0,1,0,0,0,0,2,0,0,1,1,0,0,0,1,1,2,0,0
male,STU,AMR,0,0,0,0,0,1,2,0,1,0,0,0,2,0,0,0,1,0,0,0,0,2,0,0,0,0,0,0,0,0,0,0,0,0,2,0,0,2,0,0,1,0,2,0,0,0,1,2,0,0
female,YRI,EAS,0,2,1,0,0,1,2,0,0,0,0,0,2,1,0,0,2,0,0,2,1,2,0,0,0,0,0,0,0,0,0,0,0,1,1,0,0,2,0,0,2,1,2,0,0,0,0,1,0,0
female,LWK,EUR,0,1,0,0,0,0,2,0,0,0,0,2,2,1,1,0,1,1,0,0,0,2,0,0,0,0,0,0,0,0,0,0,0,0,1,0,0,0,0,0,1,0,1,0,0,0,1,0,0,0
female,CHB,EUR,0,1,2,0,0,0,2,0,0,0,2,2,2,1,0,0,1,2,0,1,0,2,0,0,0,1,0,0,0,0,0,0,0,1,0,0,0,2,0,0,1,2,2,1,0,0,1,1,0,0
female,CHB,EUR,0,2,1,0,0,0,2,0,0,0,0,0,1,2,0,0,2,1,0,0,0,2,0,0,0,0,0,0,0,0,0,0,0,1,0,0,0,2,0,0,0,0,2,0,0,0,0,1,0,0
female,PUR,AMR,0,2,1,0,0,0,2,0,0,0,0,0,1,1,0,0,1,0,0,0,0,2,0,0,1,0,1,0,0,0,0,0,0,0,0,0,0,2,0,0,0,0,2,0,2,0,1,1,1,0
female,GWD,SAS,0,2,0,0,0,0,2,0,0,0,0,0,2,1,0,0,1,1,0,0,0,2,0,0,0,0,0,0,0,0,0,0,0,1,2,0,0,0,0,0,1,0,2,0,1,0,1,2,1,0
male,IBS,AMR,0,2,0,2,0,0,2,0,0,0,0,0,2,0,0,0,2,0,0,0,0,2,0,0,0,0,0,0,0,0,0,0,0,1,1,0,0,2,0,0,2,1,2,0,1,0,2,1,0,0
male,TSI,EAS,0,2,0,1,0,0,2,0,0,0,0,0,2,0,0,0,1,0,0,2,0,1,0,0,0,0,0,0,0,0,0,0,0,1,1,0,0,0,0,0,1,0,1,0,2,0,1,1,0,0
female,FIN,SAS,0,2,1,0,0,0,2,0,1,0,1,0,0,0,1,0,2,0,0,0,0,2,0,1,0,0,0,0,0,0,0,0,0,1,1,0,0,0,0,0,0,1,0,1,0,0,1,2,0,0
female,CEU,EUR,0,1,0,0,0,0,2,0,0,0,0,0,2,2,0,0,2,0,0,0,0,2,0,1,0,0,0,0,0,0,0,0,0,0,0,0,0,1,0,0,0,1,2,0,1,0,1,2,2,0
male,YRI,EUR,0,1,0,0,0,0,2,2,0,0,0,1,2,0,0,0,0,0,0,0,0,1,0,0,1,0,1,0,0,0,0,0,0,1,1,0,0,2,0,0,1,1,2,0,0,0,2,1,0,0
male,ITU,AMR,0,2,1,0,0,0,2,0,0,0,0,0,2,0,0,0,1,1,0,1,0,2,0,0,0,0,2,0,0,0,0,0,1,1,0,0,0,2,0,0,2,1,1,0,0,0,1,1,1,0
male,GIH,EAS,0,1,0,0,0,1,2,0,0,0,1,1,0,0,2,0,1,0,0,0,1,2,0,1,0,0,0,0,0,0,0,0,0,1,0,0,0,1,1,0,2,0,1,0,0,0,1,1,0,0
male,YRI,EUR,0,0,0,0,0,0,2,0,0,0,0,0,2,0,0,0,2,0,0,0,1,2,0,0,0,0,1,0,1,0,0,0,0,1,0,0,0,1,0,0,1,0,2,0,0,0,1,2,0,0
male,GBR,EUR,0,2,0,0,0,0,2,0,0,0,0,0,1,1,0,0,1,0,0,1,0,2,0,0,0,0,1,0,0,0,0,0,0,1,1,0,0,2,0,0,1,0,1,0,0,0,0,1,0,0
female,PJL,AMR,0,2,0,0,0,0,1,0,0,0,1,1,2,0,0,0,2,0,0,2,1,2,0,0,0,0,0,1,1,0,0,0,0,1,1,2,0,0,0,0,0,0,2,0,0,1,2,2,2,0
male,ASW,AFR,0,1,0,0,0,0,2,0,0,0,0,1,2,0,1,0,2,0,0,2,0,1,0,0,0,0,0,0,0,0,0,1,0,1,0,2,1,0,0,0,0,0,1,0,0,0,2,0,0,0
male,ESN,EAS,0,0,1,0,0,1,2,0,0,0,1,0,2,1,0,0,2,0,0,0,0,1,0,0,0,0,0,0,0,0,1,0,0,1,0,0,0,0,0,0,1,1,2,0,0,0,2,2,0,0
male,MXL,EAS,0,0,1,0,0,1,2,0,0,0,0,0,2,0,0,0,1,1,0,1,0,2,0,0,1,1,1,0,0,0,1,1,0,1,0,0,0,2,0,0,0,0,0,0,0,2,0,1,2,0
male,LWK,AMR,0,1,0,0,0,0,2,0,0,0,0,0,2,0,0,0,2,0,0,0,0,2,0,0,0,0,0,0,0,0,0,0,0,0,2,0,0,1,0,0,1,0,1,0,0,0,0,2,0,0
female,ACB,EAS,0,2,0,0,0,0,2,0,0,0,0,0,1,0,0,0,2,0,0,0,0,1,0,0,0,0,0,0,0,0,0,0,0,0,0,0,0,0,0,0,1,0,2,0,0,0,2,2,0,0
female,JPT,EUR,0,2,1,0,0,0,2,0,0,0,0,2,2,0,0,0,1,0,0,0,0,2,0,0,0,0,0,0,1,0,0,0,0,1,0,0,0,0,0,0,1,2,1,0,0,0,1,1,0,0
male,ITU,EUR,0,1,0,0,0,0,2,0,0,0,1,0,1,1,0,0,1,1,0,0,0,2,0,0,0,0,0,0,0,0,0,0,0,1,0,0,0,2,0,0,1,0,0,0,1,0,0,1,0,0
female,MSL,EAS,0,2,0,0,0,0,2,0,2,0,0,0,0,1,0,0,2,0,0,0,0,2,0,1,0,0,1,0,0,0,0,0,0,0,1,0,0,0,0,0,1,0,1,0,0,0,1,2,0,0
female,CHB,EUR,0,0,2,0,0,0,2,0,0,0,0,0,2,0,0,0,1,1,0,1,0,2,0,2,0,0,0,0,0,0,0,0,0,0,0,0,0,2,0,0,2,1,2,0,0,0,2,2,0,0
male,CHS,AMR,0,0,0,0,0,0,2,0,0,0,0,1,0,0,1,0,2,2,0,1,0,0,0,1,0,0,0,0,0,0,0,0,0,0,0,0,0,0,1,1,1,0,2,0,0,0,1,2,0,0
female,PEL,AMR,0,0,2,0,1,0,2,0,1,0,1,0,2,0,0,0,1,0,0,0,0,2,0,0,0,0,0,0,0,0,0,0,0,0,2,0,0,2,0,0,1,0,1,0,1,0,2,1,0,0
female,MSL,EUR,0,2,0,0,0,0,2,0,0,0,0,0,2,1,0,0,2,0,0,1,0,2,0,0,1,0,2,0,0,1,0,0,0,0,0,0,0,2,1,2,1,0,1,0,0,0,1,2,2,0
male,TSI,AMR,0,1,1,0,0,0,2,0,0,0,0,0,2,1,0,0,1,0,0,0,1,1,0,0,0,0,0,0,0,0,0,0,0,1,2,0,0,1,0,0,1,0,1,0,0,0,2,1,0,0
male,PJL,EAS,0,1,2,0,0,1,2,0,0,0,0,0,2,2,0,0,1,0,0,0,0,1,0,1,0,0,0,0,0,0,1,0,0,1,0,1,0,0,0,0,0,0,1,0,0,0,1,2,0,0
male,LWK,EAS,0,2,1,0,0,0,2,0,0,0,0,0,2,0,0,0,1,1,0,0,0,2,0,0,0,0,0,0,0,0,0,0,0,2,1,0,0,2,0,0,0,1,0,0,0,0,1,2,0,0
female,CHS,AFR,0,0,0,0,0,0,2,0,0,0,0,0,2,1,0,0,1,0,0,0,0,2,1,0,0,0,0,0,0,0,0,0,0,0,0,0,0,2,0,0,1,0,1,0,0,0,0,1,0,0
female,ITU,SAS,0,1,0,1,0,0,2,0,0,0,0,0,2,0,0,0,1,0,0,0,0,2,0,0,1,0,0,0,0,0,0,0,0,0,2,0,1,2,0,0,1,0,1,0,0,0,2,2,0,0
male,ACB,AFR,0,1,1,0,0,0,1,0,0,0,0,2,1,0,0,0,2,0,0,1,0,2,0,0,0,0,0,0,1,0,0,0,0,1,0,0,0,1,1,0,1,0,0,0,0,0,1,2,0,0
male,LWK,AFR,0,0,1,1,0,0,2,0,0,0,0,0,2,0,0,1,1,2,0,0,0,2,0,0,0,0,0,0,0,0,1,0,0,0,0,0,0,0,0,0,1,1,0,0,0,1,2,1,0,0
male,GIH,AFR,0,2,1,0,0,0,1,0,1,0,0,1,2,0,0,0,1,1,0,2,2,2,1,0,0,0,0,0,0,0,0,0,0,1,1,0,0,0,0,0,1,2,2,0,1,0,2,1,1,0
male,CHS,AFR,0,0,0,0,0,0,2,0,0,0,0,1,2,0,0,0,2,0,0,0,0,2,0,1,0,0,1,0,0,0,0,0,0,1,0,0,0,1,0,0,1,0,2,0,0,0,0,1,0,0
male,IBS,SAS,0,2,0,0,0,0,1,0,0,0,0,0,2,0,0,0,1,0,0,0,0,2,0,0,0,0,1,0,0,0,0,0,1,2,0,0,0,0,0,0,2,2,1,1,0,1,2,1,0,0
male,CDX,AFR,0,2,2,0,0,0,2,0,0,0,0,0,2,0,0,0,1,1,0,2,0,2,0,0,0,0,0,0,1,0,0,0,0,1,1,1,0,2,0,0,2,0,1,0,0,0,1,2,0,0
male,GWD,EAS,0,2,0,0,0,0,2,0,0,0,0,0,2,0,0,0,2,1,0,0,0,2,0,0,0,0,0,0,0,0,0,0,0,2,1,0,0,0,0,0,1,0,2,0,0,0,0,2,0,0
female,PJL,AFR,0,1,0,0,0,0,2,1,0,0,0,2,2,1,0,1,1,1,1,2,0,2,0,0,0,1,0,0,0,0,2,0,0,1,0,0,0,2,0,0,0,1,1,0,0,0,2,2,0,0
male,LWK,AFR,0,0,2,0,0,0,2,0,0,0,0,0,2,1,0,0,2,0,0,0,0,2,0,0,0,0,0,0,0,0,0,0,0,0,0,0,0,2,0,0,0,2,0,0,0,0,0,0,0,0
male,CLM,EUR,0,2,1,0,0,0,2,0,0,0,1,0,1,0,0,0,2,1,0,0,0,2,0,0,0,0,0,0,2,0,0,0,0,1,0,0,0,0,0,0,0,0,0,0,0,0,0,2,0,0
male,PUR,AFR,0,2,0,0,0,2,2,0,0,0,0,0,2,0,0,0,1,1,0,0,0,2,0,0,0,0,0,0,0,0,0,0,0,0,0,0,0,1,0,0,1,0,2,0,0,0,2,1,0,0
male,TSI,SAS,0,2,0,0,0,0,2,0,0,0,1,1,2,2,1,0,1,0,0,0,0,2,0,0,0,0,1,0,0,0,0,0,0,1,0,0,0,0,0,0,1,0,0,0,0,0,1,2,0,0
male,CLM,SAS,0,0,0,0,0,0,2,0,0,0,1,2,2,1,2,1,1,0,0,0,1,2,0,1,0,0,0,0,0,0,1,0,0,1,0,0,0,1,0,0,1,0,2,0,0,0,2,2,0,0
male,GIH,AFR,0,2,1,0,0,1,2,0,0,0,0,1,2,0,1,0,2,0,0,0,0,1,0,1,0,0,0,0,0,0,0,0,0,1,0,0,0,2,0,0,0,1,2,2,0,0,2,2,0,0
female,CEU,SAS,0,0,0,1,0,0,1,0,0,0,0,0,2,0,0,0,1,0,0,0,1,2,0,0,0,0,0,0,1,1,0,0,0,0,0,0,0,2,0,0,1,0,0,0,0,0,0,1,0,1
female,PUR,AFR,0,1,0,0,0,0,2,0,0,0,0,0,2,0,0,0,1,0,0,0,0,2,0,0,0,0,0,0,0,0,0,0,0,1,2,1,0,1,0,0,2,0,0,0,0,0,0,1,0,0
female,TSI,EAS,0,2,0,0,0,0,2,0,1,0,0,2,2,2,0,0,0,0,0,1,0,2,0,0,0,0,0,0,0,0,0,0,0,1,0,0,0,2,0,0,2,0,2,0,0,0,1,1,0,0
male,CDX,AFR,0,1,1,1,0,1,1,0,0,0,0,1,1,0,0,0,2,1,0,2,1,1,0,0,1,0,1,0,0,0,0,0,0,1,2,0,1,0,0,0,2,0,2,1,0,0,2,1,1,0
male,LWK,SAS,0,0,0,0,0,1,2,0,0,0,0,1,2,1,1,1,1,0,0,1,0,1,0,0,0,0,0,0,0,0,0,0,0,1,0,0,0,0,0,0,1,0,2,0,0,0,1,2,1,0
female,ACB,EAS,0,2,0,0,0,0,2,0,1,0,0,0,2,0,0,0,1,0,0,0,0,2,0,0,0,0,0,0,0,0,0,0,0,1,1,0,0,0,0,0,1,1,2,0,0,0,1,2,0,0
male,ITU,AFR,0,0,0,0,0,0,2,0,0,0,0,2,2,0,1,0,2,1,0,1,0,2,0,0,0,0,0,0,0,0,0,0,0,0,2,0,1,2,0,0,1,1,0,0,0,0,1,1,0,0
male,PJL,EAS,0,0,0,0,0,1,2,1,1,0,1,0,1,0,0,0,1,0,0,0,1,2,0,0,0,0,0,0,0,0,1,0,1,1,0,0,0,2,0,0,1,0,1,0,2,0,1,0,0,0
female,ESN,AFR,0,1,0,0,0,0,2,0,0,0,0,0,2,1,0,0,1,1,0,2,0,2,0,0,0,0,1,0,0,0,0,0,0,0,0,0,0,1,0,0,1,0,2,0,0,0,1,2,0,0
male,BEB,AFR,0,2,1,0,0,0,2,0,0,0,0,1,2,0,0,0,2,0,0,2,0,2,0,0,0,0,1,0,0,0,0,0,0,0,1,0,0,1,0,0,1,1,0,0,0,0,1,1,0,0
female,GWD,AMR,0,2,0,0,0,0,2,0,0,0,0,0,2,0,0,0,2,0,0,0,0,2,1,0,0,0,0,0,0,0,0,1,0,0,0,0,0,1,0,0,1,0,2,0,0,0,2,2,0,0
male,CLM,SAS,0,2,0,1,0,0,2,0,0,0,0,2,2,1,0,1,1,0,0,2,0,2,0,1,0,0,0,0,0,0,0,0,0,0,1,0,0,2,0,0,1,0,0,0,0,0,2,1,0,0
female,PUR,SAS,0,1,0,0,0,0,2,0,0,0,0,0,1,1,0,0,1,1,0,2,0,2,0,0,0,0,0,0,0,0,0,0,0,0,2,1,0,2,0,0,1,0,2,0,0,0,0,2,0,0
female,CHS,AMR,0,0,1,0,0,0,2,0,0,0,0,0,2,0,0,0,1,0,0,1,0,0,0,0,0,0,0,0,2,0,1,0,1,1,0,0,0,1,0,0,0,0,2,0,0,0,1,1,0,0
male,CHS,AMR,0,0,0,0,0,0,2,0,0,0,0,0,1,2,0,0,1,0,0,0,0,2,0,0,0,0,0,0,0,0,1,0,0,1,2,0,0,1,0,0,0,1,2,0,0,0,0,1,0,0
male,PUR,EAS,0,2,0,0,0,1,2,0,1,0,0,0,1,0,0,0,1,0,0,2,0,2,0,0,0,0,0,0,1,0,0,0,0,2,0,0,0,0,0,0,1,1,2,0,0,0,2,1,0,0
male,ACB,AMR,0,2,1,0,0,0,2,0,0,0,0,0,2,0,0,0,2,0,0,1,0,2,0,0,0,0,1,0,0,0,0,0,0,1,0,0,0,0,0,0,1,1,1,0,0,0,2,1,0,0
male,PEL,EUR,0,2,0,0,0,1,2,0,0,0,0,1,2,0,0,0,1,0,0,0,0,1,0,0,1,0,0,0,0,0,0,0,0,0,0,0,0,0,0,0,2,0,2,0,0,0,0,2,0,0
female,PJL,EUR,0,2,0,0,0,0,2,0,1,0,0,0,1,0,2,1,1,0,0,0,0,0,1,0,0,0,0,0,0,0,0,0,1,0,2,0,0,0,0,0,0,1,0,0,1,0,0,1,0,0
male,MXL,EAS,0,2,1,0,0,0,2,0,0,0,0,0,2,2,0,0,2,0,0,0,1,2,0,0,0,0,2,0,0,0,0,0,0,0,1,0,0,2,0,0,0,1,2,0,0,0,0,1,1,0
female,ITU,EUR,0,1,1,0,0,0,2,0,1,0,0,0,2,0,0,0,1,1,0,2,0,2,0,0,0,0,0,0,0,0,0,0,0,1,0,0,0,2,0,0,1,0,2,0,0,0,1,2,0,1
male,BEB,EUR,0,1,1,1,0,1,2,0,0,0,1,0,2,1,0,0,2,0,1,1,0,2,0,1,0,0,0,0,0,0,0,0,0,0,1,0,0,0,0,0,1,1,2,0,0,0,0,1,1,0
male,GWD,AMR,1,0,1,0,0,0,2,0,1,0,0,0,0,1,0,0,2,1,0,0,0,2,0,0,0,0,0,0,0,0,0,0,0,0,0,0,0,0,0,0,1,0,2,0,0,0,0,2,0,0
male,CHS,EAS,0,0,0,0,0,0,2,0,0,0,0,0,1,2,0,1,2,0,0,0,1,1,0,0,0,2,0,0,0,0,0,0,1,1,0,0,0,1,0,0,1,0,1,0,0,0,1,2,0,0
female,YRI,EUR,0,2,0,0,0,0,2,0,0,0,0,0,2,0,0,0,2,0,0,0,0,2,0,0,0,0,0,0,0,0,0,0,0,1,0,0,0,1,0,0,1,0,1,0,0,0,0,1,0,0
male,KHV,AMR,0,1,1,1,0,0,2,0,0,0,0,0,2,1,1,0,1,0,0,1,0,2,0,0,0,0,1,0,0,0,0,0,0,0,1,0,0,2,0,0,1,0,2,0,0,0,2,1,0,0
female,GIH,EUR,0,0,0,1,0,0,2,0,0,0,0,0,2,0,0,0,1,0,0,0,0,2,0,0,0,0,1,0,0,0,0,0,0,0,0,0,0,1,0,0,2,0,2,0,0,0,2,1,2,0
male,YRI,EAS,0,0,0,0,0,0,2,0,0,0,0,0,2,0,0,0,1,1,0,0,0,2,0,1,0,0,1,0,0,0,0,0,1,1,1,0,0,2,0,0,0,0,2,0,1,0,0,1,1,0
male,TSI,EAS,0,0,0,0,0,0,2,0,0,1,1,0,1,0,0,0,2,1,0,0,0,2,0,0,1,0,0,0,0,0,1,0,0,0,0,0,0,0,0,0,1,0,2,0,1,0,2,0,2,0
female,STU,AFR,0,2,1,0,0,0,2,0,0,0,0,0,2,0,0,0,1,1,0,2,1,2,0,0,0,0,0,0,1,0,1,0,0,0,0,0,0,0,0,0,1,0,2,0,0,0,0,1,1,0
female,ESN,EUR,0,0,0,0,0,0,2,0,0,0,0,2,1,0,0,0,1,1,0,2,0,1,0,0,0,0,1,0,1,1,1,1,0,1,0,0,0,2,0,0,1,1,1,0,0,0,2,1,0,0
female,CEU,EAS,0,1,2,0,0,0,2,0,0,0,0,1,2,0,0,0,1,0,0,2,0,2,0,1,0,0,0,0,0,0,0,0,0,0,1,0,0,2,0,0,1,1,2,0,0,0,1,1,0,0
male,CEU,EUR,0,2,0,0,1,2,2,0,1,0,0,1,2,0,0,1,1,0,0,0,0,2,0,0,0,0,0,0,0,0,0,0,1,0,1,0,0,2,0,0,1,1,2,0,1,0,0,0,0,0
female,ITU,EUR,0,0,0,0,0,1,2,0,0,0,0,0,2,0,0,0,1,2,0,0,0,2,0,0,0,0,0,0,0,0,0,0,0,0,0,0,0,1,0,0,1,1,2,0,0,0,0,2,0,0
male,CHB,AMR,0,2,2,0,0,0,2,0,0,0,0,2,2,0,0,0,1,0,0,1,0,2,0,0,0,0,1,0,0,0,0,0,0,1,1,0,0,0,0,0,0,1,2,0,0,0,1,2,0,0
male,GBR,AFR,0,2,2,1,0,0,2,0,0,0,0,0,2,0,0,0,2,0,0,0,2,1,0,0,0,1,1,0,0,0,0,1,0,1,1,0,0,0,0,0,2,0,2,0,1,0,2,1,1,0
male,FIN,AFR,0,1,1,0,0,1,2,1,0,0,0,1,2,1,0,1,1,1,0,0,0,2,0,0,0,0,0,0,0,1,1,0,0,1,1,0,0,2,1,0,1,0,2,0,0,0,1,2,0,0
male,PEL,EUR,0,0,1,0,0,0,2,0,0,0,0,2,2,0,0,0,1,2,0,0,0,2,1,2,0,0,0,0,0,0,1,0,1,0,0,0,0,2,0,0,0,0,0,0,0,0,0,2,0,1
male,CDX,SAS,0,2,1,0,1,0,2,0,0,0,2,0,1,0,0,0,2,0,0,1,0,2,0,0,0,0,0,0,0,0,1,0,1,0,2,0,0,2,0,0,0,0,1,0,1,0,2,0,1,0
female,PUR,AFR,0,2,0,0,0,0,2,0,0,0,0,0,2,0,0,0,1,0,0,2,0,1,0,0,0,0,0,0,0,0,0,0,0,0,0,0,0,0,0,0,0,0,1,0,0,0,0,1,0,0
female,GBR,EAS,0,2,1,0,0,0,2,0,0,0,1,2,2,0,0,0,1,0,0,0,1,2,0,0,0,0,0,1,0,0,0,0,0,0,1,0,0,0,0,0,1,1,0,0,1,0,2,2,0,0
male,JPT,AFR,0,2,0,0,0,1,2,0,1,0,0,0,2,0,0,0,0,0,0,0,1,2,0,2,0,0,1,0,0,0,0,0,0,0,0,0,0,0,0,0,1,0,2,0,0,0,2,2,0,0
male,CHS,EUR,0,0,2,0,0,0,2,0,1,0,0,0,1,0,0,0,2,0,0,2,0,1,0,1,0,0,0,0,0,0,0,0,0,1,0,0,0,2,1,0,1,0,0,0,1,0,1,1,1,0
female,ITU,EAS,0,1,0,0,0,1,2,0,0,0,0,0,0,1,0,0,1,0,0,0,0,2,0,0,0,0,0,0,0,0,0,0,1,0,0,0,0,0,0,0,1,2,2,0,0,0,2,1,1,0
female,ITU,EUR,0,2,0,0,0,1,2,0,0,0,0,0,2,2,0,0,1,2,0,0,0,2,0,0,0,0,1,0,1,0,0,0,0,1,0,0,0,2,0,0,2,0,1,0,0,1,1,2,1,0
female,ITU,EUR,0,2,1,0,0,1,0,0,0,0,0,0,2,0,0,0,2,1,0,1,0,2,0,0,0,0,1,0,1,0,0,0,0,0,0,0,0,1,0,0,0,1,2,0,1,0,1,1,0,0
female,PEL,AFR,0,2,0,0,0,0,2,1,0,0,0,1,2,0,0,0,2,0,0,0,0,2,0,1,0,0,0,0,0,0,0,0,0,2,1,0,0,0,1,0,0,0,2,0,0,0,0,2,0,0
male,CDX,SAS,0,2,0,0,0,0,2,0,1,0,0,0,2,1,0,0,1,0,0,0,0,2,0,1,1,0,0,0,0,0,0,0,0,0,0,0,0,1,0,0,0,0,2,0,0,0,2,2,0,0
male,STU,EUR,0,1,1,0,0,0,2,0,0,0,0,0,2,0,0,0,2,0,0,0,0,2,0,0,0,0,0,0,0,0,1,0,1,1,1,0,0,0,0,0,0,1,2,0,0,0,2,1,0,0
male,YRI,AMR,0,1,0,0,0,0,2,0,0,0,0,0,2,0,0,0,1,2,0,0,0,2,0,0,0,0,2,0,0,0,0,0,0,1,0,0,0,0,0,0,1,0,2,0,0,0,1,1,0,0
female,FIN,EAS,0,1,0,0,0,0,2,0,0,0,0,0,2,0,0,0,1,0,1,0,0,2,0,0,0,1,0,0,0,0,0,0,0,0,2,0,0,2,0,0,1,0,2,0,0,0,0,0,0,0
female,CHB,EAS,0,0,0,0,0,0,2,0,0,0,0,0,1,1,0,0,1,0,0,2,0,2,0,0,0,0,1,0,0,0,0,0,0,0,1,0,0,0,0,0,2,1,2,0,0,0,2,1,0,0
female,BEB,AMR,0,2,2,0,0,0,2,0,0,0,0,1,1,0,0,1,0,0,0,0,0,2,0,0,0,0,0,0,1,0,0,0,0,1,0,0,0,0,0,0,1,0,2,0,0,0,2,2,0,0
female,LWK,AFR,0,2,0,0,0,1,2,0,1,0,0,2,1,0,0,0,1,0,0,1,0,2,0,0,0,0,0,0,0,0,0,0,0,1,0,0,0,0,0,0,1,0,2,0,0,0,1,1,0,0
male,TSI,SAS,0,0,0,0,0,0,2,0,0,0,0,2,1,0,0,0,1,0,0,2,0,2,0,0,0,0,2,0,0,0,0,0,0,2,2,0,0,2,0,0,2,0,0,0,0,0,0,0,0,0
female,KHV,EUR,0,2,0,0,0,0,2,0,0,0,0,1,2,0,0,1,1,0,0,0,0,2,0,0,0,1,0,0,0,0,1,0,0,0,1,0,0,1,0,0,1,0,2,0,0,0,0,2,0,0
male,CLM,SAS,1,0,1,1,0,0,1,0,0,0,0,1,0,0,0,0,0,0,0,2,0,2,0,0,0,0,0,0,0,0,0,0,0,0,1,0,0,1,0,0,1,0,2,1,0,0,0,2,0,0
female,TSI,AFR,0,1,1,1,0,0,2,0,1,0,0,0,2,0,0,1,2,0,0,1,0,2,0,0,0,0,0,0,1,0,0,0,0,0,0,0,0,0,0,0,1,0,1,0,0,0,2,0,0,0
female,YRI,EAS,0,0,1,0,0,1,2,0,0,0,0,1,2,0,0,0,1,1,0,0,0,2,0,0,0,0,0,0,0,0,0,0,1,0,0,0,1,2,0,0,2,1,2,0,1,0,0,2,0,0
female,ASW,AMR,0,1,2,0,0,0,2,0,0,0,0,0,2,2,0,0,2,1,0,0,0,2,1,0,0,0,1,0,0,0,1,0,0,0,0,0,0,0,0,0,0,0,2,0,1,0,1,0,1,0
male,CHB,EUR,0,0,0,0,0,1,2,0,0,0,0,0,2,0,0,0,0,0,0,1,1,2,0,0,0,0,2,0,0,0,1,0,0,1,0,0,0,0,0,0,1,1,2,0,0,0,2,2,0,0
male,ITU,EAS,0,0,1,1,0,0,2,0,0,0,0,0,2,0,0,0,1,1,0,0,0,2,0,0,0,0,0,0,0,0,0,0,0,0,0,0,0,0,0,0,1,0,1,0,0,0,2,1,0,0
female,TSI,EUR,0,0,0,0,0,0,2,1,0,0,0,0,2,1,0,0,0,0,0,0,0,2,0,1,0,0,0,0,0,0,0,0,0,1,1,1,0,0,0,0,0,1,1,0,0,0,2,1,1,0
male,ESN,EAS,0,0,2,0,0,1,2,0,0,0,0,0,2,0,0,0,2,1,0,0,1,2,0,0,0,0,0,0,0,0,0,0,0,1,0,1,0,0,0,0,1,0,0,0,0,0,2,1,0,1
male,PUR,EAS,0,1,0,0,0,0,2,0,0,0,0,0,2,0,0,0,2,0,0,0,0,2,0,1,0,0,0,0,0,0,0,0,0,0,1,0,0,1,0,0,1,0,0,0,1,0,2,2,0,0
male,ASW,AFR,0,0,2,1,0,0,2,0,1,0,1,0,2,1,0,0,1,0,0,0,0,2,0,0,1,0,0,0,0,2,0,0,0,1,0,0,0,1,0,0,2,0,2,0,1,0,1,1,0,1
female,YRI,AFR,0,1,0,0,0,0,1,0,0,0,0,0,2,0,0,0,2,0,0,2,0,2,0,0,0,0,0,1,0,0,0,0,0,0,0,0,0,0,0,0,2,0,2,0,0,0,0,2,0,0
female,ITU,AMR,0,1,0,0,0,0,2,1,0,0,0,0,2,1,0,0,1,0,0,1,0,2,0,1,0,0,0,0,0,0,0,0,0,0,0,1,0,0,0,0,1,0,0,0,0,0,0,1,0,0
male,LWK,AFR,0,0,0,0,0,0,2,0,0,0,0,0,2,0,0,0,1,1,0,0,0,2,0,1,0,0,2,0,0,0,0,0,0,1,0,0,0,2,0,0,0,0,2,0,0,0,0,2,0,0
male,ACB,EAS,1,2,0,0,0,1,2,0,0,0,0,2,2,0,0,0,2,0,0,1,1,0,0,0,1,0,0,0,0,0,0,0,0,1,0,2,0,2,0,0,1,0,1,0,1,0,1,1,0,0
female,LWK,EUR,0,2,2,0,0,1,2,0,0,0,1,1,2,0,0,1,0,0,0,2,0,2,0,0,0,0,0,0,0,0,2,0,0,0,0,0,1,0,0,0,1,0,2,0,0,0,0,1,1,0
male,PUR,AMR,0,2,0,0,0,0,2,0,1,0,0,0,2,0,0,0,2,0,0,1,0,2,0,0,0,0,0,0,0,0,0,2,0,1,0,0,0,2,0,0,1,1,0,0,0,0,1,0,0,0
female,STU,EUR,0,2,0,0,0,0,2,0,0,0,0,1,0,1,0,0,1,1,0,0,0,1,0,0,0,1,0,0,0,0,0,0,0,0,0,0,0,1,0,0,0,0,1,0,0,1,1,2,1,0
male,GIH,EUR,0,1,1,0,0,0,2,0,0,0,1,1,2,1,0,0,1,1,0,0,0,2,0,0,0,0,0,0,0,0,0,0,2,1,0,0,0,2,0,0,1,1,1,0,0,0,1,1,2,0
female,GWD,SAS,0,1,0,0,0,0,2,0,0,0,1,0,2,0,0,0,1,0,0,0,0,2,0,0,0,0,0,0,0,0,0,0,0,1,0,0,0,0,0,0,0,0,2,0,0,0,2,1,0,0
female,MSL,EUR,0,1,0,0,0,0,2,0,0,0,0,1,2,0,0,0,2,0,0,0,0,2,0,0,0,0,0,0,0,0,0,0,0,2,2,0,0,2,0,0,0,0,2,0,0,0,0,1,0,0
male,GIH,EAS,0,2,1,0,0,0,2,0,0,0,0,0,2,0,0,0,1,0,0,0,0,2,0,0,0,0,0,0,0,0,0,1,0,2,0,0,0,0,0,0,1,0,2,0,0,0,0,1,0,0
female,PEL,EUR,0,0,1,0,0,0,2,0,0,0,0,0,2,0,0,0,1,0,1,1,0,2,0,0,0,0,0,0,0,0,1,2,0,1,0,0,0,2,0,0,1,1,1,0,0,0,0,1,0,0
female,ACB,EUR,0,0,1,1,0,0,2,0,0,0,0,0,2,2,0,0,2,2,0,0,0,2,0,0,0,0,1,0,1,0,1,0,0,0,0,0,0,0,0,0,2,1,1,0,2,0,2,2,0,0
male,IBS,AMR,0,1,0,0,0,0,2,0,0,0,0,0,2,1,0,0,2,0,0,2,0,2,0,0,0,0,0,0,0,0,0,0,0,0,0,0,0,0,0,0,1,1,1,0,0,0,2,1,0,0
female,CLM,EUR,0,2,2,0,0,0,2,0,0,0,2,0,1,0,0,0,2,0,0,0,0,2,0,0,0,0,0,0,0,0,0,1,0,1,0,1,0,2,0,0,2,1,1,0,0,0,0,1,0,0
male,KHV,EAS,0,0,0,0,0,0,2,0,0,0,1,0,2,0,0,0,1,1,0,2,0,0,0,0,0,0,0,0,0,2,0,0,0,1,0,0,0,2,0,0,0,1,2,0,0,0,2,1,0,0
male,PEL,AFR,0,2,0,0,0,0,2,0,0,0,0,0,2,1,0,1,1,1,0,0,0,2,0,0,0,0,0,0,0,0,1,0,0,1,1,0,0,0,0,0,0,0,2,0,0,0,1,2,0,0
male,GIH,SAS,0,2,0,0,0,0,2,0,0,0,0,0,2,0,0,0,2,0,0,0,0,2,0,0,0,0,2,0,1,0,0,0,0,1,0,0,0,0,0,0,2,2,2,0,0,0,2,2,0,0
female,ESN,SAS,0,0,0,0,0,0,2,0,0,0,0,0,2,0,0,0,1,0,0,2,0,2,0,0,0,0,0,0,0,1,0,0,0,1,2,0,0,2,0,0,0,0,0,0,0,0,1,2,0,0
female,YRI,EUR,0,2,0,1,0,1,1,0,0,0,0,2,2,1,0,0,1,0,0,0,0,2,0,0,0,0,0,0,0,0,0,0,0,0,0,1,0,1,0,0,0,1,2,0,0,0,0,1,0,0
female,YRI,AFR,0,1,0,2,0,1,2,0,0,0,0,0,2,2,0,1,2,0,0,1,0,2,0,1,0,0,0,0,0,0,0,0,0,0,1,2,0,0,0,0,0,0,1,0,0,0,2,0,0,1
female,MSL,AFR,1,2,1,0,0,0,2,0,1,0,0,0,2,0,0,0,1,0,0,1,1,2,0,0,0,0,0,0,1,0,0,0,0,1,0,0,0,2,0,0,2,0,1,0,1,0,2,2,0,0
male,ITU,EUR,0,0,1,0,0,0,2,0,1,0,0,1,2,1,0,0,1,0,0,0,0,2,0,0,0,0,0,0,0,0,0,0,0,0,1,0,0,0,0,0,0,1,0,0,0,0,1,2,0,0
male,GIH,EUR,0,0,0,0,0,0,2,0,1,0,0,0,2,1,0,0,2,0,0,0,0,2,0,0,0,0,0,0,0,0,0,0,0,0,0,0,0,2,0,0,0,0,1,0,0,0,2,2,0,0
male,CHB,EUR,0,1,1,0,0,0,2,0,0,0,0,0,1,0,0,0,2,1,0,2,0,2,0,0,0,0,0,0,0,0,0,0,0,0,0,0,0,2,0,0,1,1,2,0,0,0,2,2,0,0
male,YRI,AFR,0,2,0,0,0,0,2,0,0,0,0,0,2,0,0,0,1,0,0,1,0,2,0,0,0,0,0,0,0,0,0,1,0,0,0,0,0,1,0,0,1,0,2,0,0,0,2,1,0,0
male,CHS,EUR,0,2,1,1,0,0,2,0,0,0,0,0,2,0,0,0,2,2,0,0,0,2,0,0,0,0,0,0,0,0,0,0,0,1,0,1,0,0,0,1,1,0,1,0,0,0,2,1,0,0
female,MSL,EAS,0,1,0,0,0,1,2,0,0,0,1,2,2,0,0,0,0,2,0,2,0,1,0,0,0,0,0,0,0,0,1,0,0,1,1,0,0,2,0,0,1,0,2,0,0,0,0,1,0,0
male,CHS,EAS,0,0,0,1,0,0,2,0,1,1,0,0,2,0,0,0,1,0,0,2,1,2,0,0,0,0,1,0,0,0,0,0,0,1,1,0,0,0,0,0,1,0,2,0,0,0,2,1,0,0
male,MXL,AFR,0,1,1,0,0,0,2,0,1,0,0,0,2,1,0,0,1,0,0,0,0,1,0,0,0,0,0,0,0,1,0,0,0,1,1,1,0,2,0,0,1,0,2,0,0,0,0,1,0,0
female,ACB,SAS,0,2,0,0,0,0,2,0,0,0,0,0,2,0,1,0,1,0,0,2,1,1,0,0,0,0,0,0,0,0,1,0,0,1,0,2,0,2,0,0,0,0,2,0,0,0,2,1,2,0
male,GWD,SAS,0,2,1,0,0,0,1,0,0,0,0,1,2,0,0,0,2,1,0,0,0,2,0,0,0,0,0,0,1,0,0,1,0,1,0,0,0,1,1,0,2,0,2,0,0,0,0,2,0,0
male,BEB,AMR,0,2,2,0,0,2,2,0,0,0,0,0,2,0,1,0,2,0,0,2,0,2,0,2,0,1,1,0,0,0,0,0,0,1,1,0,0,2,0,0,1,0,1,0,0,0,2,1,0,0
male,GIH,AFR,0,0,1,0,0,0,2,0,0,0,0,2,2,0,0,0,1,1,0,2,1,2,0,0,0,0,0,0,0,0,0,0,0,1,2,0,0,2,0,0,0,1,1,0,0,0,2,1,0,0
male,GIH,EUR,0,2,0,0,0,0,2,0,0,0,0,2,1,0,0,0,2,0,0,2,0,2,0,1,0,0,0,0,1,0,0,0,1,1,0,0,0,2,0,0,0,1,1,0,0,0,2,2,0,0
female,GIH,AFR,0,2,1,0,0,0,2,0,0,0,1,2,2,0,0,0,2,0,0,2,0,2,0,0,0,0,0,0,0,0,0,0,0,0,0,0,0,0,0,0,0,1,0,0,0,0,0,1,0,0
male,PUR,SAS,0,2,0,0,0,0,2,0,0,0,0,2,2,0,0,0,2,0,1,0,0,1,0,0,0,0,0,0,1,0,0,0,0,1,0,0,0,0,0,0,2,0,2,0,0,0,0,2,0,0
male,ACB,EUR,0,2,0,0,0,0,2,0,0,0,0,0,2,0,0,0,1,0,0,0,1,2,0,0,0,0,2,0,0,0,0,0,1,1,1,0,0,1,0,0,0,0,1,0,0,0,0,1,0,0
female,CEU,AMR,0,2,0,0,0,0,2,0,0,0,0,0,2,0,0,0,0,1,0,2,0,2,0,1,0,0,0,0,0,0,0,0,0,1,0,0,0,0,0,0,0,0,0,0,0,0,1,2,0,0
male,MSL,EUR,0,0,1,0,0,0,2,0,0,0,0,1,2,0,0,0,2,0,0,0,0,2,0,0,0,0,0,0,1,0,0,0,0,0,0,0,0,1,0,0,1,1,2,0,0,0,2,2,0,0
male,PEL,SAS,0,0,1,0,0,0,2,0,0,0,0,0,0,0,0,0,2,0,0,0,1,2,0,0,0,0,0,0,0,0,0,0,1,1,2,0,0,2,0,0,1,2,2,0,0,0,1,2,2,0
female,CHS,AMR,0,0,1,0,0,1,2,0,1,0,1,1,2,0,0,0,1,1,0,0,0,2,0,1,1,0,0,0,0,0,0,0,0,1,0,0,1,1,0,0,1,0,2,0,0,0,1,1,1,0
male,ASW,EUR,0,0,1,0,0,0,0,0,0,0,0,1,2,0,0,1,2,1,0,0,0,1,0,0,1,0,1,0,0,0,0,1,1,2,1,0,1,0,1,0,2,1,2,0,0,0,0,2,0,0
male,BEB,AMR,1,0,0,0,0,0,2,1,2,0,0,1,1,1,0,0,1,0,0,0,0,2,1,0,0,0,1,0,0,0,1,0,0,0,0,2,0,1,0,1,0,0,1,0,0,0,2,1,0,2
male,ESN,EAS,0,2,1,0,0,0,2,0,0,0,0,2,2,1,0,0,1,1,0,0,1,2,0,0,0,0,0,0,0,0,0,0,0,0,1,0,0,2,0,0,2,0,2,0,0,0,0,1,0,0
male,ASW,EUR,0,2,0,0,0,1,2,0,0,0,0,0,2,0,0,0,1,0,0,0,0,2,0,0,0,0,0,0,0,0,1,0,0,1,0,0,0,0,0,0,2,1,2,0,0,0,0,2,0,0
female,ACB,EAS,0,0,0,0,0,1,1,0,0,0,0,0,2,0,0,1,0,1,0,1,0,1,0,1,0,0,0,0,0,0,0,0,0,0,1,0,0,1,0,0,0,1,1,0,1,1,0,2,0,0
female,ACB,AFR,0,2,1,0,0,0,2,0,0,0,0,2,1,0,0,0,2,0,0,0,0,2,0,0,0,0,0,0,0,0,0,0,0,0,2,0,0,1,0,0,1,1,1,0,1,0,2,1,0,0
female,STU,AFR,0,2,0,0,0,0,2,0,0,0,0,0,1,0,0,1,2,0,0,0,0,2,0,0,0,0,0,0,1,0,0,0,0,1,0,0,0,1,0,0,0,0,2,0,0,0,2,2,0,0
male,CEU,AFR,0,0,2,0,0,0,2,0,0,0,0,2,2,0,0,0,1,2,0,0,0,1,0,0,0,0,1,0,0,0,1,0,0,0,0,0,0,2,0,0,1,1,0,0,0,0,0,1,0,0
male,CHS,EAS,0,1,2,0,0,1,2,0,0,0,0,0,2,0,0,0,1,0,0,1,1,2,0,2,0,0,1,0,0,0,0,0,0,1,1,0,1,0,0,0,2,0,2,0,0,0,0,2,0,0
female,PJL,SAS,0,0,0,0,0,0,2,0,0,0,0,0,1,0,0,0,2,0,0,0,0,1,0,1,0,0,0,0,1,0,0,0,0,0,1,0,0,2,0,0,1,0,2,0,0,0,0,1,0,0
male,MXL,SAS,1,2,0,0,0,0,2,0,0,0,0,0,2,0,0,1,1,0,0,0,0,2,0,0,0,0,0,0,0,0,0,0,0,1,1,0,0,1,0,0,1,2,2,0,0,0,0,1,0,0
male,BEB,EAS,0,2,1,1,0,0,2,0,0,0,0,0,2,0,1,0,1,0,0,0,0,2,0,2,0,1,0,0,0,0,0,0,1,2,1,2,0,2,0,0,0,1,2,0,0,0,1,2,0,0
female,TSI,AFR,0,0,0,0,0,0,2,0,0,0,0,0,2,2,0,0,1,0,0,0,1,2,0,0,0,0,0,0,0,0,0,0,0,1,2,0,0,1,0,0,1,0,2,0,0,0,0,2,1,0
male,MSL,AFR,0,0,0,0,0,1,2,0,0,0,0,0,2,0,0,0,1,1,0,0,1,2,0,2,0,0,0,0,0,1,1,0,0,0,0,0,0,2,0,0,1,0,1,0,0,0,1,2,0,0
female,CEU,SAS,0,2,0,0,0,0,2,0,0,0,0,0,1,0,0,0,2,1,0,1,0,2,0,0,0,0,0,0,0,0,0,0,0,1,0,0,0,0,0,0,1,1,0,0,1,0,0,0,0,0
male,ITU,AFR,0,0,0,0,0,0,2,0,0,0,0,0,2,0,0,0,2,0,0,2,0,2,0,0,1,0,0,0,0,0,0,0,0,1,0,0,0,1,0,0,1,0,2,0,0,0,2,1,1,0
male,GWD,AFR,0,2,0,0,0,0,2,0,1,0,0,0,2,0,0,0,1,0,0,1,0,0,0,0,0,0,1,0,0,0,0,0,0,0,0,0,0,2,0,0,1,0,1,0,0,0,0,1,0,0
male,CHB,AMR,0,0,0,0,0,0,1,0,0,0,0,1,2,0,0,0,1,1,0,2,1,2,0,0,0,0,1,0,0,0,0,0,0,1,0,0,0,0,0,0,1,1,2,0,1,0,0,2,0,0
male,FIN,EUR,0,0,0,0,0,0,2,0,1,0,0,0,2,0,1,0,2,1,0,2,0,1,0,0,0,0,1,0,0,0,1,0,0,2,0,1,0,0,0,0,0,1,2,0,0,0,1,2,0,0
male,TSI,AFR,0,0,0,0,0,0,2,0,0,0,0,0,2,0,0,0,2,0,0,0,0,2,1,0,0,0,1,0,0,0,0,0,0,1,1,0,0,2,0,0,0,0,1,0,0,0,0,0,0,0
male,CEU,EUR,0,2,0,0,0,0,2,0,0,0,0,1,2,0,0,0,2,0,0,2,0,2,0,0,0,0,0,0,1,0,0,0,1,0,1,0,0,2,0,0,1,0,1,0,0,0,2,1,0,0
male,BEB,AMR,0,2,0,0,0,0,2,0,1,0,0,1,2,0,0,0,1,0,0,0,0,2,0,0,0,0,2,0,0,0,0,0,0,1,1,0,0,1,0,0,1,1,0,0,0,0,1,2,1,0
male,GIH,EAS,0,1,1,0,0,0,2,0,1,0,0,0,2,0,1,0,1,1,0,1,0,2,0,0,0,0,0,0,0,0,0,0,0,1,2,0,0,0,0,0,1,0,2,0,0,0,0,1,0,0
male,ITU,AFR,0,0,0,0,0,0,2,0,1,0,0,0,2,0,1,0,1,1,0,2,0,2,0,0,0,0,0,0,1,0,1,0,0,1,1,1,0,2,0,0,0,0,2,0,1,0,2,2,0,0
female,ITU,EAS,0,2,2,0,1,0,2,0,1,0,0,2,2,0,0,0,1,0,0,1,0,2,0,0,0,0,1,0,0,0,0,0,0,1,0,1,0,0,0,0,0,1,2,0,0,0,2,2,0,0
female,CLM,AFR,0,2,0,0,0,0,2,0,0,0,0,0,2,0,0,0,2,0,0,0,0,2,0,0,0,0,0,0,0,0,0,1,0,1,1,0,0,0,1,0,1,1,2,0,0,0,1,1,0,0
male,BEB,AMR,0,2,1,0,0,0,2,0,1,0,0,2,2,0,0,1,1,0,0,2,0,2,0,0,0,0,0,0,0,0,1,0,0,1,0,0,0,0,0,1,1,1,2,0,0,0,0,2,1,0
male,ITU,EAS,0,0,0,0,0,1,2,0,0,0,0,0,1,0,0,0,2,1,0,0,0,2,0,0,0,0,0,0,0,0,0,0,0,1,1,0,0,0,0,0,0,1,1,0,0,0,2,1,0,0
male,IBS,EAS,0,1,1,0,0,0,2,0,0,0,0,0,2,0,0,0,1,0,0,0,0,2,0,0,0,0,0,0,1,0,0,0,0,1,0,0,0,2,0,0,1,1,2,0,0,0,1,1,0,0
female,PUR,AMR,0,0,0,0,0,0,2,0,0,0,0,0,2,0,0,0,1,1,0,0,0,2,0,0,0,0,2,0,1,0,0,0,0,1,1,1,0,0,0,0,0,0,2,0,0,0,0,0,0,0
male,CHS,EUR,0,2,1,0,0,0,1,1,2,0,0,1,2,0,0,0,1,0,0,0,0,2,0,0,0,0,0,0,0,0,0,0,1,1,2,0,1,0,0,0,0,0,2,1,0,0,1,2,0,0
male,CLM,SAS,0,2,2,0,0,0,2,1,0,0,1,1,1,1,1,0,2,1,0,2,0,2,0,0,0,0,0,0,0,0,0,0,0,1,1,0,0,0,0,0,1,0,1,0,0,0,2,0,0,0
male,MSL,EUR,1,2,0,0,0,1,2,0,0,1,0,0,2,0,0,1,1,1,0,0,0,1,0,0,0,0,1,0,0,0,1,0,0,0,0,0,0,0,0,0,1,0,1,0,2,0,0,2,0,0
male,ACB,AFR,0,1,0,1,0,0,2,0,0,0,0,0,1,2,0,0,2,0,0,1,0,2,0,0,0,0,0,0,0,0,0,1,0,1,0,0,0,1,0,0,2,0,0,0,1,1,1,1,0,0
female,KHV,SAS,0,1,0,0,1,0,2,0,0,0,0,1,2,2,0,0,2,0,0,0,0,2,0,0,0,0,1,0,0,1,0,0,0,1,0,0,0,2,0,0,1,2,2,0,2,0,0,2,1,0
male,BEB,EUR,0,2,0,0,0,0,2,0,0,0,0,1,2,0,0,0,2,0,0,0,0,2,1,0,0,0,1,0,0,0,0,0,1,1,0,0,0,1,0,0,1,0,2,0,0,0,1,1,0,0
male,GWD,EAS,0,1,0,0,0,0,2,0,0,0,1,0,2,0,0,0,1,2,0,0,0,2,0,0,0,0,0,0,0,0,0,0,0,1,0,0,0,0,1,0,1,2,2,0,1,0,1,1,0,0
female,ESN,EUR,0,1,0,0,0,0,2,0,1,0,0,1,2,0,0,0,1,0,0,0,0,1,1,0,0,0,1,1,0,0,0,0,0,0,0,0,0,2,0,0,1,0,1,0,0,0,2,1,0,0
male,BEB,AMR,0,1,2,1,0,0,2,0,0,0,0,0,1,0,0,1,1,1,0,0,0,2,0,0,0,0,0,0,2,2,1,0,0,1,0,2,0,2,0,0,0,0,2,0,0,0,2,1,0,0
female,CLM,EAS,0,2,0,0,0,1,2,0,0,0,0,1,1,0,0,0,1,0,0,1,0,2,0,0,0,0,0,0,0,0,0,0,0,0,0,0,1,0,0,0,2,0,1,0,0,0,2,2,1,0
male,ACB,EAS,0,2,1,0,0,0,2,0,0,0,0,2,2,0,0,1,1,1,0,0,0,2,0,0,0,0,0,0,1,1,0,0,0,1,0,0,0,1,0,0,1,0,1,0,0,0,0,2,0,0
male,ESN,SAS,0,0,0,0,0,0,2,0,0,0,0,0,2,0,0,1,1,0,0,0,0,2,0,0,0,0,0,0,0,0,0,0,0,0,0,0,0,0,0,0,1,0,1,0,0,0,1,0,0,0
female,GWD,EAS,0,1,0,0,0,0,2,0,0,0,0,1,2,0,0,1,1,1,0,0,0,2,0,0,0,0,0,0,1,0,0,0,0,0,0,0,0,2,0,0,1,1,1,0,0,0,0,1,0,0
male,GBR,SAS,0,1,1,0,0,0,2,0,0,0,0,0,1,2,1,0,2,1,0,2,0,2,0,0,0,0,1,0,0,0,0,1,0,1,0,0,0,1,0,0,1,1,2,0,0,0,1,1,0,0
male,YRI,AMR,0,1,1,1,0,1,2,0,0,0,0,1,2,0,0,0,1,0,0,0,0,2,0,0,0,0,1,0,0,0,0,0,1,1,0,0,0,0,0,1,0,0,1,0,0,0,2,1,1,0
female,TSI,AMR,0,2,0,1,0,0,2,0,0,0,0,0,1,0,0,0,1,1,0,0,0,2,0,0,0,0,0,0,0,1,0,0,0,0,1,0,0,2,0,0,0,0,1,0,1,0,0,2,1,0
male,MXL,AFR,0,1,1,0,0,0,2,0,0,0,0,0,2,0,0,1,0,0,0,0,1,2,0,0,0,0,0,0,0,0,0,0,0,1,1,0,0,2,0,0,0,0,1,0,0,0,2,1,0,1
male,CHS,AFR,0,1,2,0,0,0,2,0,0,0,0,0,2,0,0,0,1,0,0,0,1,2,0,0,1,0,0,0,0,0,0,0,0,1,1,0,0,2,0,0,1,0,2,0,0,0,0,2,0,0
male,ESN,AFR,0,1,0,0,0,0,2,0,0,0,0,0,2,0,0,1,2,0,0,2,0,0,0,2,0,0,1,0,0,0,1,0,0,0,0,0,0,1,0,0,1,1,1,0,0,0,0,2,0,0
female,ESN,SAS,0,1,0,0,0,0,2,0,0,0,0,0,0,0,0,0,2,0,0,2,0,1,0,0,0,0,0,0,0,1,0,0,0,2,1,0,0,0,0,0,1,0,2,0,0,0,1,0,0,0
male,ESN,AMR,0,0,0,0,1,0,2,0,0,0,0,1,2,0,0,0,1,0,0,0,0,2,0,0,1,0,0,0,0,0,0,0,1,1,0,1,0,2,0,0,1,1,2,0,0,0,0,1,1,0
male,ITU,AFR,0,2,0,0,0,0,2,0,1,0,0,0,2,0,0,0,2,0,0,1,1,2,0,0,0,0,2,0,1,0,0,1,0,1,1,0,0,0,0,0,1,0,1,0,0,0,0,1,0,0
male,GIH,AFR,0,1,0,0,0,0,2,0,0,0,1,0,2,0,0,0,2,0,1,2,0,2,0,1,0,0,2,0,1,0,0,0,1,0,0,0,0,2,0,0,1,1,1,0,1,0,0,2,0,0
male,JPT,EAS,0,2,1,1,0,1,2,0,0,0,0,0,2,0,0,0,2,0,0,1,0,2,0,1,0,0,1,0,0,0,0,1,0,0,0,0,0,0,0,0,1,0,2,0,1,0,0,2,0,0
